solution,status,score,%test passed,time,memory,subtask_0,subtask_1,subtask_10,subtask_2,subtask_3,subtask_4,subtask_5,subtask_6,subtask_7,subtask_8,subtask_9
bronze_Walking_Along_a_Fence_seed-oss_0.cpp,COMPILATION_ERROR,0,0.00%,0.000,0,0,0,0,0,0,0,0,0,0,0,0
bronze_Walking_Along_a_Fence_seed-oss_1.cpp,WRONG_ANSWER,0,0.00%,0.120,7.0234375,0,0,0,0,0,0,0,0,0,0,0
bronze_Walking_Along_a_Fence_seed-oss_2.cpp,ACCEPTED,333,100.00%,0.140,9.02734375,0,33.33333333333333,33.33333333333333,33.33333333333333,33.33333333333333,33.33333333333333,33.33333333333333,33.33333333333333,33.33333333333333,33.33333333333333,33.33333333333333
bronze_Walking_Along_a_Fence_seed-oss_3.cpp,ACCEPTED,333,100.00%,0.090,7.484375,0,33.33333333333333,33.33333333333333,33.33333333333333,33.33333333333333,33.33333333333333,33.33333333333333,33.33333333333333,33.33333333333333,33.33333333333333,33.33333333333333
bronze_Walking_Along_a_Fence_seed-oss_4.cpp,ACCEPTED,333,100.00%,0.140,7.4765625,0,33.33333333333333,33.33333333333333,33.33333333333333,33.33333333333333,33.33333333333333,33.33333333333333,33.33333333333333,33.33333333333333,33.33333333333333,33.33333333333333
bronze_Walking_Along_a_Fence_seed-oss_5.cpp,ACCEPTED,333,100.00%,0.080,7.484375,0,33.33333333333333,33.33333333333333,33.33333333333333,33.33333333333333,33.33333333333333,33.33333333333333,33.33333333333333,33.33333333333333,33.33333333333333,33.33333333333333
bronze_Walking_Along_a_Fence_seed-oss_6.cpp,WRONG_ANSWER,0,0.00%,0.100,7.73828125,0,0,0,0,0,0,0,0,0,0,0
bronze_Walking_Along_a_Fence_seed-oss_7.cpp,ACCEPTED,333,100.00%,0.180,10.79296875,0,33.33333333333333,33.33333333333333,33.33333333333333,33.33333333333333,33.33333333333333,33.33333333333333,33.33333333333333,33.33333333333333,33.33333333333333,33.33333333333333
