solution,status,score,%test passed,time,memory,subtask_0,subtask_1,subtask_10,subtask_11,subtask_12,subtask_13,subtask_14,subtask_15,subtask_16,subtask_17,subtask_2,subtask_3,subtask_4,subtask_5,subtask_6,subtask_7,subtask_8,subtask_9
gold_Grass_Segments_seed-oss_0.cpp,WRONG_ANSWER,20,20.00%,0.290,52.47265625,0,19.6078431372549,0,0,0,0,0,0,0,0,0,0,0,0,0,0,0,0
gold_Grass_Segments_seed-oss_1.cpp,RUNTIME_ERROR,0,0.00%,0.500,86.546875,0,0,0,0,0,0,0,0,0,0,0,0,0,0,0,0,0,0
gold_Grass_Segments_seed-oss_2.cpp,ACCEPTED,333,100.00%,0.580,91.765625,0,19.6078431372549,19.6078431372549,19.6078431372549,19.6078431372549,19.6078431372549,19.6078431372549,19.6078431372549,19.6078431372549,19.6078431372549,19.6078431372549,19.6078431372549,19.6078431372549,19.6078431372549,19.6078431372549,19.6078431372549,19.6078431372549,19.6078431372549
gold_Grass_Segments_seed-oss_3.cpp,TIME_LIMIT_EXCEEDED,0,0.00%,2.410,52.921875,0,0,0,0,0,0,0,0,0,0,0,0,0,0,0,0,0,0
gold_Grass_Segments_seed-oss_4.cpp,COMPILATION_ERROR,0,0.00%,0.000,0,0,0,0,0,0,0,0,0,0,0,0,0,0,0,0,0,0,0
gold_Grass_Segments_seed-oss_5.cpp,ACCEPTED,333,100.00%,0.270,23.34765625,0,19.6078431372549,19.6078431372549,19.6078431372549,19.6078431372549,19.6078431372549,19.6078431372549,19.6078431372549,19.6078431372549,19.6078431372549,19.6078431372549,19.6078431372549,19.6078431372549,19.6078431372549,19.6078431372549,19.6078431372549,19.6078431372549,19.6078431372549
gold_Grass_Segments_seed-oss_6.cpp,COMPILATION_ERROR,0,0.00%,0.000,0,0,0,0,0,0,0,0,0,0,0,0,0,0,0,0,0,0,0
gold_Grass_Segments_seed-oss_7.cpp,RUNTIME_ERROR,0,0.00%,0.290,46.484375,0,0,0,0,0,0,0,0,0,0,0,0,0,0,0,0,0,0
