solution,status,score,%test passed,time,memory,subtask_0,subtask_1,subtask_10,subtask_11,subtask_12,subtask_13,subtask_14,subtask_15,subtask_2,subtask_3,subtask_4,subtask_5,subtask_6,subtask_7,subtask_8,subtask_9
bronze_Leaders_gpt-oss-20b-low_0.cpp,ACCEPTED,333,100.00%,0.020,3.87109375,0,22.22222222222222,22.22222222222222,22.22222222222222,22.22222222222222,22.22222222222222,22.22222222222222,22.22222222222222,22.22222222222222,22.22222222222222,22.22222222222222,22.22222222222222,22.22222222222222,22.22222222222222,22.22222222222222,22.22222222222222
bronze_Leaders_gpt-oss-20b-low_1.cpp,RUNTIME_ERROR,0,0.00%,0.030,3.4375,0,0,0,0,0,0,0,0,0,0,0,0,0,0,0,0
bronze_Leaders_gpt-oss-20b-low_2.cpp,RUNTIME_ERROR,22,5.88%,0.030,3.35546875,0,22.22222222222222,0,0,0,0,0,0,0,0,0,0,0,0,0,0
bronze_Leaders_gpt-oss-20b-low_3.cpp,ACCEPTED,333,100.00%,0.020,2.3359375,0,22.22222222222222,22.22222222222222,22.22222222222222,22.22222222222222,22.22222222222222,22.22222222222222,22.22222222222222,22.22222222222222,22.22222222222222,22.22222222222222,22.22222222222222,22.22222222222222,22.22222222222222,22.22222222222222,22.22222222222222
bronze_Leaders_gpt-oss-20b-low_4.cpp,ACCEPTED,333,100.00%,0.020,3.6171875,0,22.22222222222222,22.22222222222222,22.22222222222222,22.22222222222222,22.22222222222222,22.22222222222222,22.22222222222222,22.22222222222222,22.22222222222222,22.22222222222222,22.22222222222222,22.22222222222222,22.22222222222222,22.22222222222222,22.22222222222222
bronze_Leaders_gpt-oss-20b-low_5.cpp,RUNTIME_ERROR,0,0.00%,0.030,7.6796875,0,0,0,0,0,0,0,0,0,0,0,0,0,0,0,0
bronze_Leaders_gpt-oss-20b-low_6.cpp,RUNTIME_ERROR,0,0.00%,0.030,3.359375,0,0,0,0,0,0,0,0,0,0,0,0,0,0,0,0
bronze_Leaders_gpt-oss-20b-low_7.cpp,ACCEPTED,333,100.00%,0.020,3.50390625,0,22.22222222222222,22.22222222222222,22.22222222222222,22.22222222222222,22.22222222222222,22.22222222222222,22.22222222222222,22.22222222222222,22.22222222222222,22.22222222222222,22.22222222222222,22.22222222222222,22.22222222222222,22.22222222222222,22.22222222222222
