solution,status,score,%test passed,time,memory,subtask_0,subtask_1,subtask_10,subtask_11,subtask_12,subtask_2,subtask_3,subtask_4,subtask_5,subtask_6,subtask_7,subtask_8,subtask_9
gold_Bessla_Motors_gpt-oss-120b-high_0.cpp,ACCEPTED,333,100.00%,0.480,28.0078125,0,27.777777777777775,27.777777777777775,27.777777777777775,27.777777777777775,27.777777777777775,27.777777777777775,27.777777777777775,27.777777777777775,27.777777777777775,27.777777777777775,27.777777777777775,27.777777777777775
gold_Bessla_Motors_gpt-oss-120b-high_3.cpp,RUNTIME_ERROR,0,0.00%,0.080,8.0078125,0,0,0,0,0,0,0,0,0,0,0,0,0
gold_Bessla_Motors_gpt-oss-120b-high_4.cpp,ACCEPTED,333,100.00%,0.440,25.91015625,0,27.777777777777775,27.777777777777775,27.777777777777775,27.777777777777775,27.777777777777775,27.777777777777775,27.777777777777775,27.777777777777775,27.777777777777775,27.777777777777775,27.777777777777775,27.777777777777775
gold_Bessla_Motors_gpt-oss-120b-high_6.cpp,ACCEPTED,333,100.00%,0.540,25.9140625,0,27.777777777777775,27.777777777777775,27.777777777777775,27.777777777777775,27.777777777777775,27.777777777777775,27.777777777777775,27.777777777777775,27.777777777777775,27.777777777777775,27.777777777777775,27.777777777777775
gold_Bessla_Motors_gpt-oss-120b-high_7.cpp,WRONG_ANSWER,306,93.33%,0.350,27.82421875,0,27.777777777777775,27.777777777777775,27.777777777777775,27.777777777777775,27.777777777777775,27.777777777777775,27.777777777777775,0,27.777777777777775,27.777777777777775,27.777777777777775,27.777777777777775
