solution,status,score,%test passed,time,memory,subtask_0,subtask_1,subtask_10,subtask_2,subtask_3,subtask_4,subtask_5,subtask_6,subtask_7,subtask_8,subtask_9
gold_Quantum_Moochanics_gpt-oss-120b-high_0.cpp,ACCEPTED,333,100.00%,0.150,12.65234375,0,33.33333333333333,33.33333333333333,33.33333333333333,33.33333333333333,33.33333333333333,33.33333333333333,33.33333333333333,33.33333333333333,33.33333333333333,33.33333333333333
gold_Quantum_Moochanics_gpt-oss-120b-high_2.cpp,ACCEPTED,333,100.00%,0.140,12.65234375,0,33.33333333333333,33.33333333333333,33.33333333333333,33.33333333333333,33.33333333333333,33.33333333333333,33.33333333333333,33.33333333333333,33.33333333333333,33.33333333333333
gold_Quantum_Moochanics_gpt-oss-120b-high_3.cpp,ACCEPTED,333,100.00%,0.140,14.64453125,0,33.33333333333333,33.33333333333333,33.33333333333333,33.33333333333333,33.33333333333333,33.33333333333333,33.33333333333333,33.33333333333333,33.33333333333333,33.33333333333333
gold_Quantum_Moochanics_gpt-oss-120b-high_4.cpp,ACCEPTED,333,100.00%,0.120,8.73046875,0,33.33333333333333,33.33333333333333,33.33333333333333,33.33333333333333,33.33333333333333,33.33333333333333,33.33333333333333,33.33333333333333,33.33333333333333,33.33333333333333
gold_Quantum_Moochanics_gpt-oss-120b-high_5.cpp,ACCEPTED,333,100.00%,0.130,10.09765625,0,33.33333333333333,33.33333333333333,33.33333333333333,33.33333333333333,33.33333333333333,33.33333333333333,33.33333333333333,33.33333333333333,33.33333333333333,33.33333333333333
gold_Quantum_Moochanics_gpt-oss-120b-high_6.cpp,WRONG_ANSWER,33,16.67%,0.130,11.625,0,33.33333333333333,0,0,0,0,0,0,0,0,0
gold_Quantum_Moochanics_gpt-oss-120b-high_7.cpp,ACCEPTED,333,100.00%,0.220,17.29296875,0,33.33333333333333,33.33333333333333,33.33333333333333,33.33333333333333,33.33333333333333,33.33333333333333,33.33333333333333,33.33333333333333,33.33333333333333,33.33333333333333
