solution,status,score,%test passed,time,memory,subtask_0,subtask_1,subtask_10,subtask_11,subtask_12,subtask_13,subtask_14,subtask_2,subtask_3,subtask_4,subtask_5,subtask_6,subtask_7,subtask_8,subtask_9
silver_Target_Practice_II_gpt-oss-120b-high_0.cpp,WRONG_ANSWER,167,53.33%,0.080,6.0546875,0,23.809523809523807,23.809523809523807,23.809523809523807,23.809523809523807,23.809523809523807,23.809523809523807,0,0,0,0,0,0,0,23.809523809523807
silver_Target_Practice_II_gpt-oss-120b-high_1.cpp,WRONG_ANSWER,167,53.33%,0.070,7.37890625,0,23.809523809523807,23.809523809523807,23.809523809523807,23.809523809523807,23.809523809523807,23.809523809523807,0,0,0,0,0,0,0,23.809523809523807
silver_Target_Practice_II_gpt-oss-120b-high_3.cpp,ACCEPTED,333,100.00%,0.300,5.83984375,0,23.809523809523807,23.809523809523807,23.809523809523807,23.809523809523807,23.809523809523807,23.809523809523807,23.809523809523807,23.809523809523807,23.809523809523807,23.809523809523807,23.809523809523807,23.809523809523807,23.809523809523807,23.809523809523807
silver_Target_Practice_II_gpt-oss-120b-high_5.cpp,WRONG_ANSWER,167,46.67%,0.080,7.22265625,0,23.809523809523807,23.809523809523807,23.809523809523807,23.809523809523807,23.809523809523807,23.809523809523807,0,0,0,0,0,0,0,23.809523809523807
silver_Target_Practice_II_gpt-oss-120b-high_6.cpp,WRONG_ANSWER,0,0.00%,0.070,6.3515625,0,0,0,0,0,0,0,0,0,0,0,0,0,0,0
silver_Target_Practice_II_gpt-oss-120b-high_7.cpp,WRONG_ANSWER,24,13.33%,0.300,7.91015625,0,23.809523809523807,0,0,0,0,0,0,0,0,0,0,0,0,0
