solution,status,score,%test passed,time,memory,subtask_0,subtask_1,subtask_10,subtask_11,subtask_12,subtask_2,subtask_3,subtask_4,subtask_5,subtask_6,subtask_7,subtask_8,subtask_9
gold_Bessla_Motors_gemini-2.5-pro_0.cpp,ACCEPTED,333,100.00%,0.430,25.9765625,0,27.777777777777775,27.777777777777775,27.777777777777775,27.777777777777775,27.777777777777775,27.777777777777775,27.777777777777775,27.777777777777775,27.777777777777775,27.777777777777775,27.777777777777775,27.777777777777775
gold_Bessla_Motors_gemini-2.5-pro_1.cpp,RUNTIME_ERROR,0,0.00%,0.130,7.41015625,0,0,0,0,0,0,0,0,0,0,0,0,0
gold_Bessla_Motors_gemini-2.5-pro_2.cpp,ACCEPTED,333,100.00%,0.780,36.07421875,0,27.777777777777775,27.777777777777775,27.777777777777775,27.777777777777775,27.777777777777775,27.777777777777775,27.777777777777775,27.777777777777775,27.777777777777775,27.777777777777775,27.777777777777775,27.777777777777775
gold_Bessla_Motors_gemini-2.5-pro_3.cpp,ACCEPTED,333,100.00%,1.880,88.5078125,0,27.777777777777775,27.777777777777775,27.777777777777775,27.777777777777775,27.777777777777775,27.777777777777775,27.777777777777775,27.777777777777775,27.777777777777775,27.777777777777775,27.777777777777775,27.777777777777775
gold_Bessla_Motors_gemini-2.5-pro_4.cpp,RUNTIME_ERROR,0,0.00%,0.130,7.6640625,0,0,0,0,0,0,0,0,0,0,0,0,0
gold_Bessla_Motors_gemini-2.5-pro_5.cpp,ACCEPTED,333,100.00%,0.820,32.828125,0,27.777777777777775,27.777777777777775,27.777777777777775,27.777777777777775,27.777777777777775,27.777777777777775,27.777777777777775,27.777777777777775,27.777777777777775,27.777777777777775,27.777777777777775,27.777777777777775
gold_Bessla_Motors_gemini-2.5-pro_6.cpp,ACCEPTED,333,100.00%,0.870,33.34375,0,27.777777777777775,27.777777777777775,27.777777777777775,27.777777777777775,27.777777777777775,27.777777777777775,27.777777777777775,27.777777777777775,27.777777777777775,27.777777777777775,27.777777777777775,27.777777777777775
gold_Bessla_Motors_gemini-2.5-pro_7.cpp,RUNTIME_ERROR,0,0.00%,0.140,13.5234375,0,0,0,0,0,0,0,0,0,0,0,0,0
