solution,status,score,%test passed,time,memory,subtask_0,subtask_1,subtask_10,subtask_11,subtask_12,subtask_13,subtask_14,subtask_2,subtask_3,subtask_4,subtask_5,subtask_6,subtask_7,subtask_8,subtask_9
silver_Target_Practice_II_gemini-2.5-pro_0.cpp,COMPILATION_ERROR,0,0.00%,0.000,0,0,0,0,0,0,0,0,0,0,0,0,0,0,0,0
silver_Target_Practice_II_gemini-2.5-pro_1.cpp,WRONG_ANSWER,24,6.67%,0.150,14.19921875,0,23.809523809523807,0,0,0,0,0,0,0,0,0,0,0,0,0
silver_Target_Practice_II_gemini-2.5-pro_2.cpp,TIME_LIMIT_EXCEEDED,0,0.00%,2.770,280.25390625,0,0,0,0,0,0,0,0,0,0,0,0,0,0,0
silver_Target_Practice_II_gemini-2.5-pro_3.cpp,WRONG_ANSWER,143,40.00%,0.140,11.98828125,0,0,23.809523809523807,23.809523809523807,23.809523809523807,23.809523809523807,23.809523809523807,0,0,0,0,0,0,0,23.809523809523807
silver_Target_Practice_II_gemini-2.5-pro_4.cpp,TIME_LIMIT_EXCEEDED,0,0.00%,2.880,243.9453125,0,0,0,0,0,0,0,0,0,0,0,0,0,0,0
silver_Target_Practice_II_gemini-2.5-pro_5.cpp,TIME_LIMIT_EXCEEDED,0,6.67%,2.920,184.85546875,0,0,0,0,0,0,0,0,0,0,0,0,0,0,0
silver_Target_Practice_II_gemini-2.5-pro_6.cpp,WRONG_ANSWER,167,46.67%,0.140,9.78515625,0,23.809523809523807,23.809523809523807,23.809523809523807,23.809523809523807,23.809523809523807,23.809523809523807,0,0,0,0,0,0,0,23.809523809523807
silver_Target_Practice_II_gemini-2.5-pro_7.cpp,WRONG_ANSWER,143,40.00%,0.300,8.62109375,0,0,23.809523809523807,23.809523809523807,23.809523809523807,23.809523809523807,23.809523809523807,0,0,0,0,0,0,0,23.809523809523807
