solution,status,score,%test passed,time,memory,subtask_0,subtask_1,subtask_10,subtask_2,subtask_3,subtask_4,subtask_5,subtask_6,subtask_7,subtask_8,subtask_9
silver_Moorbles_gemini-2.5-pro_0.cpp,ACCEPTED,333,100.00%,0.130,40.35546875,0,33.33333333333333,33.33333333333333,33.33333333333333,33.33333333333333,33.33333333333333,33.33333333333333,33.33333333333333,33.33333333333333,33.33333333333333,33.33333333333333
silver_Moorbles_gemini-2.5-pro_1.cpp,COMPILATION_ERROR,0,0.00%,0.000,0,0,0,0,0,0,0,0,0,0,0,0
silver_Moorbles_gemini-2.5-pro_2.cpp,TIME_LIMIT_EXCEEDED,0,16.67%,2.400,106.7421875,0,0,0,0,0,0,0,0,0,0,0
silver_Moorbles_gemini-2.5-pro_3.cpp,ACCEPTED,333,100.00%,0.220,28.94921875,0,33.33333333333333,33.33333333333333,33.33333333333333,33.33333333333333,33.33333333333333,33.33333333333333,33.33333333333333,33.33333333333333,33.33333333333333,33.33333333333333
silver_Moorbles_gemini-2.5-pro_4.cpp,MEMORY_LIMIT_EXCEEDED,0,16.67%,1.230,280.81640625,0,0,0,0,0,0,0,0,0,0,0
silver_Moorbles_gemini-2.5-pro_5.cpp,WRONG_ANSWER,67,33.33%,0.200,82.09765625,0,0,0,0,0,0,0,0,33.33333333333333,33.33333333333333,0
silver_Moorbles_gemini-2.5-pro_6.cpp,ACCEPTED,333,100.00%,0.180,24.375,0,33.33333333333333,33.33333333333333,33.33333333333333,33.33333333333333,33.33333333333333,33.33333333333333,33.33333333333333,33.33333333333333,33.33333333333333,33.33333333333333
silver_Moorbles_gemini-2.5-pro_7.cpp,COMPILATION_ERROR,0,0.00%,0.000,0,0,0,0,0,0,0,0,0,0,0,0
