solution,status,score,%test passed,time,memory,subtask_0,subtask_1,subtask_10,subtask_11,subtask_12,subtask_13,subtask_14,subtask_2,subtask_3,subtask_4,subtask_5,subtask_6,subtask_7,subtask_8,subtask_9
silver_Following_Directions_deepseek-reasoner_0.cpp,TIME_LIMIT_EXCEEDED,214,66.67%,8.820,132.77734375,0,23.809523809523807,0,0,0,0,0,23.809523809523807,23.809523809523807,23.809523809523807,23.809523809523807,23.809523809523807,23.809523809523807,23.809523809523807,23.809523809523807
silver_Following_Directions_deepseek-reasoner_1.cpp,ACCEPTED,333,100.00%,3.950,12.3125,0,23.809523809523807,23.809523809523807,23.809523809523807,23.809523809523807,23.809523809523807,23.809523809523807,23.809523809523807,23.809523809523807,23.809523809523807,23.809523809523807,23.809523809523807,23.809523809523807,23.809523809523807,23.809523809523807
silver_Following_Directions_deepseek-reasoner_2.cpp,MEMORY_LIMIT_EXCEEDED,24,6.67%,0.180,277.9296875,0,0,0,0,0,0,0,0,23.809523809523807,0,0,0,0,0,0
silver_Following_Directions_deepseek-reasoner_3.cpp,TIME_LIMIT_EXCEEDED,214,66.67%,8.810,129.9453125,0,23.809523809523807,0,0,0,0,0,23.809523809523807,23.809523809523807,23.809523809523807,23.809523809523807,23.809523809523807,23.809523809523807,23.809523809523807,23.809523809523807
silver_Following_Directions_deepseek-reasoner_4.cpp,WRONG_ANSWER,0,6.67%,0.080,29.65234375,0,0,0,0,0,0,0,0,0,0,0,0,0,0,0
silver_Following_Directions_deepseek-reasoner_5.cpp,MEMORY_LIMIT_EXCEEDED,143,46.67%,0.260,276.953125,0,23.809523809523807,0,0,0,0,0,23.809523809523807,23.809523809523807,23.809523809523807,23.809523809523807,23.809523809523807,0,0,0
silver_Following_Directions_deepseek-reasoner_6.cpp,TIME_LIMIT_EXCEEDED,214,66.67%,8.810,129.88671875,0,23.809523809523807,0,0,0,0,0,23.809523809523807,23.809523809523807,23.809523809523807,23.809523809523807,23.809523809523807,23.809523809523807,23.809523809523807,23.809523809523807
silver_Following_Directions_deepseek-reasoner_7.cpp,ACCEPTED,333,100.00%,3.910,18.05078125,0,23.809523809523807,23.809523809523807,23.809523809523807,23.809523809523807,23.809523809523807,23.809523809523807,23.809523809523807,23.809523809523807,23.809523809523807,23.809523809523807,23.809523809523807,23.809523809523807,23.809523809523807,23.809523809523807
