solution,status,score,%test passed,time,memory,subtask_0,subtask_1,subtask_10,subtask_11,subtask_12,subtask_13,subtask_14,subtask_15,subtask_16,subtask_17,subtask_18,subtask_19,subtask_2,subtask_20,subtask_3,subtask_4,subtask_5,subtask_6,subtask_7,subtask_8,subtask_9
platinum_DFS_Order_gpt-oss-20b-medium_0.cpp,RUNTIME_ERROR,100,30.43%,0.090,10.06640625,0,16.666666666666664,0,0,0,0,0,0,0,0,0,0,16.666666666666664,0,16.666666666666664,16.666666666666664,16.666666666666664,16.666666666666664,0,0,0
platinum_DFS_Order_gpt-oss-20b-medium_1.cpp,RUNTIME_ERROR,0,4.35%,0.220,18.828125,0,0,0,0,0,0,0,0,0,0,0,0,0,0,0,0,0,0,0,0,0
platinum_DFS_Order_gpt-oss-20b-medium_2.cpp,TIME_LIMIT_EXCEEDED,117,43.48%,2.440,29.65625,0,0,16.666666666666664,16.666666666666664,16.666666666666664,16.666666666666664,0,0,0,0,0,0,0,0,0,0,0,0,16.666666666666664,16.666666666666664,16.666666666666664
platinum_DFS_Order_gpt-oss-20b-medium_3.cpp,RUNTIME_ERROR,0,4.35%,0.120,10.06640625,0,0,0,0,0,0,0,0,0,0,0,0,0,0,0,0,0,0,0,0,0
platinum_DFS_Order_gpt-oss-20b-medium_4.cpp,RUNTIME_ERROR,0,0.00%,0.160,12.12890625,0,0,0,0,0,0,0,0,0,0,0,0,0,0,0,0,0,0,0,0,0
platinum_DFS_Order_gpt-oss-20b-medium_5.cpp,ACCEPTED,333,100.00%,0.200,14.4453125,0,16.666666666666664,16.666666666666664,16.666666666666664,16.666666666666664,16.666666666666664,16.666666666666664,16.666666666666664,16.666666666666664,16.666666666666664,16.666666666666664,16.666666666666664,16.666666666666664,16.666666666666664,16.666666666666664,16.666666666666664,16.666666666666664,16.666666666666664,16.666666666666664,16.666666666666664,16.666666666666664
platinum_DFS_Order_gpt-oss-20b-medium_6.cpp,ACCEPTED,333,100.00%,0.110,18.828125,0,16.666666666666664,16.666666666666664,16.666666666666664,16.666666666666664,16.666666666666664,16.666666666666664,16.666666666666664,16.666666666666664,16.666666666666664,16.666666666666664,16.666666666666664,16.666666666666664,16.666666666666664,16.666666666666664,16.666666666666664,16.666666666666664,16.666666666666664,16.666666666666664,16.666666666666664,16.666666666666664
platinum_DFS_Order_gpt-oss-20b-medium_7.cpp,RUNTIME_ERROR,0,4.35%,0.200,18.5703125,0,0,0,0,0,0,0,0,0,0,0,0,0,0,0,0,0,0,0,0,0
