solution,status,score,%test passed,time,memory,subtask_0,subtask_1,subtask_10,subtask_11,subtask_12,subtask_13,subtask_14,subtask_15,subtask_2,subtask_3,subtask_4,subtask_5,subtask_6,subtask_7,subtask_8,subtask_9
silver_Farmer_Johns_Favorite_Operation_gpt-oss-20b-medium_1.cpp,WRONG_ANSWER,0,0.00%,0.300,9.03125,0,0,0,0,0,0,0,0,0,0,0,0,0,0,0,0
silver_Farmer_Johns_Favorite_Operation_gpt-oss-20b-medium_2.cpp,ACCEPTED,333,100.00%,0.090,9.7265625,0,22.22222222222222,22.22222222222222,22.22222222222222,22.22222222222222,22.22222222222222,22.22222222222222,22.22222222222222,22.22222222222222,22.22222222222222,22.22222222222222,22.22222222222222,22.22222222222222,22.22222222222222,22.22222222222222,22.22222222222222
silver_Farmer_Johns_Favorite_Operation_gpt-oss-20b-medium_3.cpp,ACCEPTED,333,100.00%,0.090,9.98828125,0,22.22222222222222,22.22222222222222,22.22222222222222,22.22222222222222,22.22222222222222,22.22222222222222,22.22222222222222,22.22222222222222,22.22222222222222,22.22222222222222,22.22222222222222,22.22222222222222,22.22222222222222,22.22222222222222,22.22222222222222
silver_Farmer_Johns_Favorite_Operation_gpt-oss-20b-medium_4.cpp,ACCEPTED,333,100.00%,0.140,13.671875,0,22.22222222222222,22.22222222222222,22.22222222222222,22.22222222222222,22.22222222222222,22.22222222222222,22.22222222222222,22.22222222222222,22.22222222222222,22.22222222222222,22.22222222222222,22.22222222222222,22.22222222222222,22.22222222222222,22.22222222222222
silver_Farmer_Johns_Favorite_Operation_gpt-oss-20b-medium_5.cpp,ACCEPTED,333,100.00%,0.080,8.4453125,0,22.22222222222222,22.22222222222222,22.22222222222222,22.22222222222222,22.22222222222222,22.22222222222222,22.22222222222222,22.22222222222222,22.22222222222222,22.22222222222222,22.22222222222222,22.22222222222222,22.22222222222222,22.22222222222222,22.22222222222222
silver_Farmer_Johns_Favorite_Operation_gpt-oss-20b-medium_7.cpp,WRONG_ANSWER,0,0.00%,0.110,16.8203125,0,0,0,0,0,0,0,0,0,0,0,0,0,0,0,0
