solution,status,score,%test passed,time,memory,subtask_0,subtask_1,subtask_10,subtask_11,subtask_12,subtask_13,subtask_14,subtask_15,subtask_2,subtask_3,subtask_4,subtask_5,subtask_6,subtask_7,subtask_8,subtask_9
gold_Job_Completion_Qwen3-30B_0.cpp,WRONG_ANSWER,22,12.50%,0.210,4.58203125,0,22.22222222222222,0,0,0,0,0,0,0,0,0,0,0,0,0,0
gold_Job_Completion_Qwen3-30B_1.cpp,WRONG_ANSWER,67,25.00%,0.240,5.2578125,0,22.22222222222222,0,0,22.22222222222222,22.22222222222222,0,0,0,0,0,0,0,0,0,0
gold_Job_Completion_Qwen3-30B_2.cpp,WRONG_ANSWER,22,12.50%,0.220,4.64453125,0,22.22222222222222,0,0,0,0,0,0,0,0,0,0,0,0,0,0
gold_Job_Completion_Qwen3-30B_3.cpp,WRONG_ANSWER,22,12.50%,0.220,4.64453125,0,22.22222222222222,0,0,0,0,0,0,0,0,0,0,0,0,0,0
gold_Job_Completion_Qwen3-30B_4.cpp,WRONG_ANSWER,22,12.50%,0.230,4.58203125,0,22.22222222222222,0,0,0,0,0,0,0,0,0,0,0,0,0,0
gold_Job_Completion_Qwen3-30B_5.cpp,WRONG_ANSWER,22,12.50%,0.210,4.5859375,0,22.22222222222222,0,0,0,0,0,0,0,0,0,0,0,0,0,0
gold_Job_Completion_Qwen3-30B_6.cpp,WRONG_ANSWER,67,25.00%,0.230,6.02734375,0,22.22222222222222,0,0,22.22222222222222,22.22222222222222,0,0,0,0,0,0,0,0,0,0
gold_Job_Completion_Qwen3-30B_7.cpp,WRONG_ANSWER,22,12.50%,0.230,4.64453125,0,22.22222222222222,0,0,0,0,0,0,0,0,0,0,0,0,0,0
