solution,status,score,%test passed,time,memory,subtask_0,subtask_1,subtask_10,subtask_11,subtask_12,subtask_13,subtask_14,subtask_15,subtask_16,subtask_17,subtask_18,subtask_19,subtask_2,subtask_3,subtask_4,subtask_5,subtask_6,subtask_7,subtask_8,subtask_9
gold_Cowdependence_Qwen3-30B_0.cpp,TIME_LIMIT_EXCEEDED,105,35.00%,2.390,4.390625,0,17.543859649122805,0,0,0,0,0,0,0,0,0,0,17.543859649122805,17.543859649122805,17.543859649122805,17.543859649122805,17.543859649122805,0,0,0
gold_Cowdependence_Qwen3-30B_1.cpp,TIME_LIMIT_EXCEEDED,123,40.00%,2.430,6.96484375,0,17.543859649122805,0,17.543859649122805,17.543859649122805,17.543859649122805,17.543859649122805,17.543859649122805,0,0,0,0,17.543859649122805,0,0,0,0,0,0,0
gold_Cowdependence_Qwen3-30B_2.cpp,TIME_LIMIT_EXCEEDED,35,15.00%,2.450,4.390625,0,17.543859649122805,0,0,0,0,0,0,0,0,0,0,17.543859649122805,0,0,0,0,0,0,0
gold_Cowdependence_Qwen3-30B_3.cpp,TIME_LIMIT_EXCEEDED,35,15.00%,2.380,4.38671875,0,17.543859649122805,0,0,0,0,0,0,0,0,0,0,17.543859649122805,0,0,0,0,0,0,0
gold_Cowdependence_Qwen3-30B_4.cpp,TIME_LIMIT_EXCEEDED,35,15.00%,2.400,4.390625,0,17.543859649122805,0,0,0,0,0,0,0,0,0,0,17.543859649122805,0,0,0,0,0,0,0
gold_Cowdependence_Qwen3-30B_5.cpp,TIME_LIMIT_EXCEEDED,35,15.00%,2.360,4.390625,0,17.543859649122805,0,0,0,0,0,0,0,0,0,0,17.543859649122805,0,0,0,0,0,0,0
gold_Cowdependence_Qwen3-30B_6.cpp,TIME_LIMIT_EXCEEDED,123,40.00%,2.270,4.390625,0,17.543859649122805,0,17.543859649122805,0,0,0,0,0,0,0,0,17.543859649122805,17.543859649122805,17.543859649122805,17.543859649122805,17.543859649122805,0,0,0
gold_Cowdependence_Qwen3-30B_7.cpp,TIME_LIMIT_EXCEEDED,35,15.00%,2.350,4.390625,0,17.543859649122805,0,0,0,0,0,0,0,0,0,0,17.543859649122805,0,0,0,0,0,0,0
