solution,status,score,%test passed,time,memory,subtask_0,subtask_1,subtask_10,subtask_11,subtask_2,subtask_3,subtask_4,subtask_5,subtask_6,subtask_7,subtask_8,subtask_9
bronze_Farmer_John_Actually_Farms_Qwen3-14B_0.cpp,WRONG_ANSWER,303,92.31%,0.160,8.4921875,0,30.3030303030303,30.3030303030303,30.3030303030303,30.3030303030303,0,30.3030303030303,30.3030303030303,30.3030303030303,30.3030303030303,30.3030303030303,30.3030303030303
bronze_Farmer_John_Actually_Farms_Qwen3-14B_1.cpp,COMPILATION_ERROR,0,0.00%,0.000,0,0,0,0,0,0,0,0,0,0,0,0,0
bronze_Farmer_John_Actually_Farms_Qwen3-14B_2.cpp,RUNTIME_ERROR,0,0.00%,0.160,5.47265625,0,0,0,0,0,0,0,0,0,0,0,0
bronze_Farmer_John_Actually_Farms_Qwen3-14B_3.cpp,ACCEPTED,333,100.00%,0.150,8.38671875,0,30.3030303030303,30.3030303030303,30.3030303030303,30.3030303030303,30.3030303030303,30.3030303030303,30.3030303030303,30.3030303030303,30.3030303030303,30.3030303030303,30.3030303030303
bronze_Farmer_John_Actually_Farms_Qwen3-14B_4.cpp,WRONG_ANSWER,0,15.38%,0.160,8.55078125,0,0,0,0,0,0,0,0,0,0,0,0
bronze_Farmer_John_Actually_Farms_Qwen3-14B_5.cpp,ACCEPTED,333,100.00%,0.160,8.6640625,0,30.3030303030303,30.3030303030303,30.3030303030303,30.3030303030303,30.3030303030303,30.3030303030303,30.3030303030303,30.3030303030303,30.3030303030303,30.3030303030303,30.3030303030303
bronze_Farmer_John_Actually_Farms_Qwen3-14B_6.cpp,ACCEPTED,333,100.00%,0.160,8.48828125,0,30.3030303030303,30.3030303030303,30.3030303030303,30.3030303030303,30.3030303030303,30.3030303030303,30.3030303030303,30.3030303030303,30.3030303030303,30.3030303030303,30.3030303030303
bronze_Farmer_John_Actually_Farms_Qwen3-14B_7.cpp,ACCEPTED,333,100.00%,0.150,8.48828125,0,30.3030303030303,30.3030303030303,30.3030303030303,30.3030303030303,30.3030303030303,30.3030303030303,30.3030303030303,30.3030303030303,30.3030303030303,30.3030303030303,30.3030303030303
