solution,status,score,%test passed,time,memory,subtask_0,subtask_1,subtask_10,subtask_11,subtask_12,subtask_13,subtask_2,subtask_3,subtask_4,subtask_5,subtask_6,subtask_7,subtask_8,subtask_9
bronze_Candy_Cane_Feast_Qwen3-14B_0.cpp,TIME_LIMIT_EXCEEDED,231,71.43%,2.300,4.39453125,0,25.64102564102564,0,0,0,0,25.64102564102564,25.64102564102564,25.64102564102564,25.64102564102564,25.64102564102564,25.64102564102564,25.64102564102564,25.64102564102564
bronze_Candy_Cane_Feast_Qwen3-14B_1.cpp,WRONG_ANSWER,26,7.14%,0.150,4.39453125,0,0,25.64102564102564,0,0,0,0,0,0,0,0,0,0,0
bronze_Candy_Cane_Feast_Qwen3-14B_2.cpp,TIME_LIMIT_EXCEEDED,231,71.43%,2.470,2.7890625,0,25.64102564102564,0,0,0,0,25.64102564102564,25.64102564102564,25.64102564102564,25.64102564102564,25.64102564102564,25.64102564102564,25.64102564102564,25.64102564102564
bronze_Candy_Cane_Feast_Qwen3-14B_3.cpp,WRONG_ANSWER,26,7.14%,0.150,4.39453125,0,0,25.64102564102564,0,0,0,0,0,0,0,0,0,0,0
bronze_Candy_Cane_Feast_Qwen3-14B_4.cpp,TIME_LIMIT_EXCEEDED,231,71.43%,2.340,4.39453125,0,25.64102564102564,0,0,0,0,25.64102564102564,25.64102564102564,25.64102564102564,25.64102564102564,25.64102564102564,25.64102564102564,25.64102564102564,25.64102564102564
bronze_Candy_Cane_Feast_Qwen3-14B_5.cpp,ACCEPTED,333,100.00%,0.140,4.39453125,0,25.64102564102564,25.64102564102564,25.64102564102564,25.64102564102564,25.64102564102564,25.64102564102564,25.64102564102564,25.64102564102564,25.64102564102564,25.64102564102564,25.64102564102564,25.64102564102564,25.64102564102564
bronze_Candy_Cane_Feast_Qwen3-14B_6.cpp,ACCEPTED,333,100.00%,0.140,4.39453125,0,25.64102564102564,25.64102564102564,25.64102564102564,25.64102564102564,25.64102564102564,25.64102564102564,25.64102564102564,25.64102564102564,25.64102564102564,25.64102564102564,25.64102564102564,25.64102564102564,25.64102564102564
bronze_Candy_Cane_Feast_Qwen3-14B_7.cpp,TIME_LIMIT_EXCEEDED,231,71.43%,2.340,4.39453125,0,25.64102564102564,0,0,0,0,25.64102564102564,25.64102564102564,25.64102564102564,25.64102564102564,25.64102564102564,25.64102564102564,25.64102564102564,25.64102564102564
