solution,status,score,%test passed,time,memory,subtask_0,subtask_1,subtask_10,subtask_11,subtask_12,subtask_13,subtask_14,subtask_15,subtask_2,subtask_3,subtask_4,subtask_5,subtask_6,subtask_7,subtask_8,subtask_9
silver_Bovine_Acrobatics_Qwen3-14B_0.cpp,WRONG_ANSWER,89,35.29%,0.160,10.83203125,0,0,22.22222222222222,0,0,0,0,0,22.22222222222222,0,0,0,0,0,22.22222222222222,22.22222222222222
silver_Bovine_Acrobatics_Qwen3-14B_1.cpp,TIME_LIMIT_EXCEEDED,222,70.59%,2.310,7.48046875,0,22.22222222222222,0,22.22222222222222,22.22222222222222,22.22222222222222,22.22222222222222,0,22.22222222222222,22.22222222222222,22.22222222222222,22.22222222222222,22.22222222222222,0,0,0
silver_Bovine_Acrobatics_Qwen3-14B_2.cpp,WRONG_ANSWER,89,35.29%,0.140,7.99609375,0,0,22.22222222222222,0,0,0,0,0,22.22222222222222,0,0,0,0,0,22.22222222222222,22.22222222222222
silver_Bovine_Acrobatics_Qwen3-14B_3.cpp,TIME_LIMIT_EXCEEDED,67,29.41%,2.320,132.60546875,0,0,0,0,0,0,0,0,22.22222222222222,0,0,0,0,0,22.22222222222222,22.22222222222222
silver_Bovine_Acrobatics_Qwen3-14B_4.cpp,MEMORY_LIMIT_EXCEEDED,200,64.71%,1.760,280.27734375,0,22.22222222222222,0,0,0,0,0,0,22.22222222222222,22.22222222222222,22.22222222222222,22.22222222222222,22.22222222222222,22.22222222222222,22.22222222222222,22.22222222222222
silver_Bovine_Acrobatics_Qwen3-14B_5.cpp,WRONG_ANSWER,89,35.29%,0.160,7.99609375,0,0,22.22222222222222,0,0,0,0,0,22.22222222222222,0,0,0,0,0,22.22222222222222,22.22222222222222
silver_Bovine_Acrobatics_Qwen3-14B_6.cpp,WRONG_ANSWER,89,35.29%,0.150,7.99609375,0,0,22.22222222222222,0,0,0,0,0,22.22222222222222,0,0,0,0,0,22.22222222222222,22.22222222222222
silver_Bovine_Acrobatics_Qwen3-14B_7.cpp,TIME_LIMIT_EXCEEDED,89,35.29%,2.350,6.4453125,0,0,22.22222222222222,0,0,0,0,0,22.22222222222222,0,0,0,0,0,22.22222222222222,22.22222222222222
