solution,status,score,%test passed,time,memory,subtask_0,subtask_1,subtask_10,subtask_11,subtask_12,subtask_2,subtask_3,subtask_4,subtask_5,subtask_6,subtask_7,subtask_8,subtask_9
silver_Cycle_Correspondence_Qwen3-14B_0.cpp,ACCEPTED,333,100.00%,0.870,102.16796875,0,27.777777777777775,27.777777777777775,27.777777777777775,27.777777777777775,27.777777777777775,27.777777777777775,27.777777777777775,27.777777777777775,27.777777777777775,27.777777777777775,27.777777777777775,27.777777777777775
silver_Cycle_Correspondence_Qwen3-14B_1.cpp,WRONG_ANSWER,56,33.33%,0.220,16.5078125,0,27.777777777777775,0,0,0,27.777777777777775,0,0,0,0,0,0,0
silver_Cycle_Correspondence_Qwen3-14B_2.cpp,WRONG_ANSWER,56,33.33%,0.290,28.9765625,0,27.777777777777775,0,0,0,27.777777777777775,0,0,0,0,0,0,0
silver_Cycle_Correspondence_Qwen3-14B_3.cpp,ACCEPTED,333,100.00%,0.300,46.65625,0,27.777777777777775,27.777777777777775,27.777777777777775,27.777777777777775,27.777777777777775,27.777777777777775,27.777777777777775,27.777777777777775,27.777777777777775,27.777777777777775,27.777777777777775,27.777777777777775
silver_Cycle_Correspondence_Qwen3-14B_4.cpp,WRONG_ANSWER,56,33.33%,0.160,15.734375,0,27.777777777777775,0,0,0,27.777777777777775,0,0,0,0,0,0,0
silver_Cycle_Correspondence_Qwen3-14B_5.cpp,MEMORY_LIMIT_EXCEEDED,0,0.00%,0.380,51.05078125,0,0,0,0,0,0,0,0,0,0,0,0,0
silver_Cycle_Correspondence_Qwen3-14B_6.cpp,WRONG_ANSWER,56,33.33%,0.400,32.23046875,0,27.777777777777775,0,0,0,27.777777777777775,0,0,0,0,0,0,0
silver_Cycle_Correspondence_Qwen3-14B_7.cpp,ACCEPTED,333,100.00%,0.230,30.58984375,0,27.777777777777775,27.777777777777775,27.777777777777775,27.777777777777775,27.777777777777775,27.777777777777775,27.777777777777775,27.777777777777775,27.777777777777775,27.777777777777775,27.777777777777775,27.777777777777775
