solution,status,score,%test passed,time,memory,subtask_0,subtask_1,subtask_10,subtask_11,subtask_12,subtask_13,subtask_14,subtask_15,subtask_16,subtask_17,subtask_18,subtask_2,subtask_3,subtask_4,subtask_5,subtask_6,subtask_7,subtask_8,subtask_9
bronze_Cannonball_DeepSeek-R1-Distill-Llama-70B_0.cpp,RUNTIME_ERROR,19,5.00%,0.150,8.03515625,0,0,0,0,0,0,0,0,0,0,0,0,0,0,18.51851851851852,0,0,0,0
bronze_Cannonball_DeepSeek-R1-Distill-Llama-70B_1.cpp,COMPILATION_ERROR,0,0.00%,0.000,0,0,0,0,0,0,0,0,0,0,0,0,0,0,0,0,0,0,0,0
bronze_Cannonball_DeepSeek-R1-Distill-Llama-70B_2.cpp,COMPILATION_ERROR,0,0.00%,0.000,0,0,0,0,0,0,0,0,0,0,0,0,0,0,0,0,0,0,0,0
bronze_Cannonball_DeepSeek-R1-Distill-Llama-70B_3.cpp,COMPILATION_ERROR,0,0.00%,0.000,0,0,0,0,0,0,0,0,0,0,0,0,0,0,0,0,0,0,0,0
bronze_Cannonball_DeepSeek-R1-Distill-Llama-70B_4.cpp,RUNTIME_ERROR,37,10.00%,0.140,7.7421875,0,0,0,0,0,0,0,0,0,0,0,0,0,0,18.51851851851852,0,18.51851851851852,0,0
bronze_Cannonball_DeepSeek-R1-Distill-Llama-70B_5.cpp,COMPILATION_ERROR,0,0.00%,0.000,0,0,0,0,0,0,0,0,0,0,0,0,0,0,0,0,0,0,0,0
bronze_Cannonball_DeepSeek-R1-Distill-Llama-70B_6.cpp,WRONG_ANSWER,259,80.00%,0.150,9.546875,0,18.51851851851852,18.51851851851852,18.51851851851852,18.51851851851852,18.51851851851852,0,0,18.51851851851852,18.51851851851852,18.51851851851852,0,18.51851851851852,18.51851851851852,18.51851851851852,18.51851851851852,0,18.51851851851852,18.51851851851852
bronze_Cannonball_DeepSeek-R1-Distill-Llama-70B_7.cpp,WRONG_ANSWER,259,80.00%,0.150,11.09375,0,18.51851851851852,18.51851851851852,18.51851851851852,18.51851851851852,18.51851851851852,0,0,18.51851851851852,18.51851851851852,18.51851851851852,0,18.51851851851852,18.51851851851852,18.51851851851852,18.51851851851852,0,18.51851851851852,18.51851851851852
