solution,status,score,%test passed,time,memory,subtask_0,subtask_1,subtask_10,subtask_11,subtask_12,subtask_13,subtask_2,subtask_3,subtask_4,subtask_5,subtask_6,subtask_7,subtask_8,subtask_9
bronze_Balancing_Bacteria_DeepSeek-R1-Distill-Llama-70B_0.cpp,ACCEPTED,333,100.00%,0.190,4.13671875,0,25.64102564102564,25.64102564102564,25.64102564102564,25.64102564102564,25.64102564102564,25.64102564102564,25.64102564102564,25.64102564102564,25.64102564102564,25.64102564102564,25.64102564102564,25.64102564102564,25.64102564102564
bronze_Balancing_Bacteria_DeepSeek-R1-Distill-Llama-70B_1.cpp,WRONG_ANSWER,0,6.67%,0.180,2.84765625,0,0,0,0,0,0,0,0,0,0,0,0,0,0
bronze_Balancing_Bacteria_DeepSeek-R1-Distill-Llama-70B_2.cpp,RUNTIME_ERROR,0,0.00%,0.180,3.9375,0,0,0,0,0,0,0,0,0,0,0,0,0,0
bronze_Balancing_Bacteria_DeepSeek-R1-Distill-Llama-70B_3.cpp,RUNTIME_ERROR,0,0.00%,0.180,4.13671875,0,0,0,0,0,0,0,0,0,0,0,0,0,0
bronze_Balancing_Bacteria_DeepSeek-R1-Distill-Llama-70B_4.cpp,RUNTIME_ERROR,308,80.00%,0.180,2.84765625,0,25.64102564102564,0,25.64102564102564,25.64102564102564,25.64102564102564,25.64102564102564,25.64102564102564,25.64102564102564,25.64102564102564,25.64102564102564,25.64102564102564,25.64102564102564,25.64102564102564
bronze_Balancing_Bacteria_DeepSeek-R1-Distill-Llama-70B_5.cpp,ACCEPTED,333,100.00%,0.190,2.84765625,0,25.64102564102564,25.64102564102564,25.64102564102564,25.64102564102564,25.64102564102564,25.64102564102564,25.64102564102564,25.64102564102564,25.64102564102564,25.64102564102564,25.64102564102564,25.64102564102564,25.64102564102564
bronze_Balancing_Bacteria_DeepSeek-R1-Distill-Llama-70B_6.cpp,RUNTIME_ERROR,0,0.00%,0.190,10.06640625,0,0,0,0,0,0,0,0,0,0,0,0,0,0
bronze_Balancing_Bacteria_DeepSeek-R1-Distill-Llama-70B_7.cpp,RUNTIME_ERROR,0,0.00%,0.110,2.07421875,0,0,0,0,0,0,0,0,0,0,0,0,0,0
