solution,status,score,%test passed,time,memory,subtask_0,subtask_1,subtask_10,subtask_2,subtask_3,subtask_4,subtask_5,subtask_6,subtask_7,subtask_8,subtask_9
bronze_Air_Cownditioning_II_Llama-3.3-70B-Instruct_0.cpp,WRONG_ANSWER,133,36.36%,0.000,0,0,0,0,0,33.33333333333333,33.33333333333333,0,33.33333333333333,0,33.33333333333333,0
bronze_Air_Cownditioning_II_Llama-3.3-70B-Instruct_1.cpp,WRONG_ANSWER,133,36.36%,0.000,0,0,0,0,0,33.33333333333333,33.33333333333333,0,33.33333333333333,0,33.33333333333333,0
bronze_Air_Cownditioning_II_Llama-3.3-70B-Instruct_2.cpp,ACCEPTED,333,100.00%,0.000,0,0,33.33333333333333,33.33333333333333,33.33333333333333,33.33333333333333,33.33333333333333,33.33333333333333,33.33333333333333,33.33333333333333,33.33333333333333,33.33333333333333
bronze_Air_Cownditioning_II_Llama-3.3-70B-Instruct_3.cpp,ACCEPTED,333,100.00%,0.100,0,0,33.33333333333333,33.33333333333333,33.33333333333333,33.33333333333333,33.33333333333333,33.33333333333333,33.33333333333333,33.33333333333333,33.33333333333333,33.33333333333333
bronze_Air_Cownditioning_II_Llama-3.3-70B-Instruct_4.cpp,WRONG_ANSWER,0,0.00%,0.000,0,0,0,0,0,0,0,0,0,0,0,0
bronze_Air_Cownditioning_II_Llama-3.3-70B-Instruct_5.cpp,ACCEPTED,333,100.00%,0.000,0,0,33.33333333333333,33.33333333333333,33.33333333333333,33.33333333333333,33.33333333333333,33.33333333333333,33.33333333333333,33.33333333333333,33.33333333333333,33.33333333333333
bronze_Air_Cownditioning_II_Llama-3.3-70B-Instruct_6.cpp,ACCEPTED,333,100.00%,0.000,0,0,33.33333333333333,33.33333333333333,33.33333333333333,33.33333333333333,33.33333333333333,33.33333333333333,33.33333333333333,33.33333333333333,33.33333333333333,33.33333333333333
bronze_Air_Cownditioning_II_Llama-3.3-70B-Instruct_7.cpp,ACCEPTED,333,100.00%,0.000,0,0,33.33333333333333,33.33333333333333,33.33333333333333,33.33333333333333,33.33333333333333,33.33333333333333,33.33333333333333,33.33333333333333,33.33333333333333,33.33333333333333
