solution,status,score,%test passed,time,memory,subtask_0,subtask_1,subtask_10,subtask_11,subtask_12,subtask_13,subtask_14,subtask_2,subtask_3,subtask_4,subtask_5,subtask_6,subtask_7,subtask_8,subtask_9
gold_Equal_Sum_Subarrays_DeepSeek-R1-Distill-Llama-70B_0.cpp,ACCEPTED,333,100.00%,3.060,5.57421875,0,23.809523809523807,23.809523809523807,23.809523809523807,23.809523809523807,23.809523809523807,23.809523809523807,23.809523809523807,23.809523809523807,23.809523809523807,23.809523809523807,23.809523809523807,23.809523809523807,23.809523809523807,23.809523809523807
gold_Equal_Sum_Subarrays_DeepSeek-R1-Distill-Llama-70B_1.cpp,COMPILATION_ERROR,0,0.00%,0.000,0,0,0,0,0,0,0,0,0,0,0,0,0,0,0,0
gold_Equal_Sum_Subarrays_DeepSeek-R1-Distill-Llama-70B_2.cpp,COMPILATION_ERROR,0,0.00%,0.000,0,0,0,0,0,0,0,0,0,0,0,0,0,0,0,0
gold_Equal_Sum_Subarrays_DeepSeek-R1-Distill-Llama-70B_3.cpp,TIME_LIMIT_EXCEEDED,262,81.25%,3.310,3.42578125,0,23.809523809523807,23.809523809523807,23.809523809523807,23.809523809523807,0,23.809523809523807,23.809523809523807,23.809523809523807,23.809523809523807,23.809523809523807,0,0,23.809523809523807,23.809523809523807
gold_Equal_Sum_Subarrays_DeepSeek-R1-Distill-Llama-70B_4.cpp,TIME_LIMIT_EXCEEDED,262,81.25%,3.320,3.44921875,0,23.809523809523807,23.809523809523807,23.809523809523807,23.809523809523807,0,23.809523809523807,23.809523809523807,23.809523809523807,23.809523809523807,23.809523809523807,0,0,23.809523809523807,23.809523809523807
gold_Equal_Sum_Subarrays_DeepSeek-R1-Distill-Llama-70B_5.cpp,ACCEPTED,333,100.00%,3.090,3.4296875,0,23.809523809523807,23.809523809523807,23.809523809523807,23.809523809523807,23.809523809523807,23.809523809523807,23.809523809523807,23.809523809523807,23.809523809523807,23.809523809523807,23.809523809523807,23.809523809523807,23.809523809523807,23.809523809523807
gold_Equal_Sum_Subarrays_DeepSeek-R1-Distill-Llama-70B_6.cpp,COMPILATION_ERROR,0,0.00%,0.000,0,0,0,0,0,0,0,0,0,0,0,0,0,0,0,0
gold_Equal_Sum_Subarrays_DeepSeek-R1-Distill-Llama-70B_7.cpp,TIME_LIMIT_EXCEEDED,143,50.00%,3.380,8.65625,0,23.809523809523807,0,0,0,0,0,23.809523809523807,23.809523809523807,23.809523809523807,23.809523809523807,0,0,0,23.809523809523807
