solution,status,score,%test passed,time,memory,subtask_0,subtask_1,subtask_10,subtask_11,subtask_12,subtask_13,subtask_14,subtask_15,subtask_16,subtask_17,subtask_18,subtask_2,subtask_3,subtask_4,subtask_5,subtask_6,subtask_7,subtask_8,subtask_9
silver_Moo_Route_II_DeepSeek-R1-Distill-Llama-70B_0.cpp,TIME_LIMIT_EXCEEDED,204,65.00%,4.590,12.640625,0,18.51851851851852,18.51851851851852,18.51851851851852,0,0,0,0,0,0,0,18.51851851851852,18.51851851851852,18.51851851851852,18.51851851851852,18.51851851851852,18.51851851851852,18.51851851851852,18.51851851851852
silver_Moo_Route_II_DeepSeek-R1-Distill-Llama-70B_1.cpp,TIME_LIMIT_EXCEEDED,204,65.00%,4.500,12.640625,0,18.51851851851852,18.51851851851852,18.51851851851852,0,0,0,0,0,0,0,18.51851851851852,18.51851851851852,18.51851851851852,18.51851851851852,18.51851851851852,18.51851851851852,18.51851851851852,18.51851851851852
silver_Moo_Route_II_DeepSeek-R1-Distill-Llama-70B_2.cpp,TIME_LIMIT_EXCEEDED,204,65.00%,4.480,11.8671875,0,18.51851851851852,18.51851851851852,18.51851851851852,0,0,0,0,0,0,0,18.51851851851852,18.51851851851852,18.51851851851852,18.51851851851852,18.51851851851852,18.51851851851852,18.51851851851852,18.51851851851852
silver_Moo_Route_II_DeepSeek-R1-Distill-Llama-70B_3.cpp,TIME_LIMIT_EXCEEDED,204,65.00%,4.500,12.640625,0,18.51851851851852,18.51851851851852,18.51851851851852,0,0,0,0,0,0,0,18.51851851851852,18.51851851851852,18.51851851851852,18.51851851851852,18.51851851851852,18.51851851851852,18.51851851851852,18.51851851851852
silver_Moo_Route_II_DeepSeek-R1-Distill-Llama-70B_4.cpp,TIME_LIMIT_EXCEEDED,204,65.00%,4.500,12.640625,0,18.51851851851852,18.51851851851852,18.51851851851852,0,0,0,0,0,0,0,18.51851851851852,18.51851851851852,18.51851851851852,18.51851851851852,18.51851851851852,18.51851851851852,18.51851851851852,18.51851851851852
silver_Moo_Route_II_DeepSeek-R1-Distill-Llama-70B_5.cpp,COMPILATION_ERROR,0,0.00%,0.000,0,0,0,0,0,0,0,0,0,0,0,0,0,0,0,0,0,0,0,0
silver_Moo_Route_II_DeepSeek-R1-Distill-Llama-70B_6.cpp,RUNTIME_ERROR,130,35.00%,0.200,11.8671875,0,0,18.51851851851852,0,0,0,0,0,0,0,0,0,0,18.51851851851852,18.51851851851852,18.51851851851852,18.51851851851852,18.51851851851852,18.51851851851852
silver_Moo_Route_II_DeepSeek-R1-Distill-Llama-70B_7.cpp,RUNTIME_ERROR,130,35.00%,0.480,12.640625,0,0,18.51851851851852,0,0,0,0,0,0,0,0,0,0,18.51851851851852,18.51851851851852,18.51851851851852,18.51851851851852,18.51851851851852,18.51851851851852
