solution,status,score,%test passed,time,memory,subtask_0,subtask_1,subtask_2,subtask_3,subtask_4,subtask_5,subtask_6,subtask_7,subtask_8,subtask_9
ones_deepseek-reasoner_0.cpp,WRONG_ANSWER,20,0.00%,0.220,2.11328125,1.74569,1.7815800000000002,1.83025,1.8659899999999998,1.90143,1.95442,2.00443,2.06189,2.15504,2.23298
ones_deepseek-reasoner_1.cpp,WRONG_ANSWER,25,0.00%,0.140,1.80859375,4.70929,4.06906,3.35974,2.8991499999999997,2.49801,2.0357600000000002,1.72931,1.45111,1.1148099999999999,0.87959
ones_deepseek-reasoner_2.cpp,WRONG_ANSWER,25,0.00%,0.220,1.94921875,4.70929,4.06906,3.35974,2.8991499999999997,2.49801,2.0357600000000002,1.72931,1.45111,1.1148099999999999,0.87959
ones_deepseek-reasoner_3.cpp,WRONG_ANSWER,25,0.00%,0.190,1.953125,4.70929,4.06906,3.35974,2.8991499999999997,2.49801,2.0357600000000002,1.72931,1.45111,1.1148099999999999,0.87959
ones_deepseek-reasoner_4.cpp,WRONG_ANSWER,25,0.00%,0.180,1.94921875,4.72823,4.07686,3.3626899999999997,2.89704,2.49904,2.03989,1.73442,1.4582600000000001,1.1255,0.8935700000000001
ones_deepseek-reasoner_5.cpp,WRONG_ANSWER,20,0.00%,0.260,1.953125,3.5065600000000003,3.1394,2.68485,2.36392,2.06929,1.7141300000000002,1.47061,1.24474,0.9666399999999999,0.7696500000000001
ones_deepseek-reasoner_6.cpp,WRONG_ANSWER,25,0.00%,0.140,1.953125,4.72823,4.07686,3.3626899999999997,2.89704,2.49904,2.03989,1.73442,1.4582600000000001,1.1255,0.8935700000000001
ones_deepseek-reasoner_7.cpp,WRONG_ANSWER,25,0.00%,0.230,1.953125,4.72823,4.07686,3.3626899999999997,2.89704,2.49904,2.03989,1.73442,1.4582600000000001,1.1255,0.8935700000000001
