solution,status,score,%test passed,time,memory,subtask_0,subtask_1,subtask_10,subtask_2,subtask_3,subtask_4,subtask_5,subtask_6,subtask_7,subtask_8,subtask_9
bronze_Cowntact_Tracing_2_Qwen3-8B_1.cpp,WRONG_ANSWER,67,33.33%,0.020,0.00390625,0,33.33333333333333,0,0,0,33.33333333333333,0,0,0,0,0
bronze_Cowntact_Tracing_2_Qwen3-8B_2.cpp,WRONG_ANSWER,67,33.33%,0.020,1.5546875,0,33.33333333333333,0,0,0,33.33333333333333,0,0,0,0,0
bronze_Cowntact_Tracing_2_Qwen3-8B_4.cpp,WRONG_ANSWER,100,33.33%,0.020,0.00390625,0,33.33333333333333,0,33.33333333333333,0,33.33333333333333,0,0,0,0,0
bronze_Cowntact_Tracing_2_Qwen3-8B_5.cpp,RUNTIME_ERROR,33,8.33%,0.030,1.82421875,0,33.33333333333333,0,0,0,0,0,0,0,0,0
bronze_Cowntact_Tracing_2_Qwen3-8B_6.cpp,RUNTIME_ERROR,100,25.00%,0.030,0.00390625,0,33.33333333333333,33.33333333333333,0,0,0,0,0,0,33.33333333333333,0
bronze_Cowntact_Tracing_2_Qwen3-8B_7.cpp,RUNTIME_ERROR,33,8.33%,0.020,0.00390625,0,33.33333333333333,0,0,0,0,0,0,0,0,0
