solution,status,score,%test passed,time,memory,subtask_0,subtask_1,subtask_10,subtask_11,subtask_12,subtask_2,subtask_3,subtask_4,subtask_5,subtask_6,subtask_7,subtask_8,subtask_9
silver_Target_Practice_Qwen3-8B_0.cpp,TIME_LIMIT_EXCEEDED,28,13.33%,2.420,8.91796875,0,27.777777777777775,0,0,0,0,0,0,0,0,0,0,0
silver_Target_Practice_Qwen3-8B_1.cpp,TIME_LIMIT_EXCEEDED,83,40.00%,2.420,11.08984375,0,27.777777777777775,0,0,0,27.777777777777775,27.777777777777775,0,0,0,0,0,0
silver_Target_Practice_Qwen3-8B_2.cpp,TIME_LIMIT_EXCEEDED,28,26.67%,2.420,11.08984375,0,27.777777777777775,0,0,0,0,0,0,0,0,0,0,0
silver_Target_Practice_Qwen3-8B_3.cpp,TIME_LIMIT_EXCEEDED,83,40.00%,2.410,11.08984375,0,27.777777777777775,0,0,0,27.777777777777775,27.777777777777775,0,0,0,0,0,0
silver_Target_Practice_Qwen3-8B_4.cpp,TIME_LIMIT_EXCEEDED,83,40.00%,2.420,11.32421875,0,27.777777777777775,0,0,0,27.777777777777775,27.777777777777775,0,0,0,0,0,0
silver_Target_Practice_Qwen3-8B_5.cpp,TIME_LIMIT_EXCEEDED,28,6.67%,2.410,9.14453125,0,27.777777777777775,0,0,0,0,0,0,0,0,0,0,0
silver_Target_Practice_Qwen3-8B_6.cpp,TIME_LIMIT_EXCEEDED,83,40.00%,2.420,11.34765625,0,27.777777777777775,0,0,0,27.777777777777775,27.777777777777775,0,0,0,0,0,0
silver_Target_Practice_Qwen3-8B_7.cpp,TIME_LIMIT_EXCEEDED,28,6.67%,2.420,9.84765625,0,27.777777777777775,0,0,0,0,0,0,0,0,0,0,0
