solution,status,score,%test passed,time,memory,subtask_0,subtask_1,subtask_10,subtask_11,subtask_12,subtask_13,subtask_14,subtask_15,subtask_16,subtask_17,subtask_2,subtask_3,subtask_4,subtask_5,subtask_6,subtask_7,subtask_8,subtask_9
gold_Grass_Segments_gpt-oss-20b-low_0.cpp,WRONG_ANSWER,0,10.00%,0.130,16.6953125,0,0,0,0,0,0,0,0,0,0,0,0,0,0,0,0,0,0
gold_Grass_Segments_gpt-oss-20b-low_1.cpp,RUNTIME_ERROR,0,0.00%,0.130,20.30078125,0,0,0,0,0,0,0,0,0,0,0,0,0,0,0,0,0,0
gold_Grass_Segments_gpt-oss-20b-low_2.cpp,WRONG_ANSWER,118,45.00%,0.170,16.50390625,0,0,0,0,0,0,0,0,0,0,0,19.6078431372549,19.6078431372549,19.6078431372549,19.6078431372549,19.6078431372549,19.6078431372549,0
gold_Grass_Segments_gpt-oss-20b-low_3.cpp,RUNTIME_ERROR,0,5.00%,0.140,18.75390625,0,0,0,0,0,0,0,0,0,0,0,0,0,0,0,0,0,0
gold_Grass_Segments_gpt-oss-20b-low_4.cpp,WRONG_ANSWER,118,45.00%,0.160,14.9609375,0,0,0,0,0,0,0,0,0,0,0,19.6078431372549,19.6078431372549,19.6078431372549,19.6078431372549,19.6078431372549,19.6078431372549,0
gold_Grass_Segments_gpt-oss-20b-low_5.cpp,WRONG_ANSWER,118,45.00%,0.160,17.27734375,0,0,0,0,0,0,0,0,0,0,0,19.6078431372549,19.6078431372549,19.6078431372549,19.6078431372549,19.6078431372549,19.6078431372549,0
gold_Grass_Segments_gpt-oss-20b-low_6.cpp,WRONG_ANSWER,118,45.00%,0.170,31.2421875,0,0,0,0,0,0,0,0,0,0,0,19.6078431372549,19.6078431372549,19.6078431372549,19.6078431372549,19.6078431372549,19.6078431372549,0
gold_Grass_Segments_gpt-oss-20b-low_7.cpp,WRONG_ANSWER,118,45.00%,0.160,18.82421875,0,0,0,0,0,0,0,0,0,0,0,19.6078431372549,19.6078431372549,19.6078431372549,19.6078431372549,19.6078431372549,19.6078431372549,0
