solution,status,score,%test passed,time,memory,subtask_0,subtask_1,subtask_10,subtask_11,subtask_12,subtask_13,subtask_14,subtask_2,subtask_3,subtask_4,subtask_5,subtask_6,subtask_7,subtask_8,subtask_9
bronze_Majority_Opinion_deepseek-chat_0.cpp,ACCEPTED,333,100.00%,0.060,2.9453125,0,23.809523809523807,23.809523809523807,23.809523809523807,23.809523809523807,23.809523809523807,23.809523809523807,23.809523809523807,23.809523809523807,23.809523809523807,23.809523809523807,23.809523809523807,23.809523809523807,23.809523809523807,23.809523809523807
bronze_Majority_Opinion_deepseek-chat_1.cpp,ACCEPTED,333,100.00%,0.050,2.49609375,0,23.809523809523807,23.809523809523807,23.809523809523807,23.809523809523807,23.809523809523807,23.809523809523807,23.809523809523807,23.809523809523807,23.809523809523807,23.809523809523807,23.809523809523807,23.809523809523807,23.809523809523807,23.809523809523807
bronze_Majority_Opinion_deepseek-chat_2.cpp,TIME_LIMIT_EXCEEDED,95,33.33%,2.240,2.99609375,0,23.809523809523807,0,0,0,0,0,23.809523809523807,23.809523809523807,0,0,23.809523809523807,0,0,0
bronze_Majority_Opinion_deepseek-chat_3.cpp,ACCEPTED,333,100.00%,0.050,3.2421875,0,23.809523809523807,23.809523809523807,23.809523809523807,23.809523809523807,23.809523809523807,23.809523809523807,23.809523809523807,23.809523809523807,23.809523809523807,23.809523809523807,23.809523809523807,23.809523809523807,23.809523809523807,23.809523809523807
bronze_Majority_Opinion_deepseek-chat_4.cpp,WRONG_ANSWER,71,26.67%,0.050,2.83984375,0,23.809523809523807,0,0,0,0,0,0,0,23.809523809523807,23.809523809523807,0,0,0,0
bronze_Majority_Opinion_deepseek-chat_5.cpp,ACCEPTED,333,100.00%,0.050,3.25390625,0,23.809523809523807,23.809523809523807,23.809523809523807,23.809523809523807,23.809523809523807,23.809523809523807,23.809523809523807,23.809523809523807,23.809523809523807,23.809523809523807,23.809523809523807,23.809523809523807,23.809523809523807,23.809523809523807
bronze_Majority_Opinion_deepseek-chat_6.cpp,ACCEPTED,333,100.00%,0.060,3.4921875,0,23.809523809523807,23.809523809523807,23.809523809523807,23.809523809523807,23.809523809523807,23.809523809523807,23.809523809523807,23.809523809523807,23.809523809523807,23.809523809523807,23.809523809523807,23.809523809523807,23.809523809523807,23.809523809523807
bronze_Majority_Opinion_deepseek-chat_7.cpp,WRONG_ANSWER,24,6.67%,0.050,2.5859375,0,23.809523809523807,0,0,0,0,0,0,0,0,0,0,0,0,0
