solution,status,score,%test passed,time,memory,subtask_0,subtask_1,subtask_10,subtask_2,subtask_3,subtask_4,subtask_5,subtask_6,subtask_7,subtask_8,subtask_9
silver_Bakery_Qwen3-30B_0.cpp,WRONG_ANSWER,33,18.18%,0.110,1.96875,0,33.33333333333333,0,0,0,0,0,0,0,0,0
silver_Bakery_Qwen3-30B_1.cpp,WRONG_ANSWER,0,9.09%,0.110,0.00390625,0,0,0,0,0,0,0,0,0,0,0
silver_Bakery_Qwen3-30B_2.cpp,WRONG_ANSWER,0,9.09%,0.110,0.00390625,0,0,0,0,0,0,0,0,0,0,0
silver_Bakery_Qwen3-30B_3.cpp,ACCEPTED,333,100.00%,0.120,0.00390625,0,33.33333333333333,33.33333333333333,33.33333333333333,33.33333333333333,33.33333333333333,33.33333333333333,33.33333333333333,33.33333333333333,33.33333333333333,33.33333333333333
silver_Bakery_Qwen3-30B_4.cpp,WRONG_ANSWER,33,18.18%,0.170,1.5546875,0,33.33333333333333,0,0,0,0,0,0,0,0,0
silver_Bakery_Qwen3-30B_5.cpp,WRONG_ANSWER,0,9.09%,0.110,0.00390625,0,0,0,0,0,0,0,0,0,0,0
silver_Bakery_Qwen3-30B_6.cpp,ACCEPTED,333,100.00%,0.110,0.00390625,0,33.33333333333333,33.33333333333333,33.33333333333333,33.33333333333333,33.33333333333333,33.33333333333333,33.33333333333333,33.33333333333333,33.33333333333333,33.33333333333333
silver_Bakery_Qwen3-30B_7.cpp,WRONG_ANSWER,0,9.09%,0.110,0.00390625,0,0,0,0,0,0,0,0,0,0,0
