solution,status,score,%test passed,time,memory,subtask_0,subtask_1,subtask_10,subtask_2,subtask_3,subtask_4,subtask_5,subtask_6,subtask_7,subtask_8,subtask_9
silver_Cow-libi_Qwen3-30B_0.cpp,TIME_LIMIT_EXCEEDED,0,9.09%,4.520,3.88671875,0,0,0,0,0,0,0,0,0,0,0
silver_Cow-libi_Qwen3-30B_1.cpp,ACCEPTED,333,100.00%,0.170,19.91015625,0,33.33333333333333,33.33333333333333,33.33333333333333,33.33333333333333,33.33333333333333,33.33333333333333,33.33333333333333,33.33333333333333,33.33333333333333,33.33333333333333
silver_Cow-libi_Qwen3-30B_2.cpp,ACCEPTED,333,100.00%,0.170,4.390625,0,33.33333333333333,33.33333333333333,33.33333333333333,33.33333333333333,33.33333333333333,33.33333333333333,33.33333333333333,33.33333333333333,33.33333333333333,33.33333333333333
silver_Cow-libi_Qwen3-30B_3.cpp,ACCEPTED,333,100.00%,0.160,3.01171875,0,33.33333333333333,33.33333333333333,33.33333333333333,33.33333333333333,33.33333333333333,33.33333333333333,33.33333333333333,33.33333333333333,33.33333333333333,33.33333333333333
silver_Cow-libi_Qwen3-30B_4.cpp,ACCEPTED,333,100.00%,0.160,4.66015625,0,33.33333333333333,33.33333333333333,33.33333333333333,33.33333333333333,33.33333333333333,33.33333333333333,33.33333333333333,33.33333333333333,33.33333333333333,33.33333333333333
silver_Cow-libi_Qwen3-30B_5.cpp,ACCEPTED,333,100.00%,0.160,3.0078125,0,33.33333333333333,33.33333333333333,33.33333333333333,33.33333333333333,33.33333333333333,33.33333333333333,33.33333333333333,33.33333333333333,33.33333333333333,33.33333333333333
silver_Cow-libi_Qwen3-30B_6.cpp,ACCEPTED,333,100.00%,0.160,4.390625,0,33.33333333333333,33.33333333333333,33.33333333333333,33.33333333333333,33.33333333333333,33.33333333333333,33.33333333333333,33.33333333333333,33.33333333333333,33.33333333333333
silver_Cow-libi_Qwen3-30B_7.cpp,WRONG_ANSWER,0,9.09%,0.170,2.58984375,0,0,0,0,0,0,0,0,0,0,0
