solution,status,score,%test passed,time,memory,subtask_0,subtask_1,subtask_10,subtask_2,subtask_3,subtask_4,subtask_5,subtask_6,subtask_7,subtask_8,subtask_9
bronze_Astral_Superposition_gpt-oss-120b-low_0.cpp,TIME_LIMIT_EXCEEDED,0,0.00%,4.850,11.09375,0,0,0,0,0,0,0,0,0,0,0
bronze_Astral_Superposition_gpt-oss-120b-low_1.cpp,RUNTIME_ERROR,0,0.00%,0.070,3.3984375,0,0,0,0,0,0,0,0,0,0,0
bronze_Astral_Superposition_gpt-oss-120b-low_2.cpp,ACCEPTED,333,100.00%,0.360,4.5546875,0,33.33333333333333,33.33333333333333,33.33333333333333,33.33333333333333,33.33333333333333,33.33333333333333,33.33333333333333,33.33333333333333,33.33333333333333,33.33333333333333
bronze_Astral_Superposition_gpt-oss-120b-low_3.cpp,RUNTIME_ERROR,300,75.00%,0.160,3.49609375,0,0,33.33333333333333,33.33333333333333,33.33333333333333,33.33333333333333,33.33333333333333,33.33333333333333,33.33333333333333,33.33333333333333,33.33333333333333
bronze_Astral_Superposition_gpt-oss-120b-low_4.cpp,WRONG_ANSWER,33,16.67%,0.090,4.50390625,0,33.33333333333333,0,0,0,0,0,0,0,0,0
bronze_Astral_Superposition_gpt-oss-120b-low_5.cpp,WRONG_ANSWER,33,25.00%,0.210,24.13671875,0,33.33333333333333,0,0,0,0,0,0,0,0,0
bronze_Astral_Superposition_gpt-oss-120b-low_6.cpp,RUNTIME_ERROR,0,0.00%,0.160,7.21875,0,0,0,0,0,0,0,0,0,0,0
bronze_Astral_Superposition_gpt-oss-120b-low_7.cpp,TIME_LIMIT_EXCEEDED,300,75.00%,4.840,3.48828125,0,0,33.33333333333333,33.33333333333333,33.33333333333333,33.33333333333333,33.33333333333333,33.33333333333333,33.33333333333333,33.33333333333333,33.33333333333333
