solution,status,score,%test passed,time,memory,subtask_0,subtask_1,subtask_10,subtask_2,subtask_3,subtask_4,subtask_5,subtask_6,subtask_7,subtask_8,subtask_9
bronze_Cow_Checkups_gpt-oss-120b-low_0.cpp,ACCEPTED,333,100.00%,0.310,1.55859375,0,33.33333333333333,33.33333333333333,33.33333333333333,33.33333333333333,33.33333333333333,33.33333333333333,33.33333333333333,33.33333333333333,33.33333333333333,33.33333333333333
bronze_Cow_Checkups_gpt-oss-120b-low_1.cpp,MEMORY_LIMIT_EXCEEDED,100,46.15%,0.150,306.03515625,0,33.33333333333333,0,33.33333333333333,33.33333333333333,0,0,0,0,0,0
bronze_Cow_Checkups_gpt-oss-120b-low_2.cpp,ACCEPTED,333,100.00%,0.240,109.06640625,0,33.33333333333333,33.33333333333333,33.33333333333333,33.33333333333333,33.33333333333333,33.33333333333333,33.33333333333333,33.33333333333333,33.33333333333333,33.33333333333333
bronze_Cow_Checkups_gpt-oss-120b-low_3.cpp,ACCEPTED,333,100.00%,0.210,1.55859375,0,33.33333333333333,33.33333333333333,33.33333333333333,33.33333333333333,33.33333333333333,33.33333333333333,33.33333333333333,33.33333333333333,33.33333333333333,33.33333333333333
bronze_Cow_Checkups_gpt-oss-120b-low_4.cpp,ACCEPTED,333,100.00%,0.220,1.55859375,0,33.33333333333333,33.33333333333333,33.33333333333333,33.33333333333333,33.33333333333333,33.33333333333333,33.33333333333333,33.33333333333333,33.33333333333333,33.33333333333333
bronze_Cow_Checkups_gpt-oss-120b-low_5.cpp,ACCEPTED,333,100.00%,0.210,109.06640625,0,33.33333333333333,33.33333333333333,33.33333333333333,33.33333333333333,33.33333333333333,33.33333333333333,33.33333333333333,33.33333333333333,33.33333333333333,33.33333333333333
bronze_Cow_Checkups_gpt-oss-120b-low_6.cpp,ACCEPTED,333,100.00%,0.330,1.55859375,0,33.33333333333333,33.33333333333333,33.33333333333333,33.33333333333333,33.33333333333333,33.33333333333333,33.33333333333333,33.33333333333333,33.33333333333333,33.33333333333333
bronze_Cow_Checkups_gpt-oss-120b-low_7.cpp,MEMORY_LIMIT_EXCEEDED,100,46.15%,0.270,300.1015625,0,33.33333333333333,0,33.33333333333333,33.33333333333333,0,0,0,0,0,0
