solution,status,score,%test passed,time,memory,subtask_0,subtask_1,subtask_10,subtask_2,subtask_3,subtask_4,subtask_5,subtask_6,subtask_7,subtask_8,subtask_9
bronze_Walking_Along_a_Fence_gpt-oss-20b-high_0.cpp,ACCEPTED,333,100.00%,0.090,7.484375,0,33.33333333333333,33.33333333333333,33.33333333333333,33.33333333333333,33.33333333333333,33.33333333333333,33.33333333333333,33.33333333333333,33.33333333333333,33.33333333333333
bronze_Walking_Along_a_Fence_gpt-oss-20b-high_1.cpp,RUNTIME_ERROR,0,0.00%,0.070,12.12890625,0,0,0,0,0,0,0,0,0,0,0
bronze_Walking_Along_a_Fence_gpt-oss-20b-high_2.cpp,ACCEPTED,333,100.00%,0.130,9.54296875,0,33.33333333333333,33.33333333333333,33.33333333333333,33.33333333333333,33.33333333333333,33.33333333333333,33.33333333333333,33.33333333333333,33.33333333333333,33.33333333333333
bronze_Walking_Along_a_Fence_gpt-oss-20b-high_3.cpp,ACCEPTED,333,100.00%,0.120,7.80078125,0,33.33333333333333,33.33333333333333,33.33333333333333,33.33333333333333,33.33333333333333,33.33333333333333,33.33333333333333,33.33333333333333,33.33333333333333,33.33333333333333
bronze_Walking_Along_a_Fence_gpt-oss-20b-high_4.cpp,ACCEPTED,333,100.00%,0.100,8.25390625,0,33.33333333333333,33.33333333333333,33.33333333333333,33.33333333333333,33.33333333333333,33.33333333333333,33.33333333333333,33.33333333333333,33.33333333333333,33.33333333333333
bronze_Walking_Along_a_Fence_gpt-oss-20b-high_5.cpp,ACCEPTED,333,100.00%,0.100,10.83203125,0,33.33333333333333,33.33333333333333,33.33333333333333,33.33333333333333,33.33333333333333,33.33333333333333,33.33333333333333,33.33333333333333,33.33333333333333,33.33333333333333
bronze_Walking_Along_a_Fence_gpt-oss-20b-high_6.cpp,COMPILATION_ERROR,0,0.00%,0.000,0,0,0,0,0,0,0,0,0,0,0,0
bronze_Walking_Along_a_Fence_gpt-oss-20b-high_7.cpp,ACCEPTED,333,100.00%,0.110,15.21875,0,33.33333333333333,33.33333333333333,33.33333333333333,33.33333333333333,33.33333333333333,33.33333333333333,33.33333333333333,33.33333333333333,33.33333333333333,33.33333333333333
