solution,status,score,%test passed,time,memory,subtask_0,subtask_1,subtask_2,subtask_3
milano_gpt-5_0.cpp,ACCEPTED,110,100.00%,0.040,4.39453125,21,18,31,40
milano_gpt-5_1.cpp,ACCEPTED,110,100.00%,0.070,4.39453125,21,18,31,40
milano_gpt-5_2.cpp,ACCEPTED,110,100.00%,0.080,4.39453125,21,18,31,40
milano_gpt-5_3.cpp,ACCEPTED,110,100.00%,0.080,4.39453125,21,18,31,40
milano_gpt-5_4.cpp,ACCEPTED,110,100.00%,0.080,5.16796875,21,18,31,40
milano_gpt-5_5.cpp,ACCEPTED,110,100.00%,0.080,5.16796875,21,18,31,40
milano_gpt-5_6.cpp,ACCEPTED,110,100.00%,0.080,5.16796875,21,18,31,40
milano_gpt-5_7.cpp,ACCEPTED,110,100.00%,0.080,4.39453125,21,18,31,40
