solution,status,score,%test passed,time,memory,subtask_0,subtask_1,subtask_10,subtask_11,subtask_12,subtask_13,subtask_14,subtask_15,subtask_16,subtask_17,subtask_2,subtask_3,subtask_4,subtask_5,subtask_6,subtask_7,subtask_8,subtask_9
bronze_FEB_gemini-2.5-flash_0.cpp,ACCEPTED,333,100.00%,0.100,2.0546875,0,19.6078431372549,19.6078431372549,19.6078431372549,19.6078431372549,19.6078431372549,19.6078431372549,19.6078431372549,19.6078431372549,19.6078431372549,19.6078431372549,19.6078431372549,19.6078431372549,19.6078431372549,19.6078431372549,19.6078431372549,19.6078431372549,19.6078431372549
bronze_FEB_gemini-2.5-flash_1.cpp,ACCEPTED,333,100.00%,0.120,33.69921875,0,19.6078431372549,19.6078431372549,19.6078431372549,19.6078431372549,19.6078431372549,19.6078431372549,19.6078431372549,19.6078431372549,19.6078431372549,19.6078431372549,19.6078431372549,19.6078431372549,19.6078431372549,19.6078431372549,19.6078431372549,19.6078431372549,19.6078431372549
bronze_FEB_gemini-2.5-flash_2.cpp,ACCEPTED,333,100.00%,1.670,4.703125,0,19.6078431372549,19.6078431372549,19.6078431372549,19.6078431372549,19.6078431372549,19.6078431372549,19.6078431372549,19.6078431372549,19.6078431372549,19.6078431372549,19.6078431372549,19.6078431372549,19.6078431372549,19.6078431372549,19.6078431372549,19.6078431372549,19.6078431372549
bronze_FEB_gemini-2.5-flash_3.cpp,TIME_LIMIT_EXCEEDED,39,10.00%,2.230,2.234375,0,0,0,0,19.6078431372549,0,0,0,0,0,0,0,0,19.6078431372549,0,0,0,0
bronze_FEB_gemini-2.5-flash_4.cpp,MEMORY_LIMIT_EXCEEDED,118,45.00%,0.460,280.68359375,0,19.6078431372549,0,0,19.6078431372549,0,0,0,0,0,19.6078431372549,19.6078431372549,19.6078431372549,19.6078431372549,0,0,0,0
bronze_FEB_gemini-2.5-flash_5.cpp,TIME_LIMIT_EXCEEDED,39,15.00%,2.240,9.35546875,0,0,0,0,19.6078431372549,0,0,0,0,0,0,0,0,19.6078431372549,0,0,0,0
bronze_FEB_gemini-2.5-flash_6.cpp,COMPILATION_ERROR,0,0.00%,0.000,0,0,0,0,0,0,0,0,0,0,0,0,0,0,0,0,0,0,0
bronze_FEB_gemini-2.5-flash_7.cpp,WRONG_ANSWER,294,90.00%,0.090,24.4765625,0,19.6078431372549,19.6078431372549,19.6078431372549,19.6078431372549,19.6078431372549,19.6078431372549,0,19.6078431372549,0,19.6078431372549,19.6078431372549,19.6078431372549,19.6078431372549,19.6078431372549,19.6078431372549,19.6078431372549,19.6078431372549
