solution,status,score,%test passed,time,memory,subtask_0,subtask_1,subtask_10,subtask_11,subtask_12,subtask_13,subtask_14,subtask_2,subtask_3,subtask_4,subtask_5,subtask_6,subtask_7,subtask_8,subtask_9
gold_Pareidolia_gemini-2.5-flash_0.cpp,TIME_LIMIT_EXCEEDED,0,0.00%,2.250,7.9375,0,0,0,0,0,0,0,0,0,0,0,0,0,0,0
gold_Pareidolia_gemini-2.5-flash_1.cpp,RUNTIME_ERROR,0,0.00%,0.050,2.44921875,0,0,0,0,0,0,0,0,0,0,0,0,0,0,0
gold_Pareidolia_gemini-2.5-flash_2.cpp,ACCEPTED,333,100.00%,0.080,31.3828125,0,23.809523809523807,23.809523809523807,23.809523809523807,23.809523809523807,23.809523809523807,23.809523809523807,23.809523809523807,23.809523809523807,23.809523809523807,23.809523809523807,23.809523809523807,23.809523809523807,23.809523809523807,23.809523809523807
gold_Pareidolia_gemini-2.5-flash_3.cpp,RUNTIME_ERROR,0,5.88%,0.050,2.44921875,0,0,0,0,0,0,0,0,0,0,0,0,0,0,0
gold_Pareidolia_gemini-2.5-flash_4.cpp,ACCEPTED,333,100.00%,0.060,28.34375,0,23.809523809523807,23.809523809523807,23.809523809523807,23.809523809523807,23.809523809523807,23.809523809523807,23.809523809523807,23.809523809523807,23.809523809523807,23.809523809523807,23.809523809523807,23.809523809523807,23.809523809523807,23.809523809523807
gold_Pareidolia_gemini-2.5-flash_5.cpp,RUNTIME_ERROR,0,0.00%,0.060,2.44921875,0,0,0,0,0,0,0,0,0,0,0,0,0,0,0
gold_Pareidolia_gemini-2.5-flash_6.cpp,ACCEPTED,333,100.00%,0.050,3.22265625,0,23.809523809523807,23.809523809523807,23.809523809523807,23.809523809523807,23.809523809523807,23.809523809523807,23.809523809523807,23.809523809523807,23.809523809523807,23.809523809523807,23.809523809523807,23.809523809523807,23.809523809523807,23.809523809523807
gold_Pareidolia_gemini-2.5-flash_7.cpp,TIME_LIMIT_EXCEEDED,0,5.88%,2.250,7.97265625,0,0,0,0,0,0,0,0,0,0,0,0,0,0,0
