solution,status,score,%test passed,time,memory,subtask_0,subtask_1,subtask_10,subtask_2,subtask_3,subtask_4,subtask_5,subtask_6,subtask_7,subtask_8,subtask_9
bronze_Its_Mooin_Time_III_Qwen3-30B_0.cpp,TIME_LIMIT_EXCEEDED,0,9.09%,2.260,2.06640625,0,0,0,0,0,0,0,0,0,0,0
bronze_Its_Mooin_Time_III_Qwen3-30B_1.cpp,TIME_LIMIT_EXCEEDED,0,9.09%,2.270,2.0703125,0,0,0,0,0,0,0,0,0,0,0
bronze_Its_Mooin_Time_III_Qwen3-30B_2.cpp,TIME_LIMIT_EXCEEDED,0,9.09%,2.230,12.03515625,0,0,0,0,0,0,0,0,0,0,0
bronze_Its_Mooin_Time_III_Qwen3-30B_3.cpp,TIME_LIMIT_EXCEEDED,100,36.36%,2.240,1.94921875,0,33.33333333333333,0,33.33333333333333,0,0,33.33333333333333,0,0,0,0
bronze_Its_Mooin_Time_III_Qwen3-30B_4.cpp,TIME_LIMIT_EXCEEDED,167,54.55%,2.270,2.06640625,0,33.33333333333333,0,33.33333333333333,33.33333333333333,33.33333333333333,33.33333333333333,0,0,0,0
bronze_Its_Mooin_Time_III_Qwen3-30B_5.cpp,TIME_LIMIT_EXCEEDED,0,9.09%,2.410,2.06640625,0,0,0,0,0,0,0,0,0,0,0
bronze_Its_Mooin_Time_III_Qwen3-30B_6.cpp,TIME_LIMIT_EXCEEDED,167,54.55%,2.240,1.94921875,0,33.33333333333333,0,33.33333333333333,33.33333333333333,33.33333333333333,33.33333333333333,0,0,0,0
bronze_Its_Mooin_Time_III_Qwen3-30B_7.cpp,TIME_LIMIT_EXCEEDED,167,54.55%,2.320,12.00390625,0,33.33333333333333,0,33.33333333333333,33.33333333333333,33.33333333333333,33.33333333333333,0,0,0,0
