solution,status,score,%test passed,time,memory,subtask_0,subtask_1,subtask_10,subtask_2,subtask_3,subtask_4,subtask_5,subtask_6,subtask_7,subtask_8,subtask_9
bronze_More_Cow_Photos_Qwen3-30B_0.cpp,WRONG_ANSWER,0,9.09%,0.390,6.453125,0,0,0,0,0,0,0,0,0,0,0
bronze_More_Cow_Photos_Qwen3-30B_1.cpp,ACCEPTED,333,100.00%,0.580,10.63671875,0,33.33333333333333,33.33333333333333,33.33333333333333,33.33333333333333,33.33333333333333,33.33333333333333,33.33333333333333,33.33333333333333,33.33333333333333,33.33333333333333
bronze_More_Cow_Photos_Qwen3-30B_2.cpp,ACCEPTED,333,100.00%,0.200,2.640625,0,33.33333333333333,33.33333333333333,33.33333333333333,33.33333333333333,33.33333333333333,33.33333333333333,33.33333333333333,33.33333333333333,33.33333333333333,33.33333333333333
bronze_More_Cow_Photos_Qwen3-30B_3.cpp,ACCEPTED,333,100.00%,0.230,2.24609375,0,33.33333333333333,33.33333333333333,33.33333333333333,33.33333333333333,33.33333333333333,33.33333333333333,33.33333333333333,33.33333333333333,33.33333333333333,33.33333333333333
bronze_More_Cow_Photos_Qwen3-30B_4.cpp,ACCEPTED,333,100.00%,0.360,6.05859375,0,33.33333333333333,33.33333333333333,33.33333333333333,33.33333333333333,33.33333333333333,33.33333333333333,33.33333333333333,33.33333333333333,33.33333333333333,33.33333333333333
bronze_More_Cow_Photos_Qwen3-30B_5.cpp,WRONG_ANSWER,0,9.09%,0.320,6.625,0,0,0,0,0,0,0,0,0,0,0
bronze_More_Cow_Photos_Qwen3-30B_6.cpp,ACCEPTED,333,100.00%,0.230,2.5078125,0,33.33333333333333,33.33333333333333,33.33333333333333,33.33333333333333,33.33333333333333,33.33333333333333,33.33333333333333,33.33333333333333,33.33333333333333,33.33333333333333
bronze_More_Cow_Photos_Qwen3-30B_7.cpp,WRONG_ANSWER,0,9.09%,0.380,6.1796875,0,0,0,0,0,0,0,0,0,0,0
