solution,status,score,%test passed,time,memory,subtask_0,subtask_1,subtask_10,subtask_11,subtask_12,subtask_13,subtask_14,subtask_15,subtask_16,subtask_17,subtask_18,subtask_19,subtask_2,subtask_20,subtask_21,subtask_3,subtask_4,subtask_5,subtask_6,subtask_7,subtask_8,subtask_9
gold_Moo_Decomposition_Qwen3-30B_0.cpp,RUNTIME_ERROR,0,0.00%,0.140,22.43359375,0,0,0,0,0,0,0,0,0,0,0,0,0,0,0,0,0,0,0,0,0,0
gold_Moo_Decomposition_Qwen3-30B_1.cpp,RUNTIME_ERROR,0,0.00%,0.140,13.81640625,0,0,0,0,0,0,0,0,0,0,0,0,0,0,0,0,0,0,0,0,0,0
gold_Moo_Decomposition_Qwen3-30B_2.cpp,RUNTIME_ERROR,48,12.00%,0.120,2.53125,0,15.873015873015872,0,0,0,0,0,0,0,0,0,0,15.873015873015872,0,0,15.873015873015872,0,0,0,0,0,0
gold_Moo_Decomposition_Qwen3-30B_3.cpp,COMPILATION_ERROR,0,0.00%,0.000,0,0,0,0,0,0,0,0,0,0,0,0,0,0,0,0,0,0,0,0,0,0,0
gold_Moo_Decomposition_Qwen3-30B_4.cpp,ACCEPTED,333,100.00%,0.140,18.5078125,0,15.873015873015872,15.873015873015872,15.873015873015872,15.873015873015872,15.873015873015872,15.873015873015872,15.873015873015872,15.873015873015872,15.873015873015872,15.873015873015872,15.873015873015872,15.873015873015872,15.873015873015872,15.873015873015872,15.873015873015872,15.873015873015872,15.873015873015872,15.873015873015872,15.873015873015872,15.873015873015872,15.873015873015872
gold_Moo_Decomposition_Qwen3-30B_5.cpp,ACCEPTED,333,100.00%,0.130,2.83203125,0,15.873015873015872,15.873015873015872,15.873015873015872,15.873015873015872,15.873015873015872,15.873015873015872,15.873015873015872,15.873015873015872,15.873015873015872,15.873015873015872,15.873015873015872,15.873015873015872,15.873015873015872,15.873015873015872,15.873015873015872,15.873015873015872,15.873015873015872,15.873015873015872,15.873015873015872,15.873015873015872,15.873015873015872
gold_Moo_Decomposition_Qwen3-30B_6.cpp,COMPILATION_ERROR,0,0.00%,0.000,0,0,0,0,0,0,0,0,0,0,0,0,0,0,0,0,0,0,0,0,0,0,0
gold_Moo_Decomposition_Qwen3-30B_7.cpp,COMPILATION_ERROR,0,0.00%,0.000,0,0,0,0,0,0,0,0,0,0,0,0,0,0,0,0,0,0,0,0,0,0,0
