solution,status,score,%test passed,time,memory,subtask_0,subtask_1,subtask_10,subtask_2,subtask_3,subtask_4,subtask_5,subtask_6,subtask_7,subtask_8,subtask_9
silver_Compatible_Pairs_Qwen3-30B_0.cpp,WRONG_ANSWER,67,33.33%,0.250,11.0,0,33.33333333333333,0,33.33333333333333,0,0,0,0,0,0,0
silver_Compatible_Pairs_Qwen3-30B_1.cpp,WRONG_ANSWER,67,33.33%,0.440,37.90625,0,33.33333333333333,0,33.33333333333333,0,0,0,0,0,0,0
silver_Compatible_Pairs_Qwen3-30B_2.cpp,WRONG_ANSWER,67,33.33%,0.370,37.87890625,0,33.33333333333333,0,33.33333333333333,0,0,0,0,0,0,0
silver_Compatible_Pairs_Qwen3-30B_3.cpp,WRONG_ANSWER,67,33.33%,0.440,39.75,0,33.33333333333333,0,33.33333333333333,0,0,0,0,0,0,0
silver_Compatible_Pairs_Qwen3-30B_4.cpp,WRONG_ANSWER,67,33.33%,0.700,48.51171875,0,33.33333333333333,0,33.33333333333333,0,0,0,0,0,0,0
silver_Compatible_Pairs_Qwen3-30B_5.cpp,WRONG_ANSWER,67,33.33%,0.320,37.90625,0,33.33333333333333,0,33.33333333333333,0,0,0,0,0,0,0
silver_Compatible_Pairs_Qwen3-30B_6.cpp,WRONG_ANSWER,67,33.33%,0.380,39.6875,0,33.33333333333333,0,33.33333333333333,0,0,0,0,0,0,0
silver_Compatible_Pairs_Qwen3-30B_7.cpp,WRONG_ANSWER,67,33.33%,0.240,30.0390625,0,33.33333333333333,0,33.33333333333333,0,0,0,0,0,0,0
