solution,status,score,%test passed,time,memory,subtask_0,subtask_1,subtask_10,subtask_11,subtask_12,subtask_2,subtask_3,subtask_4,subtask_5,subtask_6,subtask_7,subtask_8,subtask_9
silver_Cowlendar_seed-oss_0.cpp,COMPILATION_ERROR,0,0.00%,0.000,0,0,0,0,0,0,0,0,0,0,0,0,0,0
silver_Cowlendar_seed-oss_1.cpp,MEMORY_LIMIT_EXCEEDED,139,42.86%,0.380,130.05859375,0,27.777777777777775,27.777777777777775,0,0,0,27.777777777777775,0,0,27.777777777777775,0,27.777777777777775,0
silver_Cowlendar_seed-oss_2.cpp,MEMORY_LIMIT_EXCEEDED,0,0.00%,0.190,129.625,0,0,0,0,0,0,0,0,0,0,0,0,0
silver_Cowlendar_seed-oss_3.cpp,MEMORY_LIMIT_EXCEEDED,0,0.00%,0.050,2.265625,0,0,0,0,0,0,0,0,0,0,0,0,0
silver_Cowlendar_seed-oss_4.cpp,RUNTIME_ERROR,194,50.00%,1.990,16.20703125,0,0,0,27.777777777777775,27.777777777777775,27.777777777777775,0,27.777777777777775,27.777777777777775,0,27.777777777777775,0,27.777777777777775
silver_Cowlendar_seed-oss_5.cpp,COMPILATION_ERROR,0,0.00%,0.000,0,0,0,0,0,0,0,0,0,0,0,0,0,0
silver_Cowlendar_seed-oss_6.cpp,RUNTIME_ERROR,194,50.00%,0.280,1.55078125,0,0,0,27.777777777777775,27.777777777777775,27.777777777777775,0,27.777777777777775,27.777777777777775,0,27.777777777777775,0,27.777777777777775
silver_Cowlendar_seed-oss_7.cpp,UNKNOWN,0,0.00%,0.000,0,0,0,0,0,0,0,0,0,0,0,0,0,0
