solution,status,score,%test passed,time,memory,subtask_0,subtask_1,subtask_10,subtask_11,subtask_12,subtask_13,subtask_14,subtask_15,subtask_16,subtask_17,subtask_2,subtask_3,subtask_4,subtask_5,subtask_6,subtask_7,subtask_8,subtask_9
bronze_FEB_Llama-4-Scout_0.cpp,TIME_LIMIT_EXCEEDED,118,45.00%,2.420,2.22265625,0,19.6078431372549,0,0,19.6078431372549,0,0,0,0,0,19.6078431372549,19.6078431372549,19.6078431372549,19.6078431372549,0,0,0,0
bronze_FEB_Llama-4-Scout_1.cpp,MEMORY_LIMIT_EXCEEDED,98,40.00%,0.110,220.328125,0,19.6078431372549,0,0,0,0,0,0,0,0,19.6078431372549,19.6078431372549,19.6078431372549,19.6078431372549,0,0,0,0
bronze_FEB_Llama-4-Scout_2.cpp,TIME_LIMIT_EXCEEDED,118,45.00%,2.420,2.05078125,0,19.6078431372549,0,0,19.6078431372549,0,0,0,0,0,19.6078431372549,19.6078431372549,19.6078431372549,19.6078431372549,0,0,0,0
bronze_FEB_Llama-4-Scout_3.cpp,TIME_LIMIT_EXCEEDED,118,45.00%,2.430,2.22265625,0,19.6078431372549,0,0,19.6078431372549,0,0,0,0,0,19.6078431372549,19.6078431372549,19.6078431372549,19.6078431372549,0,0,0,0
bronze_FEB_Llama-4-Scout_4.cpp,COMPILATION_ERROR,0,0.00%,0.000,0,0,0,0,0,0,0,0,0,0,0,0,0,0,0,0,0,0,0
bronze_FEB_Llama-4-Scout_5.cpp,MEMORY_LIMIT_EXCEEDED,98,40.00%,0.110,220.9609375,0,19.6078431372549,0,0,0,0,0,0,0,0,19.6078431372549,19.6078431372549,19.6078431372549,19.6078431372549,0,0,0,0
bronze_FEB_Llama-4-Scout_6.cpp,COMPILATION_ERROR,0,0.00%,0.000,0,0,0,0,0,0,0,0,0,0,0,0,0,0,0,0,0,0,0
bronze_FEB_Llama-4-Scout_7.cpp,MEMORY_LIMIT_EXCEEDED,118,45.00%,0.120,305.98828125,0,19.6078431372549,0,0,19.6078431372549,0,0,0,0,0,19.6078431372549,19.6078431372549,19.6078431372549,19.6078431372549,0,0,0,0
