solution,status,score,%test passed,time,memory,subtask_0,subtask_1,subtask_10,subtask_2,subtask_3,subtask_4,subtask_5,subtask_6,subtask_7,subtask_8,subtask_9
bronze_Walking_Along_a_Fence_QwQ-32B_0.cpp,MEMORY_LIMIT_EXCEEDED,167,54.55%,0.180,8.76953125,0,0,33.33333333333333,0,0,0,0,33.33333333333333,33.33333333333333,33.33333333333333,33.33333333333333
bronze_Walking_Along_a_Fence_QwQ-32B_1.cpp,ACCEPTED,333,100.00%,0.170,15.21875,0,33.33333333333333,33.33333333333333,33.33333333333333,33.33333333333333,33.33333333333333,33.33333333333333,33.33333333333333,33.33333333333333,33.33333333333333,33.33333333333333
bronze_Walking_Along_a_Fence_QwQ-32B_2.cpp,ACCEPTED,333,100.00%,0.180,24.53515625,0,33.33333333333333,33.33333333333333,33.33333333333333,33.33333333333333,33.33333333333333,33.33333333333333,33.33333333333333,33.33333333333333,33.33333333333333,33.33333333333333
bronze_Walking_Along_a_Fence_QwQ-32B_3.cpp,ACCEPTED,333,100.00%,0.170,14.4453125,0,33.33333333333333,33.33333333333333,33.33333333333333,33.33333333333333,33.33333333333333,33.33333333333333,33.33333333333333,33.33333333333333,33.33333333333333,33.33333333333333
bronze_Walking_Along_a_Fence_QwQ-32B_4.cpp,COMPILATION_ERROR,0,0.00%,0.000,0,0,0,0,0,0,0,0,0,0,0,0
bronze_Walking_Along_a_Fence_QwQ-32B_5.cpp,ACCEPTED,333,100.00%,0.170,10.8359375,0,33.33333333333333,33.33333333333333,33.33333333333333,33.33333333333333,33.33333333333333,33.33333333333333,33.33333333333333,33.33333333333333,33.33333333333333,33.33333333333333
bronze_Walking_Along_a_Fence_QwQ-32B_6.cpp,ACCEPTED,333,100.00%,0.190,17.0234375,0,33.33333333333333,33.33333333333333,33.33333333333333,33.33333333333333,33.33333333333333,33.33333333333333,33.33333333333333,33.33333333333333,33.33333333333333,33.33333333333333
bronze_Walking_Along_a_Fence_QwQ-32B_7.cpp,COMPILATION_ERROR,0,0.00%,0.000,0,0,0,0,0,0,0,0,0,0,0,0
