solution,status,score,%test passed,time,memory,subtask_0,subtask_1,subtask_10,subtask_2,subtask_3,subtask_4,subtask_5,subtask_6,subtask_7,subtask_8,subtask_9
bronze_Cow_Checkups_Qwen3-30B_0.cpp,MEMORY_LIMIT_EXCEEDED,100,46.15%,0.200,280.76953125,0,33.33333333333333,0,33.33333333333333,33.33333333333333,0,0,0,0,0,0
bronze_Cow_Checkups_Qwen3-30B_1.cpp,ACCEPTED,333,100.00%,0.420,1.6640625,0,33.33333333333333,33.33333333333333,33.33333333333333,33.33333333333333,33.33333333333333,33.33333333333333,33.33333333333333,33.33333333333333,33.33333333333333,33.33333333333333
bronze_Cow_Checkups_Qwen3-30B_2.cpp,MEMORY_LIMIT_EXCEEDED,100,46.15%,0.220,280.765625,0,33.33333333333333,0,33.33333333333333,33.33333333333333,0,0,0,0,0,0
bronze_Cow_Checkups_Qwen3-30B_3.cpp,ACCEPTED,333,100.00%,0.290,1.55859375,0,33.33333333333333,33.33333333333333,33.33333333333333,33.33333333333333,33.33333333333333,33.33333333333333,33.33333333333333,33.33333333333333,33.33333333333333,33.33333333333333
bronze_Cow_Checkups_Qwen3-30B_4.cpp,ACCEPTED,333,100.00%,0.520,1.6640625,0,33.33333333333333,33.33333333333333,33.33333333333333,33.33333333333333,33.33333333333333,33.33333333333333,33.33333333333333,33.33333333333333,33.33333333333333,33.33333333333333
bronze_Cow_Checkups_Qwen3-30B_5.cpp,TIME_LIMIT_EXCEEDED,200,69.23%,2.230,216.57421875,0,33.33333333333333,0,33.33333333333333,33.33333333333333,0,33.33333333333333,33.33333333333333,0,33.33333333333333,0
bronze_Cow_Checkups_Qwen3-30B_6.cpp,MEMORY_LIMIT_EXCEEDED,100,46.15%,0.200,280.765625,0,33.33333333333333,0,33.33333333333333,33.33333333333333,0,0,0,0,0,0
bronze_Cow_Checkups_Qwen3-30B_7.cpp,ACCEPTED,333,100.00%,0.420,1.6640625,0,33.33333333333333,33.33333333333333,33.33333333333333,33.33333333333333,33.33333333333333,33.33333333333333,33.33333333333333,33.33333333333333,33.33333333333333,33.33333333333333
