solution,status,score,%test passed,time,memory,subtask_0,subtask_1,subtask_10,subtask_2,subtask_3,subtask_4,subtask_5,subtask_6,subtask_7,subtask_8,subtask_9
bronze_Making_Mexes_gpt-oss-20b-low_0.cpp,WRONG_ANSWER,0,0.00%,0.030,3.62109375,0,0,0,0,0,0,0,0,0,0,0
bronze_Making_Mexes_gpt-oss-20b-low_1.cpp,ACCEPTED,333,100.00%,0.040,4.39453125,0,33.33333333333333,33.33333333333333,33.33333333333333,33.33333333333333,33.33333333333333,33.33333333333333,33.33333333333333,33.33333333333333,33.33333333333333,33.33333333333333
bronze_Making_Mexes_gpt-oss-20b-low_2.cpp,ACCEPTED,333,100.00%,0.040,3.10546875,0,33.33333333333333,33.33333333333333,33.33333333333333,33.33333333333333,33.33333333333333,33.33333333333333,33.33333333333333,33.33333333333333,33.33333333333333,33.33333333333333
bronze_Making_Mexes_gpt-oss-20b-low_3.cpp,WRONG_ANSWER,0,0.00%,0.040,3.10546875,0,0,0,0,0,0,0,0,0,0,0
bronze_Making_Mexes_gpt-oss-20b-low_4.cpp,WRONG_ANSWER,0,0.00%,0.040,3.87890625,0,0,0,0,0,0,0,0,0,0,0
bronze_Making_Mexes_gpt-oss-20b-low_5.cpp,WRONG_ANSWER,0,0.00%,0.040,3.62109375,0,0,0,0,0,0,0,0,0,0,0
bronze_Making_Mexes_gpt-oss-20b-low_6.cpp,ACCEPTED,333,100.00%,0.040,3.62109375,0,33.33333333333333,33.33333333333333,33.33333333333333,33.33333333333333,33.33333333333333,33.33333333333333,33.33333333333333,33.33333333333333,33.33333333333333,33.33333333333333
bronze_Making_Mexes_gpt-oss-20b-low_7.cpp,WRONG_ANSWER,0,0.00%,0.030,3.62109375,0,0,0,0,0,0,0,0,0,0,0
