solution,status,score,%test passed,time,memory,subtask_0,subtask_1,subtask_10,subtask_11,subtask_2,subtask_3,subtask_4,subtask_5,subtask_6,subtask_7,subtask_8,subtask_9
bronze_Printing_Sequences_gpt-oss-20b-low_0.cpp,WRONG_ANSWER,30,15.38%,0.020,0.00390625,0,30.3030303030303,0,0,0,0,0,0,0,0,0,0
bronze_Printing_Sequences_gpt-oss-20b-low_2.cpp,ACCEPTED,333,100.00%,0.370,1.5546875,0,30.3030303030303,30.3030303030303,30.3030303030303,30.3030303030303,30.3030303030303,30.3030303030303,30.3030303030303,30.3030303030303,30.3030303030303,30.3030303030303,30.3030303030303
bronze_Printing_Sequences_gpt-oss-20b-low_3.cpp,WRONG_ANSWER,30,15.38%,0.020,0.00390625,0,30.3030303030303,0,0,0,0,0,0,0,0,0,0
bronze_Printing_Sequences_gpt-oss-20b-low_4.cpp,ACCEPTED,333,100.00%,0.180,1.55859375,0,30.3030303030303,30.3030303030303,30.3030303030303,30.3030303030303,30.3030303030303,30.3030303030303,30.3030303030303,30.3030303030303,30.3030303030303,30.3030303030303,30.3030303030303
bronze_Printing_Sequences_gpt-oss-20b-low_5.cpp,WRONG_ANSWER,30,15.38%,0.240,0.00390625,0,30.3030303030303,0,0,0,0,0,0,0,0,0,0
bronze_Printing_Sequences_gpt-oss-20b-low_6.cpp,ACCEPTED,333,100.00%,0.050,1.6171875,0,30.3030303030303,30.3030303030303,30.3030303030303,30.3030303030303,30.3030303030303,30.3030303030303,30.3030303030303,30.3030303030303,30.3030303030303,30.3030303030303,30.3030303030303
bronze_Printing_Sequences_gpt-oss-20b-low_7.cpp,ACCEPTED,333,100.00%,0.210,1.55859375,0,30.3030303030303,30.3030303030303,30.3030303030303,30.3030303030303,30.3030303030303,30.3030303030303,30.3030303030303,30.3030303030303,30.3030303030303,30.3030303030303,30.3030303030303
