solution,status,score,%test passed,time,memory,subtask_0,subtask_1,subtask_10,subtask_11,subtask_12,subtask_13,subtask_14,subtask_15,subtask_16,subtask_2,subtask_3,subtask_4,subtask_5,subtask_6,subtask_7,subtask_8,subtask_9
bronze_Maximizing_Productivity_Qwen2.5-Coder-32B-Instruct_0.cpp,WRONG_ANSWER,0,0.00%,0.200,8.26171875,0,0,0,0,0,0,0,0,0,0,0,0,0,0,0,0,0
bronze_Maximizing_Productivity_Qwen2.5-Coder-32B-Instruct_1.cpp,TIME_LIMIT_EXCEEDED,0,0.00%,2.310,4.39453125,0,0,0,0,0,0,0,0,0,0,0,0,0,0,0,0,0
bronze_Maximizing_Productivity_Qwen2.5-Coder-32B-Instruct_2.cpp,WRONG_ANSWER,0,0.00%,0.180,3.62109375,0,0,0,0,0,0,0,0,0,0,0,0,0,0,0,0,0
bronze_Maximizing_Productivity_Qwen2.5-Coder-32B-Instruct_3.cpp,ACCEPTED,333,100.00%,0.190,4.39453125,0,20.833333333333332,20.833333333333332,20.833333333333332,20.833333333333332,20.833333333333332,20.833333333333332,20.833333333333332,20.833333333333332,20.833333333333332,20.833333333333332,20.833333333333332,20.833333333333332,20.833333333333332,20.833333333333332,20.833333333333332,20.833333333333332
bronze_Maximizing_Productivity_Qwen2.5-Coder-32B-Instruct_4.cpp,TIME_LIMIT_EXCEEDED,62,23.53%,2.360,5.05859375,0,20.833333333333332,0,0,0,0,0,0,0,20.833333333333332,20.833333333333332,0,0,0,0,0,0
bronze_Maximizing_Productivity_Qwen2.5-Coder-32B-Instruct_5.cpp,WRONG_ANSWER,0,0.00%,0.420,50.28125,0,0,0,0,0,0,0,0,0,0,0,0,0,0,0,0,0
bronze_Maximizing_Productivity_Qwen2.5-Coder-32B-Instruct_6.cpp,RUNTIME_ERROR,0,0.00%,0.160,9.55078125,0,0,0,0,0,0,0,0,0,0,0,0,0,0,0,0,0
bronze_Maximizing_Productivity_Qwen2.5-Coder-32B-Instruct_7.cpp,TIME_LIMIT_EXCEEDED,62,23.53%,2.410,3.62109375,0,20.833333333333332,0,0,0,0,0,0,0,20.833333333333332,20.833333333333332,0,0,0,0,0,0
