solution,status,score,%test passed,time,memory,subtask_0,subtask_1,subtask_10,subtask_11,subtask_12,subtask_2,subtask_3,subtask_4,subtask_5,subtask_6,subtask_7,subtask_8,subtask_9
bronze_Palindrome_Game_Qwen2.5-Coder-32B-Instruct_0.cpp,TIME_LIMIT_EXCEEDED,139,46.15%,2.270,115.76171875,0,27.777777777777775,0,0,0,27.777777777777775,27.777777777777775,27.777777777777775,27.777777777777775,0,0,0,0
bronze_Palindrome_Game_Qwen2.5-Coder-32B-Instruct_1.cpp,TIME_LIMIT_EXCEEDED,167,53.85%,2.210,115.76953125,0,27.777777777777775,0,0,0,27.777777777777775,27.777777777777775,27.777777777777775,27.777777777777775,27.777777777777775,0,0,0
bronze_Palindrome_Game_Qwen2.5-Coder-32B-Instruct_2.cpp,TIME_LIMIT_EXCEEDED,0,0.00%,2.340,1.55859375,0,0,0,0,0,0,0,0,0,0,0,0,0
bronze_Palindrome_Game_Qwen2.5-Coder-32B-Instruct_3.cpp,TIME_LIMIT_EXCEEDED,167,53.85%,2.260,115.76953125,0,27.777777777777775,0,0,0,27.777777777777775,27.777777777777775,27.777777777777775,27.777777777777775,27.777777777777775,0,0,0
bronze_Palindrome_Game_Qwen2.5-Coder-32B-Instruct_4.cpp,TIME_LIMIT_EXCEEDED,167,53.85%,2.250,115.765625,0,27.777777777777775,0,0,0,27.777777777777775,27.777777777777775,27.777777777777775,27.777777777777775,27.777777777777775,0,0,0
bronze_Palindrome_Game_Qwen2.5-Coder-32B-Instruct_5.cpp,TIME_LIMIT_EXCEEDED,167,53.85%,2.220,115.765625,0,27.777777777777775,0,0,0,27.777777777777775,27.777777777777775,27.777777777777775,27.777777777777775,27.777777777777775,0,0,0
bronze_Palindrome_Game_Qwen2.5-Coder-32B-Instruct_6.cpp,TIME_LIMIT_EXCEEDED,167,53.85%,2.320,115.76953125,0,27.777777777777775,0,0,0,27.777777777777775,27.777777777777775,27.777777777777775,27.777777777777775,27.777777777777775,0,0,0
bronze_Palindrome_Game_Qwen2.5-Coder-32B-Instruct_7.cpp,TIME_LIMIT_EXCEEDED,167,53.85%,2.260,115.765625,0,27.777777777777775,0,0,0,27.777777777777775,27.777777777777775,27.777777777777775,27.777777777777775,27.777777777777775,0,0,0
