solution,status,score,%test passed,time,memory,subtask_0,subtask_1,subtask_10,subtask_11,subtask_12,subtask_2,subtask_3,subtask_4,subtask_5,subtask_6,subtask_7,subtask_8,subtask_9
gold_Bessla_Motors_Qwen2.5-Coder-32B-Instruct_0.cpp,MEMORY_LIMIT_EXCEEDED,83,40.00%,0.290,279.9921875,0,27.777777777777775,0,0,0,27.777777777777775,0,0,27.777777777777775,0,0,0,0
gold_Bessla_Motors_Qwen2.5-Coder-32B-Instruct_1.cpp,TIME_LIMIT_EXCEEDED,111,46.67%,3.370,8.2578125,0,27.777777777777775,0,0,0,27.777777777777775,27.777777777777775,27.777777777777775,0,0,0,0,0
gold_Bessla_Motors_Qwen2.5-Coder-32B-Instruct_2.cpp,TIME_LIMIT_EXCEEDED,111,46.67%,3.360,8.1875,0,27.777777777777775,0,0,0,27.777777777777775,27.777777777777775,27.777777777777775,0,0,0,0,0
gold_Bessla_Motors_Qwen2.5-Coder-32B-Instruct_3.cpp,TIME_LIMIT_EXCEEDED,83,40.00%,3.360,9.33203125,0,27.777777777777775,0,0,0,27.777777777777775,0,0,27.777777777777775,0,0,0,0
gold_Bessla_Motors_Qwen2.5-Coder-32B-Instruct_4.cpp,MEMORY_LIMIT_EXCEEDED,83,40.00%,0.290,279.9921875,0,27.777777777777775,0,0,0,27.777777777777775,0,0,27.777777777777775,0,0,0,0
gold_Bessla_Motors_Qwen2.5-Coder-32B-Instruct_5.cpp,RUNTIME_ERROR,0,20.00%,0.710,12.97265625,0,0,0,0,0,0,0,0,0,0,0,0,0
gold_Bessla_Motors_Qwen2.5-Coder-32B-Instruct_6.cpp,TIME_LIMIT_EXCEEDED,111,46.67%,3.440,240.7734375,0,27.777777777777775,0,0,0,27.777777777777775,27.777777777777775,0,27.777777777777775,0,0,0,0
gold_Bessla_Motors_Qwen2.5-Coder-32B-Instruct_7.cpp,MEMORY_LIMIT_EXCEEDED,83,40.00%,0.290,279.9921875,0,27.777777777777775,0,0,0,27.777777777777775,0,0,27.777777777777775,0,0,0,0
