solution,status,score,%test passed,time,memory,subtask_0,subtask_1,subtask_10,subtask_11,subtask_12,subtask_13,subtask_2,subtask_3,subtask_4,subtask_5,subtask_6,subtask_7,subtask_8,subtask_9
bronze_Candy_Cane_Feast_gpt-oss-20b-medium_0.cpp,ACCEPTED,333,100.00%,0.370,8.51953125,0,25.64102564102564,25.64102564102564,25.64102564102564,25.64102564102564,25.64102564102564,25.64102564102564,25.64102564102564,25.64102564102564,25.64102564102564,25.64102564102564,25.64102564102564,25.64102564102564,25.64102564102564
bronze_Candy_Cane_Feast_gpt-oss-20b-medium_1.cpp,WRONG_ANSWER,0,0.00%,0.110,22.7265625,0,0,0,0,0,0,0,0,0,0,0,0,0,0
bronze_Candy_Cane_Feast_gpt-oss-20b-medium_2.cpp,TIME_LIMIT_EXCEEDED,26,7.14%,2.420,12.37890625,0,0,25.64102564102564,0,0,0,0,0,0,0,0,0,0,0
bronze_Candy_Cane_Feast_gpt-oss-20b-medium_3.cpp,ACCEPTED,333,100.00%,0.050,4.39453125,0,25.64102564102564,25.64102564102564,25.64102564102564,25.64102564102564,25.64102564102564,25.64102564102564,25.64102564102564,25.64102564102564,25.64102564102564,25.64102564102564,25.64102564102564,25.64102564102564,25.64102564102564
bronze_Candy_Cane_Feast_gpt-oss-20b-medium_5.cpp,WRONG_ANSWER,0,0.00%,0.060,9.03125,0,0,0,0,0,0,0,0,0,0,0,0,0,0
bronze_Candy_Cane_Feast_gpt-oss-20b-medium_6.cpp,WRONG_ANSWER,51,14.29%,0.060,18.15234375,0,25.64102564102564,25.64102564102564,0,0,0,0,0,0,0,0,0,0,0
bronze_Candy_Cane_Feast_gpt-oss-20b-medium_7.cpp,TIME_LIMIT_EXCEEDED,26,7.14%,2.420,10.57421875,0,0,25.64102564102564,0,0,0,0,0,0,0,0,0,0,0
