solution,status,score,%test passed,time,memory,subtask_0,subtask_1,subtask_10,subtask_11,subtask_12,subtask_2,subtask_3,subtask_4,subtask_5,subtask_6,subtask_7,subtask_8,subtask_9
silver_Cycle_Correspondence_gpt-oss-20b-medium_1.cpp,WRONG_ANSWER,56,33.33%,0.050,3.87890625,0,27.777777777777775,0,0,0,27.777777777777775,0,0,0,0,0,0,0
silver_Cycle_Correspondence_gpt-oss-20b-medium_3.cpp,WRONG_ANSWER,56,33.33%,0.060,18.82421875,0,27.777777777777775,0,0,0,27.777777777777775,0,0,0,0,0,0,0
silver_Cycle_Correspondence_gpt-oss-20b-medium_4.cpp,WRONG_ANSWER,56,33.33%,0.050,4.91015625,0,27.777777777777775,0,0,0,27.777777777777775,0,0,0,0,0,0,0
silver_Cycle_Correspondence_gpt-oss-20b-medium_5.cpp,WRONG_ANSWER,56,33.33%,0.040,4.13671875,0,27.777777777777775,0,0,0,27.777777777777775,0,0,0,0,0,0,0
silver_Cycle_Correspondence_gpt-oss-20b-medium_6.cpp,ACCEPTED,333,100.00%,0.060,12.3828125,0,27.777777777777775,27.777777777777775,27.777777777777775,27.777777777777775,27.777777777777775,27.777777777777775,27.777777777777775,27.777777777777775,27.777777777777775,27.777777777777775,27.777777777777775,27.777777777777775
silver_Cycle_Correspondence_gpt-oss-20b-medium_7.cpp,ACCEPTED,333,100.00%,0.050,8.0,0,27.777777777777775,27.777777777777775,27.777777777777775,27.777777777777775,27.777777777777775,27.777777777777775,27.777777777777775,27.777777777777775,27.777777777777775,27.777777777777775,27.777777777777775,27.777777777777775
