solution,status,score,%test passed,time,memory,subtask_0,subtask_1,subtask_10,subtask_11,subtask_12,subtask_13,subtask_14,subtask_15,subtask_16,subtask_2,subtask_3,subtask_4,subtask_5,subtask_6,subtask_7,subtask_8,subtask_9
silver_Ski_Slope_DeepSeek-R1-Distill-Qwen-32B_0.cpp,WRONG_ANSWER,62,17.65%,0.410,26.2265625,0,0,0,0,0,0,0,0,0,0,0,20.833333333333332,20.833333333333332,20.833333333333332,0,0,0
silver_Ski_Slope_DeepSeek-R1-Distill-Qwen-32B_1.cpp,TIME_LIMIT_EXCEEDED,62,23.53%,2.270,199.296875,0,20.833333333333332,0,0,0,0,0,0,0,20.833333333333332,20.833333333333332,0,0,0,0,0,0
silver_Ski_Slope_DeepSeek-R1-Distill-Qwen-32B_2.cpp,COMPILATION_ERROR,0,0.00%,0.000,0,0,0,0,0,0,0,0,0,0,0,0,0,0,0,0,0,0
silver_Ski_Slope_DeepSeek-R1-Distill-Qwen-32B_3.cpp,WRONG_ANSWER,0,0.00%,0.400,30.61328125,0,0,0,0,0,0,0,0,0,0,0,0,0,0,0,0,0
silver_Ski_Slope_DeepSeek-R1-Distill-Qwen-32B_4.cpp,ACCEPTED,333,100.00%,0.430,49.7578125,0,20.833333333333332,20.833333333333332,20.833333333333332,20.833333333333332,20.833333333333332,20.833333333333332,20.833333333333332,20.833333333333332,20.833333333333332,20.833333333333332,20.833333333333332,20.833333333333332,20.833333333333332,20.833333333333332,20.833333333333332,20.833333333333332
silver_Ski_Slope_DeepSeek-R1-Distill-Qwen-32B_5.cpp,COMPILATION_ERROR,0,0.00%,0.000,0,0,0,0,0,0,0,0,0,0,0,0,0,0,0,0,0,0
silver_Ski_Slope_DeepSeek-R1-Distill-Qwen-32B_6.cpp,WRONG_ANSWER,0,5.88%,0.390,26.53515625,0,0,0,0,0,0,0,0,0,0,0,0,0,0,0,0,0
silver_Ski_Slope_DeepSeek-R1-Distill-Qwen-32B_7.cpp,ACCEPTED,333,100.00%,0.390,39.921875,0,20.833333333333332,20.833333333333332,20.833333333333332,20.833333333333332,20.833333333333332,20.833333333333332,20.833333333333332,20.833333333333332,20.833333333333332,20.833333333333332,20.833333333333332,20.833333333333332,20.833333333333332,20.833333333333332,20.833333333333332,20.833333333333332
