solution,status,score,%test passed,time,memory,subtask_0,subtask_1,subtask_10,subtask_11,subtask_12,subtask_13,subtask_14,subtask_15,subtask_16,subtask_17,subtask_18,subtask_19,subtask_2,subtask_20,subtask_21,subtask_3,subtask_4,subtask_5,subtask_6,subtask_7,subtask_8,subtask_9
gold_Moo_Decomposition_gpt-oss-20b-medium_0.cpp,RUNTIME_ERROR,0,0.00%,0.060,49.0234375,0,0,0,0,0,0,0,0,0,0,0,0,0,0,0,0,0,0,0,0,0,0
gold_Moo_Decomposition_gpt-oss-20b-medium_2.cpp,ACCEPTED,333,100.00%,0.020,2.11328125,0,15.873015873015872,15.873015873015872,15.873015873015872,15.873015873015872,15.873015873015872,15.873015873015872,15.873015873015872,15.873015873015872,15.873015873015872,15.873015873015872,15.873015873015872,15.873015873015872,15.873015873015872,15.873015873015872,15.873015873015872,15.873015873015872,15.873015873015872,15.873015873015872,15.873015873015872,15.873015873015872,15.873015873015872
gold_Moo_Decomposition_gpt-oss-20b-medium_4.cpp,ACCEPTED,333,100.00%,0.020,2.36328125,0,15.873015873015872,15.873015873015872,15.873015873015872,15.873015873015872,15.873015873015872,15.873015873015872,15.873015873015872,15.873015873015872,15.873015873015872,15.873015873015872,15.873015873015872,15.873015873015872,15.873015873015872,15.873015873015872,15.873015873015872,15.873015873015872,15.873015873015872,15.873015873015872,15.873015873015872,15.873015873015872,15.873015873015872
gold_Moo_Decomposition_gpt-oss-20b-medium_6.cpp,ACCEPTED,333,100.00%,0.020,2.3671875,0,15.873015873015872,15.873015873015872,15.873015873015872,15.873015873015872,15.873015873015872,15.873015873015872,15.873015873015872,15.873015873015872,15.873015873015872,15.873015873015872,15.873015873015872,15.873015873015872,15.873015873015872,15.873015873015872,15.873015873015872,15.873015873015872,15.873015873015872,15.873015873015872,15.873015873015872,15.873015873015872,15.873015873015872
gold_Moo_Decomposition_gpt-oss-20b-medium_7.cpp,RUNTIME_ERROR,95,28.00%,0.230,26.62890625,0,15.873015873015872,0,0,0,0,0,0,0,0,0,0,15.873015873015872,0,0,15.873015873015872,0,0,0,15.873015873015872,15.873015873015872,15.873015873015872
