solution,status,score,%test passed,time,memory,subtask_0,subtask_1,subtask_2,subtask_3,subtask_4,subtask_5,subtask_6,subtask_7
sweets_gpt-5_0.cpp,ACCEPTED,100,100.00%,0.820,105.7421875,0,7,8,17,12,21,24,11
sweets_gpt-5_1.cpp,ACCEPTED,100,100.00%,0.930,90.578125,0,7,8,17,12,21,24,11
sweets_gpt-5_2.cpp,ACCEPTED,100,100.00%,0.950,90.578125,0,7,8,17,12,21,24,11
sweets_gpt-5_3.cpp,ACCEPTED,100,100.00%,0.880,106.41796875,0,7,8,17,12,21,24,11
sweets_gpt-5_4.cpp,ACCEPTED,100,100.00%,1.110,67.93359375,0,7,8,17,12,21,24,11
sweets_gpt-5_5.cpp,ACCEPTED,100,100.00%,0.760,90.5390625,0,7,8,17,12,21,24,11
sweets_gpt-5_6.cpp,ACCEPTED,100,100.00%,0.740,90.59765625,0,7,8,17,12,21,24,11
sweets_gpt-5_7.cpp,ACCEPTED,100,100.00%,0.890,106.32421875,0,7,8,17,12,21,24,11
