solution,status,score,%test passed,time,memory,subtask_0,subtask_1,subtask_10,subtask_2,subtask_3,subtask_4,subtask_5,subtask_6,subtask_7,subtask_8,subtask_9
bronze_Its_Mooin_Time_Qwen3-14B_0.cpp,RUNTIME_ERROR,33,7.69%,0.110,0.00390625,0,0,0,0,0,33.33333333333333,0,0,0,0,0
bronze_Its_Mooin_Time_Qwen3-14B_1.cpp,TIME_LIMIT_EXCEEDED,0,0.00%,2.210,3.87109375,0,0,0,0,0,0,0,0,0,0,0
bronze_Its_Mooin_Time_Qwen3-14B_2.cpp,ACCEPTED,333,100.00%,0.200,0.00390625,0,33.33333333333333,33.33333333333333,33.33333333333333,33.33333333333333,33.33333333333333,33.33333333333333,33.33333333333333,33.33333333333333,33.33333333333333,33.33333333333333
bronze_Its_Mooin_Time_Qwen3-14B_3.cpp,RUNTIME_ERROR,0,0.00%,0.120,0.00390625,0,0,0,0,0,0,0,0,0,0,0
bronze_Its_Mooin_Time_Qwen3-14B_4.cpp,COMPILATION_ERROR,0,0.00%,0.000,0,0,0,0,0,0,0,0,0,0,0,0
bronze_Its_Mooin_Time_Qwen3-14B_5.cpp,RUNTIME_ERROR,0,7.69%,0.140,0.00390625,0,0,0,0,0,0,0,0,0,0,0
bronze_Its_Mooin_Time_Qwen3-14B_6.cpp,RUNTIME_ERROR,0,7.69%,0.150,1.55078125,0,0,0,0,0,0,0,0,0,0,0
bronze_Its_Mooin_Time_Qwen3-14B_7.cpp,ACCEPTED,333,100.00%,0.380,0.00390625,0,33.33333333333333,33.33333333333333,33.33333333333333,33.33333333333333,33.33333333333333,33.33333333333333,33.33333333333333,33.33333333333333,33.33333333333333,33.33333333333333
