solution,status,score,%test passed,time,memory,subtask_0,subtask_1,subtask_10,subtask_11,subtask_12,subtask_13,subtask_14,subtask_2,subtask_3,subtask_4,subtask_5,subtask_6,subtask_7,subtask_8,subtask_9
silver_Following_Directions_QwQ-32B_0.cpp,TIME_LIMIT_EXCEEDED,310,93.33%,8.810,29.67578125,0,23.809523809523807,0,23.809523809523807,23.809523809523807,23.809523809523807,23.809523809523807,23.809523809523807,23.809523809523807,23.809523809523807,23.809523809523807,23.809523809523807,23.809523809523807,23.809523809523807,23.809523809523807
silver_Following_Directions_QwQ-32B_1.cpp,ACCEPTED,333,100.00%,3.790,20.95703125,0,23.809523809523807,23.809523809523807,23.809523809523807,23.809523809523807,23.809523809523807,23.809523809523807,23.809523809523807,23.809523809523807,23.809523809523807,23.809523809523807,23.809523809523807,23.809523809523807,23.809523809523807,23.809523809523807
silver_Following_Directions_QwQ-32B_2.cpp,WRONG_ANSWER,0,0.00%,4.160,28.8828125,0,0,0,0,0,0,0,0,0,0,0,0,0,0,0
silver_Following_Directions_QwQ-32B_3.cpp,TIME_LIMIT_EXCEEDED,24,6.67%,8.810,139.125,0,0,0,0,0,0,0,0,23.809523809523807,0,0,0,0,0,0
silver_Following_Directions_QwQ-32B_4.cpp,WRONG_ANSWER,0,0.00%,0.170,37.38671875,0,0,0,0,0,0,0,0,0,0,0,0,0,0,0
silver_Following_Directions_QwQ-32B_5.cpp,TIME_LIMIT_EXCEEDED,24,6.67%,8.830,147.38671875,0,0,0,0,0,0,0,0,23.809523809523807,0,0,0,0,0,0
silver_Following_Directions_QwQ-32B_6.cpp,TIME_LIMIT_EXCEEDED,24,6.67%,8.810,163.5859375,0,0,0,0,0,0,0,0,23.809523809523807,0,0,0,0,0,0
silver_Following_Directions_QwQ-32B_7.cpp,MEMORY_LIMIT_EXCEEDED,0,0.00%,0.300,147.21484375,0,0,0,0,0,0,0,0,0,0,0,0,0,0,0
