solution,status,score,%test passed,time,memory,subtask_0,subtask_1,subtask_10,subtask_11,subtask_12,subtask_13,subtask_14,subtask_15,subtask_16,subtask_17,subtask_18,subtask_2,subtask_3,subtask_4,subtask_5,subtask_6,subtask_7,subtask_8,subtask_9
silver_Moo_Route_QwQ-32B_0.cpp,RUNTIME_ERROR,56,15.00%,0.120,2.55859375,0,18.51851851851852,0,0,0,0,0,0,0,0,0,0,18.51851851851852,0,0,0,0,0,18.51851851851852
silver_Moo_Route_QwQ-32B_1.cpp,RUNTIME_ERROR,56,15.00%,0.110,2.5625,0,18.51851851851852,0,0,0,0,0,0,0,0,0,0,18.51851851851852,0,0,0,0,0,18.51851851851852
silver_Moo_Route_QwQ-32B_2.cpp,TIME_LIMIT_EXCEEDED,56,15.00%,2.440,2.5625,0,18.51851851851852,0,0,0,0,0,0,0,0,0,0,18.51851851851852,0,0,0,0,0,18.51851851851852
silver_Moo_Route_QwQ-32B_3.cpp,RUNTIME_ERROR,56,15.00%,0.120,2.5625,0,18.51851851851852,0,0,0,0,0,0,0,0,0,0,18.51851851851852,0,0,0,0,0,18.51851851851852
silver_Moo_Route_QwQ-32B_4.cpp,RUNTIME_ERROR,56,15.00%,0.110,3.36328125,0,18.51851851851852,0,0,0,0,0,0,0,0,0,0,18.51851851851852,0,0,0,0,0,18.51851851851852
silver_Moo_Route_QwQ-32B_5.cpp,RUNTIME_ERROR,56,15.00%,0.110,2.55859375,0,18.51851851851852,0,0,0,0,0,0,0,0,0,0,18.51851851851852,0,0,0,0,0,18.51851851851852
silver_Moo_Route_QwQ-32B_6.cpp,RUNTIME_ERROR,56,15.00%,0.120,2.5625,0,18.51851851851852,0,0,0,0,0,0,0,0,0,0,18.51851851851852,0,0,0,0,0,18.51851851851852
silver_Moo_Route_QwQ-32B_7.cpp,RUNTIME_ERROR,56,15.00%,0.110,2.53125,0,18.51851851851852,0,0,0,0,0,0,0,0,0,0,18.51851851851852,0,0,0,0,0,18.51851851851852
