solution,status,score,%test passed,time,memory,subtask_0,subtask_1,subtask_10,subtask_11,subtask_12,subtask_13,subtask_14,subtask_2,subtask_3,subtask_4,subtask_5,subtask_6,subtask_7,subtask_8,subtask_9
platinum_Forklift_Certified_gpt-5_0.cpp,TIME_LIMIT_EXCEEDED,95,37.50%,2.440,98.078125,0,0,0,0,23.809523809523807,23.809523809523807,23.809523809523807,0,0,23.809523809523807,0,0,0,0,0
platinum_Forklift_Certified_gpt-5_1.cpp,TIME_LIMIT_EXCEEDED,95,37.50%,2.480,35.4765625,0,0,0,0,23.809523809523807,23.809523809523807,23.809523809523807,0,0,23.809523809523807,0,0,0,0,0
platinum_Forklift_Certified_gpt-5_2.cpp,TIME_LIMIT_EXCEEDED,95,37.50%,2.420,70.76171875,0,0,0,0,23.809523809523807,23.809523809523807,23.809523809523807,0,0,23.809523809523807,0,0,0,0,0
platinum_Forklift_Certified_gpt-5_3.cpp,TIME_LIMIT_EXCEEDED,95,37.50%,2.480,13.03515625,0,0,0,0,23.809523809523807,23.809523809523807,23.809523809523807,0,0,23.809523809523807,0,0,0,0,0
platinum_Forklift_Certified_gpt-5_4.cpp,TIME_LIMIT_EXCEEDED,95,37.50%,2.450,16.421875,0,0,0,0,23.809523809523807,23.809523809523807,23.809523809523807,0,0,23.809523809523807,0,0,0,0,0
platinum_Forklift_Certified_gpt-5_5.cpp,TIME_LIMIT_EXCEEDED,95,37.50%,2.420,128.9140625,0,0,0,0,23.809523809523807,23.809523809523807,23.809523809523807,0,0,23.809523809523807,0,0,0,0,0
platinum_Forklift_Certified_gpt-5_6.cpp,TIME_LIMIT_EXCEEDED,95,37.50%,2.490,85.73828125,0,0,0,0,23.809523809523807,23.809523809523807,23.809523809523807,0,0,23.809523809523807,0,0,0,0,0
platinum_Forklift_Certified_gpt-5_7.cpp,TIME_LIMIT_EXCEEDED,95,37.50%,2.420,22.74609375,0,0,0,0,23.809523809523807,23.809523809523807,23.809523809523807,0,0,23.809523809523807,0,0,0,0,0
