solution,status,score,%test passed,time,memory,subtask_0,subtask_1,subtask_10,subtask_2,subtask_3,subtask_4,subtask_5,subtask_6,subtask_7,subtask_8,subtask_9
silver_Compatible_Pairs_gpt-5_0.cpp,ACCEPTED,333,100.00%,0.160,17.0859375,0,33.33333333333333,33.33333333333333,33.33333333333333,33.33333333333333,33.33333333333333,33.33333333333333,33.33333333333333,33.33333333333333,33.33333333333333,33.33333333333333
silver_Compatible_Pairs_gpt-5_1.cpp,WRONG_ANSWER,167,58.33%,0.190,25.52734375,0,33.33333333333333,33.33333333333333,33.33333333333333,33.33333333333333,0,0,0,33.33333333333333,0,0
silver_Compatible_Pairs_gpt-5_2.cpp,ACCEPTED,333,100.00%,0.190,23.83203125,0,33.33333333333333,33.33333333333333,33.33333333333333,33.33333333333333,33.33333333333333,33.33333333333333,33.33333333333333,33.33333333333333,33.33333333333333,33.33333333333333
silver_Compatible_Pairs_gpt-5_3.cpp,ACCEPTED,333,100.00%,0.170,22.69140625,0,33.33333333333333,33.33333333333333,33.33333333333333,33.33333333333333,33.33333333333333,33.33333333333333,33.33333333333333,33.33333333333333,33.33333333333333,33.33333333333333
silver_Compatible_Pairs_gpt-5_4.cpp,ACCEPTED,333,100.00%,0.580,55.5390625,0,33.33333333333333,33.33333333333333,33.33333333333333,33.33333333333333,33.33333333333333,33.33333333333333,33.33333333333333,33.33333333333333,33.33333333333333,33.33333333333333
silver_Compatible_Pairs_gpt-5_5.cpp,ACCEPTED,333,100.00%,0.240,27.546875,0,33.33333333333333,33.33333333333333,33.33333333333333,33.33333333333333,33.33333333333333,33.33333333333333,33.33333333333333,33.33333333333333,33.33333333333333,33.33333333333333
silver_Compatible_Pairs_gpt-5_6.cpp,ACCEPTED,333,100.00%,0.200,25.19140625,0,33.33333333333333,33.33333333333333,33.33333333333333,33.33333333333333,33.33333333333333,33.33333333333333,33.33333333333333,33.33333333333333,33.33333333333333,33.33333333333333
silver_Compatible_Pairs_gpt-5_7.cpp,ACCEPTED,333,100.00%,0.190,31.2578125,0,33.33333333333333,33.33333333333333,33.33333333333333,33.33333333333333,33.33333333333333,33.33333333333333,33.33333333333333,33.33333333333333,33.33333333333333,33.33333333333333
