solution,status,score,%test passed,time,memory,subtask_0,subtask_1,subtask_2
sah_Qwen3-32B_0.cpp,ACCEPTED,50,100.00%,0.060,0.00390625,13,19,18
sah_Qwen3-32B_1.cpp,ACCEPTED,50,100.00%,0.070,0.00390625,13,19,18
sah_Qwen3-32B_2.cpp,ACCEPTED,50,100.00%,0.060,0.00390625,13,19,18
sah_Qwen3-32B_3.cpp,ACCEPTED,50,100.00%,0.050,0.00390625,13,19,18
sah_Qwen3-32B_4.cpp,ACCEPTED,50,100.00%,0.050,0.00390625,13,19,18
sah_Qwen3-32B_5.cpp,ACCEPTED,50,100.00%,0.050,0.00390625,13,19,18
sah_Qwen3-32B_6.cpp,ACCEPTED,50,100.00%,0.060,0.00390625,13,19,18
sah_Qwen3-32B_7.cpp,ACCEPTED,50,100.00%,0.050,0.00390625,13,19,18
