solution,status,score,%test passed,time,memory,subtask_0,subtask_1,subtask_10,subtask_11,subtask_12,subtask_13,subtask_14,subtask_15,subtask_16,subtask_17,subtask_2,subtask_3,subtask_4,subtask_5,subtask_6,subtask_7,subtask_8,subtask_9
bronze_FEB_DeepSeek-R1-Distill-Qwen-14B_0.cpp,TIME_LIMIT_EXCEEDED,118,45.00%,2.290,2.21484375,0,19.6078431372549,0,0,19.6078431372549,0,0,0,0,0,19.6078431372549,19.6078431372549,19.6078431372549,19.6078431372549,0,0,0,0
bronze_FEB_DeepSeek-R1-Distill-Qwen-14B_1.cpp,RUNTIME_ERROR,20,5.00%,0.120,1.90625,0,0,0,0,19.6078431372549,0,0,0,0,0,0,0,0,0,0,0,0,0
bronze_FEB_DeepSeek-R1-Distill-Qwen-14B_2.cpp,COMPILATION_ERROR,0,0.00%,0.000,0,0,0,0,0,0,0,0,0,0,0,0,0,0,0,0,0,0,0
bronze_FEB_DeepSeek-R1-Distill-Qwen-14B_3.cpp,WRONG_ANSWER,118,40.00%,0.160,2.03515625,0,19.6078431372549,0,0,19.6078431372549,0,0,19.6078431372549,0,19.6078431372549,19.6078431372549,0,0,19.6078431372549,0,0,0,0
bronze_FEB_DeepSeek-R1-Distill-Qwen-14B_4.cpp,TIME_LIMIT_EXCEEDED,59,25.00%,2.330,2.6015625,0,0,0,0,19.6078431372549,0,0,0,0,0,19.6078431372549,0,19.6078431372549,0,0,0,0,0
bronze_FEB_DeepSeek-R1-Distill-Qwen-14B_5.cpp,TIME_LIMIT_EXCEEDED,118,45.00%,2.310,2.24609375,0,19.6078431372549,0,0,19.6078431372549,0,0,0,0,0,19.6078431372549,19.6078431372549,19.6078431372549,19.6078431372549,0,0,0,0
bronze_FEB_DeepSeek-R1-Distill-Qwen-14B_6.cpp,TIME_LIMIT_EXCEEDED,118,45.00%,2.320,2.21875,0,19.6078431372549,0,0,19.6078431372549,0,0,0,0,0,19.6078431372549,19.6078431372549,19.6078431372549,19.6078431372549,0,0,0,0
bronze_FEB_DeepSeek-R1-Distill-Qwen-14B_7.cpp,COMPILATION_ERROR,0,0.00%,0.000,0,0,0,0,0,0,0,0,0,0,0,0,0,0,0,0,0,0,0
