solution,status,score,%test passed,time,memory,subtask_0,subtask_1,subtask_10,subtask_2,subtask_3,subtask_4,subtask_5,subtask_6,subtask_7,subtask_8,subtask_9
bronze_Its_Mooin_Time_II_gpt-oss-20b-medium_0.cpp,ACCEPTED,333,100.00%,0.090,21.41015625,0,33.33333333333333,33.33333333333333,33.33333333333333,33.33333333333333,33.33333333333333,33.33333333333333,33.33333333333333,33.33333333333333,33.33333333333333,33.33333333333333
bronze_Its_Mooin_Time_II_gpt-oss-20b-medium_1.cpp,ACCEPTED,333,100.00%,0.170,42.546875,0,33.33333333333333,33.33333333333333,33.33333333333333,33.33333333333333,33.33333333333333,33.33333333333333,33.33333333333333,33.33333333333333,33.33333333333333,33.33333333333333
bronze_Its_Mooin_Time_II_gpt-oss-20b-medium_2.cpp,ACCEPTED,333,100.00%,0.090,16.51171875,0,33.33333333333333,33.33333333333333,33.33333333333333,33.33333333333333,33.33333333333333,33.33333333333333,33.33333333333333,33.33333333333333,33.33333333333333,33.33333333333333
bronze_Its_Mooin_Time_II_gpt-oss-20b-medium_3.cpp,ACCEPTED,333,100.00%,0.180,45.38671875,0,33.33333333333333,33.33333333333333,33.33333333333333,33.33333333333333,33.33333333333333,33.33333333333333,33.33333333333333,33.33333333333333,33.33333333333333,33.33333333333333
bronze_Its_Mooin_Time_II_gpt-oss-20b-medium_4.cpp,WRONG_ANSWER,0,9.09%,0.100,13.671875,0,0,0,0,0,0,0,0,0,0,0
bronze_Its_Mooin_Time_II_gpt-oss-20b-medium_5.cpp,WRONG_ANSWER,0,9.09%,0.080,13.671875,0,0,0,0,0,0,0,0,0,0,0
bronze_Its_Mooin_Time_II_gpt-oss-20b-medium_6.cpp,WRONG_ANSWER,0,9.09%,0.090,17.0234375,0,0,0,0,0,0,0,0,0,0,0
bronze_Its_Mooin_Time_II_gpt-oss-20b-medium_7.cpp,WRONG_ANSWER,0,9.09%,0.090,13.67578125,0,0,0,0,0,0,0,0,0,0,0
