solution,status,score,%test passed,time,memory,subtask_0,subtask_1,subtask_10,subtask_2,subtask_3,subtask_4,subtask_5,subtask_6,subtask_7,subtask_8,subtask_9
bronze_Astral_Superposition_gpt-oss-20b-medium_0.cpp,WRONG_ANSWER,33,16.67%,0.030,3.359375,0,33.33333333333333,0,0,0,0,0,0,0,0,0
bronze_Astral_Superposition_gpt-oss-20b-medium_1.cpp,ACCEPTED,333,100.00%,0.210,3.359375,0,33.33333333333333,33.33333333333333,33.33333333333333,33.33333333333333,33.33333333333333,33.33333333333333,33.33333333333333,33.33333333333333,33.33333333333333,33.33333333333333
bronze_Astral_Superposition_gpt-oss-20b-medium_2.cpp,ACCEPTED,333,100.00%,0.210,3.4921875,0,33.33333333333333,33.33333333333333,33.33333333333333,33.33333333333333,33.33333333333333,33.33333333333333,33.33333333333333,33.33333333333333,33.33333333333333,33.33333333333333
bronze_Astral_Superposition_gpt-oss-20b-medium_3.cpp,WRONG_ANSWER,33,16.67%,0.030,3.34765625,0,33.33333333333333,0,0,0,0,0,0,0,0,0
bronze_Astral_Superposition_gpt-oss-20b-medium_4.cpp,ACCEPTED,333,100.00%,0.160,2.5859375,0,33.33333333333333,33.33333333333333,33.33333333333333,33.33333333333333,33.33333333333333,33.33333333333333,33.33333333333333,33.33333333333333,33.33333333333333,33.33333333333333
bronze_Astral_Superposition_gpt-oss-20b-medium_5.cpp,ACCEPTED,333,100.00%,0.250,10.203125,0,33.33333333333333,33.33333333333333,33.33333333333333,33.33333333333333,33.33333333333333,33.33333333333333,33.33333333333333,33.33333333333333,33.33333333333333,33.33333333333333
bronze_Astral_Superposition_gpt-oss-20b-medium_6.cpp,WRONG_ANSWER,33,16.67%,0.070,12.9765625,0,33.33333333333333,0,0,0,0,0,0,0,0,0
bronze_Astral_Superposition_gpt-oss-20b-medium_7.cpp,ACCEPTED,333,100.00%,0.540,68.68359375,0,33.33333333333333,33.33333333333333,33.33333333333333,33.33333333333333,33.33333333333333,33.33333333333333,33.33333333333333,33.33333333333333,33.33333333333333,33.33333333333333
