solution,status,score,%test passed,time,memory,subtask_0,subtask_1,subtask_10,subtask_11,subtask_12,subtask_13,subtask_14,subtask_15,subtask_2,subtask_3,subtask_4,subtask_5,subtask_6,subtask_7,subtask_8,subtask_9
gold_Median_Heap_gpt-oss-20b-medium_1.cpp,TIME_LIMIT_EXCEEDED,0,0.00%,4.820,29.6484375,0,0,0,0,0,0,0,0,0,0,0,0,0,0,0,0
gold_Median_Heap_gpt-oss-20b-medium_3.cpp,WRONG_ANSWER,0,0.00%,0.220,32.7421875,0,0,0,0,0,0,0,0,0,0,0,0,0,0,0,0
gold_Median_Heap_gpt-oss-20b-medium_4.cpp,WRONG_ANSWER,0,0.00%,0.060,4.3359375,0,0,0,0,0,0,0,0,0,0,0,0,0,0,0,0
gold_Median_Heap_gpt-oss-20b-medium_5.cpp,ACCEPTED,333,100.00%,0.460,21.6640625,0,22.22222222222222,22.22222222222222,22.22222222222222,22.22222222222222,22.22222222222222,22.22222222222222,22.22222222222222,22.22222222222222,22.22222222222222,22.22222222222222,22.22222222222222,22.22222222222222,22.22222222222222,22.22222222222222,22.22222222222222
gold_Median_Heap_gpt-oss-20b-medium_6.cpp,WRONG_ANSWER,0,0.00%,0.120,14.18359375,0,0,0,0,0,0,0,0,0,0,0,0,0,0,0,0
