solution,status,score,%test passed,time,memory,subtask_0,subtask_1,subtask_10,subtask_2,subtask_3,subtask_4,subtask_5,subtask_6,subtask_7,subtask_8,subtask_9
bronze_Hungry_Cow_gemini-2.5-pro_0.cpp,ACCEPTED,333,100.00%,0.050,2.84765625,0,33.33333333333333,33.33333333333333,33.33333333333333,33.33333333333333,33.33333333333333,33.33333333333333,33.33333333333333,33.33333333333333,33.33333333333333,33.33333333333333
bronze_Hungry_Cow_gemini-2.5-pro_1.cpp,ACCEPTED,333,100.00%,0.120,0.00390625,0,33.33333333333333,33.33333333333333,33.33333333333333,33.33333333333333,33.33333333333333,33.33333333333333,33.33333333333333,33.33333333333333,33.33333333333333,33.33333333333333
bronze_Hungry_Cow_gemini-2.5-pro_2.cpp,ACCEPTED,333,100.00%,0.130,2.7890625,0,33.33333333333333,33.33333333333333,33.33333333333333,33.33333333333333,33.33333333333333,33.33333333333333,33.33333333333333,33.33333333333333,33.33333333333333,33.33333333333333
bronze_Hungry_Cow_gemini-2.5-pro_3.cpp,ACCEPTED,333,100.00%,0.120,0.00390625,0,33.33333333333333,33.33333333333333,33.33333333333333,33.33333333333333,33.33333333333333,33.33333333333333,33.33333333333333,33.33333333333333,33.33333333333333,33.33333333333333
bronze_Hungry_Cow_gemini-2.5-pro_4.cpp,ACCEPTED,333,100.00%,0.130,0.00390625,0,33.33333333333333,33.33333333333333,33.33333333333333,33.33333333333333,33.33333333333333,33.33333333333333,33.33333333333333,33.33333333333333,33.33333333333333,33.33333333333333
bronze_Hungry_Cow_gemini-2.5-pro_5.cpp,ACCEPTED,333,100.00%,0.140,0.00390625,0,33.33333333333333,33.33333333333333,33.33333333333333,33.33333333333333,33.33333333333333,33.33333333333333,33.33333333333333,33.33333333333333,33.33333333333333,33.33333333333333
bronze_Hungry_Cow_gemini-2.5-pro_6.cpp,ACCEPTED,333,100.00%,0.130,0.00390625,0,33.33333333333333,33.33333333333333,33.33333333333333,33.33333333333333,33.33333333333333,33.33333333333333,33.33333333333333,33.33333333333333,33.33333333333333,33.33333333333333
bronze_Hungry_Cow_gemini-2.5-pro_7.cpp,ACCEPTED,333,100.00%,0.130,0.00390625,0,33.33333333333333,33.33333333333333,33.33333333333333,33.33333333333333,33.33333333333333,33.33333333333333,33.33333333333333,33.33333333333333,33.33333333333333,33.33333333333333
