solution,status,score,%test passed,time,memory,subtask_0,subtask_1,subtask_10,subtask_11,subtask_2,subtask_3,subtask_4,subtask_5,subtask_6,subtask_7,subtask_8,subtask_9
bronze_Farmer_John_Actually_Farms_QwQ-32B_0.cpp,WRONG_ANSWER,303,92.31%,0.170,8.48828125,0,0,30.3030303030303,30.3030303030303,30.3030303030303,30.3030303030303,30.3030303030303,30.3030303030303,30.3030303030303,30.3030303030303,30.3030303030303,30.3030303030303
bronze_Farmer_John_Actually_Farms_QwQ-32B_1.cpp,ACCEPTED,333,100.00%,0.160,12.109375,0,30.3030303030303,30.3030303030303,30.3030303030303,30.3030303030303,30.3030303030303,30.3030303030303,30.3030303030303,30.3030303030303,30.3030303030303,30.3030303030303,30.3030303030303
bronze_Farmer_John_Actually_Farms_QwQ-32B_2.cpp,WRONG_ANSWER,303,92.31%,0.150,5.4765625,0,30.3030303030303,30.3030303030303,30.3030303030303,30.3030303030303,0,30.3030303030303,30.3030303030303,30.3030303030303,30.3030303030303,30.3030303030303,30.3030303030303
bronze_Farmer_John_Actually_Farms_QwQ-32B_3.cpp,WRONG_ANSWER,303,92.31%,0.160,11.07421875,0,30.3030303030303,30.3030303030303,30.3030303030303,30.3030303030303,0,30.3030303030303,30.3030303030303,30.3030303030303,30.3030303030303,30.3030303030303,30.3030303030303
bronze_Farmer_John_Actually_Farms_QwQ-32B_4.cpp,WRONG_ANSWER,303,92.31%,0.150,5.4765625,0,30.3030303030303,30.3030303030303,30.3030303030303,30.3030303030303,0,30.3030303030303,30.3030303030303,30.3030303030303,30.3030303030303,30.3030303030303,30.3030303030303
bronze_Farmer_John_Actually_Farms_QwQ-32B_5.cpp,ACCEPTED,333,100.00%,0.160,5.5234375,0,30.3030303030303,30.3030303030303,30.3030303030303,30.3030303030303,30.3030303030303,30.3030303030303,30.3030303030303,30.3030303030303,30.3030303030303,30.3030303030303,30.3030303030303
bronze_Farmer_John_Actually_Farms_QwQ-32B_6.cpp,ACCEPTED,333,100.00%,0.150,6.2734375,0,30.3030303030303,30.3030303030303,30.3030303030303,30.3030303030303,30.3030303030303,30.3030303030303,30.3030303030303,30.3030303030303,30.3030303030303,30.3030303030303,30.3030303030303
bronze_Farmer_John_Actually_Farms_QwQ-32B_7.cpp,RUNTIME_ERROR,0,0.00%,0.160,7.8671875,0,0,0,0,0,0,0,0,0,0,0,0
