solution,status,score,%test passed,time,memory,subtask_0,subtask_1,subtask_10,subtask_11,subtask_12,subtask_2,subtask_3,subtask_4,subtask_5,subtask_6,subtask_7,subtask_8,subtask_9
bronze_Palindrome_Game_deepseek-chat_0.cpp,WRONG_ANSWER,0,0.00%,0.050,1.58984375,0,0,0,0,0,0,0,0,0,0,0,0,0
bronze_Palindrome_Game_deepseek-chat_1.cpp,WRONG_ANSWER,0,7.69%,0.060,1.59375,0,0,0,0,0,0,0,0,0,0,0,0,0
bronze_Palindrome_Game_deepseek-chat_2.cpp,ACCEPTED,333,100.00%,0.060,1.59375,0,27.777777777777775,27.777777777777775,27.777777777777775,27.777777777777775,27.777777777777775,27.777777777777775,27.777777777777775,27.777777777777775,27.777777777777775,27.777777777777775,27.777777777777775,27.777777777777775
bronze_Palindrome_Game_deepseek-chat_3.cpp,ACCEPTED,333,100.00%,0.060,1.59375,0,27.777777777777775,27.777777777777775,27.777777777777775,27.777777777777775,27.777777777777775,27.777777777777775,27.777777777777775,27.777777777777775,27.777777777777775,27.777777777777775,27.777777777777775,27.777777777777775
bronze_Palindrome_Game_deepseek-chat_4.cpp,WRONG_ANSWER,0,0.00%,0.060,1.59375,0,0,0,0,0,0,0,0,0,0,0,0,0
bronze_Palindrome_Game_deepseek-chat_5.cpp,WRONG_ANSWER,0,7.69%,0.060,1.59375,0,0,0,0,0,0,0,0,0,0,0,0,0
bronze_Palindrome_Game_deepseek-chat_6.cpp,WRONG_ANSWER,0,7.69%,0.060,1.58984375,0,0,0,0,0,0,0,0,0,0,0,0,0
bronze_Palindrome_Game_deepseek-chat_7.cpp,WRONG_ANSWER,0,0.00%,0.060,1.58984375,0,0,0,0,0,0,0,0,0,0,0,0,0
