solution,status,score,%test passed,time,memory,subtask_0,subtask_1,subtask_10,subtask_11,subtask_2,subtask_3,subtask_4,subtask_5,subtask_6,subtask_7,subtask_8,subtask_9
bronze_Farmer_John_Actually_Farms_gpt-5_0.cpp,ACCEPTED,333,100.00%,0.050,4.95703125,0,30.3030303030303,30.3030303030303,30.3030303030303,30.3030303030303,30.3030303030303,30.3030303030303,30.3030303030303,30.3030303030303,30.3030303030303,30.3030303030303,30.3030303030303
bronze_Farmer_John_Actually_Farms_gpt-5_1.cpp,ACCEPTED,333,100.00%,0.140,4.9609375,0,30.3030303030303,30.3030303030303,30.3030303030303,30.3030303030303,30.3030303030303,30.3030303030303,30.3030303030303,30.3030303030303,30.3030303030303,30.3030303030303,30.3030303030303
bronze_Farmer_John_Actually_Farms_gpt-5_2.cpp,ACCEPTED,333,100.00%,0.130,4.95703125,0,30.3030303030303,30.3030303030303,30.3030303030303,30.3030303030303,30.3030303030303,30.3030303030303,30.3030303030303,30.3030303030303,30.3030303030303,30.3030303030303,30.3030303030303
bronze_Farmer_John_Actually_Farms_gpt-5_3.cpp,ACCEPTED,333,100.00%,0.130,4.4453125,0,30.3030303030303,30.3030303030303,30.3030303030303,30.3030303030303,30.3030303030303,30.3030303030303,30.3030303030303,30.3030303030303,30.3030303030303,30.3030303030303,30.3030303030303
bronze_Farmer_John_Actually_Farms_gpt-5_4.cpp,ACCEPTED,333,100.00%,0.150,5.46875,0,30.3030303030303,30.3030303030303,30.3030303030303,30.3030303030303,30.3030303030303,30.3030303030303,30.3030303030303,30.3030303030303,30.3030303030303,30.3030303030303,30.3030303030303
bronze_Farmer_John_Actually_Farms_gpt-5_5.cpp,ACCEPTED,333,100.00%,0.130,4.95703125,0,30.3030303030303,30.3030303030303,30.3030303030303,30.3030303030303,30.3030303030303,30.3030303030303,30.3030303030303,30.3030303030303,30.3030303030303,30.3030303030303,30.3030303030303
bronze_Farmer_John_Actually_Farms_gpt-5_6.cpp,ACCEPTED,333,100.00%,0.130,4.44140625,0,30.3030303030303,30.3030303030303,30.3030303030303,30.3030303030303,30.3030303030303,30.3030303030303,30.3030303030303,30.3030303030303,30.3030303030303,30.3030303030303,30.3030303030303
bronze_Farmer_John_Actually_Farms_gpt-5_7.cpp,ACCEPTED,333,100.00%,0.130,4.95703125,0,30.3030303030303,30.3030303030303,30.3030303030303,30.3030303030303,30.3030303030303,30.3030303030303,30.3030303030303,30.3030303030303,30.3030303030303,30.3030303030303,30.3030303030303
