solution,status,score,%test passed,time,memory,subtask_0,subtask_1,subtask_10,subtask_11,subtask_12,subtask_13,subtask_14,subtask_15,subtask_2,subtask_3,subtask_4,subtask_5,subtask_6,subtask_7,subtask_8,subtask_9
gold_Job_Completion_seed-oss_0.cpp,UNKNOWN,0,0.00%,0.000,0,0,0,0,0,0,0,0,0,0,0,0,0,0,0,0,0
gold_Job_Completion_seed-oss_1.cpp,COMPILATION_ERROR,0,0.00%,0.000,0,0,0,0,0,0,0,0,0,0,0,0,0,0,0,0,0
gold_Job_Completion_seed-oss_2.cpp,WRONG_ANSWER,22,12.50%,0.140,4.58203125,0,22.22222222222222,0,0,0,0,0,0,0,0,0,0,0,0,0,0
gold_Job_Completion_seed-oss_3.cpp,WRONG_ANSWER,22,12.50%,0.140,4.5859375,0,22.22222222222222,0,0,0,0,0,0,0,0,0,0,0,0,0,0
gold_Job_Completion_seed-oss_4.cpp,ACCEPTED,333,100.00%,0.150,4.7421875,0,22.22222222222222,22.22222222222222,22.22222222222222,22.22222222222222,22.22222222222222,22.22222222222222,22.22222222222222,22.22222222222222,22.22222222222222,22.22222222222222,22.22222222222222,22.22222222222222,22.22222222222222,22.22222222222222,22.22222222222222
gold_Job_Completion_seed-oss_5.cpp,COMPILATION_ERROR,0,0.00%,0.000,0,0,0,0,0,0,0,0,0,0,0,0,0,0,0,0,0
gold_Job_Completion_seed-oss_6.cpp,COMPILATION_ERROR,0,0.00%,0.000,0,0,0,0,0,0,0,0,0,0,0,0,0,0,0,0,0
gold_Job_Completion_seed-oss_7.cpp,ACCEPTED,333,100.00%,0.150,4.91796875,0,22.22222222222222,22.22222222222222,22.22222222222222,22.22222222222222,22.22222222222222,22.22222222222222,22.22222222222222,22.22222222222222,22.22222222222222,22.22222222222222,22.22222222222222,22.22222222222222,22.22222222222222,22.22222222222222,22.22222222222222
