solution,status,score,%test passed,time,memory,subtask_0,subtask_1,subtask_2,subtask_3,subtask_4,subtask_5,subtask_6,subtask_7,subtask_8,subtask_9
ones_DeepSeek-R1-Distill-Llama-70B_0.cpp,WRONG_ANSWER,25,0.00%,0.240,1.95703125,4.70929,4.06906,3.35974,2.8991499999999997,2.49801,2.0357600000000002,1.72931,1.45111,1.1148099999999999,0.87959
ones_DeepSeek-R1-Distill-Llama-70B_1.cpp,WRONG_ANSWER,25,0.00%,0.220,1.953125,4.70929,4.06906,3.35974,2.8991499999999997,2.49801,2.0357600000000002,1.72931,1.45111,1.1148099999999999,0.87959
ones_DeepSeek-R1-Distill-Llama-70B_2.cpp,WRONG_ANSWER,25,0.00%,0.190,1.953125,4.72823,4.07686,3.3626899999999997,2.89704,2.49904,2.03989,1.73442,1.4582600000000001,1.1255,0.8935700000000001
ones_DeepSeek-R1-Distill-Llama-70B_3.cpp,WRONG_ANSWER,0,0.00%,0.130,1.80859375,0.0,0.0,0.0,0.0,0.0,0.0,0.0,0.0,0.0,0.0
ones_DeepSeek-R1-Distill-Llama-70B_4.cpp,WRONG_ANSWER,0,0.00%,0.120,1.80859375,0.0,0.0,0.0,0.0,0.0,0.0,0.0,0.0,0.0,0.0
ones_DeepSeek-R1-Distill-Llama-70B_5.cpp,WRONG_ANSWER,22,0.00%,0.220,1.953125,3.58236,3.50354,3.0924400000000003,2.72919,2.3785,1.9597600000000002,1.67999,1.42822,1.13755,0.95244
ones_DeepSeek-R1-Distill-Llama-70B_6.cpp,WRONG_ANSWER,25,0.00%,0.230,1.95703125,4.70929,4.06906,3.35974,2.8991499999999997,2.49801,2.0357600000000002,1.72931,1.45111,1.1148099999999999,0.87959
ones_DeepSeek-R1-Distill-Llama-70B_7.cpp,WRONG_ANSWER,25,0.00%,0.220,1.95703125,4.70929,4.06906,3.35974,2.8991499999999997,2.49801,2.0357600000000002,1.72931,1.45111,1.1148099999999999,0.87959
