solution,status,score,relative_score,%test passed,time,memory,subtask_0,subtask_1,subtask_10,subtask_2,subtask_3,subtask_4,subtask_5,subtask_6,subtask_7,subtask_8,subtask_9
bronze_Its_Mooin_Time_III_gpt-oss-120b-medium_0.cpp,ACCEPTED,333,100.91%,100.00%,0.170,11.9140625,0,33.33333333333333,33.33333333333333,33.33333333333333,33.33333333333333,33.33333333333333,33.33333333333333,33.33333333333333,33.33333333333333,33.33333333333333,33.33333333333333
bronze_Its_Mooin_Time_III_gpt-oss-120b-medium_1.cpp,ACCEPTED,333,100.91%,100.00%,0.120,22.06640625,0,33.33333333333333,33.33333333333333,33.33333333333333,33.33333333333333,33.33333333333333,33.33333333333333,33.33333333333333,33.33333333333333,33.33333333333333,33.33333333333333
bronze_Its_Mooin_Time_III_gpt-oss-120b-medium_2.cpp,ACCEPTED,333,100.91%,100.00%,0.160,21.8046875,0,33.33333333333333,33.33333333333333,33.33333333333333,33.33333333333333,33.33333333333333,33.33333333333333,33.33333333333333,33.33333333333333,33.33333333333333,33.33333333333333
bronze_Its_Mooin_Time_III_gpt-oss-120b-medium_3.cpp,ACCEPTED,333,100.91%,100.00%,0.150,11.7578125,0,33.33333333333333,33.33333333333333,33.33333333333333,33.33333333333333,33.33333333333333,33.33333333333333,33.33333333333333,33.33333333333333,33.33333333333333,33.33333333333333
bronze_Its_Mooin_Time_III_gpt-oss-120b-medium_4.cpp,ACCEPTED,333,100.91%,100.00%,0.120,2.375,0,33.33333333333333,33.33333333333333,33.33333333333333,33.33333333333333,33.33333333333333,33.33333333333333,33.33333333333333,33.33333333333333,33.33333333333333,33.33333333333333
bronze_Its_Mooin_Time_III_gpt-oss-120b-medium_5.cpp,WRONG_ANSWER,0,0.00%,0.00%,0.310,3.55859375,0,0,0,0,0,0,0,0,0,0,0
bronze_Its_Mooin_Time_III_gpt-oss-120b-medium_6.cpp,ACCEPTED,333,100.91%,100.00%,0.140,11.921875,0,33.33333333333333,33.33333333333333,33.33333333333333,33.33333333333333,33.33333333333333,33.33333333333333,33.33333333333333,33.33333333333333,33.33333333333333,33.33333333333333
bronze_Its_Mooin_Time_III_gpt-oss-120b-medium_7.cpp,ACCEPTED,333,100.91%,100.00%,0.150,11.921875,0,33.33333333333333,33.33333333333333,33.33333333333333,33.33333333333333,33.33333333333333,33.33333333333333,33.33333333333333,33.33333333333333,33.33333333333333,33.33333333333333
