solution,status,score,relative_score,%test passed,time,memory,subtask_0,subtask_1,subtask_10,subtask_2,subtask_3,subtask_4,subtask_5,subtask_6,subtask_7,subtask_8,subtask_9
silver_Compatible_Pairs_gpt-oss-120b-medium_0.cpp,RUNTIME_ERROR,0,0.00%,0.00%,1.540,121.19921875,0,0,0,0,0,0,0,0,0,0,0
silver_Compatible_Pairs_gpt-oss-120b-medium_1.cpp,ACCEPTED,333,100.91%,100.00%,0.130,25.74609375,0,33.33333333333333,33.33333333333333,33.33333333333333,33.33333333333333,33.33333333333333,33.33333333333333,33.33333333333333,33.33333333333333,33.33333333333333,33.33333333333333
silver_Compatible_Pairs_gpt-oss-120b-medium_2.cpp,ACCEPTED,333,100.91%,100.00%,0.650,66.1484375,0,33.33333333333333,33.33333333333333,33.33333333333333,33.33333333333333,33.33333333333333,33.33333333333333,33.33333333333333,33.33333333333333,33.33333333333333,33.33333333333333
silver_Compatible_Pairs_gpt-oss-120b-medium_3.cpp,RUNTIME_ERROR,0,0.00%,0.00%,0.470,54.90234375,0,0,0,0,0,0,0,0,0,0,0
silver_Compatible_Pairs_gpt-oss-120b-medium_4.cpp,RUNTIME_ERROR,0,0.00%,0.00%,0.240,36.61328125,0,0,0,0,0,0,0,0,0,0,0
silver_Compatible_Pairs_gpt-oss-120b-medium_5.cpp,RUNTIME_ERROR,0,0.00%,0.00%,1.040,65.83984375,0,0,0,0,0,0,0,0,0,0,0
silver_Compatible_Pairs_gpt-oss-120b-medium_6.cpp,WRONG_ANSWER,100,30.30%,41.67%,0.650,73.41015625,0,33.33333333333333,33.33333333333333,33.33333333333333,0,0,0,0,0,0,0
silver_Compatible_Pairs_gpt-oss-120b-medium_7.cpp,ACCEPTED,333,100.91%,100.00%,0.140,25.2734375,0,33.33333333333333,33.33333333333333,33.33333333333333,33.33333333333333,33.33333333333333,33.33333333333333,33.33333333333333,33.33333333333333,33.33333333333333,33.33333333333333
