solution,status,score,%test passed,time,memory,subtask_0,subtask_1,subtask_10,subtask_2,subtask_3,subtask_4,subtask_5,subtask_6,subtask_7,subtask_8,subtask_9
bronze_Its_Mooin_Time_III_Qwen3-8B_0.cpp,TIME_LIMIT_EXCEEDED,167,54.55%,2.410,2.06640625,0,33.33333333333333,0,33.33333333333333,33.33333333333333,33.33333333333333,33.33333333333333,0,0,0,0
bronze_Its_Mooin_Time_III_Qwen3-8B_1.cpp,TIME_LIMIT_EXCEEDED,133,45.45%,2.420,2.0703125,0,33.33333333333333,0,33.33333333333333,33.33333333333333,33.33333333333333,0,0,0,0,0
bronze_Its_Mooin_Time_III_Qwen3-8B_2.cpp,TIME_LIMIT_EXCEEDED,167,54.55%,2.410,1.5546875,0,33.33333333333333,0,33.33333333333333,33.33333333333333,33.33333333333333,33.33333333333333,0,0,0,0
bronze_Its_Mooin_Time_III_Qwen3-8B_3.cpp,TIME_LIMIT_EXCEEDED,167,54.55%,2.440,1.703125,0,33.33333333333333,0,33.33333333333333,33.33333333333333,33.33333333333333,33.33333333333333,0,0,0,0
bronze_Its_Mooin_Time_III_Qwen3-8B_4.cpp,TIME_LIMIT_EXCEEDED,167,54.55%,2.410,2.0703125,0,33.33333333333333,0,33.33333333333333,33.33333333333333,33.33333333333333,33.33333333333333,0,0,0,0
bronze_Its_Mooin_Time_III_Qwen3-8B_5.cpp,TIME_LIMIT_EXCEEDED,133,45.45%,2.410,2.0703125,0,33.33333333333333,0,33.33333333333333,33.33333333333333,33.33333333333333,0,0,0,0,0
bronze_Its_Mooin_Time_III_Qwen3-8B_6.cpp,TIME_LIMIT_EXCEEDED,133,36.36%,2.410,21.8671875,0,33.33333333333333,0,0,33.33333333333333,33.33333333333333,33.33333333333333,0,0,0,0
bronze_Its_Mooin_Time_III_Qwen3-8B_7.cpp,WRONG_ANSWER,33,9.09%,0.060,7.328125,0,0,0,0,0,0,33.33333333333333,0,0,0,0
