solution,status,score,%test passed,time,memory,subtask_0,subtask_1,subtask_10,subtask_11,subtask_12,subtask_13,subtask_14,subtask_15,subtask_16,subtask_17,subtask_18,subtask_19,subtask_2,subtask_3,subtask_4,subtask_5,subtask_6,subtask_7,subtask_8,subtask_9
gold_Bessies_Function_gpt-oss-120b-low_0.cpp,ACCEPTED,333,100.00%,0.150,42.015625,0,17.543859649122805,17.543859649122805,17.543859649122805,17.543859649122805,17.543859649122805,17.543859649122805,17.543859649122805,17.543859649122805,17.543859649122805,17.543859649122805,17.543859649122805,17.543859649122805,17.543859649122805,17.543859649122805,17.543859649122805,17.543859649122805,17.543859649122805,17.543859649122805,17.543859649122805
gold_Bessies_Function_gpt-oss-120b-low_1.cpp,RUNTIME_ERROR,0,0.00%,0.130,38.6796875,0,0,0,0,0,0,0,0,0,0,0,0,0,0,0,0,0,0,0,0
gold_Bessies_Function_gpt-oss-120b-low_2.cpp,TIME_LIMIT_EXCEEDED,0,0.00%,2.420,20.0546875,0,0,0,0,0,0,0,0,0,0,0,0,0,0,0,0,0,0,0,0
gold_Bessies_Function_gpt-oss-120b-low_3.cpp,RUNTIME_ERROR,0,0.00%,0.140,42.44140625,0,0,0,0,0,0,0,0,0,0,0,0,0,0,0,0,0,0,0,0
gold_Bessies_Function_gpt-oss-120b-low_4.cpp,RUNTIME_ERROR,0,0.00%,0.070,5.16796875,0,0,0,0,0,0,0,0,0,0,0,0,0,0,0,0,0,0,0,0
gold_Bessies_Function_gpt-oss-120b-low_5.cpp,ACCEPTED,333,100.00%,0.120,24.48046875,0,17.543859649122805,17.543859649122805,17.543859649122805,17.543859649122805,17.543859649122805,17.543859649122805,17.543859649122805,17.543859649122805,17.543859649122805,17.543859649122805,17.543859649122805,17.543859649122805,17.543859649122805,17.543859649122805,17.543859649122805,17.543859649122805,17.543859649122805,17.543859649122805,17.543859649122805
gold_Bessies_Function_gpt-oss-120b-low_6.cpp,RUNTIME_ERROR,70,19.05%,0.080,5.1640625,0,0,0,0,0,0,0,0,17.543859649122805,0,0,17.543859649122805,0,0,17.543859649122805,0,0,17.543859649122805,0,0
gold_Bessies_Function_gpt-oss-120b-low_7.cpp,MEMORY_LIMIT_EXCEEDED,18,4.76%,1.560,167.13671875,0,17.543859649122805,0,0,0,0,0,0,0,0,0,0,0,0,0,0,0,0,0,0
