solution,status,score,%test passed,time,memory,subtask_0,subtask_1,subtask_10,subtask_11,subtask_12,subtask_13,subtask_14,subtask_2,subtask_3,subtask_4,subtask_5,subtask_6,subtask_7,subtask_8,subtask_9
silver_Following_Directions_gemini-2.5-flash_0.cpp,TIME_LIMIT_EXCEEDED,143,46.67%,8.830,55.43359375,0,23.809523809523807,0,0,0,0,0,23.809523809523807,23.809523809523807,23.809523809523807,23.809523809523807,23.809523809523807,0,0,0
silver_Following_Directions_gemini-2.5-flash_1.cpp,TIME_LIMIT_EXCEEDED,143,46.67%,8.820,46.77734375,0,23.809523809523807,0,0,0,0,0,23.809523809523807,23.809523809523807,23.809523809523807,23.809523809523807,23.809523809523807,0,0,0
silver_Following_Directions_gemini-2.5-flash_2.cpp,WRONG_ANSWER,0,0.00%,6.820,56.05859375,0,0,0,0,0,0,0,0,0,0,0,0,0,0,0
silver_Following_Directions_gemini-2.5-flash_3.cpp,WRONG_ANSWER,24,13.33%,8.310,55.4296875,0,0,0,0,0,0,0,0,23.809523809523807,0,0,0,0,0,0
silver_Following_Directions_gemini-2.5-flash_4.cpp,WRONG_ANSWER,24,6.67%,3.670,21.00390625,0,0,0,0,0,0,0,0,23.809523809523807,0,0,0,0,0,0
silver_Following_Directions_gemini-2.5-flash_5.cpp,WRONG_ANSWER,24,6.67%,7.350,55.640625,0,0,0,0,0,0,0,0,23.809523809523807,0,0,0,0,0,0
silver_Following_Directions_gemini-2.5-flash_6.cpp,WRONG_ANSWER,24,6.67%,0.060,38.265625,0,0,0,0,0,0,0,0,23.809523809523807,0,0,0,0,0,0
silver_Following_Directions_gemini-2.5-flash_7.cpp,ACCEPTED,333,100.00%,7.390,29.65625,0,23.809523809523807,23.809523809523807,23.809523809523807,23.809523809523807,23.809523809523807,23.809523809523807,23.809523809523807,23.809523809523807,23.809523809523807,23.809523809523807,23.809523809523807,23.809523809523807,23.809523809523807,23.809523809523807
