solution,status,score,%test passed,time,memory,subtask_0,subtask_1,subtask_10,subtask_11,subtask_12,subtask_2,subtask_3,subtask_4,subtask_5,subtask_6,subtask_7,subtask_8,subtask_9
bronze_Palindrome_Game_Qwen3-4B_0.cpp,ACCEPTED,333,100.00%,0.030,1.58984375,0,27.777777777777775,27.777777777777775,27.777777777777775,27.777777777777775,27.777777777777775,27.777777777777775,27.777777777777775,27.777777777777775,27.777777777777775,27.777777777777775,27.777777777777775,27.777777777777775
bronze_Palindrome_Game_Qwen3-4B_1.cpp,ACCEPTED,333,100.00%,0.030,1.59375,0,27.777777777777775,27.777777777777775,27.777777777777775,27.777777777777775,27.777777777777775,27.777777777777775,27.777777777777775,27.777777777777775,27.777777777777775,27.777777777777775,27.777777777777775,27.777777777777775
bronze_Palindrome_Game_Qwen3-4B_2.cpp,WRONG_ANSWER,0,0.00%,0.030,1.59375,0,0,0,0,0,0,0,0,0,0,0,0,0
bronze_Palindrome_Game_Qwen3-4B_3.cpp,WRONG_ANSWER,0,0.00%,0.020,1.58984375,0,0,0,0,0,0,0,0,0,0,0,0,0
bronze_Palindrome_Game_Qwen3-4B_7.cpp,ACCEPTED,333,100.00%,0.030,1.58984375,0,27.777777777777775,27.777777777777775,27.777777777777775,27.777777777777775,27.777777777777775,27.777777777777775,27.777777777777775,27.777777777777775,27.777777777777775,27.777777777777775,27.777777777777775,27.777777777777775
