solution,status,score,%test passed,time,memory,subtask_0,subtask_1,subtask_10,subtask_11,subtask_12,subtask_13,subtask_14,subtask_2,subtask_3,subtask_4,subtask_5,subtask_6,subtask_7,subtask_8,subtask_9
silver_Following_Directions_Qwen3-32B-Non-Thinking_0.cpp,WRONG_ANSWER,0,0.00%,2.640,26.8125,0,0,0,0,0,0,0,0,0,0,0,0,0,0,0
silver_Following_Directions_Qwen3-32B-Non-Thinking_1.cpp,COMPILATION_ERROR,0,0.00%,0.000,0,0,0,0,0,0,0,0,0,0,0,0,0,0,0,0
silver_Following_Directions_Qwen3-32B-Non-Thinking_2.cpp,TIME_LIMIT_EXCEEDED,143,46.67%,8.820,35.40234375,0,23.809523809523807,0,0,0,0,0,23.809523809523807,23.809523809523807,23.809523809523807,23.809523809523807,23.809523809523807,0,0,0
silver_Following_Directions_Qwen3-32B-Non-Thinking_3.cpp,ACCEPTED,333,100.00%,4.460,18.05078125,0,23.809523809523807,23.809523809523807,23.809523809523807,23.809523809523807,23.809523809523807,23.809523809523807,23.809523809523807,23.809523809523807,23.809523809523807,23.809523809523807,23.809523809523807,23.809523809523807,23.809523809523807,23.809523809523807
silver_Following_Directions_Qwen3-32B-Non-Thinking_4.cpp,RUNTIME_ERROR,0,0.00%,3.040,22.17578125,0,0,0,0,0,0,0,0,0,0,0,0,0,0,0
silver_Following_Directions_Qwen3-32B-Non-Thinking_5.cpp,TIME_LIMIT_EXCEEDED,143,46.67%,8.830,26.78125,0,23.809523809523807,0,0,0,0,0,23.809523809523807,23.809523809523807,23.809523809523807,23.809523809523807,23.809523809523807,0,0,0
silver_Following_Directions_Qwen3-32B-Non-Thinking_6.cpp,TIME_LIMIT_EXCEEDED,71,26.67%,8.840,18.2421875,0,23.809523809523807,0,0,0,0,0,23.809523809523807,23.809523809523807,0,0,0,0,0,0
silver_Following_Directions_Qwen3-32B-Non-Thinking_7.cpp,TIME_LIMIT_EXCEEDED,0,0.00%,8.840,26.859375,0,0,0,0,0,0,0,0,0,0,0,0,0,0,0
