solution,status,score,%test passed,time,memory,subtask_0,subtask_1,subtask_10,subtask_2,subtask_3,subtask_4,subtask_5,subtask_6,subtask_7,subtask_8,subtask_9
bronze_Its_Mooin_Time_seed-oss_0.cpp,ACCEPTED,333,100.00%,0.130,0.00390625,0,33.33333333333333,33.33333333333333,33.33333333333333,33.33333333333333,33.33333333333333,33.33333333333333,33.33333333333333,33.33333333333333,33.33333333333333,33.33333333333333
bronze_Its_Mooin_Time_seed-oss_1.cpp,RUNTIME_ERROR,0,0.00%,0.050,1.57421875,0,0,0,0,0,0,0,0,0,0,0
bronze_Its_Mooin_Time_seed-oss_2.cpp,COMPILATION_ERROR,0,0.00%,0.000,0,0,0,0,0,0,0,0,0,0,0,0
bronze_Its_Mooin_Time_seed-oss_3.cpp,RUNTIME_ERROR,0,0.00%,0.050,0.00390625,0,0,0,0,0,0,0,0,0,0,0
bronze_Its_Mooin_Time_seed-oss_4.cpp,COMPILATION_ERROR,0,0.00%,0.000,0,0,0,0,0,0,0,0,0,0,0,0
bronze_Its_Mooin_Time_seed-oss_5.cpp,MEMORY_LIMIT_EXCEEDED,0,0.00%,0.050,0.00390625,0,0,0,0,0,0,0,0,0,0,0
bronze_Its_Mooin_Time_seed-oss_6.cpp,TIME_LIMIT_EXCEEDED,233,76.92%,2.410,1.546875,0,33.33333333333333,33.33333333333333,33.33333333333333,33.33333333333333,33.33333333333333,33.33333333333333,0,0,0,33.33333333333333
bronze_Its_Mooin_Time_seed-oss_7.cpp,ACCEPTED,333,100.00%,1.830,1.55078125,0,33.33333333333333,33.33333333333333,33.33333333333333,33.33333333333333,33.33333333333333,33.33333333333333,33.33333333333333,33.33333333333333,33.33333333333333,33.33333333333333
