solution,status,score,%test passed,time,memory,subtask_0,subtask_1,subtask_10,subtask_2,subtask_3,subtask_4,subtask_5,subtask_6,subtask_7,subtask_8,subtask_9
bronze_Hungry_Cow_Llama-3.3-70B-Instruct_0.cpp,TIME_LIMIT_EXCEEDED,133,53.85%,2.270,2.84765625,0,33.33333333333333,0,33.33333333333333,33.33333333333333,33.33333333333333,0,0,0,0,0
bronze_Hungry_Cow_Llama-3.3-70B-Instruct_1.cpp,RUNTIME_ERROR,200,53.85%,0.130,2.7890625,0,0,33.33333333333333,0,0,0,33.33333333333333,33.33333333333333,33.33333333333333,33.33333333333333,33.33333333333333
bronze_Hungry_Cow_Llama-3.3-70B-Instruct_2.cpp,TIME_LIMIT_EXCEEDED,133,53.85%,2.380,2.84765625,0,33.33333333333333,0,33.33333333333333,33.33333333333333,33.33333333333333,0,0,0,0,0
bronze_Hungry_Cow_Llama-3.3-70B-Instruct_3.cpp,RUNTIME_ERROR,200,53.85%,0.160,2.84765625,0,0,33.33333333333333,0,0,0,33.33333333333333,33.33333333333333,33.33333333333333,33.33333333333333,33.33333333333333
bronze_Hungry_Cow_Llama-3.3-70B-Instruct_4.cpp,WRONG_ANSWER,0,23.08%,0.170,2.84765625,0,0,0,0,0,0,0,0,0,0,0
bronze_Hungry_Cow_Llama-3.3-70B-Instruct_5.cpp,RUNTIME_ERROR,0,7.69%,0.120,2.7890625,0,0,0,0,0,0,0,0,0,0,0
bronze_Hungry_Cow_Llama-3.3-70B-Instruct_6.cpp,TIME_LIMIT_EXCEEDED,133,53.85%,2.410,2.7890625,0,33.33333333333333,0,33.33333333333333,33.33333333333333,33.33333333333333,0,0,0,0,0
bronze_Hungry_Cow_Llama-3.3-70B-Instruct_7.cpp,TIME_LIMIT_EXCEEDED,133,53.85%,2.520,2.84765625,0,33.33333333333333,0,33.33333333333333,33.33333333333333,33.33333333333333,0,0,0,0,0
