solution,status,score,%test passed,time,memory,subtask_0,subtask_1,subtask_10,subtask_11,subtask_12,subtask_2,subtask_3,subtask_4,subtask_5,subtask_6,subtask_7,subtask_8,subtask_9
gold_Bessla_Motors_gpt-oss-120b-low_0.cpp,TIME_LIMIT_EXCEEDED,139,53.33%,3.620,8.67578125,0,27.777777777777775,0,0,0,27.777777777777775,27.777777777777775,27.777777777777775,27.777777777777775,0,0,0,0
gold_Bessla_Motors_gpt-oss-120b-low_1.cpp,ACCEPTED,333,100.00%,0.510,28.19921875,0,27.777777777777775,27.777777777777775,27.777777777777775,27.777777777777775,27.777777777777775,27.777777777777775,27.777777777777775,27.777777777777775,27.777777777777775,27.777777777777775,27.777777777777775,27.777777777777775
gold_Bessla_Motors_gpt-oss-120b-low_2.cpp,ACCEPTED,333,100.00%,0.460,28.0078125,0,27.777777777777775,27.777777777777775,27.777777777777775,27.777777777777775,27.777777777777775,27.777777777777775,27.777777777777775,27.777777777777775,27.777777777777775,27.777777777777775,27.777777777777775,27.777777777777775
gold_Bessla_Motors_gpt-oss-120b-low_3.cpp,MEMORY_LIMIT_EXCEEDED,111,46.67%,3.290,157.18359375,0,27.777777777777775,0,0,0,27.777777777777775,27.777777777777775,0,27.777777777777775,0,0,0,0
gold_Bessla_Motors_gpt-oss-120b-low_4.cpp,MEMORY_LIMIT_EXCEEDED,111,46.67%,3.320,156.9921875,0,27.777777777777775,0,0,0,27.777777777777775,27.777777777777775,0,27.777777777777775,0,0,0,0
gold_Bessla_Motors_gpt-oss-120b-low_5.cpp,MEMORY_LIMIT_EXCEEDED,111,46.67%,2.330,156.7734375,0,27.777777777777775,0,0,0,27.777777777777775,27.777777777777775,0,27.777777777777775,0,0,0,0
gold_Bessla_Motors_gpt-oss-120b-low_6.cpp,RUNTIME_ERROR,0,0.00%,0.070,9.65625,0,0,0,0,0,0,0,0,0,0,0,0,0
gold_Bessla_Motors_gpt-oss-120b-low_7.cpp,TIME_LIMIT_EXCEEDED,111,46.67%,3.600,244.11328125,0,27.777777777777775,0,0,0,27.777777777777775,27.777777777777775,0,27.777777777777775,0,0,0,0
