solution,status,score,%test passed,time,memory,subtask_0,subtask_1,subtask_10,subtask_11,subtask_12,subtask_13,subtask_14,subtask_15,subtask_16,subtask_2,subtask_3,subtask_4,subtask_5,subtask_6,subtask_7,subtask_8,subtask_9
platinum_Infinite_Adventure_gpt-oss-120b-low_0.cpp,RUNTIME_ERROR,83,22.22%,0.090,27.08203125,0,0,20.833333333333332,0,0,0,0,0,0,0,0,0,0,0,20.833333333333332,20.833333333333332,20.833333333333332
platinum_Infinite_Adventure_gpt-oss-120b-low_1.cpp,RUNTIME_ERROR,83,22.22%,0.420,90.7578125,0,0,20.833333333333332,0,0,0,0,0,0,0,0,0,0,0,20.833333333333332,20.833333333333332,20.833333333333332
platinum_Infinite_Adventure_gpt-oss-120b-low_2.cpp,RUNTIME_ERROR,83,22.22%,0.100,26.82421875,0,0,20.833333333333332,0,0,0,0,0,0,0,0,0,0,0,20.833333333333332,20.833333333333332,20.833333333333332
platinum_Infinite_Adventure_gpt-oss-120b-low_3.cpp,RUNTIME_ERROR,83,22.22%,0.090,26.828125,0,0,20.833333333333332,0,0,0,0,0,0,0,0,0,0,0,20.833333333333332,20.833333333333332,20.833333333333332
platinum_Infinite_Adventure_gpt-oss-120b-low_4.cpp,RUNTIME_ERROR,83,22.22%,0.100,27.2109375,0,0,20.833333333333332,0,0,0,0,0,0,0,0,0,0,0,20.833333333333332,20.833333333333332,20.833333333333332
platinum_Infinite_Adventure_gpt-oss-120b-low_5.cpp,RUNTIME_ERROR,83,22.22%,0.180,49.79296875,0,0,20.833333333333332,0,0,0,0,0,0,0,0,0,0,0,20.833333333333332,20.833333333333332,20.833333333333332
platinum_Infinite_Adventure_gpt-oss-120b-low_6.cpp,RUNTIME_ERROR,83,22.22%,0.140,26.05859375,0,0,20.833333333333332,0,0,0,0,0,0,0,0,0,0,0,20.833333333333332,20.833333333333332,20.833333333333332
platinum_Infinite_Adventure_gpt-oss-120b-low_7.cpp,TIME_LIMIT_EXCEEDED,21,11.11%,2.440,1.81640625,0,20.833333333333332,0,0,0,0,0,0,0,0,0,0,0,0,0,0,0
