solution,status,score,%test passed,time,memory,subtask_0,subtask_1,subtask_10,subtask_11,subtask_12,subtask_13,subtask_14,subtask_15,subtask_16,subtask_17,subtask_18,subtask_19,subtask_2,subtask_20,subtask_3,subtask_4,subtask_5,subtask_6,subtask_7,subtask_8,subtask_9
gold_Cowreography_gpt-o3-mini-high_0.cpp,WRONG_ANSWER,50,26.09%,0.060,10.859375,0,16.666666666666664,0,0,0,0,0,0,0,0,0,0,16.666666666666664,0,16.666666666666664,0,0,0,0,0,0
gold_Cowreography_gpt-o3-mini-high_1.cpp,WRONG_ANSWER,100,39.13%,0.050,11.03515625,0,16.666666666666664,0,0,0,16.666666666666664,0,0,16.666666666666664,0,16.666666666666664,16.666666666666664,16.666666666666664,0,0,0,0,0,0,0,0
gold_Cowreography_gpt-o3-mini-high_2.cpp,WRONG_ANSWER,100,39.13%,0.050,12.58203125,0,16.666666666666664,0,0,0,16.666666666666664,0,0,16.666666666666664,0,16.666666666666664,16.666666666666664,16.666666666666664,0,0,0,0,0,0,0,0
gold_Cowreography_gpt-o3-mini-high_3.cpp,ACCEPTED,333,100.00%,0.050,15.12890625,0,16.666666666666664,16.666666666666664,16.666666666666664,16.666666666666664,16.666666666666664,16.666666666666664,16.666666666666664,16.666666666666664,16.666666666666664,16.666666666666664,16.666666666666664,16.666666666666664,16.666666666666664,16.666666666666664,16.666666666666664,16.666666666666664,16.666666666666664,16.666666666666664,16.666666666666664,16.666666666666664
gold_Cowreography_gpt-o3-mini-high_4.cpp,WRONG_ANSWER,100,39.13%,0.040,3.796875,0,16.666666666666664,0,0,0,16.666666666666664,0,0,16.666666666666664,0,16.666666666666664,16.666666666666664,16.666666666666664,0,0,0,0,0,0,0,0
gold_Cowreography_gpt-o3-mini-high_5.cpp,WRONG_ANSWER,100,39.13%,0.040,10.0078125,0,16.666666666666664,0,0,0,16.666666666666664,0,0,16.666666666666664,0,16.666666666666664,16.666666666666664,16.666666666666664,0,0,0,0,0,0,0,0
gold_Cowreography_gpt-o3-mini-high_6.cpp,WRONG_ANSWER,100,39.13%,0.050,12.06640625,0,16.666666666666664,0,0,0,16.666666666666664,0,0,16.666666666666664,0,16.666666666666664,16.666666666666664,16.666666666666664,0,0,0,0,0,0,0,0
gold_Cowreography_gpt-o3-mini-high_7.cpp,WRONG_ANSWER,100,39.13%,0.050,11.0390625,0,16.666666666666664,0,0,0,16.666666666666664,0,0,16.666666666666664,0,16.666666666666664,16.666666666666664,16.666666666666664,0,0,0,0,0,0,0,0
