solution,status,score,%test passed,time,memory,subtask_0,subtask_1,subtask_10,subtask_11,subtask_12,subtask_13,subtask_14,subtask_15,subtask_16,subtask_17,subtask_2,subtask_3,subtask_4,subtask_5,subtask_6,subtask_7,subtask_8,subtask_9
gold_Grass_Segments_gpt-o3-mini-high_0.cpp,ACCEPTED,333,100.00%,0.300,24.51171875,0,19.6078431372549,19.6078431372549,19.6078431372549,19.6078431372549,19.6078431372549,19.6078431372549,19.6078431372549,19.6078431372549,19.6078431372549,19.6078431372549,19.6078431372549,19.6078431372549,19.6078431372549,19.6078431372549,19.6078431372549,19.6078431372549,19.6078431372549
gold_Grass_Segments_gpt-o3-mini-high_1.cpp,ACCEPTED,333,100.00%,0.300,23.0546875,0,19.6078431372549,19.6078431372549,19.6078431372549,19.6078431372549,19.6078431372549,19.6078431372549,19.6078431372549,19.6078431372549,19.6078431372549,19.6078431372549,19.6078431372549,19.6078431372549,19.6078431372549,19.6078431372549,19.6078431372549,19.6078431372549,19.6078431372549
gold_Grass_Segments_gpt-o3-mini-high_2.cpp,ACCEPTED,333,100.00%,0.310,21.9296875,0,19.6078431372549,19.6078431372549,19.6078431372549,19.6078431372549,19.6078431372549,19.6078431372549,19.6078431372549,19.6078431372549,19.6078431372549,19.6078431372549,19.6078431372549,19.6078431372549,19.6078431372549,19.6078431372549,19.6078431372549,19.6078431372549,19.6078431372549
gold_Grass_Segments_gpt-o3-mini-high_3.cpp,WRONG_ANSWER,20,20.00%,0.270,21.23046875,0,19.6078431372549,0,0,0,0,0,0,0,0,0,0,0,0,0,0,0,0
gold_Grass_Segments_gpt-o3-mini-high_4.cpp,ACCEPTED,333,100.00%,1.840,94.66796875,0,19.6078431372549,19.6078431372549,19.6078431372549,19.6078431372549,19.6078431372549,19.6078431372549,19.6078431372549,19.6078431372549,19.6078431372549,19.6078431372549,19.6078431372549,19.6078431372549,19.6078431372549,19.6078431372549,19.6078431372549,19.6078431372549,19.6078431372549
gold_Grass_Segments_gpt-o3-mini-high_5.cpp,RUNTIME_ERROR,0,5.00%,0.940,57.6171875,0,0,0,0,0,0,0,0,0,0,0,0,0,0,0,0,0,0
gold_Grass_Segments_gpt-o3-mini-high_6.cpp,WRONG_ANSWER,20,20.00%,0.270,19.921875,0,19.6078431372549,0,0,0,0,0,0,0,0,0,0,0,0,0,0,0,0
gold_Grass_Segments_gpt-o3-mini-high_7.cpp,RUNTIME_ERROR,0,5.00%,0.300,24.609375,0,0,0,0,0,0,0,0,0,0,0,0,0,0,0,0,0,0
