solution,status,score,%test passed,time,memory,subtask_0,subtask_1,subtask_10,subtask_11,subtask_12,subtask_2,subtask_3,subtask_4,subtask_5,subtask_6,subtask_7,subtask_8,subtask_9
silver_Painting_Fence_Posts_gpt-o3-mini-high_0.cpp,COMPILATION_ERROR,0,0.00%,0.000,0,0,0,0,0,0,0,0,0,0,0,0,0,0
silver_Painting_Fence_Posts_gpt-o3-mini-high_1.cpp,MEMORY_LIMIT_EXCEEDED,0,6.67%,1.570,257.59375,0,0,0,0,0,0,0,0,0,0,0,0,0
silver_Painting_Fence_Posts_gpt-o3-mini-high_2.cpp,TIME_LIMIT_EXCEEDED,194,66.67%,3.320,53.3125,0,27.777777777777775,0,0,27.777777777777775,27.777777777777775,27.777777777777775,27.777777777777775,27.777777777777775,27.777777777777775,0,0,0
silver_Painting_Fence_Posts_gpt-o3-mini-high_3.cpp,ACCEPTED,333,100.00%,0.460,56.50390625,0,27.777777777777775,27.777777777777775,27.777777777777775,27.777777777777775,27.777777777777775,27.777777777777775,27.777777777777775,27.777777777777775,27.777777777777775,27.777777777777775,27.777777777777775,27.777777777777775
silver_Painting_Fence_Posts_gpt-o3-mini-high_4.cpp,TIME_LIMIT_EXCEEDED,222,73.33%,3.310,59.765625,0,27.777777777777775,0,0,0,27.777777777777775,27.777777777777775,27.777777777777775,27.777777777777775,27.777777777777775,27.777777777777775,0,27.777777777777775
silver_Painting_Fence_Posts_gpt-o3-mini-high_5.cpp,WRONG_ANSWER,0,20.00%,3.080,60.3828125,0,0,0,0,0,0,0,0,0,0,0,0,0
silver_Painting_Fence_Posts_gpt-o3-mini-high_6.cpp,TIME_LIMIT_EXCEEDED,0,0.00%,3.320,70.8828125,0,0,0,0,0,0,0,0,0,0,0,0,0
silver_Painting_Fence_Posts_gpt-o3-mini-high_7.cpp,WRONG_ANSWER,306,93.33%,0.330,67.21484375,0,27.777777777777775,27.777777777777775,27.777777777777775,27.777777777777775,27.777777777777775,27.777777777777775,0,27.777777777777775,27.777777777777775,27.777777777777775,27.777777777777775,27.777777777777775
