solution,status,score,%test passed,time,memory,subtask_0,subtask_1,subtask_10,subtask_11,subtask_12,subtask_13,subtask_14,subtask_15,subtask_2,subtask_3,subtask_4,subtask_5,subtask_6,subtask_7,subtask_8,subtask_9
silver_The_Winning_Gene_gpt-o3-mini-high_0.cpp,ACCEPTED,333,100.00%,0.160,35.83984375,0,22.22222222222222,22.22222222222222,22.22222222222222,22.22222222222222,22.22222222222222,22.22222222222222,22.22222222222222,22.22222222222222,22.22222222222222,22.22222222222222,22.22222222222222,22.22222222222222,22.22222222222222,22.22222222222222,22.22222222222222
silver_The_Winning_Gene_gpt-o3-mini-high_1.cpp,WRONG_ANSWER,44,18.75%,0.140,1.5546875,0,22.22222222222222,0,0,0,0,0,0,0,0,0,0,0,22.22222222222222,0,0
silver_The_Winning_Gene_gpt-o3-mini-high_2.cpp,ACCEPTED,333,100.00%,0.140,35.84375,0,22.22222222222222,22.22222222222222,22.22222222222222,22.22222222222222,22.22222222222222,22.22222222222222,22.22222222222222,22.22222222222222,22.22222222222222,22.22222222222222,22.22222222222222,22.22222222222222,22.22222222222222,22.22222222222222,22.22222222222222
silver_The_Winning_Gene_gpt-o3-mini-high_3.cpp,WRONG_ANSWER,44,18.75%,0.130,1.55078125,0,22.22222222222222,0,0,0,0,0,0,0,0,0,0,0,22.22222222222222,0,0
silver_The_Winning_Gene_gpt-o3-mini-high_4.cpp,ACCEPTED,333,100.00%,0.300,36.87109375,0,22.22222222222222,22.22222222222222,22.22222222222222,22.22222222222222,22.22222222222222,22.22222222222222,22.22222222222222,22.22222222222222,22.22222222222222,22.22222222222222,22.22222222222222,22.22222222222222,22.22222222222222,22.22222222222222,22.22222222222222
silver_The_Winning_Gene_gpt-o3-mini-high_5.cpp,WRONG_ANSWER,44,18.75%,0.140,1.55078125,0,22.22222222222222,0,0,0,0,0,0,0,0,0,0,0,22.22222222222222,0,0
silver_The_Winning_Gene_gpt-o3-mini-high_6.cpp,ACCEPTED,333,100.00%,0.110,36.87109375,0,22.22222222222222,22.22222222222222,22.22222222222222,22.22222222222222,22.22222222222222,22.22222222222222,22.22222222222222,22.22222222222222,22.22222222222222,22.22222222222222,22.22222222222222,22.22222222222222,22.22222222222222,22.22222222222222,22.22222222222222
silver_The_Winning_Gene_gpt-o3-mini-high_7.cpp,WRONG_ANSWER,44,18.75%,0.140,1.55078125,0,22.22222222222222,0,0,0,0,0,0,0,0,0,0,0,22.22222222222222,0,0
