solution,status,score,%test passed,time,memory,subtask_0,subtask_1,subtask_10,subtask_11,subtask_12,subtask_13,subtask_14,subtask_15,subtask_16,subtask_17,subtask_18,subtask_19,subtask_2,subtask_20,subtask_3,subtask_4,subtask_5,subtask_6,subtask_7,subtask_8,subtask_9
silver_Bessies_Interview_gemini-2.5-pro_0.cpp,WRONG_ANSWER,133,42.86%,0.090,5.63671875,0,16.666666666666664,0,0,0,0,0,0,0,0,0,0,16.666666666666664,0,16.666666666666664,16.666666666666664,16.666666666666664,16.666666666666664,16.666666666666664,16.666666666666664,0
silver_Bessies_Interview_gemini-2.5-pro_1.cpp,ACCEPTED,333,100.00%,0.390,46.40234375,0,16.666666666666664,16.666666666666664,16.666666666666664,16.666666666666664,16.666666666666664,16.666666666666664,16.666666666666664,16.666666666666664,16.666666666666664,16.666666666666664,16.666666666666664,16.666666666666664,16.666666666666664,16.666666666666664,16.666666666666664,16.666666666666664,16.666666666666664,16.666666666666664,16.666666666666664,16.666666666666664
silver_Bessies_Interview_gemini-2.5-pro_2.cpp,WRONG_ANSWER,33,14.29%,0.170,5.63671875,0,16.666666666666664,0,0,0,0,0,0,0,0,0,0,16.666666666666664,0,0,0,0,0,0,0,0
silver_Bessies_Interview_gemini-2.5-pro_3.cpp,WRONG_ANSWER,133,42.86%,1.140,8.9453125,0,16.666666666666664,0,0,0,0,0,0,0,0,0,0,16.666666666666664,0,16.666666666666664,16.666666666666664,16.666666666666664,16.666666666666664,16.666666666666664,16.666666666666664,0
silver_Bessies_Interview_gemini-2.5-pro_4.cpp,WRONG_ANSWER,133,42.86%,0.160,5.9140625,0,16.666666666666664,0,0,0,0,0,0,0,0,0,0,16.666666666666664,0,16.666666666666664,16.666666666666664,16.666666666666664,16.666666666666664,16.666666666666664,16.666666666666664,0
silver_Bessies_Interview_gemini-2.5-pro_5.cpp,WRONG_ANSWER,33,14.29%,0.210,8.7578125,0,16.666666666666664,0,0,0,0,0,0,0,0,0,0,16.666666666666664,0,0,0,0,0,0,0,0
silver_Bessies_Interview_gemini-2.5-pro_6.cpp,WRONG_ANSWER,133,42.86%,0.250,14.29296875,0,16.666666666666664,0,0,0,0,0,0,0,0,0,0,16.666666666666664,0,16.666666666666664,16.666666666666664,16.666666666666664,16.666666666666664,16.666666666666664,16.666666666666664,0
silver_Bessies_Interview_gemini-2.5-pro_7.cpp,WRONG_ANSWER,133,42.86%,0.160,5.7265625,0,16.666666666666664,0,0,0,0,0,0,0,0,0,0,16.666666666666664,0,16.666666666666664,16.666666666666664,16.666666666666664,16.666666666666664,16.666666666666664,16.666666666666664,0
