solution,status,score,%test passed,time,memory,subtask_0,subtask_1,subtask_10,subtask_2,subtask_3,subtask_4,subtask_5,subtask_6,subtask_7,subtask_8,subtask_9
silver_Deforestation_deepseek-reasoner_0.cpp,WRONG_ANSWER,67,27.27%,0.190,4.28515625,0,0,0,0,0,0,33.33333333333333,33.33333333333333,0,0,0
silver_Deforestation_deepseek-reasoner_1.cpp,ACCEPTED,333,100.00%,0.220,7.921875,0,33.33333333333333,33.33333333333333,33.33333333333333,33.33333333333333,33.33333333333333,33.33333333333333,33.33333333333333,33.33333333333333,33.33333333333333,33.33333333333333
silver_Deforestation_deepseek-reasoner_2.cpp,ACCEPTED,333,100.00%,0.220,4.390625,0,33.33333333333333,33.33333333333333,33.33333333333333,33.33333333333333,33.33333333333333,33.33333333333333,33.33333333333333,33.33333333333333,33.33333333333333,33.33333333333333
silver_Deforestation_deepseek-reasoner_3.cpp,WRONG_ANSWER,0,0.00%,0.240,4.4140625,0,0,0,0,0,0,0,0,0,0,0
silver_Deforestation_deepseek-reasoner_4.cpp,WRONG_ANSWER,0,0.00%,0.280,29.3828125,0,0,0,0,0,0,0,0,0,0,0
silver_Deforestation_deepseek-reasoner_5.cpp,ACCEPTED,333,100.00%,0.220,4.37890625,0,33.33333333333333,33.33333333333333,33.33333333333333,33.33333333333333,33.33333333333333,33.33333333333333,33.33333333333333,33.33333333333333,33.33333333333333,33.33333333333333
silver_Deforestation_deepseek-reasoner_6.cpp,WRONG_ANSWER,67,27.27%,0.220,3.28125,0,0,0,0,0,0,33.33333333333333,33.33333333333333,0,0,0
silver_Deforestation_deepseek-reasoner_7.cpp,ACCEPTED,333,100.00%,0.190,4.3359375,0,33.33333333333333,33.33333333333333,33.33333333333333,33.33333333333333,33.33333333333333,33.33333333333333,33.33333333333333,33.33333333333333,33.33333333333333,33.33333333333333
