solution,status,score,%test passed,time,memory,subtask_0,subtask_1,subtask_10,subtask_2,subtask_3,subtask_4,subtask_5,subtask_6,subtask_7,subtask_8,subtask_9
silver_Cake_Game_deepseek-reasoner_0.cpp,ACCEPTED,333,100.00%,0.140,10.62890625,0,33.33333333333333,33.33333333333333,33.33333333333333,33.33333333333333,33.33333333333333,33.33333333333333,33.33333333333333,33.33333333333333,33.33333333333333,33.33333333333333
silver_Cake_Game_deepseek-reasoner_1.cpp,ACCEPTED,333,100.00%,0.140,9.0859375,0,33.33333333333333,33.33333333333333,33.33333333333333,33.33333333333333,33.33333333333333,33.33333333333333,33.33333333333333,33.33333333333333,33.33333333333333,33.33333333333333
silver_Cake_Game_deepseek-reasoner_2.cpp,ACCEPTED,333,100.00%,0.140,12.17578125,0,33.33333333333333,33.33333333333333,33.33333333333333,33.33333333333333,33.33333333333333,33.33333333333333,33.33333333333333,33.33333333333333,33.33333333333333,33.33333333333333
silver_Cake_Game_deepseek-reasoner_3.cpp,ACCEPTED,333,100.00%,0.130,7.15234375,0,33.33333333333333,33.33333333333333,33.33333333333333,33.33333333333333,33.33333333333333,33.33333333333333,33.33333333333333,33.33333333333333,33.33333333333333,33.33333333333333
silver_Cake_Game_deepseek-reasoner_4.cpp,WRONG_ANSWER,33,18.18%,0.130,6.05859375,0,33.33333333333333,0,0,0,0,0,0,0,0,0
silver_Cake_Game_deepseek-reasoner_5.cpp,WRONG_ANSWER,33,18.18%,0.120,6.05859375,0,33.33333333333333,0,0,0,0,0,0,0,0,0
silver_Cake_Game_deepseek-reasoner_6.cpp,WRONG_ANSWER,200,54.55%,0.140,7.15234375,0,0,0,0,0,33.33333333333333,33.33333333333333,33.33333333333333,33.33333333333333,33.33333333333333,33.33333333333333
silver_Cake_Game_deepseek-reasoner_7.cpp,ACCEPTED,333,100.00%,0.130,9.08203125,0,33.33333333333333,33.33333333333333,33.33333333333333,33.33333333333333,33.33333333333333,33.33333333333333,33.33333333333333,33.33333333333333,33.33333333333333,33.33333333333333
