solution,status,score,%test passed,time,memory,subtask_0,subtask_1,subtask_2,subtask_3,subtask_4,subtask_5,subtask_6,subtask_7,subtask_8,subtask_9
ones_gpt-4.1_0.cpp,WRONG_ANSWER,0,0.00%,0.130,1.80859375,0.0,0.0,0.0,0.0,0.0,0.0,0.0,0.0,0.0,0.0
ones_gpt-4.1_1.cpp,UNKNOWN,0,0.00%,0.000,0,0,0,0,0,0,0,0,0,0,0
ones_gpt-4.1_2.cpp,WRONG_ANSWER,20,0.00%,0.200,1.953125,1.8069099999999998,1.8146300000000002,1.8435099999999998,1.8732499999999999,1.90531,1.9558600000000002,2.00515,2.06231,2.15522,2.23307
ones_gpt-4.1_3.cpp,WRONG_ANSWER,20,0.00%,0.190,1.94921875,1.74569,1.7815800000000002,1.83025,1.8659899999999998,1.90143,1.95442,2.00443,2.06189,2.15504,2.23298
ones_gpt-4.1_4.cpp,WRONG_ANSWER,20,0.00%,0.170,1.953125,1.75455,1.7864900000000001,1.83253,1.86728,1.9021599999999999,1.9547800000000002,2.00464,2.06202,2.15511,2.23302
ones_gpt-4.1_5.cpp,WRONG_ANSWER,11,0.00%,0.290,1.90234375,1.04042,1.04486,1.0574,1.06884,1.08023,1.09693,1.11228,1.12823,1.14942,1.15928
ones_gpt-4.1_6.cpp,WRONG_ANSWER,11,0.00%,0.180,1.90234375,1.04042,1.04486,1.0574,1.06884,1.08023,1.09693,1.11228,1.12823,1.14942,1.15928
ones_gpt-4.1_7.cpp,WRONG_ANSWER,20,0.00%,0.240,2.04296875,2.2476599999999998,2.2403999999999997,2.2260299999999997,2.20059,2.1518100000000002,2.01214,1.83753,1.63794,1.4957500000000001,1.6977900000000001
