solution,status,score,%test passed,time,memory,subtask_0,subtask_1,subtask_10,subtask_2,subtask_3,subtask_4,subtask_5,subtask_6,subtask_7,subtask_8,subtask_9
silver_Cake_Game_seed-oss_0.cpp,WRONG_ANSWER,33,9.09%,0.090,11.01953125,0,33.33333333333333,0,0,0,0,0,0,0,0,0
silver_Cake_Game_seed-oss_1.cpp,WRONG_ANSWER,33,9.09%,0.080,15.66015625,0,33.33333333333333,0,0,0,0,0,0,0,0,0
silver_Cake_Game_seed-oss_2.cpp,ACCEPTED,333,100.00%,0.080,8.109375,0,33.33333333333333,33.33333333333333,33.33333333333333,33.33333333333333,33.33333333333333,33.33333333333333,33.33333333333333,33.33333333333333,33.33333333333333,33.33333333333333
silver_Cake_Game_seed-oss_3.cpp,TIME_LIMIT_EXCEEDED,267,81.82%,2.410,5.42578125,0,0,33.33333333333333,33.33333333333333,33.33333333333333,33.33333333333333,33.33333333333333,33.33333333333333,0,33.33333333333333,33.33333333333333
silver_Cake_Game_seed-oss_4.cpp,WRONG_ANSWER,67,27.27%,0.090,6.05859375,0,33.33333333333333,0,33.33333333333333,0,0,0,0,0,0,0
silver_Cake_Game_seed-oss_5.cpp,ACCEPTED,333,100.00%,0.090,7.15234375,0,33.33333333333333,33.33333333333333,33.33333333333333,33.33333333333333,33.33333333333333,33.33333333333333,33.33333333333333,33.33333333333333,33.33333333333333,33.33333333333333
silver_Cake_Game_seed-oss_6.cpp,ACCEPTED,333,100.00%,0.080,7.15234375,0,33.33333333333333,33.33333333333333,33.33333333333333,33.33333333333333,33.33333333333333,33.33333333333333,33.33333333333333,33.33333333333333,33.33333333333333,33.33333333333333
silver_Cake_Game_seed-oss_7.cpp,WRONG_ANSWER,0,0.00%,0.090,7.15234375,0,0,0,0,0,0,0,0,0,0,0
