solution,status,score,%test passed,time,memory,subtask_0,subtask_1,subtask_10,subtask_2,subtask_3,subtask_4,subtask_5,subtask_6,subtask_7,subtask_8,subtask_9
silver_2D_Conveyor_Belt_seed-oss_0.cpp,COMPILATION_ERROR,0,0.00%,0.000,0,0,0,0,0,0,0,0,0,0,0,0
silver_2D_Conveyor_Belt_seed-oss_1.cpp,TIME_LIMIT_EXCEEDED,0,0.00%,2.420,13.67578125,0,0,0,0,0,0,0,0,0,0,0
silver_2D_Conveyor_Belt_seed-oss_2.cpp,WRONG_ANSWER,67,38.46%,0.230,59.81640625,0,0,0,0,33.33333333333333,0,0,0,33.33333333333333,0,0
silver_2D_Conveyor_Belt_seed-oss_3.cpp,TIME_LIMIT_EXCEEDED,0,0.00%,2.430,5.93359375,0,0,0,0,0,0,0,0,0,0,0
silver_2D_Conveyor_Belt_seed-oss_4.cpp,ACCEPTED,333,100.00%,0.270,106.2265625,0,33.33333333333333,33.33333333333333,33.33333333333333,33.33333333333333,33.33333333333333,33.33333333333333,33.33333333333333,33.33333333333333,33.33333333333333,33.33333333333333
silver_2D_Conveyor_Belt_seed-oss_5.cpp,RUNTIME_ERROR,0,0.00%,0.100,7.22265625,0,0,0,0,0,0,0,0,0,0,0
silver_2D_Conveyor_Belt_seed-oss_6.cpp,ACCEPTED,333,100.00%,0.150,43.31640625,0,33.33333333333333,33.33333333333333,33.33333333333333,33.33333333333333,33.33333333333333,33.33333333333333,33.33333333333333,33.33333333333333,33.33333333333333,33.33333333333333
silver_2D_Conveyor_Belt_seed-oss_7.cpp,RUNTIME_ERROR,0,0.00%,0.060,10.12109375,0,0,0,0,0,0,0,0,0,0,0
