solution,status,score,%test passed,time,memory,subtask_0,subtask_1,subtask_10,subtask_2,subtask_3,subtask_4,subtask_5,subtask_6,subtask_7,subtask_8,subtask_9
silver_Deforestation_seed-oss_0.cpp,WRONG_ANSWER,0,0.00%,0.210,7.98046875,0,0,0,0,0,0,0,0,0,0,0
silver_Deforestation_seed-oss_1.cpp,WRONG_ANSWER,100,36.36%,0.160,4.8515625,0,0,0,0,0,0,33.33333333333333,33.33333333333333,33.33333333333333,0,0
silver_Deforestation_seed-oss_2.cpp,WRONG_ANSWER,100,36.36%,0.180,4.8515625,0,0,0,0,0,0,33.33333333333333,33.33333333333333,33.33333333333333,0,0
silver_Deforestation_seed-oss_3.cpp,ACCEPTED,333,100.00%,0.150,3.61328125,0,33.33333333333333,33.33333333333333,33.33333333333333,33.33333333333333,33.33333333333333,33.33333333333333,33.33333333333333,33.33333333333333,33.33333333333333,33.33333333333333
silver_Deforestation_seed-oss_4.cpp,WRONG_ANSWER,100,36.36%,0.220,10.51171875,0,0,0,0,0,0,33.33333333333333,33.33333333333333,33.33333333333333,0,0
silver_Deforestation_seed-oss_5.cpp,WRONG_ANSWER,0,0.00%,0.220,7.91796875,0,0,0,0,0,0,0,0,0,0,0
silver_Deforestation_seed-oss_6.cpp,WRONG_ANSWER,0,0.00%,0.180,3.60546875,0,0,0,0,0,0,0,0,0,0,0
silver_Deforestation_seed-oss_7.cpp,ACCEPTED,333,100.00%,0.160,3.96875,0,33.33333333333333,33.33333333333333,33.33333333333333,33.33333333333333,33.33333333333333,33.33333333333333,33.33333333333333,33.33333333333333,33.33333333333333,33.33333333333333
