solution,status,score,%test passed,time,memory,subtask_0,subtask_1,subtask_10,subtask_11,subtask_12,subtask_2,subtask_3,subtask_4,subtask_5,subtask_6,subtask_7,subtask_8,subtask_9
bronze_Palindrome_Game_gpt-oss-20b-low_0.cpp,WRONG_ANSWER,0,7.69%,0.020,1.69921875,0,0,0,0,0,0,0,0,0,0,0,0,0
bronze_Palindrome_Game_gpt-oss-20b-low_1.cpp,ACCEPTED,333,100.00%,0.020,1.70703125,0,27.777777777777775,27.777777777777775,27.777777777777775,27.777777777777775,27.777777777777775,27.777777777777775,27.777777777777775,27.777777777777775,27.777777777777775,27.777777777777775,27.777777777777775,27.777777777777775
bronze_Palindrome_Game_gpt-oss-20b-low_2.cpp,ACCEPTED,333,100.00%,0.020,1.609375,0,27.777777777777775,27.777777777777775,27.777777777777775,27.777777777777775,27.777777777777775,27.777777777777775,27.777777777777775,27.777777777777775,27.777777777777775,27.777777777777775,27.777777777777775,27.777777777777775
bronze_Palindrome_Game_gpt-oss-20b-low_3.cpp,ACCEPTED,333,100.00%,0.020,1.6953125,0,27.777777777777775,27.777777777777775,27.777777777777775,27.777777777777775,27.777777777777775,27.777777777777775,27.777777777777775,27.777777777777775,27.777777777777775,27.777777777777775,27.777777777777775,27.777777777777775
bronze_Palindrome_Game_gpt-oss-20b-low_4.cpp,WRONG_ANSWER,0,7.69%,0.020,1.609375,0,0,0,0,0,0,0,0,0,0,0,0,0
bronze_Palindrome_Game_gpt-oss-20b-low_5.cpp,WRONG_ANSWER,0,0.00%,0.020,1.5546875,0,0,0,0,0,0,0,0,0,0,0,0,0
bronze_Palindrome_Game_gpt-oss-20b-low_6.cpp,ACCEPTED,333,100.00%,0.020,1.5546875,0,27.777777777777775,27.777777777777775,27.777777777777775,27.777777777777775,27.777777777777775,27.777777777777775,27.777777777777775,27.777777777777775,27.777777777777775,27.777777777777775,27.777777777777775,27.777777777777775
bronze_Palindrome_Game_gpt-oss-20b-low_7.cpp,ACCEPTED,333,100.00%,0.020,1.6953125,0,27.777777777777775,27.777777777777775,27.777777777777775,27.777777777777775,27.777777777777775,27.777777777777775,27.777777777777775,27.777777777777775,27.777777777777775,27.777777777777775,27.777777777777775,27.777777777777775
