solution,status,score,%test passed,time,memory,subtask_0
j2_QwQ-32B_0.cpp,ACCEPTED,15,100.00%,0.050,1.65625,15
j2_QwQ-32B_1.cpp,ACCEPTED,15,100.00%,0.050,1.65234375,15
j2_QwQ-32B_2.cpp,ACCEPTED,15,100.00%,0.050,0.00390625,15
j2_QwQ-32B_3.cpp,ACCEPTED,15,100.00%,0.060,1.83984375,15
j2_QwQ-32B_4.cpp,ACCEPTED,15,100.00%,0.050,1.84375,15
j2_QwQ-32B_5.cpp,ACCEPTED,15,100.00%,0.050,1.84375,15
j2_QwQ-32B_6.cpp,ACCEPTED,15,100.00%,0.050,0.00390625,15
j2_QwQ-32B_7.cpp,ACCEPTED,15,100.00%,0.050,0.00390625,15
