solution,status,score,%test passed,time,memory,subtask_0,subtask_1,subtask_10,subtask_11,subtask_12,subtask_13,subtask_14,subtask_15,subtask_16,subtask_17,subtask_18,subtask_2,subtask_3,subtask_4,subtask_5,subtask_6,subtask_7,subtask_8,subtask_9
bronze_Cannonball_Qwen2.5-Coder-32B-Instruct_0.cpp,TIME_LIMIT_EXCEEDED,241,75.00%,2.600,2.0703125,0,0,18.51851851851852,18.51851851851852,0,18.51851851851852,18.51851851851852,18.51851851851852,0,0,0,18.51851851851852,18.51851851851852,18.51851851851852,18.51851851851852,18.51851851851852,18.51851851851852,18.51851851851852,18.51851851851852
bronze_Cannonball_Qwen2.5-Coder-32B-Instruct_1.cpp,WRONG_ANSWER,19,10.00%,0.110,2.07421875,0,18.51851851851852,0,0,0,0,0,0,0,0,0,0,0,0,0,0,0,0,0
bronze_Cannonball_Qwen2.5-Coder-32B-Instruct_2.cpp,WRONG_ANSWER,19,10.00%,0.120,2.33203125,0,18.51851851851852,0,0,0,0,0,0,0,0,0,0,0,0,0,0,0,0,0
bronze_Cannonball_Qwen2.5-Coder-32B-Instruct_3.cpp,WRONG_ANSWER,74,30.00%,0.120,2.07421875,0,18.51851851851852,0,0,0,0,18.51851851851852,0,0,0,0,0,18.51851851851852,0,0,0,18.51851851851852,0,0
bronze_Cannonball_Qwen2.5-Coder-32B-Instruct_4.cpp,TIME_LIMIT_EXCEEDED,241,75.00%,2.280,2.0703125,0,0,18.51851851851852,18.51851851851852,0,18.51851851851852,18.51851851851852,18.51851851851852,0,0,0,18.51851851851852,18.51851851851852,18.51851851851852,18.51851851851852,18.51851851851852,18.51851851851852,18.51851851851852,18.51851851851852
bronze_Cannonball_Qwen2.5-Coder-32B-Instruct_5.cpp,RUNTIME_ERROR,37,10.00%,0.120,2.07421875,0,18.51851851851852,0,0,0,0,0,0,0,0,0,0,18.51851851851852,0,0,0,0,0,0
bronze_Cannonball_Qwen2.5-Coder-32B-Instruct_6.cpp,WRONG_ANSWER,19,10.00%,0.110,2.33203125,0,18.51851851851852,0,0,0,0,0,0,0,0,0,0,0,0,0,0,0,0,0
bronze_Cannonball_Qwen2.5-Coder-32B-Instruct_7.cpp,WRONG_ANSWER,19,10.00%,0.120,2.0703125,0,18.51851851851852,0,0,0,0,0,0,0,0,0,0,0,0,0,0,0,0,0
