solution,status,score,%test passed,time,memory,subtask_0,subtask_1,subtask_10,subtask_2,subtask_3,subtask_4,subtask_5,subtask_6,subtask_7,subtask_8,subtask_9
bronze_Cowntact_Tracing_2_Mistral-Small-3.1-24B-2503_0.cpp,WRONG_ANSWER,100,33.33%,0.110,1.828125,0,33.33333333333333,0,33.33333333333333,0,33.33333333333333,0,0,0,0,0
bronze_Cowntact_Tracing_2_Mistral-Small-3.1-24B-2503_1.cpp,RUNTIME_ERROR,33,8.33%,0.110,1.828125,0,33.33333333333333,0,0,0,0,0,0,0,0,0
bronze_Cowntact_Tracing_2_Mistral-Small-3.1-24B-2503_2.cpp,RUNTIME_ERROR,33,8.33%,0.110,1.82421875,0,33.33333333333333,0,0,0,0,0,0,0,0,0
bronze_Cowntact_Tracing_2_Mistral-Small-3.1-24B-2503_3.cpp,WRONG_ANSWER,100,33.33%,0.120,1.82421875,0,33.33333333333333,0,33.33333333333333,0,33.33333333333333,0,0,0,0,0
bronze_Cowntact_Tracing_2_Mistral-Small-3.1-24B-2503_4.cpp,RUNTIME_ERROR,100,25.00%,0.110,1.82421875,0,33.33333333333333,33.33333333333333,0,0,0,0,0,0,33.33333333333333,0
bronze_Cowntact_Tracing_2_Mistral-Small-3.1-24B-2503_5.cpp,WRONG_ANSWER,100,33.33%,0.110,1.82421875,0,33.33333333333333,0,33.33333333333333,0,33.33333333333333,0,0,0,0,0
bronze_Cowntact_Tracing_2_Mistral-Small-3.1-24B-2503_6.cpp,RUNTIME_ERROR,100,25.00%,0.120,1.82421875,0,33.33333333333333,33.33333333333333,0,0,0,0,0,0,33.33333333333333,0
bronze_Cowntact_Tracing_2_Mistral-Small-3.1-24B-2503_7.cpp,WRONG_ANSWER,100,33.33%,0.110,1.82421875,0,33.33333333333333,0,33.33333333333333,0,33.33333333333333,0,0,0,0,0
