solution,status,score,%test passed,time,memory,subtask_0,subtask_1,subtask_10,subtask_2,subtask_3,subtask_4,subtask_5,subtask_6,subtask_7,subtask_8,subtask_9
silver_Moorbles_Qwen3-8B_0.cpp,COMPILATION_ERROR,0,0.00%,0.000,0,0,0,0,0,0,0,0,0,0,0,0
silver_Moorbles_Qwen3-8B_2.cpp,WRONG_ANSWER,67,33.33%,0.090,29.94921875,0,0,0,0,0,0,0,0,33.33333333333333,33.33333333333333,0
silver_Moorbles_Qwen3-8B_3.cpp,WRONG_ANSWER,67,33.33%,0.110,17.62890625,0,0,0,0,0,0,0,0,33.33333333333333,33.33333333333333,0
silver_Moorbles_Qwen3-8B_4.cpp,WRONG_ANSWER,67,33.33%,0.110,29.42578125,0,0,0,0,0,0,0,0,33.33333333333333,33.33333333333333,0
silver_Moorbles_Qwen3-8B_5.cpp,WRONG_ANSWER,67,33.33%,0.100,20.35546875,0,0,0,0,0,0,0,0,33.33333333333333,33.33333333333333,0
silver_Moorbles_Qwen3-8B_6.cpp,WRONG_ANSWER,67,33.33%,0.090,14.47265625,0,0,0,0,0,0,0,0,33.33333333333333,33.33333333333333,0
silver_Moorbles_Qwen3-8B_7.cpp,WRONG_ANSWER,0,8.33%,0.080,11.16015625,0,0,0,0,0,0,0,0,0,0,0
