solution,status,score,%test passed,time,memory,subtask_0,subtask_1,subtask_10,subtask_11,subtask_12,subtask_13,subtask_14,subtask_2,subtask_3,subtask_4,subtask_5,subtask_6,subtask_7,subtask_8,subtask_9
bronze_Majority_Opinion_Qwen3-4B_0.cpp,ACCEPTED,333,100.00%,0.090,8.37109375,0,23.809523809523807,23.809523809523807,23.809523809523807,23.809523809523807,23.809523809523807,23.809523809523807,23.809523809523807,23.809523809523807,23.809523809523807,23.809523809523807,23.809523809523807,23.809523809523807,23.809523809523807,23.809523809523807
bronze_Majority_Opinion_Qwen3-4B_1.cpp,ACCEPTED,333,100.00%,0.090,8.62109375,0,23.809523809523807,23.809523809523807,23.809523809523807,23.809523809523807,23.809523809523807,23.809523809523807,23.809523809523807,23.809523809523807,23.809523809523807,23.809523809523807,23.809523809523807,23.809523809523807,23.809523809523807,23.809523809523807
bronze_Majority_Opinion_Qwen3-4B_2.cpp,ACCEPTED,333,100.00%,0.070,6.9140625,0,23.809523809523807,23.809523809523807,23.809523809523807,23.809523809523807,23.809523809523807,23.809523809523807,23.809523809523807,23.809523809523807,23.809523809523807,23.809523809523807,23.809523809523807,23.809523809523807,23.809523809523807,23.809523809523807
bronze_Majority_Opinion_Qwen3-4B_3.cpp,ACCEPTED,333,100.00%,0.070,7.078125,0,23.809523809523807,23.809523809523807,23.809523809523807,23.809523809523807,23.809523809523807,23.809523809523807,23.809523809523807,23.809523809523807,23.809523809523807,23.809523809523807,23.809523809523807,23.809523809523807,23.809523809523807,23.809523809523807
bronze_Majority_Opinion_Qwen3-4B_4.cpp,TIME_LIMIT_EXCEEDED,143,46.67%,2.410,9.640625,0,23.809523809523807,0,0,0,0,0,23.809523809523807,23.809523809523807,23.809523809523807,23.809523809523807,23.809523809523807,0,0,0
bronze_Majority_Opinion_Qwen3-4B_5.cpp,WRONG_ANSWER,0,0.00%,0.080,5.18359375,0,0,0,0,0,0,0,0,0,0,0,0,0,0,0
bronze_Majority_Opinion_Qwen3-4B_6.cpp,WRONG_ANSWER,24,6.67%,0.080,4.28515625,0,23.809523809523807,0,0,0,0,0,0,0,0,0,0,0,0,0
bronze_Majority_Opinion_Qwen3-4B_7.cpp,TIME_LIMIT_EXCEEDED,0,0.00%,2.420,4.93359375,0,0,0,0,0,0,0,0,0,0,0,0,0,0,0
