solution,status,score,%test passed,time,memory,subtask_0,subtask_1,subtask_10,subtask_11,subtask_12,subtask_13,subtask_14,subtask_15,subtask_16,subtask_17,subtask_18,subtask_19,subtask_2,subtask_3,subtask_4,subtask_5,subtask_6,subtask_7,subtask_8,subtask_9
gold_Walking_in_Manhattan_Qwen3-4B_0.cpp,TIME_LIMIT_EXCEEDED,140,45.00%,2.420,11.1171875,0,17.543859649122805,0,0,0,0,0,0,0,0,0,0,17.543859649122805,17.543859649122805,17.543859649122805,17.543859649122805,17.543859649122805,17.543859649122805,17.543859649122805,0
gold_Walking_in_Manhattan_Qwen3-4B_1.cpp,TIME_LIMIT_EXCEEDED,140,45.00%,2.420,11.1171875,0,17.543859649122805,0,0,0,0,0,0,0,0,0,0,17.543859649122805,17.543859649122805,17.543859649122805,17.543859649122805,17.543859649122805,17.543859649122805,17.543859649122805,0
gold_Walking_in_Manhattan_Qwen3-4B_2.cpp,TIME_LIMIT_EXCEEDED,140,45.00%,2.420,10.0078125,0,17.543859649122805,0,0,0,0,0,0,0,0,0,0,17.543859649122805,17.543859649122805,17.543859649122805,17.543859649122805,17.543859649122805,17.543859649122805,17.543859649122805,0
gold_Walking_in_Manhattan_Qwen3-4B_3.cpp,TIME_LIMIT_EXCEEDED,0,0.00%,2.420,2.203125,0,0,0,0,0,0,0,0,0,0,0,0,0,0,0,0,0,0,0,0
gold_Walking_in_Manhattan_Qwen3-4B_4.cpp,TIME_LIMIT_EXCEEDED,140,45.00%,2.420,11.12109375,0,17.543859649122805,0,0,0,0,0,0,0,0,0,0,17.543859649122805,17.543859649122805,17.543859649122805,17.543859649122805,17.543859649122805,17.543859649122805,17.543859649122805,0
gold_Walking_in_Manhattan_Qwen3-4B_5.cpp,TIME_LIMIT_EXCEEDED,140,45.00%,2.430,11.1171875,0,17.543859649122805,0,0,0,0,0,0,0,0,0,0,17.543859649122805,17.543859649122805,17.543859649122805,17.543859649122805,17.543859649122805,17.543859649122805,17.543859649122805,0
gold_Walking_in_Manhattan_Qwen3-4B_6.cpp,TIME_LIMIT_EXCEEDED,0,0.00%,2.420,11.09375,0,0,0,0,0,0,0,0,0,0,0,0,0,0,0,0,0,0,0,0
gold_Walking_in_Manhattan_Qwen3-4B_7.cpp,TIME_LIMIT_EXCEEDED,140,45.00%,2.410,2.203125,0,17.543859649122805,0,0,0,0,0,0,0,0,0,0,17.543859649122805,17.543859649122805,17.543859649122805,17.543859649122805,17.543859649122805,17.543859649122805,17.543859649122805,0
