solution,status,score,%test passed,time,memory,subtask_0,subtask_1,subtask_10,subtask_11,subtask_2,subtask_3,subtask_4,subtask_5,subtask_6,subtask_7,subtask_8,subtask_9
bronze_Farmer_John_Actually_Farms_Qwen3-32B_0.cpp,ACCEPTED,333,100.00%,0.100,8.3828125,0,30.3030303030303,30.3030303030303,30.3030303030303,30.3030303030303,30.3030303030303,30.3030303030303,30.3030303030303,30.3030303030303,30.3030303030303,30.3030303030303,30.3030303030303
bronze_Farmer_John_Actually_Farms_Qwen3-32B_1.cpp,ACCEPTED,333,100.00%,0.090,8.78515625,0,30.3030303030303,30.3030303030303,30.3030303030303,30.3030303030303,30.3030303030303,30.3030303030303,30.3030303030303,30.3030303030303,30.3030303030303,30.3030303030303,30.3030303030303
bronze_Farmer_John_Actually_Farms_Qwen3-32B_2.cpp,ACCEPTED,333,100.00%,0.090,7.87109375,0,30.3030303030303,30.3030303030303,30.3030303030303,30.3030303030303,30.3030303030303,30.3030303030303,30.3030303030303,30.3030303030303,30.3030303030303,30.3030303030303,30.3030303030303
bronze_Farmer_John_Actually_Farms_Qwen3-32B_3.cpp,ACCEPTED,333,100.00%,0.090,4.953125,0,30.3030303030303,30.3030303030303,30.3030303030303,30.3030303030303,30.3030303030303,30.3030303030303,30.3030303030303,30.3030303030303,30.3030303030303,30.3030303030303,30.3030303030303
bronze_Farmer_John_Actually_Farms_Qwen3-32B_4.cpp,WRONG_ANSWER,0,15.38%,0.150,4.390625,0,0,0,0,0,0,0,0,0,0,0,0
bronze_Farmer_John_Actually_Farms_Qwen3-32B_5.cpp,ACCEPTED,333,100.00%,0.090,7.87109375,0,30.3030303030303,30.3030303030303,30.3030303030303,30.3030303030303,30.3030303030303,30.3030303030303,30.3030303030303,30.3030303030303,30.3030303030303,30.3030303030303,30.3030303030303
bronze_Farmer_John_Actually_Farms_Qwen3-32B_6.cpp,WRONG_ANSWER,30,23.08%,0.080,4.95703125,0,30.3030303030303,0,0,0,0,0,0,0,0,0,0
bronze_Farmer_John_Actually_Farms_Qwen3-32B_7.cpp,WRONG_ANSWER,30,23.08%,0.090,4.953125,0,30.3030303030303,0,0,0,0,0,0,0,0,0,0
