solution,status,score,%test passed,time,memory,subtask_0,subtask_1,subtask_10,subtask_11,subtask_12,subtask_13,subtask_14,subtask_15,subtask_16,subtask_2,subtask_3,subtask_4,subtask_5,subtask_6,subtask_7,subtask_8,subtask_9
gold_Minimum_Longest_Trip_Qwen3-32B_0.cpp,TIME_LIMIT_EXCEEDED,83,40.00%,2.260,50.32421875,0,0,0,0,0,0,0,0,0,0,20.833333333333332,20.833333333333332,20.833333333333332,20.833333333333332,0,0,0
gold_Minimum_Longest_Trip_Qwen3-32B_1.cpp,TIME_LIMIT_EXCEEDED,83,40.00%,2.300,21.05859375,0,0,0,0,0,0,0,0,0,0,20.833333333333332,20.833333333333332,20.833333333333332,20.833333333333332,0,0,0
gold_Minimum_Longest_Trip_Qwen3-32B_2.cpp,TIME_LIMIT_EXCEEDED,83,40.00%,2.240,21.83203125,0,0,0,0,0,0,0,0,0,0,20.833333333333332,20.833333333333332,20.833333333333332,20.833333333333332,0,0,0
gold_Minimum_Longest_Trip_Qwen3-32B_3.cpp,TIME_LIMIT_EXCEEDED,83,40.00%,2.240,21.8359375,0,0,0,0,0,0,0,0,0,0,20.833333333333332,20.833333333333332,20.833333333333332,20.833333333333332,0,0,0
gold_Minimum_Longest_Trip_Qwen3-32B_4.cpp,TIME_LIMIT_EXCEEDED,83,40.00%,2.240,21.83203125,0,0,0,0,0,0,0,0,0,0,20.833333333333332,20.833333333333332,20.833333333333332,20.833333333333332,0,0,0
gold_Minimum_Longest_Trip_Qwen3-32B_5.cpp,TIME_LIMIT_EXCEEDED,83,40.00%,2.230,21.0546875,0,0,0,0,0,0,0,0,0,0,20.833333333333332,20.833333333333332,20.833333333333332,20.833333333333332,0,0,0
gold_Minimum_Longest_Trip_Qwen3-32B_6.cpp,TIME_LIMIT_EXCEEDED,83,40.00%,2.220,35.23828125,0,0,0,0,0,0,0,0,0,0,20.833333333333332,20.833333333333332,20.833333333333332,20.833333333333332,0,0,0
gold_Minimum_Longest_Trip_Qwen3-32B_7.cpp,TIME_LIMIT_EXCEEDED,83,40.00%,2.240,23.12109375,0,0,0,0,0,0,0,0,0,0,20.833333333333332,20.833333333333332,20.833333333333332,20.833333333333332,0,0,0
