solution,status,score,%test passed,time,memory,subtask_0,subtask_1,subtask_10,subtask_11,subtask_12,subtask_2,subtask_3,subtask_4,subtask_5,subtask_6,subtask_7,subtask_8,subtask_9
silver_Target_Practice_Qwen3-32B_0.cpp,COMPILATION_ERROR,0,0.00%,0.000,0,0,0,0,0,0,0,0,0,0,0,0,0,0
silver_Target_Practice_Qwen3-32B_1.cpp,TIME_LIMIT_EXCEEDED,83,40.00%,2.230,13.51171875,0,27.777777777777775,0,0,0,27.777777777777775,27.777777777777775,0,0,0,0,0,0
silver_Target_Practice_Qwen3-32B_2.cpp,TIME_LIMIT_EXCEEDED,56,26.67%,2.220,10.76953125,0,27.777777777777775,0,0,0,27.777777777777775,0,0,0,0,0,0,0
silver_Target_Practice_Qwen3-32B_3.cpp,TIME_LIMIT_EXCEEDED,28,26.67%,2.230,13.92578125,0,27.777777777777775,0,0,0,0,0,0,0,0,0,0,0
silver_Target_Practice_Qwen3-32B_4.cpp,TIME_LIMIT_EXCEEDED,56,13.33%,2.230,8.52734375,0,27.777777777777775,0,0,0,27.777777777777775,0,0,0,0,0,0,0
silver_Target_Practice_Qwen3-32B_5.cpp,WRONG_ANSWER,83,40.00%,0.130,38.34375,0,27.777777777777775,0,0,0,0,27.777777777777775,0,0,0,27.777777777777775,0,0
silver_Target_Practice_Qwen3-32B_6.cpp,TIME_LIMIT_EXCEEDED,28,20.00%,2.230,8.3984375,0,27.777777777777775,0,0,0,0,0,0,0,0,0,0,0
silver_Target_Practice_Qwen3-32B_7.cpp,RUNTIME_ERROR,56,13.33%,0.060,10.05859375,0,27.777777777777775,0,0,0,0,0,27.777777777777775,0,0,0,0,0
