solution,status,score,%test passed,time,memory,subtask_0,subtask_1,subtask_10,subtask_11,subtask_12,subtask_13,subtask_14,subtask_15,subtask_2,subtask_3,subtask_4,subtask_5,subtask_6,subtask_7,subtask_8,subtask_9
silver_Bovine_Acrobatics_Qwen3-32B_0.cpp,WRONG_ANSWER,89,35.29%,0.080,5.9375,0,0,22.22222222222222,0,0,0,0,0,22.22222222222222,0,0,0,0,0,22.22222222222222,22.22222222222222
silver_Bovine_Acrobatics_Qwen3-32B_1.cpp,TIME_LIMIT_EXCEEDED,133,47.06%,2.240,7.484375,0,22.22222222222222,22.22222222222222,0,0,0,0,0,22.22222222222222,22.22222222222222,0,0,0,0,22.22222222222222,22.22222222222222
silver_Bovine_Acrobatics_Qwen3-32B_2.cpp,RUNTIME_ERROR,89,23.53%,0.120,19.5859375,0,0,22.22222222222222,0,0,0,0,0,22.22222222222222,0,0,0,0,0,22.22222222222222,22.22222222222222
silver_Bovine_Acrobatics_Qwen3-32B_3.cpp,RUNTIME_ERROR,89,23.53%,0.080,4.39453125,0,0,22.22222222222222,0,0,0,0,0,22.22222222222222,0,0,0,0,0,22.22222222222222,22.22222222222222
silver_Bovine_Acrobatics_Qwen3-32B_4.cpp,WRONG_ANSWER,0,5.88%,0.080,4.39453125,0,0,0,0,0,0,0,0,0,0,0,0,0,0,0,0
silver_Bovine_Acrobatics_Qwen3-32B_5.cpp,WRONG_ANSWER,89,35.29%,0.080,6.19140625,0,0,22.22222222222222,0,0,0,0,0,22.22222222222222,0,0,0,0,0,22.22222222222222,22.22222222222222
silver_Bovine_Acrobatics_Qwen3-32B_6.cpp,WRONG_ANSWER,89,35.29%,0.080,5.41796875,0,0,22.22222222222222,0,0,0,0,0,22.22222222222222,0,0,0,0,0,22.22222222222222,22.22222222222222
silver_Bovine_Acrobatics_Qwen3-32B_7.cpp,RUNTIME_ERROR,89,23.53%,0.120,22.953125,0,0,22.22222222222222,0,0,0,0,0,22.22222222222222,0,0,0,0,0,22.22222222222222,22.22222222222222
