solution,status,score,%test passed,time,memory,subtask_0,subtask_1,subtask_10,subtask_2,subtask_3,subtask_4,subtask_5,subtask_6,subtask_7,subtask_8,subtask_9
silver_Cake_Game_gemini-2.5-pro_0.cpp,TIME_LIMIT_EXCEEDED,33,18.18%,2.230,274.5234375,0,0,0,33.33333333333333,0,0,0,0,0,0,0
silver_Cake_Game_gemini-2.5-pro_1.cpp,WRONG_ANSWER,0,9.09%,0.180,6.12109375,0,0,0,0,0,0,0,0,0,0,0
silver_Cake_Game_gemini-2.5-pro_2.cpp,TIME_LIMIT_EXCEEDED,33,18.18%,2.280,280.7578125,0,0,0,33.33333333333333,0,0,0,0,0,0,0
silver_Cake_Game_gemini-2.5-pro_3.cpp,WRONG_ANSWER,33,18.18%,0.220,9.1953125,0,33.33333333333333,0,0,0,0,0,0,0,0,0
silver_Cake_Game_gemini-2.5-pro_4.cpp,TIME_LIMIT_EXCEEDED,0,9.09%,2.270,7.24609375,0,0,0,0,0,0,0,0,0,0,0
silver_Cake_Game_gemini-2.5-pro_5.cpp,TIME_LIMIT_EXCEEDED,33,18.18%,2.260,280.7578125,0,0,0,33.33333333333333,0,0,0,0,0,0,0
silver_Cake_Game_gemini-2.5-pro_6.cpp,ACCEPTED,333,100.00%,0.190,7.15234375,0,33.33333333333333,33.33333333333333,33.33333333333333,33.33333333333333,33.33333333333333,33.33333333333333,33.33333333333333,33.33333333333333,33.33333333333333,33.33333333333333
silver_Cake_Game_gemini-2.5-pro_7.cpp,COMPILATION_ERROR,0,0.00%,0.000,0,0,0,0,0,0,0,0,0,0,0,0
