solution,status,score,%test passed,time,memory,subtask_0,subtask_1,subtask_2,subtask_3,subtask_4,subtask_5,subtask_6,subtask_7,subtask_8,subtask_9
ones_deepseek-chat_0.cpp,WRONG_ANSWER,25,0.00%,0.230,1.953125,4.72823,4.07686,3.3626899999999997,2.89704,2.49904,2.03989,1.73442,1.4582600000000001,1.1255,0.8935700000000001
ones_deepseek-chat_1.cpp,WRONG_ANSWER,17,0.00%,0.210,2.046875,1.75455,1.7864900000000001,1.83253,1.86728,1.9021599999999999,1.9547800000000002,2.00464,2.06202,2.15511,0.0
ones_deepseek-chat_2.cpp,WRONG_ANSWER,25,0.00%,0.230,1.953125,4.72823,4.07686,3.3626899999999997,2.89704,2.49904,2.03989,1.73442,1.4582600000000001,1.1255,0.8935700000000001
ones_deepseek-chat_3.cpp,WRONG_ANSWER,25,0.00%,0.200,1.953125,4.72823,4.07686,3.3626899999999997,2.89704,2.49904,2.03989,1.73442,1.4582600000000001,1.1255,0.8935700000000001
ones_deepseek-chat_4.cpp,UNKNOWN,0,0.00%,0.000,0,0,0,0,0,0,0,0,0,0,0
ones_deepseek-chat_5.cpp,WRONG_ANSWER,20,0.00%,0.320,2.078125,1.81644,1.8197299999999998,1.8458299999999999,1.8745500000000002,1.90604,1.95621,2.00536,2.06244,2.15529,2.23312
ones_deepseek-chat_6.cpp,WRONG_ANSWER,25,0.00%,0.230,1.953125,4.72823,4.07686,3.3626899999999997,2.89704,2.49904,2.03989,1.73442,1.4582600000000001,1.1255,0.8935700000000001
ones_deepseek-chat_7.cpp,WRONG_ANSWER,0,0.00%,0.130,1.80859375,0.0,0.0,0.0,0.0,0.0,0.0,0.0,0.0,0.0,0.0
