solution,status,score,%test passed,time,memory,subtask_0,subtask_1,subtask_10,subtask_11,subtask_12,subtask_13,subtask_2,subtask_3,subtask_4,subtask_5,subtask_6,subtask_7,subtask_8,subtask_9
bronze_Milk_Exchange_Qwen2.5-Coder-14B-Instruct_0.cpp,TIME_LIMIT_EXCEEDED,51,12.50%,2.250,4.796875,0,0,0,0,0,25.64102564102564,0,0,25.64102564102564,0,0,0,0,0
bronze_Milk_Exchange_Qwen2.5-Coder-14B-Instruct_1.cpp,MEMORY_LIMIT_EXCEEDED,154,56.25%,0.480,279.2734375,0,25.64102564102564,0,0,0,25.64102564102564,25.64102564102564,25.64102564102564,25.64102564102564,25.64102564102564,0,0,0,0
bronze_Milk_Exchange_Qwen2.5-Coder-14B-Instruct_2.cpp,RUNTIME_ERROR,103,25.00%,0.170,4.0234375,0,0,25.64102564102564,0,0,25.64102564102564,0,0,25.64102564102564,25.64102564102564,0,0,0,0
bronze_Milk_Exchange_Qwen2.5-Coder-14B-Instruct_3.cpp,TIME_LIMIT_EXCEEDED,0,0.00%,2.280,6.34765625,0,0,0,0,0,0,0,0,0,0,0,0,0,0
bronze_Milk_Exchange_Qwen2.5-Coder-14B-Instruct_4.cpp,TIME_LIMIT_EXCEEDED,77,18.75%,2.310,7.12109375,0,0,0,0,0,25.64102564102564,0,0,25.64102564102564,25.64102564102564,0,0,0,0
bronze_Milk_Exchange_Qwen2.5-Coder-14B-Instruct_5.cpp,WRONG_ANSWER,103,37.50%,0.120,4.046875,0,0,25.64102564102564,0,0,25.64102564102564,0,0,25.64102564102564,25.64102564102564,0,0,0,0
bronze_Milk_Exchange_Qwen2.5-Coder-14B-Instruct_6.cpp,COMPILATION_ERROR,0,0.00%,0.000,0,0,0,0,0,0,0,0,0,0,0,0,0,0,0
bronze_Milk_Exchange_Qwen2.5-Coder-14B-Instruct_7.cpp,TIME_LIMIT_EXCEEDED,77,31.25%,2.260,7.6484375,0,0,0,0,0,25.64102564102564,0,0,25.64102564102564,25.64102564102564,0,0,0,0
