solution,status,score,%test passed,time,memory,subtask_0,subtask_1,subtask_10,subtask_11,subtask_12,subtask_2,subtask_3,subtask_4,subtask_5,subtask_6,subtask_7,subtask_8,subtask_9
gold_Bessla_Motors_Qwen2.5-Coder-14B-Instruct_0.cpp,TIME_LIMIT_EXCEEDED,0,0.00%,3.360,157.52734375,0,0,0,0,0,0,0,0,0,0,0,0,0
gold_Bessla_Motors_Qwen2.5-Coder-14B-Instruct_1.cpp,MEMORY_LIMIT_EXCEEDED,83,40.00%,0.310,277.41796875,0,27.777777777777775,0,0,0,27.777777777777775,0,0,27.777777777777775,0,0,0,0
gold_Bessla_Motors_Qwen2.5-Coder-14B-Instruct_2.cpp,TIME_LIMIT_EXCEEDED,0,0.00%,3.340,6.27734375,0,0,0,0,0,0,0,0,0,0,0,0,0
gold_Bessla_Motors_Qwen2.5-Coder-14B-Instruct_3.cpp,WRONG_ANSWER,250,80.00%,3.080,8.578125,0,27.777777777777775,27.777777777777775,0,27.777777777777775,27.777777777777775,27.777777777777775,27.777777777777775,0,0,27.777777777777775,27.777777777777775,27.777777777777775
gold_Bessla_Motors_Qwen2.5-Coder-14B-Instruct_4.cpp,COMPILATION_ERROR,0,0.00%,0.000,0,0,0,0,0,0,0,0,0,0,0,0,0,0
gold_Bessla_Motors_Qwen2.5-Coder-14B-Instruct_5.cpp,WRONG_ANSWER,250,80.00%,2.300,6.2109375,0,27.777777777777775,27.777777777777775,0,27.777777777777775,27.777777777777775,27.777777777777775,27.777777777777775,0,0,27.777777777777775,27.777777777777775,27.777777777777775
gold_Bessla_Motors_Qwen2.5-Coder-14B-Instruct_6.cpp,MEMORY_LIMIT_EXCEEDED,83,40.00%,0.250,265.5546875,0,27.777777777777775,0,0,0,27.777777777777775,0,0,27.777777777777775,0,0,0,0
gold_Bessla_Motors_Qwen2.5-Coder-14B-Instruct_7.cpp,TIME_LIMIT_EXCEEDED,56,33.33%,3.380,6.17578125,0,27.777777777777775,0,0,0,27.777777777777775,0,0,0,0,0,0,0
