solution,status,score,%test passed,time,memory,subtask_0,subtask_1,subtask_10,subtask_11,subtask_12,subtask_13,subtask_14,subtask_15,subtask_16,subtask_17,subtask_18,subtask_19,subtask_2,subtask_20,subtask_3,subtask_4,subtask_5,subtask_6,subtask_7,subtask_8,subtask_9
gold_Interstellar_Intervals_seed-oss_0.cpp,TIME_LIMIT_EXCEEDED,50,26.09%,2.430,29.87890625,0,16.666666666666664,0,0,0,0,0,0,0,0,0,0,16.666666666666664,0,16.666666666666664,0,0,0,0,0,0
gold_Interstellar_Intervals_seed-oss_1.cpp,TIME_LIMIT_EXCEEDED,50,26.09%,2.430,11.5234375,0,16.666666666666664,0,0,0,0,0,0,0,0,0,0,16.666666666666664,0,16.666666666666664,0,0,0,0,0,0
gold_Interstellar_Intervals_seed-oss_2.cpp,TIME_LIMIT_EXCEEDED,0,4.35%,2.430,9.71875,0,0,0,0,0,0,0,0,0,0,0,0,0,0,0,0,0,0,0,0,0
gold_Interstellar_Intervals_seed-oss_3.cpp,TIME_LIMIT_EXCEEDED,0,8.70%,2.420,83.9765625,0,0,0,0,0,0,0,0,0,0,0,0,0,0,0,0,0,0,0,0,0
gold_Interstellar_Intervals_seed-oss_4.cpp,TIME_LIMIT_EXCEEDED,50,26.09%,2.420,19.64453125,0,16.666666666666664,0,0,0,0,0,0,0,0,0,0,16.666666666666664,0,16.666666666666664,0,0,0,0,0,0
gold_Interstellar_Intervals_seed-oss_5.cpp,TIME_LIMIT_EXCEEDED,0,4.35%,2.450,13.4609375,0,0,0,0,0,0,0,0,0,0,0,0,0,0,0,0,0,0,0,0,0
gold_Interstellar_Intervals_seed-oss_6.cpp,TIME_LIMIT_EXCEEDED,50,26.09%,2.420,13.4296875,0,16.666666666666664,0,0,0,0,0,0,0,0,0,0,16.666666666666664,0,16.666666666666664,0,0,0,0,0,0
gold_Interstellar_Intervals_seed-oss_7.cpp,ACCEPTED,333,100.00%,0.090,39.46875,0,16.666666666666664,16.666666666666664,16.666666666666664,16.666666666666664,16.666666666666664,16.666666666666664,16.666666666666664,16.666666666666664,16.666666666666664,16.666666666666664,16.666666666666664,16.666666666666664,16.666666666666664,16.666666666666664,16.666666666666664,16.666666666666664,16.666666666666664,16.666666666666664,16.666666666666664,16.666666666666664
