solution,status,score,%test passed,time,memory,subtask_0,subtask_1,subtask_10,subtask_2,subtask_3,subtask_4,subtask_5,subtask_6,subtask_7,subtask_8,subtask_9
silver_Deforestation_seed-oss_0.cpp,ACCEPTED,333,100.00%,0.180,4.74609375,0,33.33333333333333,33.33333333333333,33.33333333333333,33.33333333333333,33.33333333333333,33.33333333333333,33.33333333333333,33.33333333333333,33.33333333333333,33.33333333333333
silver_Deforestation_seed-oss_1.cpp,ACCEPTED,333,100.00%,0.170,4.74609375,0,33.33333333333333,33.33333333333333,33.33333333333333,33.33333333333333,33.33333333333333,33.33333333333333,33.33333333333333,33.33333333333333,33.33333333333333,33.33333333333333
silver_Deforestation_seed-oss_2.cpp,ACCEPTED,333,100.00%,0.230,6.296875,0,33.33333333333333,33.33333333333333,33.33333333333333,33.33333333333333,33.33333333333333,33.33333333333333,33.33333333333333,33.33333333333333,33.33333333333333,33.33333333333333
silver_Deforestation_seed-oss_3.cpp,WRONG_ANSWER,100,36.36%,0.190,4.28515625,0,0,0,0,0,0,33.33333333333333,33.33333333333333,33.33333333333333,0,0
silver_Deforestation_seed-oss_4.cpp,ACCEPTED,333,100.00%,0.180,4.74609375,0,33.33333333333333,33.33333333333333,33.33333333333333,33.33333333333333,33.33333333333333,33.33333333333333,33.33333333333333,33.33333333333333,33.33333333333333,33.33333333333333
silver_Deforestation_seed-oss_5.cpp,COMPILATION_ERROR,0,0.00%,0.000,0,0,0,0,0,0,0,0,0,0,0,0
silver_Deforestation_seed-oss_6.cpp,ACCEPTED,333,100.00%,0.170,3.60546875,0,33.33333333333333,33.33333333333333,33.33333333333333,33.33333333333333,33.33333333333333,33.33333333333333,33.33333333333333,33.33333333333333,33.33333333333333,33.33333333333333
silver_Deforestation_seed-oss_7.cpp,WRONG_ANSWER,100,36.36%,0.180,4.6640625,0,0,0,0,0,0,33.33333333333333,33.33333333333333,33.33333333333333,0,0
