solution,status,score,%test passed,time,memory,subtask_0,subtask_1,subtask_10,subtask_11,subtask_12,subtask_13,subtask_14,subtask_15,subtask_16,subtask_17,subtask_18,subtask_2,subtask_3,subtask_4,subtask_5,subtask_6,subtask_7,subtask_8,subtask_9
bronze_Cannonball_Qwen2.5-Coder-14B-Instruct_0.cpp,TIME_LIMIT_EXCEEDED,167,55.00%,2.260,2.07421875,0,0,18.51851851851852,18.51851851851852,0,18.51851851851852,0,0,0,0,0,0,18.51851851851852,18.51851851851852,18.51851851851852,18.51851851851852,0,18.51851851851852,18.51851851851852
bronze_Cannonball_Qwen2.5-Coder-14B-Instruct_1.cpp,TIME_LIMIT_EXCEEDED,241,75.00%,2.290,2.07421875,0,0,18.51851851851852,18.51851851851852,0,18.51851851851852,18.51851851851852,18.51851851851852,0,0,0,18.51851851851852,18.51851851851852,18.51851851851852,18.51851851851852,18.51851851851852,18.51851851851852,18.51851851851852,18.51851851851852
bronze_Cannonball_Qwen2.5-Coder-14B-Instruct_2.cpp,TIME_LIMIT_EXCEEDED,0,5.00%,2.300,2.07421875,0,0,0,0,0,0,0,0,0,0,0,0,0,0,0,0,0,0,0
bronze_Cannonball_Qwen2.5-Coder-14B-Instruct_3.cpp,TIME_LIMIT_EXCEEDED,111,30.00%,2.270,2.07421875,0,0,0,0,0,0,18.51851851851852,18.51851851851852,0,0,0,18.51851851851852,0,18.51851851851852,18.51851851851852,0,18.51851851851852,0,0
bronze_Cannonball_Qwen2.5-Coder-14B-Instruct_4.cpp,TIME_LIMIT_EXCEEDED,167,55.00%,2.320,2.07421875,0,0,18.51851851851852,18.51851851851852,0,18.51851851851852,0,0,0,0,0,0,18.51851851851852,18.51851851851852,18.51851851851852,18.51851851851852,0,18.51851851851852,18.51851851851852
bronze_Cannonball_Qwen2.5-Coder-14B-Instruct_5.cpp,TIME_LIMIT_EXCEEDED,0,5.00%,2.330,2.07421875,0,0,0,0,0,0,0,0,0,0,0,0,0,0,0,0,0,0,0
bronze_Cannonball_Qwen2.5-Coder-14B-Instruct_6.cpp,TIME_LIMIT_EXCEEDED,56,15.00%,2.250,2.07421875,0,18.51851851851852,0,0,0,0,0,0,0,0,0,0,0,18.51851851851852,18.51851851851852,0,0,0,0
bronze_Cannonball_Qwen2.5-Coder-14B-Instruct_7.cpp,TIME_LIMIT_EXCEEDED,111,30.00%,2.300,2.07421875,0,0,0,0,0,0,18.51851851851852,18.51851851851852,0,0,0,18.51851851851852,0,18.51851851851852,18.51851851851852,0,18.51851851851852,0,0
