solution,status,score,%test passed,time,memory,subtask_0,subtask_1,subtask_2,subtask_3
milano_Qwen3-32B_0.cpp,ACCEPTED,110,100.00%,0.070,5.42578125,21,18,31,40
milano_Qwen3-32B_1.cpp,ACCEPTED,110,100.00%,0.150,6.69140625,21,18,31,40
milano_Qwen3-32B_2.cpp,ACCEPTED,110,100.00%,0.080,5.94140625,21,18,31,40
milano_Qwen3-32B_3.cpp,ACCEPTED,110,100.00%,0.130,5.66015625,21,18,31,40
milano_Qwen3-32B_4.cpp,ACCEPTED,110,100.00%,0.130,5.40234375,21,18,31,40
milano_Qwen3-32B_5.cpp,ACCEPTED,110,100.00%,0.130,6.1796875,21,18,31,40
milano_Qwen3-32B_6.cpp,ACCEPTED,110,100.00%,0.140,5.40234375,21,18,31,40
milano_Qwen3-32B_7.cpp,ACCEPTED,110,100.00%,0.070,5.42578125,21,18,31,40
