solution,status,score,%test passed,time,memory,subtask_0,subtask_1,subtask_10,subtask_11,subtask_12,subtask_2,subtask_3,subtask_4,subtask_5,subtask_6,subtask_7,subtask_8,subtask_9
bronze_Palindrome_Game_gpt-oss-20b-medium_0.cpp,ACCEPTED,333,100.00%,0.020,1.60546875,0,27.777777777777775,27.777777777777775,27.777777777777775,27.777777777777775,27.777777777777775,27.777777777777775,27.777777777777775,27.777777777777775,27.777777777777775,27.777777777777775,27.777777777777775,27.777777777777775
bronze_Palindrome_Game_gpt-oss-20b-medium_1.cpp,ACCEPTED,333,100.00%,0.020,1.64453125,0,27.777777777777775,27.777777777777775,27.777777777777775,27.777777777777775,27.777777777777775,27.777777777777775,27.777777777777775,27.777777777777775,27.777777777777775,27.777777777777775,27.777777777777775,27.777777777777775
bronze_Palindrome_Game_gpt-oss-20b-medium_2.cpp,ACCEPTED,333,100.00%,0.020,1.69921875,0,27.777777777777775,27.777777777777775,27.777777777777775,27.777777777777775,27.777777777777775,27.777777777777775,27.777777777777775,27.777777777777775,27.777777777777775,27.777777777777775,27.777777777777775,27.777777777777775
bronze_Palindrome_Game_gpt-oss-20b-medium_3.cpp,WRONG_ANSWER,0,7.69%,0.020,1.71875,0,0,0,0,0,0,0,0,0,0,0,0,0
bronze_Palindrome_Game_gpt-oss-20b-medium_4.cpp,WRONG_ANSWER,0,7.69%,0.020,1.5546875,0,0,0,0,0,0,0,0,0,0,0,0,0
bronze_Palindrome_Game_gpt-oss-20b-medium_5.cpp,ACCEPTED,333,100.00%,0.020,1.5546875,0,27.777777777777775,27.777777777777775,27.777777777777775,27.777777777777775,27.777777777777775,27.777777777777775,27.777777777777775,27.777777777777775,27.777777777777775,27.777777777777775,27.777777777777775,27.777777777777775
bronze_Palindrome_Game_gpt-oss-20b-medium_7.cpp,ACCEPTED,333,100.00%,0.020,1.703125,0,27.777777777777775,27.777777777777775,27.777777777777775,27.777777777777775,27.777777777777775,27.777777777777775,27.777777777777775,27.777777777777775,27.777777777777775,27.777777777777775,27.777777777777775,27.777777777777775
