solution,status,score,%test passed,time,memory,subtask_0,subtask_1,subtask_10,subtask_11,subtask_12,subtask_13,subtask_2,subtask_3,subtask_4,subtask_5,subtask_6,subtask_7,subtask_8,subtask_9
bronze_Milk_Exchange_gpt-oss-20b-medium_0.cpp,ACCEPTED,333,100.00%,0.040,21.578125,0,25.64102564102564,25.64102564102564,25.64102564102564,25.64102564102564,25.64102564102564,25.64102564102564,25.64102564102564,25.64102564102564,25.64102564102564,25.64102564102564,25.64102564102564,25.64102564102564,25.64102564102564
bronze_Milk_Exchange_gpt-oss-20b-medium_1.cpp,TIME_LIMIT_EXCEEDED,154,56.25%,2.430,6.140625,0,25.64102564102564,0,0,0,25.64102564102564,25.64102564102564,25.64102564102564,25.64102564102564,25.64102564102564,0,0,0,0
bronze_Milk_Exchange_gpt-oss-20b-medium_2.cpp,COMPILATION_ERROR,0,0.00%,0.000,0,0,0,0,0,0,0,0,0,0,0,0,0,0,0
bronze_Milk_Exchange_gpt-oss-20b-medium_3.cpp,RUNTIME_ERROR,77,18.75%,0.030,7.140625,0,0,25.64102564102564,0,0,25.64102564102564,0,0,25.64102564102564,0,0,0,0,0
bronze_Milk_Exchange_gpt-oss-20b-medium_4.cpp,TIME_LIMIT_EXCEEDED,128,50.00%,2.410,7.71875,0,25.64102564102564,0,0,0,0,25.64102564102564,25.64102564102564,25.64102564102564,25.64102564102564,0,0,0,0
bronze_Milk_Exchange_gpt-oss-20b-medium_5.cpp,ACCEPTED,333,100.00%,0.040,17.25390625,0,25.64102564102564,25.64102564102564,25.64102564102564,25.64102564102564,25.64102564102564,25.64102564102564,25.64102564102564,25.64102564102564,25.64102564102564,25.64102564102564,25.64102564102564,25.64102564102564,25.64102564102564
bronze_Milk_Exchange_gpt-oss-20b-medium_6.cpp,ACCEPTED,333,100.00%,0.030,4.88671875,0,25.64102564102564,25.64102564102564,25.64102564102564,25.64102564102564,25.64102564102564,25.64102564102564,25.64102564102564,25.64102564102564,25.64102564102564,25.64102564102564,25.64102564102564,25.64102564102564,25.64102564102564
bronze_Milk_Exchange_gpt-oss-20b-medium_7.cpp,ACCEPTED,333,100.00%,0.040,7.72265625,0,25.64102564102564,25.64102564102564,25.64102564102564,25.64102564102564,25.64102564102564,25.64102564102564,25.64102564102564,25.64102564102564,25.64102564102564,25.64102564102564,25.64102564102564,25.64102564102564,25.64102564102564
