solution,status,score,%test passed,time,memory,subtask_0,subtask_1,subtask_10,subtask_11,subtask_12,subtask_13,subtask_14,subtask_15,subtask_16,subtask_17,subtask_18,subtask_19,subtask_2,subtask_20,subtask_3,subtask_4,subtask_5,subtask_6,subtask_7,subtask_8,subtask_9
gold_Milk_Exchange_gpt-oss-20b-medium_0.cpp,RUNTIME_ERROR,0,0.00%,0.120,39.76953125,0,0,0,0,0,0,0,0,0,0,0,0,0,0,0,0,0,0,0,0,0
gold_Milk_Exchange_gpt-oss-20b-medium_1.cpp,ACCEPTED,333,100.00%,0.120,48.84375,0,16.666666666666664,16.666666666666664,16.666666666666664,16.666666666666664,16.666666666666664,16.666666666666664,16.666666666666664,16.666666666666664,16.666666666666664,16.666666666666664,16.666666666666664,16.666666666666664,16.666666666666664,16.666666666666664,16.666666666666664,16.666666666666664,16.666666666666664,16.666666666666664,16.666666666666664,16.666666666666664
gold_Milk_Exchange_gpt-oss-20b-medium_2.cpp,ACCEPTED,333,100.00%,0.140,35.796875,0,16.666666666666664,16.666666666666664,16.666666666666664,16.666666666666664,16.666666666666664,16.666666666666664,16.666666666666664,16.666666666666664,16.666666666666664,16.666666666666664,16.666666666666664,16.666666666666664,16.666666666666664,16.666666666666664,16.666666666666664,16.666666666666664,16.666666666666664,16.666666666666664,16.666666666666664,16.666666666666664
gold_Milk_Exchange_gpt-oss-20b-medium_3.cpp,RUNTIME_ERROR,0,0.00%,0.120,26.3125,0,0,0,0,0,0,0,0,0,0,0,0,0,0,0,0,0,0,0,0,0
gold_Milk_Exchange_gpt-oss-20b-medium_4.cpp,TIME_LIMIT_EXCEEDED,0,0.00%,2.560,21.41015625,0,0,0,0,0,0,0,0,0,0,0,0,0,0,0,0,0,0,0,0,0
gold_Milk_Exchange_gpt-oss-20b-medium_5.cpp,RUNTIME_ERROR,0,0.00%,0.160,32.03515625,0,0,0,0,0,0,0,0,0,0,0,0,0,0,0,0,0,0,0,0,0
gold_Milk_Exchange_gpt-oss-20b-medium_6.cpp,RUNTIME_ERROR,0,0.00%,0.270,51.11328125,0,0,0,0,0,0,0,0,0,0,0,0,0,0,0,0,0,0,0,0,0
gold_Milk_Exchange_gpt-oss-20b-medium_7.cpp,RUNTIME_ERROR,0,0.00%,0.140,39.76953125,0,0,0,0,0,0,0,0,0,0,0,0,0,0,0,0,0,0,0,0,0
