solution,status,score,%test passed,time,memory,subtask_0,subtask_1,subtask_10,subtask_11,subtask_12,subtask_2,subtask_3,subtask_4,subtask_5,subtask_6,subtask_7,subtask_8,subtask_9
gold_Bessla_Motors_gpt-oss-20b-medium_0.cpp,RUNTIME_ERROR,0,0.00%,0.040,9.52734375,0,0,0,0,0,0,0,0,0,0,0,0,0
gold_Bessla_Motors_gpt-oss-20b-medium_1.cpp,WRONG_ANSWER,306,93.33%,0.380,27.859375,0,27.777777777777775,27.777777777777775,27.777777777777775,27.777777777777775,27.777777777777775,27.777777777777775,27.777777777777775,0,27.777777777777775,27.777777777777775,27.777777777777775,27.777777777777775
gold_Bessla_Motors_gpt-oss-20b-medium_2.cpp,MEMORY_LIMIT_EXCEEDED,111,46.67%,0.490,141.78125,0,27.777777777777775,0,0,0,27.777777777777775,27.777777777777775,0,27.777777777777775,0,0,0,0
gold_Bessla_Motors_gpt-oss-20b-medium_3.cpp,MEMORY_LIMIT_EXCEEDED,0,20.00%,1.730,135.51953125,0,0,0,0,0,0,0,0,0,0,0,0,0
gold_Bessla_Motors_gpt-oss-20b-medium_4.cpp,WRONG_ANSWER,0,20.00%,0.480,31.18359375,0,0,0,0,0,0,0,0,0,0,0,0,0
gold_Bessla_Motors_gpt-oss-20b-medium_5.cpp,MEMORY_LIMIT_EXCEEDED,83,40.00%,2.830,304.05859375,0,27.777777777777775,0,0,0,27.777777777777775,27.777777777777775,0,0,0,0,0,0
gold_Bessla_Motors_gpt-oss-20b-medium_6.cpp,ACCEPTED,333,100.00%,0.430,27.82421875,0,27.777777777777775,27.777777777777775,27.777777777777775,27.777777777777775,27.777777777777775,27.777777777777775,27.777777777777775,27.777777777777775,27.777777777777775,27.777777777777775,27.777777777777775,27.777777777777775
gold_Bessla_Motors_gpt-oss-20b-medium_7.cpp,RUNTIME_ERROR,0,0.00%,0.040,9.40625,0,0,0,0,0,0,0,0,0,0,0,0,0
