solution,status,score,%test passed,time,memory,subtask_0,subtask_1,subtask_10,subtask_2,subtask_3,subtask_4,subtask_5,subtask_6,subtask_7,subtask_8,subtask_9
gold_Quantum_Moochanics_gpt-oss-20b-medium_0.cpp,RUNTIME_ERROR,33,16.67%,0.110,18.0625,0,33.33333333333333,0,0,0,0,0,0,0,0,0
gold_Quantum_Moochanics_gpt-oss-20b-medium_1.cpp,RUNTIME_ERROR,33,8.33%,0.090,4.91015625,0,33.33333333333333,0,0,0,0,0,0,0,0,0
gold_Quantum_Moochanics_gpt-oss-20b-medium_2.cpp,WRONG_ANSWER,33,16.67%,0.120,8.8828125,0,33.33333333333333,0,0,0,0,0,0,0,0,0
gold_Quantum_Moochanics_gpt-oss-20b-medium_4.cpp,WRONG_ANSWER,300,91.67%,0.140,13.50390625,0,33.33333333333333,33.33333333333333,33.33333333333333,33.33333333333333,0,33.33333333333333,33.33333333333333,33.33333333333333,33.33333333333333,33.33333333333333
gold_Quantum_Moochanics_gpt-oss-20b-medium_5.cpp,WRONG_ANSWER,33,25.00%,0.120,8.74609375,0,33.33333333333333,0,0,0,0,0,0,0,0,0
gold_Quantum_Moochanics_gpt-oss-20b-medium_7.cpp,WRONG_ANSWER,33,16.67%,0.160,11.21875,0,33.33333333333333,0,0,0,0,0,0,0,0,0
