solution,status,score,%test passed,time,memory,subtask_0,subtask_1,subtask_10,subtask_2,subtask_3,subtask_4,subtask_5,subtask_6,subtask_7,subtask_8,subtask_9
bronze_Air_Cownditioning_II_Mistral-Large-Instruct-2411_0.cpp,ACCEPTED,333,100.00%,0.110,0,0,33.33333333333333,33.33333333333333,33.33333333333333,33.33333333333333,33.33333333333333,33.33333333333333,33.33333333333333,33.33333333333333,33.33333333333333,33.33333333333333
bronze_Air_Cownditioning_II_Mistral-Large-Instruct-2411_1.cpp,ACCEPTED,333,100.00%,0.000,0,0,33.33333333333333,33.33333333333333,33.33333333333333,33.33333333333333,33.33333333333333,33.33333333333333,33.33333333333333,33.33333333333333,33.33333333333333,33.33333333333333
bronze_Air_Cownditioning_II_Mistral-Large-Instruct-2411_2.cpp,WRONG_ANSWER,0,0.00%,0.110,0.00390625,0,0,0,0,0,0,0,0,0,0,0
bronze_Air_Cownditioning_II_Mistral-Large-Instruct-2411_3.cpp,ACCEPTED,333,100.00%,0.110,0,0,33.33333333333333,33.33333333333333,33.33333333333333,33.33333333333333,33.33333333333333,33.33333333333333,33.33333333333333,33.33333333333333,33.33333333333333,33.33333333333333
bronze_Air_Cownditioning_II_Mistral-Large-Instruct-2411_4.cpp,WRONG_ANSWER,0,0.00%,0.550,0.00390625,0,0,0,0,0,0,0,0,0,0,0
bronze_Air_Cownditioning_II_Mistral-Large-Instruct-2411_5.cpp,COMPILATION_ERROR,0,0.00%,0.000,0,0,0,0,0,0,0,0,0,0,0,0
bronze_Air_Cownditioning_II_Mistral-Large-Instruct-2411_6.cpp,COMPILATION_ERROR,0,0.00%,0.000,0,0,0,0,0,0,0,0,0,0,0,0
bronze_Air_Cownditioning_II_Mistral-Large-Instruct-2411_7.cpp,ACCEPTED,333,100.00%,0.000,0,0,33.33333333333333,33.33333333333333,33.33333333333333,33.33333333333333,33.33333333333333,33.33333333333333,33.33333333333333,33.33333333333333,33.33333333333333,33.33333333333333
