solution,status,score,%test passed,time,memory,subtask_0,subtask_1,subtask_10,subtask_11,subtask_12,subtask_2,subtask_3,subtask_4,subtask_5,subtask_6,subtask_7,subtask_8,subtask_9
bronze_Roundabout_Rounding_gpt-o3-mini-high_0.cpp,WRONG_ANSWER,0,0.00%,0.120,0.00390625,0,0,0,0,0,0,0,0,0,0,0,0,0
bronze_Roundabout_Rounding_gpt-o3-mini-high_1.cpp,ACCEPTED,333,100.00%,0.150,0.00390625,0,27.777777777777775,27.777777777777775,27.777777777777775,27.777777777777775,27.777777777777775,27.777777777777775,27.777777777777775,27.777777777777775,27.777777777777775,27.777777777777775,27.777777777777775,27.777777777777775
bronze_Roundabout_Rounding_gpt-o3-mini-high_2.cpp,WRONG_ANSWER,0,0.00%,0.090,14.25390625,0,0,0,0,0,0,0,0,0,0,0,0,0
bronze_Roundabout_Rounding_gpt-o3-mini-high_3.cpp,ACCEPTED,333,100.00%,0.060,0.00390625,0,27.777777777777775,27.777777777777775,27.777777777777775,27.777777777777775,27.777777777777775,27.777777777777775,27.777777777777775,27.777777777777775,27.777777777777775,27.777777777777775,27.777777777777775,27.777777777777775
bronze_Roundabout_Rounding_gpt-o3-mini-high_4.cpp,ACCEPTED,333,100.00%,0.050,0.00390625,0,27.777777777777775,27.777777777777775,27.777777777777775,27.777777777777775,27.777777777777775,27.777777777777775,27.777777777777775,27.777777777777775,27.777777777777775,27.777777777777775,27.777777777777775,27.777777777777775
bronze_Roundabout_Rounding_gpt-o3-mini-high_5.cpp,ACCEPTED,333,100.00%,0.060,0.00390625,0,27.777777777777775,27.777777777777775,27.777777777777775,27.777777777777775,27.777777777777775,27.777777777777775,27.777777777777775,27.777777777777775,27.777777777777775,27.777777777777775,27.777777777777775,27.777777777777775
bronze_Roundabout_Rounding_gpt-o3-mini-high_6.cpp,ACCEPTED,333,100.00%,0.050,0.00390625,0,27.777777777777775,27.777777777777775,27.777777777777775,27.777777777777775,27.777777777777775,27.777777777777775,27.777777777777775,27.777777777777775,27.777777777777775,27.777777777777775,27.777777777777775,27.777777777777775
bronze_Roundabout_Rounding_gpt-o3-mini-high_7.cpp,ACCEPTED,333,100.00%,0.060,0.00390625,0,27.777777777777775,27.777777777777775,27.777777777777775,27.777777777777775,27.777777777777775,27.777777777777775,27.777777777777775,27.777777777777775,27.777777777777775,27.777777777777775,27.777777777777775,27.777777777777775
