solution,status,score,%test passed,time,memory,subtask_0,subtask_1,subtask_10,subtask_11,subtask_12,subtask_13,subtask_14,subtask_15,subtask_16,subtask_17,subtask_18,subtask_19,subtask_2,subtask_3,subtask_4,subtask_5,subtask_6,subtask_7,subtask_8,subtask_9
gold_Cowdependence_gpt-o3-mini-high_0.cpp,TIME_LIMIT_EXCEEDED,35,15.00%,2.240,5.42578125,0,17.543859649122805,0,0,0,0,0,0,0,0,0,0,17.543859649122805,0,0,0,0,0,0,0
gold_Cowdependence_gpt-o3-mini-high_1.cpp,TIME_LIMIT_EXCEEDED,158,50.00%,2.210,5.68359375,0,17.543859649122805,17.543859649122805,0,0,17.543859649122805,17.543859649122805,17.543859649122805,0,0,0,0,17.543859649122805,0,0,0,0,17.543859649122805,17.543859649122805,17.543859649122805
gold_Cowdependence_gpt-o3-mini-high_2.cpp,TIME_LIMIT_EXCEEDED,35,15.00%,2.230,5.421875,0,17.543859649122805,0,0,0,0,0,0,0,0,0,0,17.543859649122805,0,0,0,0,0,0,0
gold_Cowdependence_gpt-o3-mini-high_3.cpp,TIME_LIMIT_EXCEEDED,140,45.00%,2.240,5.65625,0,17.543859649122805,0,17.543859649122805,17.543859649122805,0,0,0,0,0,0,0,17.543859649122805,17.543859649122805,17.543859649122805,17.543859649122805,17.543859649122805,0,0,0
gold_Cowdependence_gpt-o3-mini-high_4.cpp,TIME_LIMIT_EXCEEDED,193,60.00%,2.230,6.44921875,0,17.543859649122805,17.543859649122805,17.543859649122805,17.543859649122805,17.543859649122805,17.543859649122805,17.543859649122805,0,0,0,0,17.543859649122805,0,0,0,0,17.543859649122805,17.543859649122805,17.543859649122805
gold_Cowdependence_gpt-o3-mini-high_5.cpp,TIME_LIMIT_EXCEEDED,175,55.00%,2.230,6.453125,0,17.543859649122805,17.543859649122805,0,17.543859649122805,17.543859649122805,17.543859649122805,17.543859649122805,0,0,0,0,17.543859649122805,0,0,0,0,17.543859649122805,17.543859649122805,17.543859649122805
gold_Cowdependence_gpt-o3-mini-high_6.cpp,TIME_LIMIT_EXCEEDED,123,40.00%,2.230,5.33984375,0,17.543859649122805,0,17.543859649122805,0,0,0,0,0,0,0,0,17.543859649122805,17.543859649122805,17.543859649122805,17.543859649122805,17.543859649122805,0,0,0
gold_Cowdependence_gpt-o3-mini-high_7.cpp,ACCEPTED,333,100.00%,0.350,6.45703125,0,17.543859649122805,17.543859649122805,17.543859649122805,17.543859649122805,17.543859649122805,17.543859649122805,17.543859649122805,17.543859649122805,17.543859649122805,17.543859649122805,17.543859649122805,17.543859649122805,17.543859649122805,17.543859649122805,17.543859649122805,17.543859649122805,17.543859649122805,17.543859649122805,17.543859649122805
