solution,status,score,%test passed,time,memory,subtask_0,subtask_1,subtask_10,subtask_11,subtask_12,subtask_13,subtask_14,subtask_2,subtask_3,subtask_4,subtask_5,subtask_6,subtask_7,subtask_8,subtask_9
platinum_Its_Mooin_Time_gpt-o3-mini-high_0.cpp,TIME_LIMIT_EXCEEDED,48,33.33%,3.330,12.16796875,0,23.809523809523807,0,0,0,0,0,23.809523809523807,0,0,0,0,0,0,0
platinum_Its_Mooin_Time_gpt-o3-mini-high_1.cpp,WRONG_ANSWER,71,33.33%,0.080,11.1953125,0,0,0,0,0,0,0,23.809523809523807,23.809523809523807,0,0,23.809523809523807,0,0,0
platinum_Its_Mooin_Time_gpt-o3-mini-high_2.cpp,WRONG_ANSWER,71,33.33%,0.080,8.90625,0,0,0,0,0,0,0,23.809523809523807,23.809523809523807,0,0,23.809523809523807,0,0,0
platinum_Its_Mooin_Time_gpt-o3-mini-high_3.cpp,TIME_LIMIT_EXCEEDED,48,33.33%,3.320,16.55078125,0,23.809523809523807,0,0,0,0,0,23.809523809523807,0,0,0,0,0,0,0
platinum_Its_Mooin_Time_gpt-o3-mini-high_4.cpp,WRONG_ANSWER,71,33.33%,0.080,11.19140625,0,0,0,0,0,0,0,23.809523809523807,23.809523809523807,0,0,23.809523809523807,0,0,0
platinum_Its_Mooin_Time_gpt-o3-mini-high_5.cpp,RUNTIME_ERROR,24,11.11%,0.250,62.8515625,0,0,0,0,0,0,0,23.809523809523807,0,0,0,0,0,0,0
platinum_Its_Mooin_Time_gpt-o3-mini-high_6.cpp,WRONG_ANSWER,71,33.33%,0.080,11.1953125,0,0,0,0,0,0,0,23.809523809523807,23.809523809523807,0,0,23.809523809523807,0,0,0
platinum_Its_Mooin_Time_gpt-o3-mini-high_7.cpp,WRONG_ANSWER,71,33.33%,0.080,8.90234375,0,0,0,0,0,0,0,23.809523809523807,23.809523809523807,0,0,23.809523809523807,0,0,0
