solution,status,score,%test passed,time,memory,subtask_0,subtask_1,subtask_2,subtask_3,subtask_4,subtask_5,subtask_6,subtask_7,subtask_8,subtask_9
ones_gpt-oss-120b-low_0.cpp,WRONG_ANSWER,3,0.00%,0.120,1.94921875,0.00403,0.00719,0.015809999999999998,0.02895,0.052890000000000006,0.11624000000000001,0.20967,0.37653,0.81424,1.4774
ones_gpt-oss-120b-low_1.cpp,WRONG_ANSWER,3,0.00%,0.120,1.94921875,0.00403,0.00719,0.015809999999999998,0.02895,0.052890000000000006,0.11624000000000001,0.20967,0.37653,0.81424,1.4774
ones_gpt-oss-120b-low_2.cpp,UNKNOWN,0,0.00%,0.000,0,0,0,0,0,0,0,0,0,0,0
ones_gpt-oss-120b-low_3.cpp,WRONG_ANSWER,20,0.00%,0.130,1.80859375,1.74569,1.7815800000000002,1.83025,1.8659899999999998,1.90143,1.95442,2.00443,2.06189,2.15504,2.23298
ones_gpt-oss-120b-low_4.cpp,WRONG_ANSWER,3,0.00%,0.120,1.94921875,0.00362,0.00681,0.015510000000000001,0.02866,0.05259,0.11599,0.20944000000000002,0.37631,0.81403,1.47723
ones_gpt-oss-120b-low_5.cpp,WRONG_ANSWER,3,0.00%,0.120,1.953125,0.00403,0.00719,0.015809999999999998,0.02895,0.052890000000000006,0.11624000000000001,0.20967,0.37653,0.81424,1.4774
ones_gpt-oss-120b-low_6.cpp,WRONG_ANSWER,3,0.00%,0.120,1.94921875,0.00403,0.00719,0.015809999999999998,0.02895,0.052890000000000006,0.11624000000000001,0.20967,0.37653,0.81424,1.4774
ones_gpt-oss-120b-low_7.cpp,WRONG_ANSWER,3,0.00%,0.120,1.94921875,0.00403,0.00719,0.015809999999999998,0.02895,0.052890000000000006,0.11624000000000001,0.20967,0.37653,0.81424,1.4774
