solution,status,score,%test passed,time,memory,subtask_0,subtask_1,subtask_10,subtask_11,subtask_2,subtask_3,subtask_4,subtask_5,subtask_6,subtask_7,subtask_8,subtask_9
bronze_Farmer_John_Actually_Farms_Qwen3-4B_0.cpp,COMPILATION_ERROR,0,0.00%,0.000,0,0,0,0,0,0,0,0,0,0,0,0,0
bronze_Farmer_John_Actually_Farms_Qwen3-4B_1.cpp,ACCEPTED,333,100.00%,0.130,4.93359375,0,30.3030303030303,30.3030303030303,30.3030303030303,30.3030303030303,30.3030303030303,30.3030303030303,30.3030303030303,30.3030303030303,30.3030303030303,30.3030303030303,30.3030303030303
bronze_Farmer_John_Actually_Farms_Qwen3-4B_2.cpp,WRONG_ANSWER,0,15.38%,0.070,8.4921875,0,0,0,0,0,0,0,0,0,0,0,0
bronze_Farmer_John_Actually_Farms_Qwen3-4B_3.cpp,WRONG_ANSWER,303,92.31%,0.060,4.94921875,0,30.3030303030303,30.3030303030303,30.3030303030303,30.3030303030303,0,30.3030303030303,30.3030303030303,30.3030303030303,30.3030303030303,30.3030303030303,30.3030303030303
bronze_Farmer_John_Actually_Farms_Qwen3-4B_4.cpp,WRONG_ANSWER,212,69.23%,0.120,5.984375,0,30.3030303030303,30.3030303030303,30.3030303030303,30.3030303030303,0,0,0,0,30.3030303030303,30.3030303030303,30.3030303030303
bronze_Farmer_John_Actually_Farms_Qwen3-4B_5.cpp,RUNTIME_ERROR,0,0.00%,0.130,4.9296875,0,0,0,0,0,0,0,0,0,0,0,0
bronze_Farmer_John_Actually_Farms_Qwen3-4B_6.cpp,WRONG_ANSWER,303,92.31%,0.100,14.6015625,0,30.3030303030303,30.3030303030303,30.3030303030303,30.3030303030303,0,30.3030303030303,30.3030303030303,30.3030303030303,30.3030303030303,30.3030303030303,30.3030303030303
bronze_Farmer_John_Actually_Farms_Qwen3-4B_7.cpp,COMPILATION_ERROR,0,0.00%,0.000,0,0,0,0,0,0,0,0,0,0,0,0,0
