solution,status,score,%test passed,time,memory,subtask_0,subtask_1,subtask_10,subtask_11,subtask_12,subtask_13,subtask_14,subtask_15,subtask_2,subtask_3,subtask_4,subtask_5,subtask_6,subtask_7,subtask_8,subtask_9
gold_Haybale_Distribution_Qwen3-4B_0.cpp,WRONG_ANSWER,22,12.50%,0.280,3.62109375,0,22.22222222222222,0,0,0,0,0,0,0,0,0,0,0,0,0,0
gold_Haybale_Distribution_Qwen3-4B_1.cpp,WRONG_ANSWER,44,18.75%,0.230,3.6171875,0,22.22222222222222,0,0,0,0,0,0,22.22222222222222,0,0,0,0,0,0,0
gold_Haybale_Distribution_Qwen3-4B_2.cpp,COMPILATION_ERROR,0,0.00%,0.000,0,0,0,0,0,0,0,0,0,0,0,0,0,0,0,0,0
gold_Haybale_Distribution_Qwen3-4B_3.cpp,WRONG_ANSWER,44,18.75%,0.310,3.6171875,0,22.22222222222222,0,0,0,0,0,0,22.22222222222222,0,0,0,0,0,0,0
gold_Haybale_Distribution_Qwen3-4B_4.cpp,WRONG_ANSWER,44,18.75%,0.270,3.62109375,0,22.22222222222222,0,0,0,0,0,0,22.22222222222222,0,0,0,0,0,0,0
gold_Haybale_Distribution_Qwen3-4B_5.cpp,WRONG_ANSWER,111,37.50%,0.240,3.6171875,0,22.22222222222222,0,0,0,0,0,0,22.22222222222222,22.22222222222222,22.22222222222222,22.22222222222222,0,0,0,0
gold_Haybale_Distribution_Qwen3-4B_6.cpp,ACCEPTED,333,100.00%,0.270,3.62109375,0,22.22222222222222,22.22222222222222,22.22222222222222,22.22222222222222,22.22222222222222,22.22222222222222,22.22222222222222,22.22222222222222,22.22222222222222,22.22222222222222,22.22222222222222,22.22222222222222,22.22222222222222,22.22222222222222,22.22222222222222
gold_Haybale_Distribution_Qwen3-4B_7.cpp,WRONG_ANSWER,111,37.50%,0.270,3.62109375,0,22.22222222222222,0,0,0,0,0,0,22.22222222222222,22.22222222222222,22.22222222222222,22.22222222222222,0,0,0,0
