solution,status,score,%test passed,time,memory,subtask_0,subtask_1,subtask_10,subtask_11,subtask_12,subtask_13,subtask_14,subtask_15,subtask_2,subtask_3,subtask_4,subtask_5,subtask_6,subtask_7,subtask_8,subtask_9
silver_Bovine_Acrobatics_Qwen3-4B_0.cpp,MEMORY_LIMIT_EXCEEDED,44,11.76%,0.320,135.29296875,0,0,0,0,0,0,0,0,0,0,0,0,0,0,22.22222222222222,22.22222222222222
silver_Bovine_Acrobatics_Qwen3-4B_1.cpp,MEMORY_LIMIT_EXCEEDED,200,64.71%,1.200,306.03125,0,22.22222222222222,0,0,0,0,0,0,22.22222222222222,22.22222222222222,22.22222222222222,22.22222222222222,22.22222222222222,22.22222222222222,22.22222222222222,22.22222222222222
silver_Bovine_Acrobatics_Qwen3-4B_2.cpp,RUNTIME_ERROR,0,0.00%,0.140,3.1015625,0,0,0,0,0,0,0,0,0,0,0,0,0,0,0,0
silver_Bovine_Acrobatics_Qwen3-4B_3.cpp,MEMORY_LIMIT_EXCEEDED,67,17.65%,0.210,131.078125,0,0,0,0,0,0,0,0,22.22222222222222,0,0,0,0,0,22.22222222222222,22.22222222222222
silver_Bovine_Acrobatics_Qwen3-4B_4.cpp,WRONG_ANSWER,89,35.29%,0.150,7.73828125,0,0,22.22222222222222,0,0,0,0,0,22.22222222222222,0,0,0,0,0,22.22222222222222,22.22222222222222
silver_Bovine_Acrobatics_Qwen3-4B_5.cpp,TIME_LIMIT_EXCEEDED,178,58.82%,2.410,131.0546875,0,22.22222222222222,0,0,0,0,0,0,22.22222222222222,22.22222222222222,22.22222222222222,22.22222222222222,22.22222222222222,0,22.22222222222222,22.22222222222222
silver_Bovine_Acrobatics_Qwen3-4B_6.cpp,MEMORY_LIMIT_EXCEEDED,67,17.65%,1.290,306.03125,0,0,0,0,0,0,0,0,22.22222222222222,0,0,0,0,0,22.22222222222222,22.22222222222222
silver_Bovine_Acrobatics_Qwen3-4B_7.cpp,MEMORY_LIMIT_EXCEEDED,200,64.71%,1.210,306.02734375,0,22.22222222222222,0,0,0,0,0,0,22.22222222222222,22.22222222222222,22.22222222222222,22.22222222222222,22.22222222222222,22.22222222222222,22.22222222222222,22.22222222222222
