solution,status,score,relative_score,%test passed,time,memory,subtask_0,subtask_1,subtask_10,subtask_11,subtask_12,subtask_13,subtask_14,subtask_15,subtask_16,subtask_17,subtask_18,subtask_19,subtask_2,subtask_20,subtask_3,subtask_4,subtask_5,subtask_6,subtask_7,subtask_8,subtask_9
gold_Fertilizing_Pastures_gpt-oss-120b-medium_0.cpp,WRONG_ANSWER,133,41.56%,40.91%,0.150,34.53125,0,16.666666666666664,0,0,0,0,0,0,0,0,0,0,16.666666666666664,0,16.666666666666664,16.666666666666664,16.666666666666664,16.666666666666664,16.666666666666664,16.666666666666664,0
gold_Fertilizing_Pastures_gpt-oss-120b-medium_1.cpp,RUNTIME_ERROR,0,0.00%,0.00%,0.130,34.55078125,0,0,0,0,0,0,0,0,0,0,0,0,0,0,0,0,0,0,0,0,0
gold_Fertilizing_Pastures_gpt-oss-120b-medium_2.cpp,WRONG_ANSWER,133,41.56%,40.91%,0.120,19.08203125,0,16.666666666666664,0,0,0,0,0,0,0,0,0,0,16.666666666666664,0,16.666666666666664,16.666666666666664,16.666666666666664,16.666666666666664,16.666666666666664,16.666666666666664,0
gold_Fertilizing_Pastures_gpt-oss-120b-medium_3.cpp,RUNTIME_ERROR,0,0.00%,0.00%,0.150,33.8515625,0,0,0,0,0,0,0,0,0,0,0,0,0,0,0,0,0,0,0,0,0
gold_Fertilizing_Pastures_gpt-oss-120b-medium_4.cpp,WRONG_ANSWER,133,41.56%,40.91%,0.150,42.73046875,0,16.666666666666664,0,0,0,0,0,0,0,0,0,0,16.666666666666664,0,16.666666666666664,16.666666666666664,16.666666666666664,16.666666666666664,16.666666666666664,16.666666666666664,0
gold_Fertilizing_Pastures_gpt-oss-120b-medium_5.cpp,WRONG_ANSWER,133,41.56%,40.91%,0.130,28.19921875,0,16.666666666666664,0,0,0,0,0,0,0,0,0,0,16.666666666666664,0,16.666666666666664,16.666666666666664,16.666666666666664,16.666666666666664,16.666666666666664,16.666666666666664,0
gold_Fertilizing_Pastures_gpt-oss-120b-medium_6.cpp,RUNTIME_ERROR,0,0.00%,0.00%,0.170,41.05078125,0,0,0,0,0,0,0,0,0,0,0,0,0,0,0,0,0,0,0,0,0
gold_Fertilizing_Pastures_gpt-oss-120b-medium_7.cpp,WRONG_ANSWER,133,41.56%,40.91%,0.150,23.1640625,0,16.666666666666664,0,0,0,0,0,0,0,0,0,0,16.666666666666664,0,16.666666666666664,16.666666666666664,16.666666666666664,16.666666666666664,16.666666666666664,16.666666666666664,0
