solution,status,score,relative_score,%test passed,time,memory,subtask_0,subtask_1,subtask_10,subtask_2,subtask_3,subtask_4,subtask_5,subtask_6,subtask_7,subtask_8,subtask_9
silver_Bakery_gpt-oss-120b-medium_0.cpp,WRONG_ANSWER,0,0.00%,0.00%,0.050,0.00390625,0,0,0,0,0,0,0,0,0,0,0
silver_Bakery_gpt-oss-120b-medium_1.cpp,ACCEPTED,333,100.91%,100.00%,0.120,1.921875,0,33.33333333333333,33.33333333333333,33.33333333333333,33.33333333333333,33.33333333333333,33.33333333333333,33.33333333333333,33.33333333333333,33.33333333333333,33.33333333333333
silver_Bakery_gpt-oss-120b-medium_2.cpp,WRONG_ANSWER,0,0.00%,0.00%,0.050,0.00390625,0,0,0,0,0,0,0,0,0,0,0
silver_Bakery_gpt-oss-120b-medium_3.cpp,ACCEPTED,333,100.91%,100.00%,0.050,0.00390625,0,33.33333333333333,33.33333333333333,33.33333333333333,33.33333333333333,33.33333333333333,33.33333333333333,33.33333333333333,33.33333333333333,33.33333333333333,33.33333333333333
silver_Bakery_gpt-oss-120b-medium_4.cpp,WRONG_ANSWER,33,10.00%,18.18%,0.550,1.6484375,0,0,33.33333333333333,0,0,0,0,0,0,0,0
silver_Bakery_gpt-oss-120b-medium_5.cpp,ACCEPTED,333,100.91%,100.00%,0.050,0.00390625,0,33.33333333333333,33.33333333333333,33.33333333333333,33.33333333333333,33.33333333333333,33.33333333333333,33.33333333333333,33.33333333333333,33.33333333333333,33.33333333333333
silver_Bakery_gpt-oss-120b-medium_6.cpp,WRONG_ANSWER,0,0.00%,9.09%,0.060,0.00390625,0,0,0,0,0,0,0,0,0,0,0
silver_Bakery_gpt-oss-120b-medium_7.cpp,ACCEPTED,333,100.91%,100.00%,0.050,0.00390625,0,33.33333333333333,33.33333333333333,33.33333333333333,33.33333333333333,33.33333333333333,33.33333333333333,33.33333333333333,33.33333333333333,33.33333333333333,33.33333333333333
