solution,status,score,relative_score,%test passed,time,memory,subtask_0,subtask_1,subtask_10,subtask_2,subtask_3,subtask_4,subtask_5,subtask_6,subtask_7,subtask_8,subtask_9
silver_Cow-libi_gpt-oss-120b-medium_0.cpp,ACCEPTED,333,100.91%,100.00%,0.100,3.6171875,0,33.33333333333333,33.33333333333333,33.33333333333333,33.33333333333333,33.33333333333333,33.33333333333333,33.33333333333333,33.33333333333333,33.33333333333333,33.33333333333333
silver_Cow-libi_gpt-oss-120b-medium_1.cpp,ACCEPTED,333,100.91%,100.00%,0.100,4.390625,0,33.33333333333333,33.33333333333333,33.33333333333333,33.33333333333333,33.33333333333333,33.33333333333333,33.33333333333333,33.33333333333333,33.33333333333333,33.33333333333333
silver_Cow-libi_gpt-oss-120b-medium_2.cpp,WRONG_ANSWER,0,0.00%,0.00%,0.250,21.98046875,0,0,0,0,0,0,0,0,0,0,0
silver_Cow-libi_gpt-oss-120b-medium_3.cpp,ACCEPTED,333,100.91%,100.00%,0.100,5.9375,0,33.33333333333333,33.33333333333333,33.33333333333333,33.33333333333333,33.33333333333333,33.33333333333333,33.33333333333333,33.33333333333333,33.33333333333333,33.33333333333333
silver_Cow-libi_gpt-oss-120b-medium_4.cpp,ACCEPTED,333,100.91%,100.00%,0.110,3.6171875,0,33.33333333333333,33.33333333333333,33.33333333333333,33.33333333333333,33.33333333333333,33.33333333333333,33.33333333333333,33.33333333333333,33.33333333333333,33.33333333333333
silver_Cow-libi_gpt-oss-120b-medium_5.cpp,ACCEPTED,333,100.91%,100.00%,0.100,4.390625,0,33.33333333333333,33.33333333333333,33.33333333333333,33.33333333333333,33.33333333333333,33.33333333333333,33.33333333333333,33.33333333333333,33.33333333333333,33.33333333333333
silver_Cow-libi_gpt-oss-120b-medium_6.cpp,ACCEPTED,333,100.91%,100.00%,0.100,3.6171875,0,33.33333333333333,33.33333333333333,33.33333333333333,33.33333333333333,33.33333333333333,33.33333333333333,33.33333333333333,33.33333333333333,33.33333333333333,33.33333333333333
silver_Cow-libi_gpt-oss-120b-medium_7.cpp,ACCEPTED,333,100.91%,100.00%,0.110,3.6171875,0,33.33333333333333,33.33333333333333,33.33333333333333,33.33333333333333,33.33333333333333,33.33333333333333,33.33333333333333,33.33333333333333,33.33333333333333,33.33333333333333
