solution,status,score,%test passed,time,memory,subtask_0,subtask_1,subtask_10,subtask_2,subtask_3,subtask_4,subtask_5,subtask_6,subtask_7,subtask_8,subtask_9
bronze_Its_Mooin_Time_II_Qwen3-14B_0.cpp,WRONG_ANSWER,0,9.09%,0.360,30.63671875,0,0,0,0,0,0,0,0,0,0,0
bronze_Its_Mooin_Time_II_Qwen3-14B_1.cpp,WRONG_ANSWER,0,9.09%,0.630,27.3359375,0,0,0,0,0,0,0,0,0,0,0
bronze_Its_Mooin_Time_II_Qwen3-14B_2.cpp,WRONG_ANSWER,0,9.09%,1.250,43.578125,0,0,0,0,0,0,0,0,0,0,0
bronze_Its_Mooin_Time_II_Qwen3-14B_3.cpp,WRONG_ANSWER,0,9.09%,0.300,25.3515625,0,0,0,0,0,0,0,0,0,0,0
bronze_Its_Mooin_Time_II_Qwen3-14B_4.cpp,WRONG_ANSWER,0,9.09%,0.200,16.76953125,0,0,0,0,0,0,0,0,0,0,0
bronze_Its_Mooin_Time_II_Qwen3-14B_5.cpp,WRONG_ANSWER,0,9.09%,0.190,16.76953125,0,0,0,0,0,0,0,0,0,0,0
bronze_Its_Mooin_Time_II_Qwen3-14B_6.cpp,ACCEPTED,333,100.00%,0.420,34.33203125,0,33.33333333333333,33.33333333333333,33.33333333333333,33.33333333333333,33.33333333333333,33.33333333333333,33.33333333333333,33.33333333333333,33.33333333333333,33.33333333333333
bronze_Its_Mooin_Time_II_Qwen3-14B_7.cpp,ACCEPTED,333,100.00%,0.540,44.62890625,0,33.33333333333333,33.33333333333333,33.33333333333333,33.33333333333333,33.33333333333333,33.33333333333333,33.33333333333333,33.33333333333333,33.33333333333333,33.33333333333333
