solution,status,score,%test passed,time,memory,subtask_0,subtask_1,subtask_10,subtask_11,subtask_12,subtask_13,subtask_14,subtask_15,subtask_16,subtask_17,subtask_18,subtask_19,subtask_2,subtask_20,subtask_3,subtask_4,subtask_5,subtask_6,subtask_7,subtask_8,subtask_9
silver_Cow_Checkups_Qwen3-14B_0.cpp,TIME_LIMIT_EXCEEDED,100,39.13%,2.370,33.21484375,0,16.666666666666664,0,0,0,0,0,0,0,0,0,0,16.666666666666664,0,16.666666666666664,16.666666666666664,16.666666666666664,16.666666666666664,0,0,0
silver_Cow_Checkups_Qwen3-14B_1.cpp,TIME_LIMIT_EXCEEDED,100,39.13%,2.270,26.30859375,0,16.666666666666664,0,0,0,0,0,0,0,0,0,0,16.666666666666664,0,16.666666666666664,16.666666666666664,16.666666666666664,16.666666666666664,0,0,0
silver_Cow_Checkups_Qwen3-14B_2.cpp,COMPILATION_ERROR,0,0.00%,0.000,0,0,0,0,0,0,0,0,0,0,0,0,0,0,0,0,0,0,0,0,0,0
silver_Cow_Checkups_Qwen3-14B_3.cpp,COMPILATION_ERROR,0,0.00%,0.000,0,0,0,0,0,0,0,0,0,0,0,0,0,0,0,0,0,0,0,0,0,0
silver_Cow_Checkups_Qwen3-14B_4.cpp,TIME_LIMIT_EXCEEDED,100,39.13%,2.290,33.21484375,0,16.666666666666664,0,0,0,0,0,0,0,0,0,0,16.666666666666664,0,16.666666666666664,16.666666666666664,16.666666666666664,16.666666666666664,0,0,0
silver_Cow_Checkups_Qwen3-14B_5.cpp,TIME_LIMIT_EXCEEDED,100,39.13%,2.320,38.9375,0,16.666666666666664,0,0,0,0,0,0,0,0,0,0,16.666666666666664,0,16.666666666666664,16.666666666666664,16.666666666666664,16.666666666666664,0,0,0
silver_Cow_Checkups_Qwen3-14B_6.cpp,TIME_LIMIT_EXCEEDED,100,39.13%,2.280,47.44921875,0,16.666666666666664,0,0,0,0,0,0,0,0,0,0,16.666666666666664,0,16.666666666666664,16.666666666666664,16.666666666666664,16.666666666666664,0,0,0
silver_Cow_Checkups_Qwen3-14B_7.cpp,TIME_LIMIT_EXCEEDED,100,39.13%,2.280,38.9375,0,16.666666666666664,0,0,0,0,0,0,0,0,0,0,16.666666666666664,0,16.666666666666664,16.666666666666664,16.666666666666664,16.666666666666664,0,0,0
