solution,status,score,%test passed,time,memory,subtask_0,subtask_1,subtask_10,subtask_11,subtask_2,subtask_3,subtask_4,subtask_5,subtask_6,subtask_7,subtask_8,subtask_9
bronze_Farmer_John_Actually_Farms_gpt-oss-20b-low_0.cpp,RUNTIME_ERROR,0,0.00%,0.060,9.59375,0,0,0,0,0,0,0,0,0,0,0,0
bronze_Farmer_John_Actually_Farms_gpt-oss-20b-low_1.cpp,ACCEPTED,333,100.00%,0.060,4.953125,0,30.3030303030303,30.3030303030303,30.3030303030303,30.3030303030303,30.3030303030303,30.3030303030303,30.3030303030303,30.3030303030303,30.3030303030303,30.3030303030303,30.3030303030303
bronze_Farmer_John_Actually_Farms_gpt-oss-20b-low_2.cpp,RUNTIME_ERROR,0,0.00%,0.060,5.98828125,0,0,0,0,0,0,0,0,0,0,0,0
bronze_Farmer_John_Actually_Farms_gpt-oss-20b-low_3.cpp,ACCEPTED,333,100.00%,0.060,4.953125,0,30.3030303030303,30.3030303030303,30.3030303030303,30.3030303030303,30.3030303030303,30.3030303030303,30.3030303030303,30.3030303030303,30.3030303030303,30.3030303030303,30.3030303030303
bronze_Farmer_John_Actually_Farms_gpt-oss-20b-low_4.cpp,ACCEPTED,333,100.00%,0.060,7.42578125,0,30.3030303030303,30.3030303030303,30.3030303030303,30.3030303030303,30.3030303030303,30.3030303030303,30.3030303030303,30.3030303030303,30.3030303030303,30.3030303030303,30.3030303030303
bronze_Farmer_John_Actually_Farms_gpt-oss-20b-low_5.cpp,WRONG_ANSWER,30,23.08%,0.850,11.80859375,0,30.3030303030303,0,0,0,0,0,0,0,0,0,0
bronze_Farmer_John_Actually_Farms_gpt-oss-20b-low_6.cpp,RUNTIME_ERROR,0,0.00%,0.060,5.46875,0,0,0,0,0,0,0,0,0,0,0,0
bronze_Farmer_John_Actually_Farms_gpt-oss-20b-low_7.cpp,WRONG_ANSWER,0,15.38%,0.060,9.59765625,0,0,0,0,0,0,0,0,0,0,0,0
