solution,status,score,%test passed,time,memory,subtask_0,subtask_1,subtask_10,subtask_11,subtask_12,subtask_13,subtask_14,subtask_15,subtask_2,subtask_3,subtask_4,subtask_5,subtask_6,subtask_7,subtask_8,subtask_9
silver_Bovine_Acrobatics_gpt-oss-20b-low_0.cpp,MEMORY_LIMIT_EXCEEDED,200,64.71%,1.170,306.2890625,0,22.22222222222222,0,0,0,0,0,0,22.22222222222222,22.22222222222222,22.22222222222222,22.22222222222222,22.22222222222222,22.22222222222222,22.22222222222222,22.22222222222222
silver_Bovine_Acrobatics_gpt-oss-20b-low_1.cpp,MEMORY_LIMIT_EXCEEDED,67,29.41%,0.860,306.2890625,0,0,0,0,0,0,0,0,22.22222222222222,0,0,0,0,0,22.22222222222222,22.22222222222222
silver_Bovine_Acrobatics_gpt-oss-20b-low_2.cpp,RUNTIME_ERROR,111,29.41%,0.050,4.390625,0,0,22.22222222222222,0,0,0,0,0,22.22222222222222,0,0,0,0,22.22222222222222,22.22222222222222,22.22222222222222
silver_Bovine_Acrobatics_gpt-oss-20b-low_3.cpp,RUNTIME_ERROR,0,0.00%,0.060,5.94140625,0,0,0,0,0,0,0,0,0,0,0,0,0,0,0,0
silver_Bovine_Acrobatics_gpt-oss-20b-low_4.cpp,TIME_LIMIT_EXCEEDED,0,0.00%,2.410,306.2890625,0,0,0,0,0,0,0,0,0,0,0,0,0,0,0,0
silver_Bovine_Acrobatics_gpt-oss-20b-low_5.cpp,ACCEPTED,333,100.00%,0.060,15.98828125,0,22.22222222222222,22.22222222222222,22.22222222222222,22.22222222222222,22.22222222222222,22.22222222222222,22.22222222222222,22.22222222222222,22.22222222222222,22.22222222222222,22.22222222222222,22.22222222222222,22.22222222222222,22.22222222222222,22.22222222222222
silver_Bovine_Acrobatics_gpt-oss-20b-low_6.cpp,RUNTIME_ERROR,111,29.41%,0.070,15.98828125,0,0,22.22222222222222,0,0,0,0,0,22.22222222222222,0,0,0,0,22.22222222222222,22.22222222222222,22.22222222222222
silver_Bovine_Acrobatics_gpt-oss-20b-low_7.cpp,RUNTIME_ERROR,89,23.53%,0.070,15.9921875,0,0,22.22222222222222,0,0,0,0,0,22.22222222222222,0,0,0,0,0,22.22222222222222,22.22222222222222
