solution,status,score,%test passed,time,memory,subtask_0,subtask_1,subtask_10,subtask_11,subtask_2,subtask_3,subtask_4,subtask_5,subtask_6,subtask_7,subtask_8,subtask_9
bronze_Hoof_Paper_Scissors_Minus_One_Qwen3-32B_0.cpp,WRONG_ANSWER,0,0.00%,0.100,10.0625,0,0,0,0,0,0,0,0,0,0,0,0
bronze_Hoof_Paper_Scissors_Minus_One_Qwen3-32B_1.cpp,ACCEPTED,333,100.00%,0.080,11.09375,0,30.3030303030303,30.3030303030303,30.3030303030303,30.3030303030303,30.3030303030303,30.3030303030303,30.3030303030303,30.3030303030303,30.3030303030303,30.3030303030303,30.3030303030303
bronze_Hoof_Paper_Scissors_Minus_One_Qwen3-32B_2.cpp,ACCEPTED,333,100.00%,0.080,6.1953125,0,30.3030303030303,30.3030303030303,30.3030303030303,30.3030303030303,30.3030303030303,30.3030303030303,30.3030303030303,30.3030303030303,30.3030303030303,30.3030303030303,30.3030303030303
bronze_Hoof_Paper_Scissors_Minus_One_Qwen3-32B_3.cpp,ACCEPTED,333,100.00%,0.150,11.09375,0,30.3030303030303,30.3030303030303,30.3030303030303,30.3030303030303,30.3030303030303,30.3030303030303,30.3030303030303,30.3030303030303,30.3030303030303,30.3030303030303,30.3030303030303
bronze_Hoof_Paper_Scissors_Minus_One_Qwen3-32B_4.cpp,ACCEPTED,333,100.00%,0.070,10.00390625,0,30.3030303030303,30.3030303030303,30.3030303030303,30.3030303030303,30.3030303030303,30.3030303030303,30.3030303030303,30.3030303030303,30.3030303030303,30.3030303030303,30.3030303030303
bronze_Hoof_Paper_Scissors_Minus_One_Qwen3-32B_5.cpp,WRONG_ANSWER,0,0.00%,0.110,7.484375,0,0,0,0,0,0,0,0,0,0,0,0
bronze_Hoof_Paper_Scissors_Minus_One_Qwen3-32B_6.cpp,WRONG_ANSWER,0,8.33%,0.080,10.0625,0,0,0,0,0,0,0,0,0,0,0,0
bronze_Hoof_Paper_Scissors_Minus_One_Qwen3-32B_7.cpp,ACCEPTED,333,100.00%,0.080,9.8046875,0,30.3030303030303,30.3030303030303,30.3030303030303,30.3030303030303,30.3030303030303,30.3030303030303,30.3030303030303,30.3030303030303,30.3030303030303,30.3030303030303,30.3030303030303
