solution,status,score,%test passed,time,memory,subtask_0,subtask_1,subtask_10,subtask_11,subtask_12,subtask_13,subtask_14,subtask_15,subtask_16,subtask_17,subtask_18,subtask_19,subtask_2,subtask_20,subtask_21,subtask_3,subtask_4,subtask_5,subtask_6,subtask_7,subtask_8,subtask_9
gold_Moo_Decomposition_Qwen3-32B_0.cpp,TIME_LIMIT_EXCEEDED,0,4.00%,2.240,4.8359375,0,0,0,0,0,0,0,0,0,0,0,0,0,0,0,0,0,0,0,0,0,0
gold_Moo_Decomposition_Qwen3-32B_1.cpp,TIME_LIMIT_EXCEEDED,48,16.00%,2.240,4.40625,0,15.873015873015872,0,0,0,0,0,0,0,0,0,0,15.873015873015872,0,0,15.873015873015872,0,0,0,0,0,0
gold_Moo_Decomposition_Qwen3-32B_2.cpp,TIME_LIMIT_EXCEEDED,95,40.00%,2.240,280.671875,0,15.873015873015872,0,0,0,0,0,0,0,0,0,0,15.873015873015872,0,0,15.873015873015872,15.873015873015872,15.873015873015872,15.873015873015872,0,0,0
gold_Moo_Decomposition_Qwen3-32B_3.cpp,RUNTIME_ERROR,48,16.00%,0.040,3.65234375,0,15.873015873015872,0,0,0,0,0,0,0,0,0,0,15.873015873015872,0,0,15.873015873015872,0,0,0,0,0,0
gold_Moo_Decomposition_Qwen3-32B_4.cpp,ACCEPTED,333,100.00%,0.060,17.578125,0,15.873015873015872,15.873015873015872,15.873015873015872,15.873015873015872,15.873015873015872,15.873015873015872,15.873015873015872,15.873015873015872,15.873015873015872,15.873015873015872,15.873015873015872,15.873015873015872,15.873015873015872,15.873015873015872,15.873015873015872,15.873015873015872,15.873015873015872,15.873015873015872,15.873015873015872,15.873015873015872,15.873015873015872
gold_Moo_Decomposition_Qwen3-32B_5.cpp,TIME_LIMIT_EXCEEDED,0,16.00%,2.240,280.109375,0,0,0,0,0,0,0,0,0,0,0,0,0,0,0,0,0,0,0,0,0,0
gold_Moo_Decomposition_Qwen3-32B_6.cpp,TIME_LIMIT_EXCEEDED,48,16.00%,2.220,279.9453125,0,15.873015873015872,0,0,0,0,0,0,0,0,0,0,15.873015873015872,0,0,15.873015873015872,0,0,0,0,0,0
gold_Moo_Decomposition_Qwen3-32B_7.cpp,TIME_LIMIT_EXCEEDED,95,32.00%,2.220,280.69921875,0,15.873015873015872,0,0,0,0,0,0,0,0,0,0,15.873015873015872,0,0,15.873015873015872,15.873015873015872,15.873015873015872,15.873015873015872,0,0,0
