solution,status,score,%test passed,time,memory,subtask_0,subtask_1,subtask_10,subtask_11,subtask_12,subtask_13,subtask_14,subtask_2,subtask_3,subtask_4,subtask_5,subtask_6,subtask_7,subtask_8,subtask_9
platinum_Forklift_Certified_Qwen3-32B_0.cpp,RUNTIME_ERROR,95,25.00%,0.290,5.72265625,0,0,0,0,23.809523809523807,23.809523809523807,23.809523809523807,0,0,23.809523809523807,0,0,0,0,0
platinum_Forklift_Certified_Qwen3-32B_1.cpp,RUNTIME_ERROR,95,25.00%,1.380,13.14453125,0,0,0,0,23.809523809523807,23.809523809523807,23.809523809523807,0,0,23.809523809523807,0,0,0,0,0
platinum_Forklift_Certified_Qwen3-32B_2.cpp,RUNTIME_ERROR,0,0.00%,0.240,5.81640625,0,0,0,0,0,0,0,0,0,0,0,0,0,0,0
platinum_Forklift_Certified_Qwen3-32B_3.cpp,RUNTIME_ERROR,95,25.00%,0.260,10.21484375,0,0,0,0,23.809523809523807,23.809523809523807,23.809523809523807,0,0,23.809523809523807,0,0,0,0,0
platinum_Forklift_Certified_Qwen3-32B_4.cpp,RUNTIME_ERROR,0,0.00%,0.250,9.08984375,0,0,0,0,0,0,0,0,0,0,0,0,0,0,0
platinum_Forklift_Certified_Qwen3-32B_5.cpp,RUNTIME_ERROR,0,0.00%,0.210,8.9296875,0,0,0,0,0,0,0,0,0,0,0,0,0,0,0
platinum_Forklift_Certified_Qwen3-32B_6.cpp,RUNTIME_ERROR,0,0.00%,0.300,5.81640625,0,0,0,0,0,0,0,0,0,0,0,0,0,0,0
platinum_Forklift_Certified_Qwen3-32B_7.cpp,RUNTIME_ERROR,95,25.00%,0.240,4.15234375,0,0,0,0,23.809523809523807,23.809523809523807,23.809523809523807,0,0,23.809523809523807,0,0,0,0,0
