solution,status,score,%test passed,time,memory,subtask_0,subtask_1,subtask_10,subtask_2,subtask_3,subtask_4,subtask_5,subtask_6,subtask_7,subtask_8,subtask_9
silver_Compatible_Pairs_Qwen3-32B_0.cpp,WRONG_ANSWER,67,33.33%,0.200,17.94140625,0,33.33333333333333,0,33.33333333333333,0,0,0,0,0,0,0
silver_Compatible_Pairs_Qwen3-32B_1.cpp,WRONG_ANSWER,67,33.33%,0.170,13.96875,0,33.33333333333333,0,33.33333333333333,0,0,0,0,0,0,0
silver_Compatible_Pairs_Qwen3-32B_2.cpp,WRONG_ANSWER,67,33.33%,0.330,39.5625,0,33.33333333333333,0,33.33333333333333,0,0,0,0,0,0,0
silver_Compatible_Pairs_Qwen3-32B_3.cpp,RUNTIME_ERROR,0,0.00%,0.430,60.80859375,0,0,0,0,0,0,0,0,0,0,0
silver_Compatible_Pairs_Qwen3-32B_4.cpp,WRONG_ANSWER,67,33.33%,0.130,28.65234375,0,33.33333333333333,0,33.33333333333333,0,0,0,0,0,0,0
silver_Compatible_Pairs_Qwen3-32B_5.cpp,WRONG_ANSWER,67,33.33%,0.400,47.41015625,0,33.33333333333333,0,33.33333333333333,0,0,0,0,0,0,0
silver_Compatible_Pairs_Qwen3-32B_6.cpp,WRONG_ANSWER,67,33.33%,0.100,11.01953125,0,33.33333333333333,0,33.33333333333333,0,0,0,0,0,0,0
silver_Compatible_Pairs_Qwen3-32B_7.cpp,WRONG_ANSWER,67,33.33%,0.110,11.0234375,0,33.33333333333333,0,33.33333333333333,0,0,0,0,0,0,0
