solution,status,score,%test passed,time,memory,subtask_0,subtask_1,subtask_10,subtask_11,subtask_12,subtask_2,subtask_3,subtask_4,subtask_5,subtask_6,subtask_7,subtask_8,subtask_9
bronze_Rotate_and_Shift_gpt-oss-20b-low_0.cpp,WRONG_ANSWER,0,0.00%,0.020,1.8125,0,0,0,0,0,0,0,0,0,0,0,0,0
bronze_Rotate_and_Shift_gpt-oss-20b-low_1.cpp,WRONG_ANSWER,0,0.00%,0.040,14.23828125,0,0,0,0,0,0,0,0,0,0,0,0,0
bronze_Rotate_and_Shift_gpt-oss-20b-low_3.cpp,ACCEPTED,333,100.00%,0.030,3.1015625,0,27.777777777777775,27.777777777777775,27.777777777777775,27.777777777777775,27.777777777777775,27.777777777777775,27.777777777777775,27.777777777777775,27.777777777777775,27.777777777777775,27.777777777777775,27.777777777777775
bronze_Rotate_and_Shift_gpt-oss-20b-low_4.cpp,TIME_LIMIT_EXCEEDED,0,0.00%,4.860,2.875,0,0,0,0,0,0,0,0,0,0,0,0,0
bronze_Rotate_and_Shift_gpt-oss-20b-low_6.cpp,ACCEPTED,333,100.00%,0.030,3.62109375,0,27.777777777777775,27.777777777777775,27.777777777777775,27.777777777777775,27.777777777777775,27.777777777777775,27.777777777777775,27.777777777777775,27.777777777777775,27.777777777777775,27.777777777777775,27.777777777777775
