solution,status,score,%test passed,time,memory,subtask_0,subtask_1,subtask_10,subtask_2,subtask_3,subtask_4,subtask_5,subtask_6,subtask_7,subtask_8,subtask_9
bronze_Cowntact_Tracing_2_Qwen3-14B-Non-Thinking_0.cpp,WRONG_ANSWER,100,33.33%,0.110,1.73828125,0,33.33333333333333,0,33.33333333333333,0,33.33333333333333,0,0,0,0,0
bronze_Cowntact_Tracing_2_Qwen3-14B-Non-Thinking_1.cpp,WRONG_ANSWER,100,33.33%,0.110,1.734375,0,33.33333333333333,0,33.33333333333333,0,33.33333333333333,0,0,0,0,0
bronze_Cowntact_Tracing_2_Qwen3-14B-Non-Thinking_2.cpp,WRONG_ANSWER,100,33.33%,0.110,1.86328125,0,33.33333333333333,0,33.33333333333333,0,33.33333333333333,0,0,0,0,0
bronze_Cowntact_Tracing_2_Qwen3-14B-Non-Thinking_3.cpp,WRONG_ANSWER,100,33.33%,0.110,1.86328125,0,33.33333333333333,0,33.33333333333333,0,33.33333333333333,0,0,0,0,0
bronze_Cowntact_Tracing_2_Qwen3-14B-Non-Thinking_4.cpp,RUNTIME_ERROR,33,8.33%,0.110,1.98828125,0,33.33333333333333,0,0,0,0,0,0,0,0,0
bronze_Cowntact_Tracing_2_Qwen3-14B-Non-Thinking_5.cpp,WRONG_ANSWER,100,33.33%,0.110,1.5546875,0,33.33333333333333,0,33.33333333333333,0,33.33333333333333,0,0,0,0,0
bronze_Cowntact_Tracing_2_Qwen3-14B-Non-Thinking_6.cpp,WRONG_ANSWER,100,33.33%,0.110,1.734375,0,33.33333333333333,0,33.33333333333333,0,33.33333333333333,0,0,0,0,0
bronze_Cowntact_Tracing_2_Qwen3-14B-Non-Thinking_7.cpp,RUNTIME_ERROR,33,8.33%,0.110,1.734375,0,33.33333333333333,0,0,0,0,0,0,0,0,0
