solution,status,score,%test passed,time,memory,subtask_0,subtask_1,subtask_10,subtask_2,subtask_3,subtask_4,subtask_5,subtask_6,subtask_7,subtask_8,subtask_9
silver_2D_Conveyor_Belt_gpt-5_0.cpp,ACCEPTED,333,100.00%,0.080,18.0546875,0,33.33333333333333,33.33333333333333,33.33333333333333,33.33333333333333,33.33333333333333,33.33333333333333,33.33333333333333,33.33333333333333,33.33333333333333,33.33333333333333
silver_2D_Conveyor_Belt_gpt-5_1.cpp,ACCEPTED,333,100.00%,0.180,27.8515625,0,33.33333333333333,33.33333333333333,33.33333333333333,33.33333333333333,33.33333333333333,33.33333333333333,33.33333333333333,33.33333333333333,33.33333333333333,33.33333333333333
silver_2D_Conveyor_Belt_gpt-5_2.cpp,ACCEPTED,333,100.00%,0.170,13.4140625,0,33.33333333333333,33.33333333333333,33.33333333333333,33.33333333333333,33.33333333333333,33.33333333333333,33.33333333333333,33.33333333333333,33.33333333333333,33.33333333333333
silver_2D_Conveyor_Belt_gpt-5_3.cpp,ACCEPTED,333,100.00%,0.190,22.6953125,0,33.33333333333333,33.33333333333333,33.33333333333333,33.33333333333333,33.33333333333333,33.33333333333333,33.33333333333333,33.33333333333333,33.33333333333333,33.33333333333333
silver_2D_Conveyor_Belt_gpt-5_4.cpp,ACCEPTED,333,100.00%,0.220,42.8046875,0,33.33333333333333,33.33333333333333,33.33333333333333,33.33333333333333,33.33333333333333,33.33333333333333,33.33333333333333,33.33333333333333,33.33333333333333,33.33333333333333
silver_2D_Conveyor_Belt_gpt-5_5.cpp,ACCEPTED,333,100.00%,0.200,30.171875,0,33.33333333333333,33.33333333333333,33.33333333333333,33.33333333333333,33.33333333333333,33.33333333333333,33.33333333333333,33.33333333333333,33.33333333333333,33.33333333333333
silver_2D_Conveyor_Belt_gpt-5_6.cpp,RUNTIME_ERROR,0,7.69%,0.150,26.30078125,0,0,0,0,0,0,0,0,0,0,0
silver_2D_Conveyor_Belt_gpt-5_7.cpp,ACCEPTED,333,100.00%,0.210,41.76953125,0,33.33333333333333,33.33333333333333,33.33333333333333,33.33333333333333,33.33333333333333,33.33333333333333,33.33333333333333,33.33333333333333,33.33333333333333,33.33333333333333
