solution,status,score,%test passed,time,memory,subtask_0,subtask_1,subtask_10,subtask_11,subtask_12,subtask_2,subtask_3,subtask_4,subtask_5,subtask_6,subtask_7,subtask_8,subtask_9
bronze_Roundabout_Rounding_Qwen3-32B_0.cpp,WRONG_ANSWER,0,0.00%,0.140,0.00390625,0,0,0,0,0,0,0,0,0,0,0,0,0
bronze_Roundabout_Rounding_Qwen3-32B_1.cpp,WRONG_ANSWER,0,7.69%,0.070,0.00390625,0,0,0,0,0,0,0,0,0,0,0,0,0
bronze_Roundabout_Rounding_Qwen3-32B_2.cpp,TIME_LIMIT_EXCEEDED,0,0.00%,2.260,0.00390625,0,0,0,0,0,0,0,0,0,0,0,0,0
bronze_Roundabout_Rounding_Qwen3-32B_3.cpp,TIME_LIMIT_EXCEEDED,83,30.77%,2.270,0.00390625,0,27.777777777777775,0,0,0,27.777777777777775,27.777777777777775,0,0,0,0,0,0
bronze_Roundabout_Rounding_Qwen3-32B_4.cpp,ACCEPTED,333,100.00%,0.050,0.00390625,0,27.777777777777775,27.777777777777775,27.777777777777775,27.777777777777775,27.777777777777775,27.777777777777775,27.777777777777775,27.777777777777775,27.777777777777775,27.777777777777775,27.777777777777775,27.777777777777775
bronze_Roundabout_Rounding_Qwen3-32B_5.cpp,WRONG_ANSWER,0,0.00%,0.190,0.00390625,0,0,0,0,0,0,0,0,0,0,0,0,0
bronze_Roundabout_Rounding_Qwen3-32B_6.cpp,WRONG_ANSWER,0,0.00%,0.150,0.00390625,0,0,0,0,0,0,0,0,0,0,0,0,0
bronze_Roundabout_Rounding_Qwen3-32B_7.cpp,WRONG_ANSWER,0,0.00%,0.420,139.4375,0,0,0,0,0,0,0,0,0,0,0,0,0
