solution,status,score,%test passed,time,memory,subtask_0,subtask_1,subtask_2,subtask_3,subtask_4,subtask_5,subtask_6,subtask_7,subtask_8,subtask_9
ones_Qwen3-32B-Non-Thinking_0.cpp,WRONG_ANSWER,0,0.00%,0.130,2.0625,0.0,0.0,0.0,0.0,0.0,0.0,0.0,0.0,0.0,0.0
ones_Qwen3-32B-Non-Thinking_1.cpp,WRONG_ANSWER,25,0.00%,0.190,1.953125,4.70929,4.06906,3.35974,2.8991499999999997,2.49801,2.0357600000000002,1.72931,1.45111,1.1148099999999999,0.87959
ones_Qwen3-32B-Non-Thinking_2.cpp,WRONG_ANSWER,0,0.00%,0.120,1.80859375,0.0,0.0,0.0,0.0,0.0,0.0,0.0,0.0,0.0,0.0
ones_Qwen3-32B-Non-Thinking_3.cpp,WRONG_ANSWER,20,0.00%,0.270,2.125,1.75455,1.7864900000000001,1.83253,1.86728,1.9021599999999999,1.9547800000000002,2.00464,2.06202,2.15511,2.23302
ones_Qwen3-32B-Non-Thinking_4.cpp,WRONG_ANSWER,0,0.00%,0.120,1.80859375,0.0,0.0,0.0,0.0,0.0,0.0,0.0,0.0,0.0,0.0
ones_Qwen3-32B-Non-Thinking_5.cpp,WRONG_ANSWER,25,0.00%,0.190,1.953125,4.70929,4.06906,3.35974,2.8991499999999997,2.49801,2.0357600000000002,1.72931,1.45111,1.1148099999999999,0.87959
ones_Qwen3-32B-Non-Thinking_6.cpp,WRONG_ANSWER,0,0.00%,0.120,1.80859375,0.0,0.0,0.0,0.0,0.0,0.0,0.0,0.0,0.0,0.0
ones_Qwen3-32B-Non-Thinking_7.cpp,WRONG_ANSWER,25,0.00%,0.240,2.32421875,4.72823,4.07686,3.3626899999999997,2.89704,2.49904,2.03989,1.73442,1.4582600000000001,1.1255,0.8935700000000001
