solution,status,score,%test passed,time,memory,subtask_0,subtask_1,subtask_10,subtask_11,subtask_12,subtask_13,subtask_14,subtask_15,subtask_16,subtask_17,subtask_18,subtask_19,subtask_2,subtask_3,subtask_4,subtask_5,subtask_6,subtask_7,subtask_8,subtask_9
gold_Walking_in_Manhattan_seed-oss_0.cpp,TIME_LIMIT_EXCEEDED,140,45.00%,2.420,3.12890625,0,17.543859649122805,0,0,0,0,0,0,0,0,0,0,17.543859649122805,17.543859649122805,17.543859649122805,17.543859649122805,17.543859649122805,17.543859649122805,17.543859649122805,0
gold_Walking_in_Manhattan_seed-oss_1.cpp,WRONG_ANSWER,0,5.00%,0.340,13.4140625,0,0,0,0,0,0,0,0,0,0,0,0,0,0,0,0,0,0,0,0
gold_Walking_in_Manhattan_seed-oss_2.cpp,TIME_LIMIT_EXCEEDED,140,45.00%,2.420,6.046875,0,17.543859649122805,0,0,0,0,0,0,0,0,0,0,17.543859649122805,17.543859649122805,17.543859649122805,17.543859649122805,17.543859649122805,17.543859649122805,17.543859649122805,0
gold_Walking_in_Manhattan_seed-oss_3.cpp,COMPILATION_ERROR,0,0.00%,0.000,0,0,0,0,0,0,0,0,0,0,0,0,0,0,0,0,0,0,0,0,0
gold_Walking_in_Manhattan_seed-oss_4.cpp,WRONG_ANSWER,0,5.00%,0.220,3.1953125,0,0,0,0,0,0,0,0,0,0,0,0,0,0,0,0,0,0,0,0
gold_Walking_in_Manhattan_seed-oss_5.cpp,TIME_LIMIT_EXCEEDED,0,0.00%,2.450,4.5078125,0,0,0,0,0,0,0,0,0,0,0,0,0,0,0,0,0,0,0,0
gold_Walking_in_Manhattan_seed-oss_6.cpp,TIME_LIMIT_EXCEEDED,140,45.00%,2.420,3.12890625,0,17.543859649122805,0,0,0,0,0,0,0,0,0,0,17.543859649122805,17.543859649122805,17.543859649122805,17.543859649122805,17.543859649122805,17.543859649122805,17.543859649122805,0
gold_Walking_in_Manhattan_seed-oss_7.cpp,TIME_LIMIT_EXCEEDED,140,45.00%,2.440,3.12890625,0,17.543859649122805,0,0,0,0,0,0,0,0,0,0,17.543859649122805,17.543859649122805,17.543859649122805,17.543859649122805,17.543859649122805,17.543859649122805,17.543859649122805,0
