solution,status,score,%test passed,time,memory,subtask_0,subtask_1,subtask_10,subtask_11,subtask_2,subtask_3,subtask_4,subtask_5,subtask_6,subtask_7,subtask_8,subtask_9
bronze_Farmer_John_Actually_Farms_Qwen3-8B_0.cpp,ACCEPTED,333,100.00%,0.070,9.78515625,0,30.3030303030303,30.3030303030303,30.3030303030303,30.3030303030303,30.3030303030303,30.3030303030303,30.3030303030303,30.3030303030303,30.3030303030303,30.3030303030303,30.3030303030303
bronze_Farmer_John_Actually_Farms_Qwen3-8B_1.cpp,WRONG_ANSWER,30,23.08%,0.060,6.1953125,0,30.3030303030303,0,0,0,0,0,0,0,0,0,0
bronze_Farmer_John_Actually_Farms_Qwen3-8B_2.cpp,WRONG_ANSWER,30,23.08%,0.060,9.04296875,0,30.3030303030303,0,0,0,0,0,0,0,0,0,0
bronze_Farmer_John_Actually_Farms_Qwen3-8B_3.cpp,WRONG_ANSWER,0,15.38%,0.080,8.3828125,0,0,0,0,0,0,0,0,0,0,0,0
bronze_Farmer_John_Actually_Farms_Qwen3-8B_4.cpp,ACCEPTED,333,100.00%,0.070,9.04296875,0,30.3030303030303,30.3030303030303,30.3030303030303,30.3030303030303,30.3030303030303,30.3030303030303,30.3030303030303,30.3030303030303,30.3030303030303,30.3030303030303,30.3030303030303
bronze_Farmer_John_Actually_Farms_Qwen3-8B_5.cpp,RUNTIME_ERROR,182,46.15%,0.120,8.9453125,0,0,30.3030303030303,30.3030303030303,0,0,30.3030303030303,30.3030303030303,30.3030303030303,0,0,30.3030303030303
bronze_Farmer_John_Actually_Farms_Qwen3-8B_6.cpp,ACCEPTED,333,100.00%,0.060,7.77734375,0,30.3030303030303,30.3030303030303,30.3030303030303,30.3030303030303,30.3030303030303,30.3030303030303,30.3030303030303,30.3030303030303,30.3030303030303,30.3030303030303,30.3030303030303
bronze_Farmer_John_Actually_Farms_Qwen3-8B_7.cpp,WRONG_ANSWER,303,92.31%,0.060,10.0,0,30.3030303030303,30.3030303030303,30.3030303030303,30.3030303030303,0,30.3030303030303,30.3030303030303,30.3030303030303,30.3030303030303,30.3030303030303,30.3030303030303
