solution,status,score,%test passed,time,memory,subtask_0,subtask_1,subtask_10,subtask_11,subtask_12,subtask_13,subtask_14,subtask_15,subtask_2,subtask_3,subtask_4,subtask_5,subtask_6,subtask_7,subtask_8,subtask_9
silver_Bovine_Acrobatics_Qwen3-8B_0.cpp,MEMORY_LIMIT_EXCEEDED,200,64.71%,0.350,132.578125,0,22.22222222222222,0,0,0,0,0,0,22.22222222222222,22.22222222222222,22.22222222222222,22.22222222222222,22.22222222222222,22.22222222222222,22.22222222222222,22.22222222222222
silver_Bovine_Acrobatics_Qwen3-8B_1.cpp,COMPILATION_ERROR,0,0.00%,0.000,0,0,0,0,0,0,0,0,0,0,0,0,0,0,0,0,0
silver_Bovine_Acrobatics_Qwen3-8B_2.cpp,COMPILATION_ERROR,0,0.00%,0.000,0,0,0,0,0,0,0,0,0,0,0,0,0,0,0,0,0
silver_Bovine_Acrobatics_Qwen3-8B_3.cpp,MEMORY_LIMIT_EXCEEDED,200,64.71%,0.170,132.60546875,0,22.22222222222222,0,0,0,0,0,0,22.22222222222222,22.22222222222222,22.22222222222222,22.22222222222222,22.22222222222222,22.22222222222222,22.22222222222222,22.22222222222222
silver_Bovine_Acrobatics_Qwen3-8B_4.cpp,RUNTIME_ERROR,89,23.53%,0.060,4.671875,0,0,22.22222222222222,0,0,0,0,0,22.22222222222222,0,0,0,0,0,22.22222222222222,22.22222222222222
silver_Bovine_Acrobatics_Qwen3-8B_5.cpp,RUNTIME_ERROR,89,23.53%,0.120,3.1015625,0,0,22.22222222222222,0,0,0,0,0,22.22222222222222,0,0,0,0,0,22.22222222222222,22.22222222222222
silver_Bovine_Acrobatics_Qwen3-8B_6.cpp,MEMORY_LIMIT_EXCEEDED,67,17.65%,0.190,132.60546875,0,0,0,0,0,0,0,0,22.22222222222222,0,0,0,0,0,22.22222222222222,22.22222222222222
silver_Bovine_Acrobatics_Qwen3-8B_7.cpp,COMPILATION_ERROR,0,0.00%,0.000,0,0,0,0,0,0,0,0,0,0,0,0,0,0,0,0,0
