solution,status,score,%test passed,time,memory,subtask_0,subtask_1,subtask_10,subtask_11,subtask_12,subtask_13,subtask_14,subtask_15,subtask_16,subtask_17,subtask_2,subtask_3,subtask_4,subtask_5,subtask_6,subtask_7,subtask_8,subtask_9
bronze_FEB_gpt-oss-20b-medium_0.cpp,ACCEPTED,333,100.00%,0.020,1.5546875,0,19.6078431372549,19.6078431372549,19.6078431372549,19.6078431372549,19.6078431372549,19.6078431372549,19.6078431372549,19.6078431372549,19.6078431372549,19.6078431372549,19.6078431372549,19.6078431372549,19.6078431372549,19.6078431372549,19.6078431372549,19.6078431372549,19.6078431372549
bronze_FEB_gpt-oss-20b-medium_1.cpp,ACCEPTED,333,100.00%,1.520,2.38671875,0,19.6078431372549,19.6078431372549,19.6078431372549,19.6078431372549,19.6078431372549,19.6078431372549,19.6078431372549,19.6078431372549,19.6078431372549,19.6078431372549,19.6078431372549,19.6078431372549,19.6078431372549,19.6078431372549,19.6078431372549,19.6078431372549,19.6078431372549
bronze_FEB_gpt-oss-20b-medium_2.cpp,RUNTIME_ERROR,20,5.00%,0.550,2.68359375,0,0,0,0,0,0,0,0,0,0,0,0,0,19.6078431372549,0,0,0,0
bronze_FEB_gpt-oss-20b-medium_3.cpp,ACCEPTED,333,100.00%,1.650,2.21484375,0,19.6078431372549,19.6078431372549,19.6078431372549,19.6078431372549,19.6078431372549,19.6078431372549,19.6078431372549,19.6078431372549,19.6078431372549,19.6078431372549,19.6078431372549,19.6078431372549,19.6078431372549,19.6078431372549,19.6078431372549,19.6078431372549,19.6078431372549
bronze_FEB_gpt-oss-20b-medium_4.cpp,MEMORY_LIMIT_EXCEEDED,0,0.00%,0.160,129.86328125,0,0,0,0,0,0,0,0,0,0,0,0,0,0,0,0,0,0
bronze_FEB_gpt-oss-20b-medium_5.cpp,WRONG_ANSWER,59,30.00%,0.020,1.5546875,0,0,0,0,19.6078431372549,0,0,0,0,0,19.6078431372549,0,0,19.6078431372549,0,0,0,0
bronze_FEB_gpt-oss-20b-medium_6.cpp,COMPILATION_ERROR,0,0.00%,0.000,0,0,0,0,0,0,0,0,0,0,0,0,0,0,0,0,0,0,0
bronze_FEB_gpt-oss-20b-medium_7.cpp,WRONG_ANSWER,314,95.00%,0.680,2.8125,0,19.6078431372549,19.6078431372549,19.6078431372549,19.6078431372549,19.6078431372549,19.6078431372549,19.6078431372549,19.6078431372549,19.6078431372549,19.6078431372549,19.6078431372549,19.6078431372549,0,19.6078431372549,19.6078431372549,19.6078431372549,19.6078431372549
