solution,status,score,%test passed,time,memory,subtask_0,subtask_1,subtask_10,subtask_11,subtask_12,subtask_13,subtask_14,subtask_2,subtask_3,subtask_4,subtask_5,subtask_6,subtask_7,subtask_8,subtask_9
gold_Pareidolia_gpt-oss-20b-medium_0.cpp,RUNTIME_ERROR,0,5.88%,0.020,2.44921875,0,0,0,0,0,0,0,0,0,0,0,0,0,0,0
gold_Pareidolia_gpt-oss-20b-medium_1.cpp,RUNTIME_ERROR,0,5.88%,0.030,2.44921875,0,0,0,0,0,0,0,0,0,0,0,0,0,0,0
gold_Pareidolia_gpt-oss-20b-medium_2.cpp,RUNTIME_ERROR,0,5.88%,0.030,3.2265625,0,0,0,0,0,0,0,0,0,0,0,0,0,0,0
gold_Pareidolia_gpt-oss-20b-medium_3.cpp,RUNTIME_ERROR,0,5.88%,0.040,2.44921875,0,0,0,0,0,0,0,0,0,0,0,0,0,0,0
gold_Pareidolia_gpt-oss-20b-medium_4.cpp,RUNTIME_ERROR,0,5.88%,0.030,2.44921875,0,0,0,0,0,0,0,0,0,0,0,0,0,0,0
gold_Pareidolia_gpt-oss-20b-medium_5.cpp,COMPILATION_ERROR,0,0.00%,0.000,0,0,0,0,0,0,0,0,0,0,0,0,0,0,0,0
gold_Pareidolia_gpt-oss-20b-medium_7.cpp,ACCEPTED,333,100.00%,0.020,2.4453125,0,23.809523809523807,23.809523809523807,23.809523809523807,23.809523809523807,23.809523809523807,23.809523809523807,23.809523809523807,23.809523809523807,23.809523809523807,23.809523809523807,23.809523809523807,23.809523809523807,23.809523809523807,23.809523809523807
