solution,status,score,%test passed,time,memory,subtask_0,subtask_1,subtask_10,subtask_11,subtask_12,subtask_13,subtask_14,subtask_15,subtask_2,subtask_3,subtask_4,subtask_5,subtask_6,subtask_7,subtask_8,subtask_9
gold_Friendship_Editing_gpt-o3-mini-high_0.cpp,ACCEPTED,333,100.00%,0.320,6.05078125,0,22.22222222222222,22.22222222222222,22.22222222222222,22.22222222222222,22.22222222222222,22.22222222222222,22.22222222222222,22.22222222222222,22.22222222222222,22.22222222222222,22.22222222222222,22.22222222222222,22.22222222222222,22.22222222222222,22.22222222222222
gold_Friendship_Editing_gpt-o3-mini-high_1.cpp,TIME_LIMIT_EXCEEDED,156,55.56%,2.270,13.32421875,0,22.22222222222222,0,0,0,0,0,0,22.22222222222222,22.22222222222222,22.22222222222222,22.22222222222222,22.22222222222222,22.22222222222222,0,0
gold_Friendship_Editing_gpt-o3-mini-high_2.cpp,WRONG_ANSWER,22,22.22%,0.660,2.5859375,0,0,0,0,0,0,0,0,0,0,22.22222222222222,0,0,0,0,0
gold_Friendship_Editing_gpt-o3-mini-high_3.cpp,WRONG_ANSWER,22,22.22%,0.040,0.00390625,0,0,0,0,0,0,0,0,0,0,22.22222222222222,0,0,0,0,0
gold_Friendship_Editing_gpt-o3-mini-high_4.cpp,WRONG_ANSWER,22,22.22%,0.050,0.00390625,0,0,0,0,0,0,0,0,0,0,22.22222222222222,0,0,0,0,0
gold_Friendship_Editing_gpt-o3-mini-high_5.cpp,WRONG_ANSWER,22,22.22%,0.050,0.00390625,0,0,0,0,0,0,0,0,0,0,22.22222222222222,0,0,0,0,0
gold_Friendship_Editing_gpt-o3-mini-high_6.cpp,WRONG_ANSWER,22,22.22%,0.040,0.00390625,0,0,0,0,0,0,0,0,0,0,22.22222222222222,0,0,0,0,0
gold_Friendship_Editing_gpt-o3-mini-high_7.cpp,WRONG_ANSWER,22,22.22%,0.060,0.00390625,0,0,0,0,0,0,0,0,0,0,22.22222222222222,0,0,0,0,0
