solution,status,score,%test passed,time,memory,subtask_0,subtask_1,subtask_10,subtask_2,subtask_3,subtask_4,subtask_5,subtask_6,subtask_7,subtask_8,subtask_9
silver_Cowmpetency_gpt-5_0.cpp,WRONG_ANSWER,0,8.33%,0.050,13.4140625,0,0,0,0,0,0,0,0,0,0,0
silver_Cowmpetency_gpt-5_1.cpp,RUNTIME_ERROR,0,0.00%,0.130,3.2578125,0,0,0,0,0,0,0,0,0,0,0
silver_Cowmpetency_gpt-5_2.cpp,WRONG_ANSWER,167,58.33%,0.140,4.1640625,0,0,33.33333333333333,33.33333333333333,0,0,0,0,33.33333333333333,33.33333333333333,33.33333333333333
silver_Cowmpetency_gpt-5_3.cpp,WRONG_ANSWER,0,8.33%,0.150,3.00390625,0,0,0,0,0,0,0,0,0,0,0
silver_Cowmpetency_gpt-5_4.cpp,WRONG_ANSWER,0,8.33%,0.140,13.11328125,0,0,0,0,0,0,0,0,0,0,0
silver_Cowmpetency_gpt-5_5.cpp,WRONG_ANSWER,167,58.33%,0.170,13.8203125,0,0,33.33333333333333,33.33333333333333,0,0,0,0,33.33333333333333,33.33333333333333,33.33333333333333
silver_Cowmpetency_gpt-5_6.cpp,WRONG_ANSWER,167,58.33%,0.130,3.12109375,0,0,33.33333333333333,33.33333333333333,0,0,0,0,33.33333333333333,33.33333333333333,33.33333333333333
silver_Cowmpetency_gpt-5_7.cpp,WRONG_ANSWER,0,8.33%,0.140,5.6015625,0,0,0,0,0,0,0,0,0,0,0
