solution,status,score,%test passed,time,memory,subtask_0,subtask_1,subtask_10,subtask_11,subtask_12,subtask_13,subtask_14,subtask_15,subtask_2,subtask_3,subtask_4,subtask_5,subtask_6,subtask_7,subtask_8,subtask_9
gold_Haybale_Distribution_gpt-4.1_0.cpp,ACCEPTED,333,100.00%,0.650,5.1640625,0,22.22222222222222,22.22222222222222,22.22222222222222,22.22222222222222,22.22222222222222,22.22222222222222,22.22222222222222,22.22222222222222,22.22222222222222,22.22222222222222,22.22222222222222,22.22222222222222,22.22222222222222,22.22222222222222,22.22222222222222
gold_Haybale_Distribution_gpt-4.1_1.cpp,WRONG_ANSWER,0,0.00%,0.210,3.62109375,0,0,0,0,0,0,0,0,0,0,0,0,0,0,0,0
gold_Haybale_Distribution_gpt-4.1_2.cpp,WRONG_ANSWER,0,0.00%,0.200,3.62109375,0,0,0,0,0,0,0,0,0,0,0,0,0,0,0,0
gold_Haybale_Distribution_gpt-4.1_3.cpp,ACCEPTED,333,100.00%,0.180,3.62109375,0,22.22222222222222,22.22222222222222,22.22222222222222,22.22222222222222,22.22222222222222,22.22222222222222,22.22222222222222,22.22222222222222,22.22222222222222,22.22222222222222,22.22222222222222,22.22222222222222,22.22222222222222,22.22222222222222,22.22222222222222
gold_Haybale_Distribution_gpt-4.1_4.cpp,ACCEPTED,333,100.00%,0.210,3.6171875,0,22.22222222222222,22.22222222222222,22.22222222222222,22.22222222222222,22.22222222222222,22.22222222222222,22.22222222222222,22.22222222222222,22.22222222222222,22.22222222222222,22.22222222222222,22.22222222222222,22.22222222222222,22.22222222222222,22.22222222222222
gold_Haybale_Distribution_gpt-4.1_5.cpp,ACCEPTED,333,100.00%,0.200,3.62109375,0,22.22222222222222,22.22222222222222,22.22222222222222,22.22222222222222,22.22222222222222,22.22222222222222,22.22222222222222,22.22222222222222,22.22222222222222,22.22222222222222,22.22222222222222,22.22222222222222,22.22222222222222,22.22222222222222,22.22222222222222
gold_Haybale_Distribution_gpt-4.1_6.cpp,WRONG_ANSWER,44,18.75%,0.210,3.6171875,0,22.22222222222222,0,0,0,0,0,0,22.22222222222222,0,0,0,0,0,0,0
gold_Haybale_Distribution_gpt-4.1_7.cpp,WRONG_ANSWER,0,0.00%,0.190,5.9375,0,0,0,0,0,0,0,0,0,0,0,0,0,0,0,0
