solution,status,score,%test passed,time,memory,subtask_0,subtask_1,subtask_10,subtask_11,subtask_12,subtask_13,subtask_14,subtask_15,subtask_16,subtask_17,subtask_18,subtask_19,subtask_2,subtask_20,subtask_3,subtask_4,subtask_5,subtask_6,subtask_7,subtask_8,subtask_9
platinum_Train_Scheduling_gpt-4.1_0.cpp,TIME_LIMIT_EXCEEDED,0,4.17%,2.430,97.19921875,0,0,0,0,0,0,0,0,0,0,0,0,0,0,0,0,0,0,0,0,0
platinum_Train_Scheduling_gpt-4.1_1.cpp,RUNTIME_ERROR,0,0.00%,0.400,526.97265625,0,0,0,0,0,0,0,0,0,0,0,0,0,0,0,0,0,0,0,0,0
platinum_Train_Scheduling_gpt-4.1_2.cpp,RUNTIME_ERROR,0,8.33%,0.120,46.5078125,0,0,0,0,0,0,0,0,0,0,0,0,0,0,0,0,0,0,0,0,0
platinum_Train_Scheduling_gpt-4.1_3.cpp,TIME_LIMIT_EXCEEDED,217,70.83%,2.310,349.7265625,0,16.666666666666664,16.666666666666664,16.666666666666664,16.666666666666664,16.666666666666664,16.666666666666664,0,0,0,0,0,16.666666666666664,0,16.666666666666664,16.666666666666664,16.666666666666664,0,16.666666666666664,16.666666666666664,16.666666666666664
platinum_Train_Scheduling_gpt-4.1_4.cpp,TIME_LIMIT_EXCEEDED,0,4.17%,2.250,562.44140625,0,0,0,0,0,0,0,0,0,0,0,0,0,0,0,0,0,0,0,0,0
platinum_Train_Scheduling_gpt-4.1_5.cpp,TIME_LIMIT_EXCEEDED,33,12.50%,2.420,97.19921875,0,16.666666666666664,0,0,0,0,0,0,0,0,0,0,16.666666666666664,0,0,0,0,0,0,0,0
platinum_Train_Scheduling_gpt-4.1_6.cpp,COMPILATION_ERROR,0,0.00%,0.000,0,0,0,0,0,0,0,0,0,0,0,0,0,0,0,0,0,0,0,0,0,0
platinum_Train_Scheduling_gpt-4.1_7.cpp,MEMORY_LIMIT_EXCEEDED,233,75.00%,0.320,520.77734375,0,16.666666666666664,16.666666666666664,16.666666666666664,16.666666666666664,16.666666666666664,16.666666666666664,0,0,0,0,0,16.666666666666664,0,16.666666666666664,16.666666666666664,16.666666666666664,16.666666666666664,16.666666666666664,16.666666666666664,16.666666666666664
