solution,status,score,%test passed,time,memory,subtask_0,subtask_1,subtask_10,subtask_2,subtask_3,subtask_4,subtask_5,subtask_6,subtask_7,subtask_8,subtask_9
bronze_Watching_Mooloo_seed-oss_0.cpp,ACCEPTED,333,100.00%,0.060,2.015625,0,33.33333333333333,33.33333333333333,33.33333333333333,33.33333333333333,33.33333333333333,33.33333333333333,33.33333333333333,33.33333333333333,33.33333333333333,33.33333333333333
bronze_Watching_Mooloo_seed-oss_1.cpp,COMPILATION_ERROR,0,0.00%,0.000,0,0,0,0,0,0,0,0,0,0,0,0
bronze_Watching_Mooloo_seed-oss_2.cpp,ACCEPTED,333,100.00%,0.060,2.015625,0,33.33333333333333,33.33333333333333,33.33333333333333,33.33333333333333,33.33333333333333,33.33333333333333,33.33333333333333,33.33333333333333,33.33333333333333,33.33333333333333
bronze_Watching_Mooloo_seed-oss_3.cpp,RUNTIME_ERROR,0,0.00%,0.050,2.07421875,0,0,0,0,0,0,0,0,0,0,0
bronze_Watching_Mooloo_seed-oss_4.cpp,COMPILATION_ERROR,0,0.00%,0.000,0,0,0,0,0,0,0,0,0,0,0,0
bronze_Watching_Mooloo_seed-oss_5.cpp,ACCEPTED,333,100.00%,0.060,2.015625,0,33.33333333333333,33.33333333333333,33.33333333333333,33.33333333333333,33.33333333333333,33.33333333333333,33.33333333333333,33.33333333333333,33.33333333333333,33.33333333333333
bronze_Watching_Mooloo_seed-oss_6.cpp,ACCEPTED,333,100.00%,0.050,2.015625,0,33.33333333333333,33.33333333333333,33.33333333333333,33.33333333333333,33.33333333333333,33.33333333333333,33.33333333333333,33.33333333333333,33.33333333333333,33.33333333333333
bronze_Watching_Mooloo_seed-oss_7.cpp,ACCEPTED,333,100.00%,0.050,2.015625,0,33.33333333333333,33.33333333333333,33.33333333333333,33.33333333333333,33.33333333333333,33.33333333333333,33.33333333333333,33.33333333333333,33.33333333333333,33.33333333333333
