solution,status,score,%test passed,time,memory,subtask_0,subtask_1,subtask_10,subtask_11,subtask_12,subtask_13,subtask_14,subtask_15,subtask_2,subtask_3,subtask_4,subtask_5,subtask_6,subtask_7,subtask_8,subtask_9
gold_Haybale_Distribution_Qwen3-30B-Non-Thinking_0.cpp,ACCEPTED,333,100.00%,0.420,5.99609375,0,22.22222222222222,22.22222222222222,22.22222222222222,22.22222222222222,22.22222222222222,22.22222222222222,22.22222222222222,22.22222222222222,22.22222222222222,22.22222222222222,22.22222222222222,22.22222222222222,22.22222222222222,22.22222222222222,22.22222222222222
gold_Haybale_Distribution_Qwen3-30B-Non-Thinking_1.cpp,ACCEPTED,333,100.00%,0.420,5.99609375,0,22.22222222222222,22.22222222222222,22.22222222222222,22.22222222222222,22.22222222222222,22.22222222222222,22.22222222222222,22.22222222222222,22.22222222222222,22.22222222222222,22.22222222222222,22.22222222222222,22.22222222222222,22.22222222222222,22.22222222222222
gold_Haybale_Distribution_Qwen3-30B-Non-Thinking_2.cpp,WRONG_ANSWER,0,0.00%,0.230,4.39453125,0,0,0,0,0,0,0,0,0,0,0,0,0,0,0,0
gold_Haybale_Distribution_Qwen3-30B-Non-Thinking_3.cpp,WRONG_ANSWER,0,0.00%,0.250,5.99609375,0,0,0,0,0,0,0,0,0,0,0,0,0,0,0,0
gold_Haybale_Distribution_Qwen3-30B-Non-Thinking_4.cpp,WRONG_ANSWER,89,25.00%,0.540,4.390625,0,0,22.22222222222222,0,0,0,22.22222222222222,0,0,0,0,0,22.22222222222222,0,0,22.22222222222222
gold_Haybale_Distribution_Qwen3-30B-Non-Thinking_5.cpp,WRONG_ANSWER,0,0.00%,0.240,5.99609375,0,0,0,0,0,0,0,0,0,0,0,0,0,0,0,0
gold_Haybale_Distribution_Qwen3-30B-Non-Thinking_6.cpp,WRONG_ANSWER,0,0.00%,0.250,3.62109375,0,0,0,0,0,0,0,0,0,0,0,0,0,0,0,0
gold_Haybale_Distribution_Qwen3-30B-Non-Thinking_7.cpp,WRONG_ANSWER,0,0.00%,0.250,5.99609375,0,0,0,0,0,0,0,0,0,0,0,0,0,0,0,0
