solution,status,score,%test passed,time,memory,subtask_0,subtask_1,subtask_10,subtask_11,subtask_12,subtask_13,subtask_2,subtask_3,subtask_4,subtask_5,subtask_6,subtask_7,subtask_8,subtask_9
bronze_Candy_Cane_Feast_Mistral-Large-Instruct-2411_0.cpp,TIME_LIMIT_EXCEEDED,26,7.14%,2.300,5.828125,0,25.64102564102564,0,0,0,0,0,0,0,0,0,0,0,0
bronze_Candy_Cane_Feast_Mistral-Large-Instruct-2411_1.cpp,TIME_LIMIT_EXCEEDED,0,0.00%,2.270,4.39453125,0,0,0,0,0,0,0,0,0,0,0,0,0,0
bronze_Candy_Cane_Feast_Mistral-Large-Instruct-2411_2.cpp,WRONG_ANSWER,26,7.14%,0.370,4.39453125,0,0,25.64102564102564,0,0,0,0,0,0,0,0,0,0,0
bronze_Candy_Cane_Feast_Mistral-Large-Instruct-2411_3.cpp,ACCEPTED,333,100.00%,0.370,4.39453125,0,25.64102564102564,25.64102564102564,25.64102564102564,25.64102564102564,25.64102564102564,25.64102564102564,25.64102564102564,25.64102564102564,25.64102564102564,25.64102564102564,25.64102564102564,25.64102564102564,25.64102564102564
bronze_Candy_Cane_Feast_Mistral-Large-Instruct-2411_4.cpp,TIME_LIMIT_EXCEEDED,26,7.14%,2.280,4.39453125,0,25.64102564102564,0,0,0,0,0,0,0,0,0,0,0,0
bronze_Candy_Cane_Feast_Mistral-Large-Instruct-2411_5.cpp,WRONG_ANSWER,51,14.29%,0.360,4.39453125,0,25.64102564102564,25.64102564102564,0,0,0,0,0,0,0,0,0,0,0
bronze_Candy_Cane_Feast_Mistral-Large-Instruct-2411_6.cpp,TIME_LIMIT_EXCEEDED,26,7.14%,2.350,5.828125,0,25.64102564102564,0,0,0,0,0,0,0,0,0,0,0,0
bronze_Candy_Cane_Feast_Mistral-Large-Instruct-2411_7.cpp,TIME_LIMIT_EXCEEDED,26,7.14%,2.300,5.94140625,0,25.64102564102564,0,0,0,0,0,0,0,0,0,0,0,0
