solution,status,score,%test passed,time,memory,subtask_0,subtask_1,subtask_10,subtask_11,subtask_12,subtask_2,subtask_3,subtask_4,subtask_5,subtask_6,subtask_7,subtask_8,subtask_9
bronze_Rotate_and_Shift_Qwen3-32B_0.cpp,TIME_LIMIT_EXCEEDED,28,15.38%,4.420,2.87109375,0,0,0,0,0,0,0,0,27.777777777777775,0,0,0,0
bronze_Rotate_and_Shift_Qwen3-32B_1.cpp,TIME_LIMIT_EXCEEDED,0,0.00%,4.430,4.13671875,0,0,0,0,0,0,0,0,0,0,0,0,0
bronze_Rotate_and_Shift_Qwen3-32B_2.cpp,TIME_LIMIT_EXCEEDED,28,15.38%,4.420,2.8828125,0,0,0,0,0,0,0,0,27.777777777777775,0,0,0,0
bronze_Rotate_and_Shift_Qwen3-32B_3.cpp,WRONG_ANSWER,0,7.69%,0.040,1.81640625,0,0,0,0,0,0,0,0,0,0,0,0,0
bronze_Rotate_and_Shift_Qwen3-32B_4.cpp,TIME_LIMIT_EXCEEDED,167,53.85%,4.430,2.5,0,27.777777777777775,0,0,0,27.777777777777775,27.777777777777775,27.777777777777775,27.777777777777775,27.777777777777775,0,0,0
bronze_Rotate_and_Shift_Qwen3-32B_5.cpp,TIME_LIMIT_EXCEEDED,0,0.00%,4.430,2.07421875,0,0,0,0,0,0,0,0,0,0,0,0,0
bronze_Rotate_and_Shift_Qwen3-32B_6.cpp,TIME_LIMIT_EXCEEDED,167,53.85%,4.440,2.87890625,0,27.777777777777775,0,0,0,27.777777777777775,27.777777777777775,27.777777777777775,27.777777777777775,27.777777777777775,0,0,0
bronze_Rotate_and_Shift_Qwen3-32B_7.cpp,TIME_LIMIT_EXCEEDED,167,53.85%,4.410,2.8828125,0,27.777777777777775,0,0,0,27.777777777777775,27.777777777777775,27.777777777777775,27.777777777777775,27.777777777777775,0,0,0
