solution,status,score,%test passed,time,memory,subtask_0,subtask_1,subtask_10,subtask_2,subtask_3,subtask_4,subtask_5,subtask_6,subtask_7,subtask_8,subtask_9
silver_Milk_Sum_deepseek-reasoner_0.cpp,ACCEPTED,333,100.00%,0.150,6.96875,0,33.33333333333333,33.33333333333333,33.33333333333333,33.33333333333333,33.33333333333333,33.33333333333333,33.33333333333333,33.33333333333333,33.33333333333333,33.33333333333333
silver_Milk_Sum_deepseek-reasoner_1.cpp,ACCEPTED,333,100.00%,0.140,3.62109375,0,33.33333333333333,33.33333333333333,33.33333333333333,33.33333333333333,33.33333333333333,33.33333333333333,33.33333333333333,33.33333333333333,33.33333333333333,33.33333333333333
silver_Milk_Sum_deepseek-reasoner_2.cpp,WRONG_ANSWER,100,36.36%,0.120,4.90625,0,33.33333333333333,0,0,0,33.33333333333333,33.33333333333333,0,0,0,0
silver_Milk_Sum_deepseek-reasoner_3.cpp,ACCEPTED,333,100.00%,0.140,4.91015625,0,33.33333333333333,33.33333333333333,33.33333333333333,33.33333333333333,33.33333333333333,33.33333333333333,33.33333333333333,33.33333333333333,33.33333333333333,33.33333333333333
silver_Milk_Sum_deepseek-reasoner_4.cpp,ACCEPTED,333,100.00%,0.130,4.734375,0,33.33333333333333,33.33333333333333,33.33333333333333,33.33333333333333,33.33333333333333,33.33333333333333,33.33333333333333,33.33333333333333,33.33333333333333,33.33333333333333
silver_Milk_Sum_deepseek-reasoner_5.cpp,ACCEPTED,333,100.00%,0.150,11.81640625,0,33.33333333333333,33.33333333333333,33.33333333333333,33.33333333333333,33.33333333333333,33.33333333333333,33.33333333333333,33.33333333333333,33.33333333333333,33.33333333333333
silver_Milk_Sum_deepseek-reasoner_6.cpp,WRONG_ANSWER,0,0.00%,0.200,24.65625,0,0,0,0,0,0,0,0,0,0,0
silver_Milk_Sum_deepseek-reasoner_7.cpp,ACCEPTED,333,100.00%,0.130,5.421875,0,33.33333333333333,33.33333333333333,33.33333333333333,33.33333333333333,33.33333333333333,33.33333333333333,33.33333333333333,33.33333333333333,33.33333333333333,33.33333333333333
