solution,status,score,%test passed,time,memory,subtask_0,subtask_1,subtask_10,subtask_11,subtask_12,subtask_13,subtask_14,subtask_15,subtask_16,subtask_17,subtask_18,subtask_2,subtask_3,subtask_4,subtask_5,subtask_6,subtask_7,subtask_8,subtask_9
gold_Lights_Off_gemini-2.5-pro_0.cpp,TIME_LIMIT_EXCEEDED,0,5.00%,4.410,280.234375,0,0,0,0,0,0,0,0,0,0,0,0,0,0,0,0,0,0,0
gold_Lights_Off_gemini-2.5-pro_1.cpp,WRONG_ANSWER,56,25.00%,0.460,6.26953125,0,18.51851851851852,0,0,0,0,0,0,0,0,0,18.51851851851852,18.51851851851852,0,0,0,0,0,0
gold_Lights_Off_gemini-2.5-pro_2.cpp,WRONG_ANSWER,0,5.00%,0.750,44.14453125,0,0,0,0,0,0,0,0,0,0,0,0,0,0,0,0,0,0,0
gold_Lights_Off_gemini-2.5-pro_3.cpp,WRONG_ANSWER,56,25.00%,1.410,35.26953125,0,18.51851851851852,0,0,0,0,0,0,0,0,0,18.51851851851852,18.51851851851852,0,0,0,0,0,0
gold_Lights_Off_gemini-2.5-pro_4.cpp,WRONG_ANSWER,37,20.00%,2.120,1.55078125,0,18.51851851851852,0,0,0,0,0,0,0,0,0,18.51851851851852,0,0,0,0,0,0,0
gold_Lights_Off_gemini-2.5-pro_5.cpp,ACCEPTED,333,100.00%,0.960,6.71484375,0,18.51851851851852,18.51851851851852,18.51851851851852,18.51851851851852,18.51851851851852,18.51851851851852,18.51851851851852,18.51851851851852,18.51851851851852,18.51851851851852,18.51851851851852,18.51851851851852,18.51851851851852,18.51851851851852,18.51851851851852,18.51851851851852,18.51851851851852,18.51851851851852
gold_Lights_Off_gemini-2.5-pro_6.cpp,TIME_LIMIT_EXCEEDED,0,5.00%,4.490,49.5,0,0,0,0,0,0,0,0,0,0,0,0,0,0,0,0,0,0,0
gold_Lights_Off_gemini-2.5-pro_7.cpp,TIME_LIMIT_EXCEEDED,0,5.00%,4.530,125.55859375,0,0,0,0,0,0,0,0,0,0,0,0,0,0,0,0,0,0,0
