solution,status,score,%test passed,time,memory,subtask_0,subtask_1,subtask_10,subtask_11,subtask_12,subtask_13,subtask_14,subtask_15,subtask_16,subtask_17,subtask_18,subtask_2,subtask_3,subtask_4,subtask_5,subtask_6,subtask_7,subtask_8,subtask_9
silver_Moo_Route_gemini-2.5-pro_0.cpp,WRONG_ANSWER,56,25.00%,0.040,2.5625,0,18.51851851851852,0,0,0,0,0,0,0,0,0,0,18.51851851851852,0,0,0,0,0,18.51851851851852
silver_Moo_Route_gemini-2.5-pro_1.cpp,MEMORY_LIMIT_EXCEEDED,56,25.00%,0.110,3.10546875,0,18.51851851851852,0,0,0,0,0,0,0,0,0,0,18.51851851851852,0,0,0,0,0,18.51851851851852
silver_Moo_Route_gemini-2.5-pro_2.cpp,WRONG_ANSWER,56,25.00%,0.130,4.13671875,0,18.51851851851852,0,0,0,0,0,0,0,0,0,0,18.51851851851852,0,0,0,0,0,18.51851851851852
silver_Moo_Route_gemini-2.5-pro_3.cpp,WRONG_ANSWER,56,25.00%,0.110,2.84765625,0,18.51851851851852,0,0,0,0,0,0,0,0,0,0,18.51851851851852,0,0,0,0,0,18.51851851851852
silver_Moo_Route_gemini-2.5-pro_4.cpp,WRONG_ANSWER,56,25.00%,0.110,3.62109375,0,18.51851851851852,0,0,0,0,0,0,0,0,0,0,18.51851851851852,0,0,0,0,0,18.51851851851852
silver_Moo_Route_gemini-2.5-pro_5.cpp,WRONG_ANSWER,56,25.00%,0.110,2.58984375,0,18.51851851851852,0,0,0,0,0,0,0,0,0,0,18.51851851851852,0,0,0,0,0,18.51851851851852
silver_Moo_Route_gemini-2.5-pro_6.cpp,WRONG_ANSWER,56,25.00%,0.110,3.36328125,0,18.51851851851852,0,0,0,0,0,0,0,0,0,0,18.51851851851852,0,0,0,0,0,18.51851851851852
silver_Moo_Route_gemini-2.5-pro_7.cpp,MEMORY_LIMIT_EXCEEDED,56,15.00%,0.110,2.84375,0,18.51851851851852,0,0,0,0,0,0,0,0,0,0,18.51851851851852,0,0,0,0,0,18.51851851851852
