solution,status,score,%test passed,time,memory,subtask_0,subtask_1,subtask_10,subtask_11,subtask_12,subtask_2,subtask_3,subtask_4,subtask_5,subtask_6,subtask_7,subtask_8,subtask_9
silver_Cowlendar_gpt-o3-mini-high_0.cpp,RUNTIME_ERROR,194,50.00%,0.440,2.98828125,0,0,0,27.777777777777775,27.777777777777775,27.777777777777775,0,27.777777777777775,27.777777777777775,0,27.777777777777775,0,27.777777777777775
silver_Cowlendar_gpt-o3-mini-high_1.cpp,TIME_LIMIT_EXCEEDED,167,57.14%,2.250,8.48046875,0,27.777777777777775,27.777777777777775,0,0,27.777777777777775,27.777777777777775,0,0,27.777777777777775,0,27.777777777777775,0
silver_Cowlendar_gpt-o3-mini-high_2.cpp,TIME_LIMIT_EXCEEDED,222,71.43%,2.240,1.8125,0,27.777777777777775,27.777777777777775,0,0,27.777777777777775,27.777777777777775,0,27.777777777777775,27.777777777777775,0,27.777777777777775,27.777777777777775
silver_Cowlendar_gpt-o3-mini-high_3.cpp,TIME_LIMIT_EXCEEDED,194,64.29%,2.260,1.99609375,0,27.777777777777775,27.777777777777775,0,0,27.777777777777775,27.777777777777775,0,0,27.777777777777775,0,27.777777777777775,27.777777777777775
silver_Cowlendar_gpt-o3-mini-high_4.cpp,WRONG_ANSWER,56,28.57%,0.070,2.2109375,0,0,0,0,0,27.777777777777775,0,0,0,0,0,0,27.777777777777775
silver_Cowlendar_gpt-o3-mini-high_5.cpp,RUNTIME_ERROR,56,14.29%,0.050,1.5546875,0,0,0,0,0,27.777777777777775,0,0,0,0,0,0,27.777777777777775
silver_Cowlendar_gpt-o3-mini-high_6.cpp,TIME_LIMIT_EXCEEDED,83,35.71%,2.230,1.5,0,0,0,0,0,27.777777777777775,0,0,27.777777777777775,0,0,0,27.777777777777775
silver_Cowlendar_gpt-o3-mini-high_7.cpp,ACCEPTED,333,100.00%,0.100,1.74609375,0,27.777777777777775,27.777777777777775,27.777777777777775,27.777777777777775,27.777777777777775,27.777777777777775,27.777777777777775,27.777777777777775,27.777777777777775,27.777777777777775,27.777777777777775,27.777777777777775
