solution,status,score,%test passed,time,memory,subtask_0,subtask_1,subtask_10,subtask_2,subtask_3,subtask_4,subtask_5,subtask_6,subtask_7,subtask_8,subtask_9
bronze_Hungry_Cow_Qwen3-4B-Non-Thinking_0.cpp,RUNTIME_ERROR,200,53.85%,0.170,3.12109375,0,0,33.33333333333333,0,0,0,33.33333333333333,33.33333333333333,33.33333333333333,33.33333333333333,33.33333333333333
bronze_Hungry_Cow_Qwen3-4B-Non-Thinking_1.cpp,RUNTIME_ERROR,100,30.77%,0.170,2.84765625,0,0,0,0,0,0,33.33333333333333,0,33.33333333333333,0,33.33333333333333
bronze_Hungry_Cow_Qwen3-4B-Non-Thinking_2.cpp,RUNTIME_ERROR,100,30.77%,0.180,2.84765625,0,0,0,0,0,0,33.33333333333333,0,33.33333333333333,0,33.33333333333333
bronze_Hungry_Cow_Qwen3-4B-Non-Thinking_3.cpp,RUNTIME_ERROR,100,30.77%,0.160,4.39453125,0,0,0,0,0,0,33.33333333333333,0,33.33333333333333,0,33.33333333333333
bronze_Hungry_Cow_Qwen3-4B-Non-Thinking_4.cpp,RUNTIME_ERROR,200,53.85%,0.170,2.84765625,0,0,33.33333333333333,0,0,0,33.33333333333333,33.33333333333333,33.33333333333333,33.33333333333333,33.33333333333333
bronze_Hungry_Cow_Qwen3-4B-Non-Thinking_5.cpp,RUNTIME_ERROR,200,53.85%,0.160,2.84765625,0,0,33.33333333333333,0,0,0,33.33333333333333,33.33333333333333,33.33333333333333,33.33333333333333,33.33333333333333
bronze_Hungry_Cow_Qwen3-4B-Non-Thinking_6.cpp,RUNTIME_ERROR,0,0.00%,0.170,2.84765625,0,0,0,0,0,0,0,0,0,0,0
bronze_Hungry_Cow_Qwen3-4B-Non-Thinking_7.cpp,RUNTIME_ERROR,100,30.77%,0.160,3.1015625,0,0,0,0,0,0,33.33333333333333,0,33.33333333333333,0,33.33333333333333
