solution,status,score,%test passed,time,memory,subtask_0,subtask_1,subtask_10,subtask_11,subtask_12,subtask_13,subtask_14,subtask_15,subtask_2,subtask_3,subtask_4,subtask_5,subtask_6,subtask_7,subtask_8,subtask_9
gold_Haybale_Distribution_DeepSeek-R1-Distill-Qwen-14B_0.cpp,RUNTIME_ERROR,44,18.75%,0.160,3.62109375,0,22.22222222222222,0,0,0,0,0,0,22.22222222222222,0,0,0,0,0,0,0
gold_Haybale_Distribution_DeepSeek-R1-Distill-Qwen-14B_1.cpp,COMPILATION_ERROR,0,0.00%,0.000,0,0,0,0,0,0,0,0,0,0,0,0,0,0,0,0,0
gold_Haybale_Distribution_DeepSeek-R1-Distill-Qwen-14B_2.cpp,ACCEPTED,333,100.00%,0.400,3.62109375,0,22.22222222222222,22.22222222222222,22.22222222222222,22.22222222222222,22.22222222222222,22.22222222222222,22.22222222222222,22.22222222222222,22.22222222222222,22.22222222222222,22.22222222222222,22.22222222222222,22.22222222222222,22.22222222222222,22.22222222222222
gold_Haybale_Distribution_DeepSeek-R1-Distill-Qwen-14B_3.cpp,WRONG_ANSWER,44,18.75%,0.430,3.62109375,0,22.22222222222222,0,0,0,0,0,0,22.22222222222222,0,0,0,0,0,0,0
gold_Haybale_Distribution_DeepSeek-R1-Distill-Qwen-14B_4.cpp,COMPILATION_ERROR,0,0.00%,0.000,0,0,0,0,0,0,0,0,0,0,0,0,0,0,0,0,0
gold_Haybale_Distribution_DeepSeek-R1-Distill-Qwen-14B_5.cpp,WRONG_ANSWER,0,0.00%,0.440,3.6328125,0,0,0,0,0,0,0,0,0,0,0,0,0,0,0,0
gold_Haybale_Distribution_DeepSeek-R1-Distill-Qwen-14B_6.cpp,WRONG_ANSWER,111,37.50%,0.410,3.62109375,0,22.22222222222222,0,0,0,0,0,0,22.22222222222222,22.22222222222222,22.22222222222222,22.22222222222222,0,0,0,0
gold_Haybale_Distribution_DeepSeek-R1-Distill-Qwen-14B_7.cpp,COMPILATION_ERROR,0,0.00%,0.000,0,0,0,0,0,0,0,0,0,0,0,0,0,0,0,0,0
