solution,status,score,%test passed,time,memory,subtask_0,subtask_1,subtask_2,subtask_3,subtask_4,subtask_5,subtask_6,subtask_7,subtask_8,subtask_9
ones_gemini-2.5-flash_0.cpp,WRONG_ANSWER,25,0.00%,0.230,1.94921875,4.72823,4.07686,3.3626899999999997,2.89704,2.49904,2.03989,1.73442,1.4582600000000001,1.1255,0.8935700000000001
ones_gemini-2.5-flash_1.cpp,WRONG_ANSWER,25,0.00%,0.190,1.953125,4.72823,4.07686,3.3626899999999997,2.89704,2.49904,2.03989,1.73442,1.4582600000000001,1.1255,0.8935700000000001
ones_gemini-2.5-flash_2.cpp,WRONG_ANSWER,25,0.00%,0.230,1.953125,4.70929,4.06906,3.35974,2.8991499999999997,2.49801,2.0357600000000002,1.72931,1.45111,1.1148099999999999,0.87959
ones_gemini-2.5-flash_3.cpp,WRONG_ANSWER,25,0.00%,0.190,1.95703125,4.72823,4.07686,3.3626899999999997,2.89704,2.49904,2.03989,1.73442,1.4582600000000001,1.1255,0.8935700000000001
ones_gemini-2.5-flash_4.cpp,WRONG_ANSWER,25,0.00%,0.180,1.94921875,4.70929,4.06906,3.35974,2.8991499999999997,2.49801,2.0357600000000002,1.72931,1.45111,1.1148099999999999,0.87959
ones_gemini-2.5-flash_5.cpp,WRONG_ANSWER,25,0.00%,0.240,1.953125,4.70929,4.06906,3.35974,2.8991499999999997,2.49801,2.0357600000000002,1.72931,1.45111,1.1148099999999999,0.87959
ones_gemini-2.5-flash_6.cpp,WRONG_ANSWER,29,0.00%,0.150,1.953125,2.5802799999999997,2.5615300000000003,2.6297900000000003,2.67411,2.72949,2.81882,2.93263,3.0942999999999996,3.40576,3.75162
ones_gemini-2.5-flash_7.cpp,WRONG_ANSWER,25,0.00%,0.190,1.953125,4.72823,4.07686,3.3626899999999997,2.89704,2.49904,2.03989,1.73442,1.4582600000000001,1.1255,0.8935700000000001
