solution,status,score,%test passed,time,memory,subtask_0,subtask_1,subtask_10,subtask_2,subtask_3,subtask_4,subtask_5,subtask_6,subtask_7,subtask_8,subtask_9
bronze_Hungry_Cow_Qwen2.5-Coder-32B-Instruct_0.cpp,RUNTIME_ERROR,200,53.85%,0.120,2.7890625,0,0,33.33333333333333,0,0,0,33.33333333333333,33.33333333333333,33.33333333333333,33.33333333333333,33.33333333333333
bronze_Hungry_Cow_Qwen2.5-Coder-32B-Instruct_1.cpp,TIME_LIMIT_EXCEEDED,133,53.85%,2.220,2.7890625,0,33.33333333333333,0,33.33333333333333,33.33333333333333,33.33333333333333,0,0,0,0,0
bronze_Hungry_Cow_Qwen2.5-Coder-32B-Instruct_2.cpp,TIME_LIMIT_EXCEEDED,133,53.85%,2.280,2.7890625,0,33.33333333333333,0,33.33333333333333,33.33333333333333,33.33333333333333,0,0,0,0,0
bronze_Hungry_Cow_Qwen2.5-Coder-32B-Instruct_3.cpp,RUNTIME_ERROR,200,53.85%,0.110,2.7890625,0,0,33.33333333333333,0,0,0,33.33333333333333,33.33333333333333,33.33333333333333,33.33333333333333,33.33333333333333
bronze_Hungry_Cow_Qwen2.5-Coder-32B-Instruct_4.cpp,RUNTIME_ERROR,200,53.85%,0.120,2.7890625,0,0,33.33333333333333,0,0,0,33.33333333333333,33.33333333333333,33.33333333333333,33.33333333333333,33.33333333333333
bronze_Hungry_Cow_Qwen2.5-Coder-32B-Instruct_5.cpp,RUNTIME_ERROR,200,53.85%,0.110,2.7890625,0,0,33.33333333333333,0,0,0,33.33333333333333,33.33333333333333,33.33333333333333,33.33333333333333,33.33333333333333
bronze_Hungry_Cow_Qwen2.5-Coder-32B-Instruct_6.cpp,RUNTIME_ERROR,200,53.85%,0.110,2.7890625,0,0,33.33333333333333,0,0,0,33.33333333333333,33.33333333333333,33.33333333333333,33.33333333333333,33.33333333333333
bronze_Hungry_Cow_Qwen2.5-Coder-32B-Instruct_7.cpp,RUNTIME_ERROR,200,53.85%,0.120,2.7890625,0,0,33.33333333333333,0,0,0,33.33333333333333,33.33333333333333,33.33333333333333,33.33333333333333,33.33333333333333
