solution,status,score,%test passed,time,memory,subtask_0,subtask_1,subtask_10,subtask_11,subtask_12,subtask_13,subtask_14,subtask_15,subtask_16,subtask_17,subtask_2,subtask_3,subtask_4,subtask_5,subtask_6,subtask_7,subtask_8,subtask_9
bronze_FEB_Llama-3.3-70B-Instruct_0.cpp,TIME_LIMIT_EXCEEDED,118,45.00%,2.260,1.77734375,0,19.6078431372549,0,0,19.6078431372549,0,0,0,0,0,19.6078431372549,19.6078431372549,19.6078431372549,19.6078431372549,0,0,0,0
bronze_FEB_Llama-3.3-70B-Instruct_1.cpp,TIME_LIMIT_EXCEEDED,0,0.00%,2.320,1.77734375,0,0,0,0,0,0,0,0,0,0,0,0,0,0,0,0,0,0
bronze_FEB_Llama-3.3-70B-Instruct_2.cpp,WRONG_ANSWER,118,45.00%,0.110,1.95703125,0,19.6078431372549,0,0,19.6078431372549,0,0,0,0,0,19.6078431372549,19.6078431372549,19.6078431372549,19.6078431372549,0,0,0,0
bronze_FEB_Llama-3.3-70B-Instruct_3.cpp,WRONG_ANSWER,118,45.00%,0.860,1.95703125,0,19.6078431372549,0,0,19.6078431372549,0,0,0,0,0,19.6078431372549,19.6078431372549,19.6078431372549,19.6078431372549,0,0,0,0
bronze_FEB_Llama-3.3-70B-Instruct_4.cpp,MEMORY_LIMIT_EXCEEDED,118,45.00%,0.250,280.54296875,0,19.6078431372549,0,0,19.6078431372549,0,0,0,0,0,19.6078431372549,19.6078431372549,19.6078431372549,19.6078431372549,0,0,0,0
bronze_FEB_Llama-3.3-70B-Instruct_5.cpp,WRONG_ANSWER,118,45.00%,0.110,1.9609375,0,19.6078431372549,0,0,19.6078431372549,0,0,0,0,0,19.6078431372549,19.6078431372549,19.6078431372549,19.6078431372549,0,0,0,0
bronze_FEB_Llama-3.3-70B-Instruct_6.cpp,MEMORY_LIMIT_EXCEEDED,78,25.00%,0.200,204.34375,0,19.6078431372549,0,0,0,0,0,0,0,0,19.6078431372549,19.6078431372549,19.6078431372549,0,0,0,0,0
bronze_FEB_Llama-3.3-70B-Instruct_7.cpp,TIME_LIMIT_EXCEEDED,118,45.00%,2.250,1.77734375,0,19.6078431372549,0,0,19.6078431372549,0,0,0,0,0,19.6078431372549,19.6078431372549,19.6078431372549,19.6078431372549,0,0,0,0
