solution,status,score,%test passed,time,memory,subtask_0,subtask_1,subtask_10,subtask_11,subtask_12,subtask_13,subtask_2,subtask_3,subtask_4,subtask_5,subtask_6,subtask_7,subtask_8,subtask_9
bronze_Candy_Cane_Feast_gpt-o3-mini-high_0.cpp,ACCEPTED,333,100.00%,0.080,2.7890625,0,25.64102564102564,25.64102564102564,25.64102564102564,25.64102564102564,25.64102564102564,25.64102564102564,25.64102564102564,25.64102564102564,25.64102564102564,25.64102564102564,25.64102564102564,25.64102564102564,25.64102564102564
bronze_Candy_Cane_Feast_gpt-o3-mini-high_1.cpp,TIME_LIMIT_EXCEEDED,26,14.29%,2.220,8.328125,0,0,25.64102564102564,0,0,0,0,0,0,0,0,0,0,0
bronze_Candy_Cane_Feast_gpt-o3-mini-high_2.cpp,ACCEPTED,333,100.00%,0.630,10.578125,0,25.64102564102564,25.64102564102564,25.64102564102564,25.64102564102564,25.64102564102564,25.64102564102564,25.64102564102564,25.64102564102564,25.64102564102564,25.64102564102564,25.64102564102564,25.64102564102564,25.64102564102564
bronze_Candy_Cane_Feast_gpt-o3-mini-high_3.cpp,WRONG_ANSWER,51,21.43%,0.070,7.03125,0,25.64102564102564,25.64102564102564,0,0,0,0,0,0,0,0,0,0,0
bronze_Candy_Cane_Feast_gpt-o3-mini-high_4.cpp,ACCEPTED,333,100.00%,0.550,10.57421875,0,25.64102564102564,25.64102564102564,25.64102564102564,25.64102564102564,25.64102564102564,25.64102564102564,25.64102564102564,25.64102564102564,25.64102564102564,25.64102564102564,25.64102564102564,25.64102564102564,25.64102564102564
bronze_Candy_Cane_Feast_gpt-o3-mini-high_5.cpp,WRONG_ANSWER,0,0.00%,0.080,7.48828125,0,0,0,0,0,0,0,0,0,0,0,0,0,0
bronze_Candy_Cane_Feast_gpt-o3-mini-high_6.cpp,ACCEPTED,333,100.00%,0.600,10.6015625,0,25.64102564102564,25.64102564102564,25.64102564102564,25.64102564102564,25.64102564102564,25.64102564102564,25.64102564102564,25.64102564102564,25.64102564102564,25.64102564102564,25.64102564102564,25.64102564102564,25.64102564102564
bronze_Candy_Cane_Feast_gpt-o3-mini-high_7.cpp,TIME_LIMIT_EXCEEDED,51,21.43%,2.270,7.546875,0,25.64102564102564,25.64102564102564,0,0,0,0,0,0,0,0,0,0,0
