solution,status,score,%test passed,time,memory,subtask_0,subtask_1,subtask_10,subtask_11,subtask_12,subtask_2,subtask_3,subtask_4,subtask_5,subtask_6,subtask_7,subtask_8,subtask_9
silver_Target_Practice_gpt-o3-mini-high_0.cpp,WRONG_ANSWER,250,73.33%,0.130,25.3046875,0,27.777777777777775,27.777777777777775,27.777777777777775,27.777777777777775,27.777777777777775,27.777777777777775,0,0,27.777777777777775,27.777777777777775,27.777777777777775,0
silver_Target_Practice_gpt-o3-mini-high_1.cpp,WRONG_ANSWER,83,40.00%,0.070,19.9296875,0,27.777777777777775,0,0,0,0,0,27.777777777777775,0,0,0,0,27.777777777777775
silver_Target_Practice_gpt-o3-mini-high_2.cpp,WRONG_ANSWER,167,53.33%,0.070,10.0703125,0,27.777777777777775,0,27.777777777777775,27.777777777777775,27.777777777777775,27.777777777777775,0,0,0,27.777777777777775,0,0
silver_Target_Practice_gpt-o3-mini-high_3.cpp,ACCEPTED,333,100.00%,0.080,15.1015625,0,27.777777777777775,27.777777777777775,27.777777777777775,27.777777777777775,27.777777777777775,27.777777777777775,27.777777777777775,27.777777777777775,27.777777777777775,27.777777777777775,27.777777777777775,27.777777777777775
silver_Target_Practice_gpt-o3-mini-high_4.cpp,ACCEPTED,333,100.00%,0.110,10.87890625,0,27.777777777777775,27.777777777777775,27.777777777777775,27.777777777777775,27.777777777777775,27.777777777777775,27.777777777777775,27.777777777777775,27.777777777777775,27.777777777777775,27.777777777777775,27.777777777777775
silver_Target_Practice_gpt-o3-mini-high_5.cpp,WRONG_ANSWER,222,66.67%,0.050,9.328125,0,27.777777777777775,27.777777777777775,0,27.777777777777775,27.777777777777775,27.777777777777775,0,0,27.777777777777775,27.777777777777775,27.777777777777775,0
silver_Target_Practice_gpt-o3-mini-high_6.cpp,WRONG_ANSWER,278,86.67%,0.150,19.87890625,0,27.777777777777775,27.777777777777775,0,27.777777777777775,27.777777777777775,27.777777777777775,27.777777777777775,0,27.777777777777775,27.777777777777775,27.777777777777775,27.777777777777775
silver_Target_Practice_gpt-o3-mini-high_7.cpp,WRONG_ANSWER,250,73.33%,0.070,8.72265625,0,27.777777777777775,27.777777777777775,27.777777777777775,27.777777777777775,27.777777777777775,27.777777777777775,0,0,27.777777777777775,27.777777777777775,27.777777777777775,0
