solution,status,score,%test passed,time,memory,subtask_0,subtask_1,subtask_10,subtask_11,subtask_12,subtask_2,subtask_3,subtask_4,subtask_5,subtask_6,subtask_7,subtask_8,subtask_9
silver_Cycle_Correspondence_gpt-o3-mini-high_0.cpp,WRONG_ANSWER,56,33.33%,0.100,17.51171875,0,27.777777777777775,0,0,0,27.777777777777775,0,0,0,0,0,0,0
silver_Cycle_Correspondence_gpt-o3-mini-high_1.cpp,WRONG_ANSWER,56,33.33%,0.090,18.0546875,0,27.777777777777775,0,0,0,27.777777777777775,0,0,0,0,0,0,0
silver_Cycle_Correspondence_gpt-o3-mini-high_2.cpp,ACCEPTED,333,100.00%,0.080,9.359375,0,27.777777777777775,27.777777777777775,27.777777777777775,27.777777777777775,27.777777777777775,27.777777777777775,27.777777777777775,27.777777777777775,27.777777777777775,27.777777777777775,27.777777777777775,27.777777777777775
silver_Cycle_Correspondence_gpt-o3-mini-high_3.cpp,WRONG_ANSWER,56,33.33%,0.080,3.87890625,0,27.777777777777775,0,0,0,27.777777777777775,0,0,0,0,0,0,0
silver_Cycle_Correspondence_gpt-o3-mini-high_4.cpp,ACCEPTED,333,100.00%,0.090,10.06640625,0,27.777777777777775,27.777777777777775,27.777777777777775,27.777777777777775,27.777777777777775,27.777777777777775,27.777777777777775,27.777777777777775,27.777777777777775,27.777777777777775,27.777777777777775,27.777777777777775
silver_Cycle_Correspondence_gpt-o3-mini-high_5.cpp,ACCEPTED,333,100.00%,0.130,25.56640625,0,27.777777777777775,27.777777777777775,27.777777777777775,27.777777777777775,27.777777777777775,27.777777777777775,27.777777777777775,27.777777777777775,27.777777777777775,27.777777777777775,27.777777777777775,27.777777777777775
silver_Cycle_Correspondence_gpt-o3-mini-high_6.cpp,ACCEPTED,333,100.00%,0.080,8.00390625,0,27.777777777777775,27.777777777777775,27.777777777777775,27.777777777777775,27.777777777777775,27.777777777777775,27.777777777777775,27.777777777777775,27.777777777777775,27.777777777777775,27.777777777777775,27.777777777777775
silver_Cycle_Correspondence_gpt-o3-mini-high_7.cpp,WRONG_ANSWER,56,33.33%,0.100,16.765625,0,27.777777777777775,0,0,0,27.777777777777775,0,0,0,0,0,0,0
