solution,status,score,%test passed,time,memory,subtask_0,subtask_1,subtask_10,subtask_11,subtask_12,subtask_13,subtask_14,subtask_15,subtask_2,subtask_3,subtask_4,subtask_5,subtask_6,subtask_7,subtask_8,subtask_9
gold_Job_Completion_gpt-oss-120b-low_0.cpp,WRONG_ANSWER,0,0.00%,0.120,6.02734375,0,0,0,0,0,0,0,0,0,0,0,0,0,0,0,0
gold_Job_Completion_gpt-oss-120b-low_1.cpp,WRONG_ANSWER,22,6.25%,0.120,6.01953125,0,22.22222222222222,0,0,0,0,0,0,0,0,0,0,0,0,0,0
gold_Job_Completion_gpt-oss-120b-low_2.cpp,WRONG_ANSWER,0,0.00%,0.120,4.92578125,0,0,0,0,0,0,0,0,0,0,0,0,0,0,0,0
gold_Job_Completion_gpt-oss-120b-low_3.cpp,WRONG_ANSWER,0,0.00%,0.120,6.02734375,0,0,0,0,0,0,0,0,0,0,0,0,0,0,0,0
gold_Job_Completion_gpt-oss-120b-low_4.cpp,ACCEPTED,333,100.00%,0.140,8.34765625,0,22.22222222222222,22.22222222222222,22.22222222222222,22.22222222222222,22.22222222222222,22.22222222222222,22.22222222222222,22.22222222222222,22.22222222222222,22.22222222222222,22.22222222222222,22.22222222222222,22.22222222222222,22.22222222222222,22.22222222222222
gold_Job_Completion_gpt-oss-120b-low_5.cpp,WRONG_ANSWER,0,0.00%,0.120,6.2890625,0,0,0,0,0,0,0,0,0,0,0,0,0,0,0,0
gold_Job_Completion_gpt-oss-120b-low_6.cpp,WRONG_ANSWER,0,0.00%,0.140,5.25390625,0,0,0,0,0,0,0,0,0,0,0,0,0,0,0,0
gold_Job_Completion_gpt-oss-120b-low_7.cpp,ACCEPTED,333,100.00%,0.130,7.57421875,0,22.22222222222222,22.22222222222222,22.22222222222222,22.22222222222222,22.22222222222222,22.22222222222222,22.22222222222222,22.22222222222222,22.22222222222222,22.22222222222222,22.22222222222222,22.22222222222222,22.22222222222222,22.22222222222222,22.22222222222222
