solution,status,score,%test passed,time,memory,subtask_0,subtask_1,subtask_10,subtask_2,subtask_3,subtask_4,subtask_5,subtask_6,subtask_7,subtask_8,subtask_9
silver_Cake_Game_gpt-oss-120b-low_0.cpp,WRONG_ANSWER,67,27.27%,0.130,6.125,0,33.33333333333333,0,33.33333333333333,0,0,0,0,0,0,0
silver_Cake_Game_gpt-oss-120b-low_1.cpp,WRONG_ANSWER,0,9.09%,0.130,0.00390625,0,0,0,0,0,0,0,0,0,0,0
silver_Cake_Game_gpt-oss-120b-low_2.cpp,WRONG_ANSWER,33,9.09%,0.130,6.12109375,0,33.33333333333333,0,0,0,0,0,0,0,0,0
silver_Cake_Game_gpt-oss-120b-low_3.cpp,WRONG_ANSWER,0,9.09%,0.120,0.00390625,0,0,0,0,0,0,0,0,0,0,0
silver_Cake_Game_gpt-oss-120b-low_4.cpp,WRONG_ANSWER,0,0.00%,0.130,6.05859375,0,0,0,0,0,0,0,0,0,0,0
silver_Cake_Game_gpt-oss-120b-low_5.cpp,WRONG_ANSWER,0,9.09%,0.130,0.00390625,0,0,0,0,0,0,0,0,0,0,0
silver_Cake_Game_gpt-oss-120b-low_6.cpp,WRONG_ANSWER,0,9.09%,0.120,0.00390625,0,0,0,0,0,0,0,0,0,0,0
silver_Cake_Game_gpt-oss-120b-low_7.cpp,ACCEPTED,333,100.00%,0.120,6.12109375,0,33.33333333333333,33.33333333333333,33.33333333333333,33.33333333333333,33.33333333333333,33.33333333333333,33.33333333333333,33.33333333333333,33.33333333333333,33.33333333333333
