solution,status,score,%test passed,time,memory,subtask_0,subtask_1,subtask_10,subtask_11,subtask_12,subtask_13,subtask_14,subtask_15,subtask_16,subtask_17,subtask_2,subtask_3,subtask_4,subtask_5,subtask_6,subtask_7,subtask_8,subtask_9
bronze_FEB_Qwen3-14B_0.cpp,TIME_LIMIT_EXCEEDED,118,45.00%,2.330,2.30078125,0,19.6078431372549,0,0,19.6078431372549,0,0,0,0,0,19.6078431372549,19.6078431372549,19.6078431372549,19.6078431372549,0,0,0,0
bronze_FEB_Qwen3-14B_1.cpp,TIME_LIMIT_EXCEEDED,98,40.00%,2.330,1.8046875,0,19.6078431372549,0,0,0,0,0,0,0,0,19.6078431372549,19.6078431372549,19.6078431372549,19.6078431372549,0,0,0,0
bronze_FEB_Qwen3-14B_2.cpp,TIME_LIMIT_EXCEEDED,39,10.00%,2.400,2.48046875,0,0,0,0,19.6078431372549,0,0,0,0,0,0,0,19.6078431372549,0,0,0,0,0
bronze_FEB_Qwen3-14B_3.cpp,RUNTIME_ERROR,98,30.00%,0.180,4.5390625,0,19.6078431372549,0,0,0,0,0,19.6078431372549,0,19.6078431372549,19.6078431372549,0,0,19.6078431372549,0,0,0,0
bronze_FEB_Qwen3-14B_4.cpp,COMPILATION_ERROR,0,0.00%,0.000,0,0,0,0,0,0,0,0,0,0,0,0,0,0,0,0,0,0,0
bronze_FEB_Qwen3-14B_5.cpp,TIME_LIMIT_EXCEEDED,137,50.00%,2.400,3.52734375,0,19.6078431372549,0,0,19.6078431372549,0,0,0,0,19.6078431372549,19.6078431372549,19.6078431372549,19.6078431372549,19.6078431372549,0,0,0,0
bronze_FEB_Qwen3-14B_6.cpp,TIME_LIMIT_EXCEEDED,118,45.00%,2.290,2.21484375,0,19.6078431372549,0,0,19.6078431372549,0,0,0,0,0,19.6078431372549,19.6078431372549,19.6078431372549,19.6078431372549,0,0,0,0
bronze_FEB_Qwen3-14B_7.cpp,WRONG_ANSWER,118,40.00%,0.160,4.62890625,0,19.6078431372549,0,0,19.6078431372549,0,0,19.6078431372549,0,19.6078431372549,19.6078431372549,0,0,19.6078431372549,0,0,0,0
