solution,status,score,%test passed,time,memory,subtask_0,subtask_1,subtask_10,subtask_11,subtask_12,subtask_2,subtask_3,subtask_4,subtask_5,subtask_6,subtask_7,subtask_8,subtask_9
bronze_Rotate_and_Shift_Qwen3-14B_0.cpp,WRONG_ANSWER,0,7.69%,0.130,2.07421875,0,0,0,0,0,0,0,0,0,0,0,0,0
bronze_Rotate_and_Shift_Qwen3-14B_1.cpp,TIME_LIMIT_EXCEEDED,167,53.85%,4.420,2.84765625,0,27.777777777777775,0,0,0,27.777777777777775,27.777777777777775,27.777777777777775,27.777777777777775,27.777777777777775,0,0,0
bronze_Rotate_and_Shift_Qwen3-14B_2.cpp,WRONG_ANSWER,0,7.69%,0.110,2.07421875,0,0,0,0,0,0,0,0,0,0,0,0,0
bronze_Rotate_and_Shift_Qwen3-14B_3.cpp,TIME_LIMIT_EXCEEDED,167,53.85%,4.420,3.25390625,0,27.777777777777775,0,0,0,27.777777777777775,27.777777777777775,27.777777777777775,27.777777777777775,27.777777777777775,0,0,0
bronze_Rotate_and_Shift_Qwen3-14B_4.cpp,TIME_LIMIT_EXCEEDED,167,53.85%,4.480,3.26171875,0,27.777777777777775,0,0,0,27.777777777777775,27.777777777777775,27.777777777777775,27.777777777777775,27.777777777777775,0,0,0
bronze_Rotate_and_Shift_Qwen3-14B_5.cpp,WRONG_ANSWER,0,7.69%,0.110,1.75390625,0,0,0,0,0,0,0,0,0,0,0,0,0
bronze_Rotate_and_Shift_Qwen3-14B_6.cpp,TIME_LIMIT_EXCEEDED,167,53.85%,4.420,2.9921875,0,27.777777777777775,0,0,0,27.777777777777775,27.777777777777775,27.777777777777775,27.777777777777775,27.777777777777775,0,0,0
bronze_Rotate_and_Shift_Qwen3-14B_7.cpp,TIME_LIMIT_EXCEEDED,167,53.85%,4.430,2.87890625,0,27.777777777777775,0,0,0,27.777777777777775,27.777777777777775,27.777777777777775,27.777777777777775,27.777777777777775,0,0,0
