solution,status,score,%test passed,time,memory,subtask_0,subtask_1,subtask_10,subtask_2,subtask_3,subtask_4,subtask_5,subtask_6,subtask_7,subtask_8,subtask_9
silver_Milk_Sum_Qwen3-14B_0.cpp,WRONG_ANSWER,100,36.36%,0.330,19.13671875,0,33.33333333333333,0,0,0,33.33333333333333,33.33333333333333,0,0,0,0
silver_Milk_Sum_Qwen3-14B_1.cpp,WRONG_ANSWER,100,36.36%,0.310,3.6171875,0,33.33333333333333,0,0,0,33.33333333333333,33.33333333333333,0,0,0,0
silver_Milk_Sum_Qwen3-14B_2.cpp,ACCEPTED,333,100.00%,0.200,3.62109375,0,33.33333333333333,33.33333333333333,33.33333333333333,33.33333333333333,33.33333333333333,33.33333333333333,33.33333333333333,33.33333333333333,33.33333333333333,33.33333333333333
silver_Milk_Sum_Qwen3-14B_3.cpp,MEMORY_LIMIT_EXCEEDED,0,0.00%,0.720,32.5703125,0,0,0,0,0,0,0,0,0,0,0
silver_Milk_Sum_Qwen3-14B_4.cpp,ACCEPTED,333,100.00%,0.300,4.90625,0,33.33333333333333,33.33333333333333,33.33333333333333,33.33333333333333,33.33333333333333,33.33333333333333,33.33333333333333,33.33333333333333,33.33333333333333,33.33333333333333
silver_Milk_Sum_Qwen3-14B_5.cpp,WRONG_ANSWER,0,0.00%,0.390,10.14453125,0,0,0,0,0,0,0,0,0,0,0
silver_Milk_Sum_Qwen3-14B_6.cpp,WRONG_ANSWER,0,0.00%,0.630,28.84375,0,0,0,0,0,0,0,0,0,0,0
silver_Milk_Sum_Qwen3-14B_7.cpp,WRONG_ANSWER,100,36.36%,0.300,5.25,0,33.33333333333333,0,0,0,33.33333333333333,33.33333333333333,0,0,0,0
