solution,status,score,%test passed,time,memory,subtask_0,subtask_1,subtask_10,subtask_11,subtask_2,subtask_3,subtask_4,subtask_5,subtask_6,subtask_7,subtask_8,subtask_9
bronze_Hoof_Paper_Scissors_Minus_One_deepseek-reasoner_0.cpp,ACCEPTED,333,100.00%,0.080,3.875,0,30.3030303030303,30.3030303030303,30.3030303030303,30.3030303030303,30.3030303030303,30.3030303030303,30.3030303030303,30.3030303030303,30.3030303030303,30.3030303030303,30.3030303030303
bronze_Hoof_Paper_Scissors_Minus_One_deepseek-reasoner_1.cpp,ACCEPTED,333,100.00%,0.120,18.5703125,0,30.3030303030303,30.3030303030303,30.3030303030303,30.3030303030303,30.3030303030303,30.3030303030303,30.3030303030303,30.3030303030303,30.3030303030303,30.3030303030303,30.3030303030303
bronze_Hoof_Paper_Scissors_Minus_One_deepseek-reasoner_2.cpp,WRONG_ANSWER,0,0.00%,0.060,2.5859375,0,0,0,0,0,0,0,0,0,0,0,0
bronze_Hoof_Paper_Scissors_Minus_One_deepseek-reasoner_3.cpp,ACCEPTED,333,100.00%,0.070,2.5859375,0,30.3030303030303,30.3030303030303,30.3030303030303,30.3030303030303,30.3030303030303,30.3030303030303,30.3030303030303,30.3030303030303,30.3030303030303,30.3030303030303,30.3030303030303
bronze_Hoof_Paper_Scissors_Minus_One_deepseek-reasoner_4.cpp,ACCEPTED,333,100.00%,0.200,6.96875,0,30.3030303030303,30.3030303030303,30.3030303030303,30.3030303030303,30.3030303030303,30.3030303030303,30.3030303030303,30.3030303030303,30.3030303030303,30.3030303030303,30.3030303030303
bronze_Hoof_Paper_Scissors_Minus_One_deepseek-reasoner_5.cpp,WRONG_ANSWER,0,0.00%,0.080,10.9375,0,0,0,0,0,0,0,0,0,0,0,0
bronze_Hoof_Paper_Scissors_Minus_One_deepseek-reasoner_6.cpp,WRONG_ANSWER,0,0.00%,0.120,6.96875,0,0,0,0,0,0,0,0,0,0,0,0
bronze_Hoof_Paper_Scissors_Minus_One_deepseek-reasoner_7.cpp,ACCEPTED,333,100.00%,0.110,6.96484375,0,30.3030303030303,30.3030303030303,30.3030303030303,30.3030303030303,30.3030303030303,30.3030303030303,30.3030303030303,30.3030303030303,30.3030303030303,30.3030303030303,30.3030303030303
