solution,status,score,%test passed,time,memory,subtask_0,subtask_1,subtask_10,subtask_11,subtask_12,subtask_13,subtask_14,subtask_2,subtask_3,subtask_4,subtask_5,subtask_6,subtask_7,subtask_8,subtask_9
platinum_Forklift_Certified_deepseek-reasoner_0.cpp,RUNTIME_ERROR,95,25.00%,0.200,5.46875,0,0,0,0,23.809523809523807,23.809523809523807,23.809523809523807,0,0,23.809523809523807,0,0,0,0,0
platinum_Forklift_Certified_deepseek-reasoner_1.cpp,RUNTIME_ERROR,0,0.00%,0.640,27.359375,0,0,0,0,0,0,0,0,0,0,0,0,0,0,0
platinum_Forklift_Certified_deepseek-reasoner_2.cpp,RUNTIME_ERROR,95,25.00%,0.250,5.4765625,0,0,0,0,23.809523809523807,23.809523809523807,23.809523809523807,0,0,23.809523809523807,0,0,0,0,0
platinum_Forklift_Certified_deepseek-reasoner_3.cpp,RUNTIME_ERROR,0,0.00%,0.460,18.2734375,0,0,0,0,0,0,0,0,0,0,0,0,0,0,0
platinum_Forklift_Certified_deepseek-reasoner_4.cpp,RUNTIME_ERROR,95,25.00%,0.250,6.5078125,0,0,0,0,23.809523809523807,23.809523809523807,23.809523809523807,0,0,23.809523809523807,0,0,0,0,0
platinum_Forklift_Certified_deepseek-reasoner_5.cpp,RUNTIME_ERROR,95,25.00%,0.350,6.25390625,0,0,0,0,23.809523809523807,23.809523809523807,23.809523809523807,0,0,23.809523809523807,0,0,0,0,0
platinum_Forklift_Certified_deepseek-reasoner_6.cpp,RUNTIME_ERROR,95,25.00%,0.210,4.15234375,0,0,0,0,23.809523809523807,23.809523809523807,23.809523809523807,0,0,23.809523809523807,0,0,0,0,0
platinum_Forklift_Certified_deepseek-reasoner_7.cpp,RUNTIME_ERROR,95,25.00%,0.250,5.21875,0,0,0,0,23.809523809523807,23.809523809523807,23.809523809523807,0,0,23.809523809523807,0,0,0,0,0
