solution,status,score,%test passed,time,memory,subtask_0,subtask_1,subtask_10,subtask_11,subtask_12,subtask_13,subtask_14,subtask_15,subtask_16,subtask_17,subtask_18,subtask_19,subtask_2,subtask_20,subtask_21,subtask_22,subtask_23,subtask_24,subtask_3,subtask_4,subtask_5,subtask_6,subtask_7,subtask_8,subtask_9
bronze_Logical_Moos_gpt-oss-20b-medium_0.cpp,RUNTIME_ERROR,56,15.38%,0.150,12.328125,0,13.888888888888888,0,0,0,13.888888888888888,0,0,13.888888888888888,0,0,0,0,0,0,0,0,0,0,13.888888888888888,0,0,0,0,0
bronze_Logical_Moos_gpt-oss-20b-medium_1.cpp,RUNTIME_ERROR,0,0.00%,0.120,13.92578125,0,0,0,0,0,0,0,0,0,0,0,0,0,0,0,0,0,0,0,0,0,0,0,0,0
bronze_Logical_Moos_gpt-oss-20b-medium_2.cpp,RUNTIME_ERROR,0,0.00%,0.110,38.3671875,0,0,0,0,0,0,0,0,0,0,0,0,0,0,0,0,0,0,0,0,0,0,0,0,0
bronze_Logical_Moos_gpt-oss-20b-medium_3.cpp,TIME_LIMIT_EXCEEDED,0,0.00%,2.420,10.52734375,0,0,0,0,0,0,0,0,0,0,0,0,0,0,0,0,0,0,0,0,0,0,0,0,0
bronze_Logical_Moos_gpt-oss-20b-medium_5.cpp,RUNTIME_ERROR,83,23.08%,0.100,10.78125,0,13.888888888888888,13.888888888888888,0,0,13.888888888888888,0,0,13.888888888888888,13.888888888888888,0,0,0,0,0,0,0,0,0,13.888888888888888,0,0,0,0,0
bronze_Logical_Moos_gpt-oss-20b-medium_6.cpp,ACCEPTED,333,100.00%,0.080,13.4296875,0,13.888888888888888,13.888888888888888,13.888888888888888,13.888888888888888,13.888888888888888,13.888888888888888,13.888888888888888,13.888888888888888,13.888888888888888,13.888888888888888,13.888888888888888,13.888888888888888,13.888888888888888,13.888888888888888,13.888888888888888,13.888888888888888,13.888888888888888,13.888888888888888,13.888888888888888,13.888888888888888,13.888888888888888,13.888888888888888,13.888888888888888,13.888888888888888
