solution,status,score,%test passed,time,memory,subtask_0,subtask_1,subtask_10,subtask_11,subtask_12,subtask_13,subtask_14,subtask_15,subtask_2,subtask_3,subtask_4,subtask_5,subtask_6,subtask_7,subtask_8,subtask_9
silver_The_Winning_Gene_gpt-oss-20b-medium_0.cpp,ACCEPTED,333,100.00%,0.080,1.59765625,0,22.22222222222222,22.22222222222222,22.22222222222222,22.22222222222222,22.22222222222222,22.22222222222222,22.22222222222222,22.22222222222222,22.22222222222222,22.22222222222222,22.22222222222222,22.22222222222222,22.22222222222222,22.22222222222222,22.22222222222222
silver_The_Winning_Gene_gpt-oss-20b-medium_1.cpp,WRONG_ANSWER,0,0.00%,0.140,1.921875,0,0,0,0,0,0,0,0,0,0,0,0,0,0,0,0
silver_The_Winning_Gene_gpt-oss-20b-medium_2.cpp,WRONG_ANSWER,0,0.00%,0.130,1.60546875,0,0,0,0,0,0,0,0,0,0,0,0,0,0,0,0
silver_The_Winning_Gene_gpt-oss-20b-medium_3.cpp,ACCEPTED,333,100.00%,0.100,1.546875,0,22.22222222222222,22.22222222222222,22.22222222222222,22.22222222222222,22.22222222222222,22.22222222222222,22.22222222222222,22.22222222222222,22.22222222222222,22.22222222222222,22.22222222222222,22.22222222222222,22.22222222222222,22.22222222222222,22.22222222222222
silver_The_Winning_Gene_gpt-oss-20b-medium_4.cpp,ACCEPTED,333,100.00%,0.480,1.66015625,0,22.22222222222222,22.22222222222222,22.22222222222222,22.22222222222222,22.22222222222222,22.22222222222222,22.22222222222222,22.22222222222222,22.22222222222222,22.22222222222222,22.22222222222222,22.22222222222222,22.22222222222222,22.22222222222222,22.22222222222222
silver_The_Winning_Gene_gpt-oss-20b-medium_5.cpp,WRONG_ANSWER,89,25.00%,0.100,1.59375,0,22.22222222222222,0,0,0,22.22222222222222,0,22.22222222222222,0,0,0,0,0,22.22222222222222,0,0
silver_The_Winning_Gene_gpt-oss-20b-medium_6.cpp,ACCEPTED,333,100.00%,0.120,1.7421875,0,22.22222222222222,22.22222222222222,22.22222222222222,22.22222222222222,22.22222222222222,22.22222222222222,22.22222222222222,22.22222222222222,22.22222222222222,22.22222222222222,22.22222222222222,22.22222222222222,22.22222222222222,22.22222222222222,22.22222222222222
silver_The_Winning_Gene_gpt-oss-20b-medium_7.cpp,WRONG_ANSWER,44,12.50%,0.350,1.55078125,0,22.22222222222222,0,0,0,0,0,0,0,0,0,0,0,22.22222222222222,0,0
