solution,status,score,%test passed,time,memory,subtask_0,subtask_1,subtask_10,subtask_11,subtask_12,subtask_13,subtask_2,subtask_3,subtask_4,subtask_5,subtask_6,subtask_7,subtask_8,subtask_9
bronze_Candy_Cane_Feast_DeepSeek-R1-Distill-Qwen-32B_0.cpp,WRONG_ANSWER,51,14.29%,0.340,4.39453125,0,25.64102564102564,25.64102564102564,0,0,0,0,0,0,0,0,0,0,0
bronze_Candy_Cane_Feast_DeepSeek-R1-Distill-Qwen-32B_5.cpp,ACCEPTED,333,100.00%,0.380,4.39453125,0,25.64102564102564,25.64102564102564,25.64102564102564,25.64102564102564,25.64102564102564,25.64102564102564,25.64102564102564,25.64102564102564,25.64102564102564,25.64102564102564,25.64102564102564,25.64102564102564,25.64102564102564
bronze_Candy_Cane_Feast_DeepSeek-R1-Distill-Qwen-32B_6.cpp,ACCEPTED,333,100.00%,0.370,4.39453125,0,25.64102564102564,25.64102564102564,25.64102564102564,25.64102564102564,25.64102564102564,25.64102564102564,25.64102564102564,25.64102564102564,25.64102564102564,25.64102564102564,25.64102564102564,25.64102564102564,25.64102564102564
bronze_Candy_Cane_Feast_DeepSeek-R1-Distill-Qwen-32B_7.cpp,TIME_LIMIT_EXCEEDED,0,7.14%,2.350,9.03515625,0,0,0,0,0,0,0,0,0,0,0,0,0,0
