solution,status,score,%test passed,time,memory,subtask_0,subtask_1,subtask_2,subtask_3,subtask_4,subtask_5,subtask_6,subtask_7,subtask_8,subtask_9
ones_gpt-oss-20b-high_0.cpp,UNKNOWN,0,0.00%,0.000,0,0,0,0,0,0,0,0,0,0,0
ones_gpt-oss-20b-high_1.cpp,UNKNOWN,0,0.00%,0.000,0,0,0,0,0,0,0,0,0,0,0
ones_gpt-oss-20b-high_2.cpp,WRONG_ANSWER,20,0.00%,0.130,1.94921875,1.74569,1.7815800000000002,1.83025,1.8659899999999998,1.90143,1.95442,2.00443,2.06189,2.15504,2.23298
ones_gpt-oss-20b-high_3.cpp,WRONG_ANSWER,20,0.00%,0.130,1.953125,1.74569,1.7815800000000002,1.83025,1.8659899999999998,1.90143,1.95442,2.00443,2.06189,2.15504,2.23298
ones_gpt-oss-20b-high_4.cpp,UNKNOWN,0,0.00%,0.000,0,0,0,0,0,0,0,0,0,0,0
ones_gpt-oss-20b-high_5.cpp,WRONG_ANSWER,25,0.00%,0.140,1.94921875,4.70929,4.06906,3.35974,2.8991499999999997,2.49801,2.0357600000000002,1.72931,1.45111,1.1148099999999999,0.87959
ones_gpt-oss-20b-high_6.cpp,WRONG_ANSWER,20,0.00%,0.140,1.953125,1.74569,1.7815800000000002,1.83025,1.8659899999999998,1.90143,1.95442,2.00443,2.06189,2.15504,2.23298
ones_gpt-oss-20b-high_7.cpp,UNKNOWN,0,0.00%,0.000,0,0,0,0,0,0,0,0,0,0,0
