solution,status,score,%test passed,time,memory,subtask_0,subtask_1,subtask_2,subtask_3
an2dl_Qwen3-14B_0.cpp,ACCEPTED,110,100.00%,2.700,99.0078125,12,17,25,56
an2dl_Qwen3-14B_1.cpp,ACCEPTED,110,100.00%,2.660,99.00390625,12,17,25,56
an2dl_Qwen3-14B_2.cpp,ACCEPTED,110,100.00%,2.680,99.0078125,12,17,25,56
an2dl_Qwen3-14B_3.cpp,ACCEPTED,110,100.00%,1.120,122.2109375,12,17,25,56
an2dl_Qwen3-14B_4.cpp,ACCEPTED,110,100.00%,1.200,99.00390625,12,17,25,56
an2dl_Qwen3-14B_5.cpp,ACCEPTED,110,100.00%,2.730,99.0078125,12,17,25,56
an2dl_Qwen3-14B_6.cpp,ACCEPTED,110,100.00%,1.090,99.0078125,12,17,25,56
an2dl_Qwen3-14B_7.cpp,ACCEPTED,110,100.00%,2.730,122.2109375,12,17,25,56
