solution,status,score,%test passed,time,memory,subtask_0,subtask_1,subtask_10,subtask_2,subtask_3,subtask_4,subtask_5,subtask_6,subtask_7,subtask_8,subtask_9
bronze_Cow_Checkups_Qwen2.5-Coder-32B-Instruct_0.cpp,TIME_LIMIT_EXCEEDED,100,46.15%,2.460,1.6015625,0,33.33333333333333,0,33.33333333333333,33.33333333333333,0,0,0,0,0,0
bronze_Cow_Checkups_Qwen2.5-Coder-32B-Instruct_1.cpp,TIME_LIMIT_EXCEEDED,100,46.15%,2.280,1.6015625,0,33.33333333333333,0,33.33333333333333,33.33333333333333,0,0,0,0,0,0
bronze_Cow_Checkups_Qwen2.5-Coder-32B-Instruct_2.cpp,TIME_LIMIT_EXCEEDED,100,46.15%,2.290,1.6015625,0,33.33333333333333,0,33.33333333333333,33.33333333333333,0,0,0,0,0,0
bronze_Cow_Checkups_Qwen2.5-Coder-32B-Instruct_3.cpp,TIME_LIMIT_EXCEEDED,100,46.15%,2.280,1.6015625,0,33.33333333333333,0,33.33333333333333,33.33333333333333,0,0,0,0,0,0
bronze_Cow_Checkups_Qwen2.5-Coder-32B-Instruct_4.cpp,TIME_LIMIT_EXCEEDED,100,46.15%,2.300,1.6015625,0,33.33333333333333,0,33.33333333333333,33.33333333333333,0,0,0,0,0,0
bronze_Cow_Checkups_Qwen2.5-Coder-32B-Instruct_5.cpp,MEMORY_LIMIT_EXCEEDED,33,15.38%,0.370,216.31640625,0,0,0,0,33.33333333333333,0,0,0,0,0,0
bronze_Cow_Checkups_Qwen2.5-Coder-32B-Instruct_6.cpp,MEMORY_LIMIT_EXCEEDED,0,0.00%,0.340,216.31640625,0,0,0,0,0,0,0,0,0,0,0
bronze_Cow_Checkups_Qwen2.5-Coder-32B-Instruct_7.cpp,TIME_LIMIT_EXCEEDED,100,46.15%,2.360,1.6015625,0,33.33333333333333,0,33.33333333333333,33.33333333333333,0,0,0,0,0,0
