solution,status,score,%test passed,time,memory,subtask_1,subtask_2,subtask_3,subtask_4,subtask_5,subtask_6
fire_gpt-5_0.cpp,ACCEPTED,100,100.00%,0.140,108.87109375,14,17,9,13,21,26
fire_gpt-5_1.cpp,ACCEPTED,100,100.00%,0.140,46.15625,14,17,9,13,21,26
fire_gpt-5_2.cpp,ACCEPTED,100,100.00%,0.230,88.52734375,14,17,9,13,21,26
fire_gpt-5_3.cpp,ACCEPTED,100,100.00%,0.140,50.5390625,14,17,9,13,21,26
fire_gpt-5_4.cpp,RUNTIME_ERROR,0,0.00%,0.100,21.1484375,0,0,0,0,0,0
fire_gpt-5_5.cpp,ACCEPTED,100,100.00%,0.140,50.35546875,14,17,9,13,21,26
fire_gpt-5_6.cpp,ACCEPTED,100,100.00%,0.360,80.7734375,14,17,9,13,21,26
fire_gpt-5_7.cpp,ACCEPTED,100,100.00%,0.140,45.7734375,14,17,9,13,21,26
