solution,status,score,%test passed,time,memory,subtask_1,subtask_2,subtask_3,subtask_4,subtask_5,subtask_6
wall_gpt-5_0.cpp,ACCEPTED,100,100.00%,0.680,62.5078125,8,17,19,14,12,30
wall_gpt-5_1.cpp,ACCEPTED,100,100.00%,0.950,94.91015625,8,17,19,14,12,30
wall_gpt-5_2.cpp,ACCEPTED,100,100.00%,0.610,55.4375,8,17,19,14,12,30
wall_gpt-5_3.cpp,ACCEPTED,100,100.00%,1.630,98.94140625,8,17,19,14,12,30
wall_gpt-5_4.cpp,ACCEPTED,100,100.00%,1.400,85.37890625,8,17,19,14,12,30
wall_gpt-5_5.cpp,ACCEPTED,100,100.00%,0.890,92.92578125,8,17,19,14,12,30
wall_gpt-5_6.cpp,ACCEPTED,100,100.00%,1.220,131.08203125,8,17,19,14,12,30
wall_gpt-5_7.cpp,ACCEPTED,100,100.00%,1.270,98.8828125,8,17,19,14,12,30
