solution,status,score,%test passed,time,memory,subtask_0,subtask_1,subtask_10,subtask_11,subtask_12,subtask_13,subtask_14,subtask_15,subtask_16,subtask_2,subtask_3,subtask_4,subtask_5,subtask_6,subtask_7,subtask_8,subtask_9
gold_Minimum_Longest_Trip_Qwen3-30B_0.cpp,TIME_LIMIT_EXCEEDED,83,40.00%,2.330,18.8984375,0,0,0,0,0,0,0,0,0,0,20.833333333333332,20.833333333333332,20.833333333333332,20.833333333333332,0,0,0
gold_Minimum_Longest_Trip_Qwen3-30B_1.cpp,TIME_LIMIT_EXCEEDED,83,40.00%,2.390,18.90234375,0,0,0,0,0,0,0,0,0,0,20.833333333333332,20.833333333333332,20.833333333333332,20.833333333333332,0,0,0
gold_Minimum_Longest_Trip_Qwen3-30B_2.cpp,TIME_LIMIT_EXCEEDED,0,20.00%,2.320,18.125,0,0,0,0,0,0,0,0,0,0,0,0,0,0,0,0,0
gold_Minimum_Longest_Trip_Qwen3-30B_3.cpp,TIME_LIMIT_EXCEEDED,83,40.00%,2.420,18.87109375,0,0,0,0,0,0,0,0,0,0,20.833333333333332,20.833333333333332,20.833333333333332,20.833333333333332,0,0,0
gold_Minimum_Longest_Trip_Qwen3-30B_4.cpp,TIME_LIMIT_EXCEEDED,83,40.00%,2.280,18.87890625,0,0,0,0,0,0,0,0,0,0,20.833333333333332,20.833333333333332,20.833333333333332,20.833333333333332,0,0,0
gold_Minimum_Longest_Trip_Qwen3-30B_5.cpp,TIME_LIMIT_EXCEEDED,0,20.00%,2.350,18.12890625,0,0,0,0,0,0,0,0,0,0,0,0,0,0,0,0,0
gold_Minimum_Longest_Trip_Qwen3-30B_6.cpp,TIME_LIMIT_EXCEEDED,83,40.00%,2.270,18.90234375,0,0,0,0,0,0,0,0,0,0,20.833333333333332,20.833333333333332,20.833333333333332,20.833333333333332,0,0,0
gold_Minimum_Longest_Trip_Qwen3-30B_7.cpp,TIME_LIMIT_EXCEEDED,0,10.00%,2.310,18.10546875,0,0,0,0,0,0,0,0,0,0,0,0,0,0,0,0,0
