solution,status,score,%test passed,time,memory,subtask_0,subtask_1,subtask_10,subtask_11,subtask_12,subtask_2,subtask_3,subtask_4,subtask_5,subtask_6,subtask_7,subtask_8,subtask_9
silver_Cycle_Correspondence_Qwen3-30B_0.cpp,WRONG_ANSWER,56,33.33%,0.240,13.92578125,0,27.777777777777775,0,0,0,27.777777777777775,0,0,0,0,0,0,0
silver_Cycle_Correspondence_Qwen3-30B_1.cpp,WRONG_ANSWER,56,33.33%,0.250,16.5078125,0,27.777777777777775,0,0,0,27.777777777777775,0,0,0,0,0,0,0
silver_Cycle_Correspondence_Qwen3-30B_2.cpp,ACCEPTED,333,100.00%,0.290,59.24609375,0,27.777777777777775,27.777777777777775,27.777777777777775,27.777777777777775,27.777777777777775,27.777777777777775,27.777777777777775,27.777777777777775,27.777777777777775,27.777777777777775,27.777777777777775,27.777777777777775
silver_Cycle_Correspondence_Qwen3-30B_3.cpp,WRONG_ANSWER,139,53.33%,0.220,47.328125,0,27.777777777777775,0,0,0,27.777777777777775,27.777777777777775,0,27.777777777777775,0,0,27.777777777777775,0
silver_Cycle_Correspondence_Qwen3-30B_4.cpp,WRONG_ANSWER,56,33.33%,0.260,15.734375,0,27.777777777777775,0,0,0,27.777777777777775,0,0,0,0,0,0,0
silver_Cycle_Correspondence_Qwen3-30B_5.cpp,WRONG_ANSWER,56,33.33%,0.160,14.703125,0,27.777777777777775,0,0,0,27.777777777777775,0,0,0,0,0,0,0
silver_Cycle_Correspondence_Qwen3-30B_6.cpp,WRONG_ANSWER,28,26.67%,0.170,25.2734375,0,27.777777777777775,0,0,0,0,0,0,0,0,0,0,0
silver_Cycle_Correspondence_Qwen3-30B_7.cpp,WRONG_ANSWER,56,33.33%,0.250,28.8828125,0,27.777777777777775,0,0,0,27.777777777777775,0,0,0,0,0,0,0
