solution,status,score,%test passed,time,memory,subtask_0,subtask_1,subtask_10,subtask_2,subtask_3,subtask_4,subtask_5,subtask_6,subtask_7,subtask_8,subtask_9
bronze_Air_Cownditioning_II_Qwen3-8B-Non-Thinking_0.cpp,ACCEPTED,333,100.00%,0.000,0,0,33.33333333333333,33.33333333333333,33.33333333333333,33.33333333333333,33.33333333333333,33.33333333333333,33.33333333333333,33.33333333333333,33.33333333333333,33.33333333333333
bronze_Air_Cownditioning_II_Qwen3-8B-Non-Thinking_1.cpp,ACCEPTED,333,100.00%,0.000,0,0,33.33333333333333,33.33333333333333,33.33333333333333,33.33333333333333,33.33333333333333,33.33333333333333,33.33333333333333,33.33333333333333,33.33333333333333,33.33333333333333
bronze_Air_Cownditioning_II_Qwen3-8B-Non-Thinking_2.cpp,ACCEPTED,333,100.00%,0.000,0,0,33.33333333333333,33.33333333333333,33.33333333333333,33.33333333333333,33.33333333333333,33.33333333333333,33.33333333333333,33.33333333333333,33.33333333333333,33.33333333333333
bronze_Air_Cownditioning_II_Qwen3-8B-Non-Thinking_3.cpp,ACCEPTED,333,100.00%,0.000,0,0,33.33333333333333,33.33333333333333,33.33333333333333,33.33333333333333,33.33333333333333,33.33333333333333,33.33333333333333,33.33333333333333,33.33333333333333,33.33333333333333
bronze_Air_Cownditioning_II_Qwen3-8B-Non-Thinking_4.cpp,ACCEPTED,333,100.00%,0.110,0,0,33.33333333333333,33.33333333333333,33.33333333333333,33.33333333333333,33.33333333333333,33.33333333333333,33.33333333333333,33.33333333333333,33.33333333333333,33.33333333333333
bronze_Air_Cownditioning_II_Qwen3-8B-Non-Thinking_5.cpp,ACCEPTED,333,100.00%,0.000,0,0,33.33333333333333,33.33333333333333,33.33333333333333,33.33333333333333,33.33333333333333,33.33333333333333,33.33333333333333,33.33333333333333,33.33333333333333,33.33333333333333
bronze_Air_Cownditioning_II_Qwen3-8B-Non-Thinking_6.cpp,ACCEPTED,333,100.00%,0.000,0,0,33.33333333333333,33.33333333333333,33.33333333333333,33.33333333333333,33.33333333333333,33.33333333333333,33.33333333333333,33.33333333333333,33.33333333333333,33.33333333333333
bronze_Air_Cownditioning_II_Qwen3-8B-Non-Thinking_7.cpp,ACCEPTED,333,100.00%,0.000,0,0,33.33333333333333,33.33333333333333,33.33333333333333,33.33333333333333,33.33333333333333,33.33333333333333,33.33333333333333,33.33333333333333,33.33333333333333,33.33333333333333
