solution,status,score,%test passed,time,memory,subtask_0,subtask_1,subtask_10,subtask_11,subtask_12,subtask_13,subtask_14,subtask_2,subtask_3,subtask_4,subtask_5,subtask_6,subtask_7,subtask_8,subtask_9
gold_Find_and_Replace_gpt-o3-mini-high_0.cpp,TIME_LIMIT_EXCEEDED,238,73.33%,2.240,25.78515625,0,23.809523809523807,23.809523809523807,23.809523809523807,23.809523809523807,23.809523809523807,0,23.809523809523807,23.809523809523807,23.809523809523807,23.809523809523807,23.809523809523807,0,0,0
gold_Find_and_Replace_gpt-o3-mini-high_1.cpp,ACCEPTED,333,100.00%,1.540,25.01171875,0,23.809523809523807,23.809523809523807,23.809523809523807,23.809523809523807,23.809523809523807,23.809523809523807,23.809523809523807,23.809523809523807,23.809523809523807,23.809523809523807,23.809523809523807,23.809523809523807,23.809523809523807,23.809523809523807
gold_Find_and_Replace_gpt-o3-mini-high_2.cpp,RUNTIME_ERROR,0,0.00%,0.170,251.37890625,0,0,0,0,0,0,0,0,0,0,0,0,0,0,0
gold_Find_and_Replace_gpt-o3-mini-high_3.cpp,TIME_LIMIT_EXCEEDED,238,73.33%,2.230,30.23046875,0,23.809523809523807,23.809523809523807,23.809523809523807,23.809523809523807,23.809523809523807,0,23.809523809523807,23.809523809523807,23.809523809523807,23.809523809523807,23.809523809523807,0,0,0
gold_Find_and_Replace_gpt-o3-mini-high_4.cpp,MEMORY_LIMIT_EXCEEDED,0,0.00%,0.060,9.0234375,0,0,0,0,0,0,0,0,0,0,0,0,0,0,0
gold_Find_and_Replace_gpt-o3-mini-high_5.cpp,RUNTIME_ERROR,48,13.33%,0.070,24.43359375,0,0,0,0,0,0,0,0,0,0,23.809523809523807,23.809523809523807,0,0,0
gold_Find_and_Replace_gpt-o3-mini-high_6.cpp,TIME_LIMIT_EXCEEDED,0,6.67%,2.230,23.68359375,0,0,0,0,0,0,0,0,0,0,0,0,0,0,0
gold_Find_and_Replace_gpt-o3-mini-high_7.cpp,TIME_LIMIT_EXCEEDED,238,73.33%,2.220,29.08203125,0,23.809523809523807,23.809523809523807,23.809523809523807,23.809523809523807,23.809523809523807,0,23.809523809523807,23.809523809523807,23.809523809523807,23.809523809523807,23.809523809523807,0,0,0
