solution,status,score,%test passed,time,memory,subtask_0,subtask_1,subtask_10,subtask_11,subtask_12,subtask_13,subtask_14,subtask_15,subtask_16,subtask_17,subtask_18,subtask_2,subtask_3,subtask_4,subtask_5,subtask_6,subtask_7,subtask_8,subtask_9
bronze_Cannonball_Qwen3-30B-Non-Thinking_0.cpp,WRONG_ANSWER,130,45.00%,0.120,4.4453125,0,18.51851851851852,0,0,18.51851851851852,0,0,0,18.51851851851852,18.51851851851852,18.51851851851852,0,0,0,18.51851851851852,0,18.51851851851852,0,0
bronze_Cannonball_Qwen3-30B-Non-Thinking_1.cpp,WRONG_ANSWER,130,45.00%,0.120,6.15625,0,18.51851851851852,0,0,18.51851851851852,0,0,0,18.51851851851852,18.51851851851852,18.51851851851852,0,0,0,18.51851851851852,0,18.51851851851852,0,0
bronze_Cannonball_Qwen3-30B-Non-Thinking_2.cpp,WRONG_ANSWER,37,20.00%,0.120,2.5859375,0,18.51851851851852,0,0,0,0,0,0,0,0,0,0,0,0,0,0,18.51851851851852,0,0
bronze_Cannonball_Qwen3-30B-Non-Thinking_3.cpp,WRONG_ANSWER,37,20.00%,0.120,3.0078125,0,18.51851851851852,0,0,0,0,0,0,0,0,0,0,0,0,0,0,18.51851851851852,0,0
bronze_Cannonball_Qwen3-30B-Non-Thinking_4.cpp,WRONG_ANSWER,37,20.00%,0.120,2.5859375,0,18.51851851851852,0,0,0,0,0,0,0,0,0,0,0,0,0,0,18.51851851851852,0,0
bronze_Cannonball_Qwen3-30B-Non-Thinking_5.cpp,ACCEPTED,333,100.00%,0.120,10.90625,0,18.51851851851852,18.51851851851852,18.51851851851852,18.51851851851852,18.51851851851852,18.51851851851852,18.51851851851852,18.51851851851852,18.51851851851852,18.51851851851852,18.51851851851852,18.51851851851852,18.51851851851852,18.51851851851852,18.51851851851852,18.51851851851852,18.51851851851852,18.51851851851852
bronze_Cannonball_Qwen3-30B-Non-Thinking_6.cpp,ACCEPTED,333,100.00%,0.120,3.875,0,18.51851851851852,18.51851851851852,18.51851851851852,18.51851851851852,18.51851851851852,18.51851851851852,18.51851851851852,18.51851851851852,18.51851851851852,18.51851851851852,18.51851851851852,18.51851851851852,18.51851851851852,18.51851851851852,18.51851851851852,18.51851851851852,18.51851851851852,18.51851851851852
bronze_Cannonball_Qwen3-30B-Non-Thinking_7.cpp,WRONG_ANSWER,37,20.00%,0.120,3.09765625,0,18.51851851851852,0,0,0,0,0,0,0,0,0,0,0,0,0,0,18.51851851851852,0,0
