solution,status,score,%test passed,time,memory,subtask_0,subtask_1,subtask_10,subtask_11,subtask_12,subtask_2,subtask_3,subtask_4,subtask_5,subtask_6,subtask_7,subtask_8,subtask_9
silver_Cowlendar_Qwen3-30B-Non-Thinking_0.cpp,RUNTIME_ERROR,194,50.00%,0.230,1.5546875,0,0,0,27.777777777777775,27.777777777777775,27.777777777777775,0,27.777777777777775,27.777777777777775,0,27.777777777777775,0,27.777777777777775
silver_Cowlendar_Qwen3-30B-Non-Thinking_1.cpp,RUNTIME_ERROR,194,50.00%,0.250,1.5546875,0,0,0,27.777777777777775,27.777777777777775,27.777777777777775,0,27.777777777777775,27.777777777777775,0,27.777777777777775,0,27.777777777777775
silver_Cowlendar_Qwen3-30B-Non-Thinking_2.cpp,TIME_LIMIT_EXCEEDED,167,42.86%,2.230,29.3984375,0,0,0,27.777777777777775,27.777777777777775,27.777777777777775,0,27.777777777777775,27.777777777777775,0,27.777777777777775,0,0
silver_Cowlendar_Qwen3-30B-Non-Thinking_3.cpp,TIME_LIMIT_EXCEEDED,167,42.86%,2.280,28.625,0,0,0,27.777777777777775,27.777777777777775,27.777777777777775,0,27.777777777777775,27.777777777777775,0,27.777777777777775,0,0
silver_Cowlendar_Qwen3-30B-Non-Thinking_4.cpp,WRONG_ANSWER,194,64.29%,0.260,1.71484375,0,0,0,27.777777777777775,27.777777777777775,27.777777777777775,0,27.777777777777775,27.777777777777775,0,27.777777777777775,0,27.777777777777775
silver_Cowlendar_Qwen3-30B-Non-Thinking_5.cpp,COMPILATION_ERROR,0,0.00%,0.000,0,0,0,0,0,0,0,0,0,0,0,0,0,0
silver_Cowlendar_Qwen3-30B-Non-Thinking_6.cpp,TIME_LIMIT_EXCEEDED,167,42.86%,2.350,36.58203125,0,0,0,27.777777777777775,27.777777777777775,27.777777777777775,0,27.777777777777775,27.777777777777775,0,27.777777777777775,0,0
silver_Cowlendar_Qwen3-30B-Non-Thinking_7.cpp,RUNTIME_ERROR,194,50.00%,0.210,1.5546875,0,0,0,27.777777777777775,27.777777777777775,27.777777777777775,0,27.777777777777775,27.777777777777775,0,27.777777777777775,0,27.777777777777775
