solution,status,score,%test passed,time,memory,subtask_0,subtask_1,subtask_10,subtask_11,subtask_12,subtask_2,subtask_3,subtask_4,subtask_5,subtask_6,subtask_7,subtask_8,subtask_9
silver_Cowlendar_seed-oss_0.cpp,RUNTIME_ERROR,139,35.71%,0.250,1.5546875,0,0,0,0,27.777777777777775,27.777777777777775,0,27.777777777777775,0,0,27.777777777777775,0,27.777777777777775
silver_Cowlendar_seed-oss_1.cpp,RUNTIME_ERROR,194,50.00%,0.260,1.5859375,0,0,0,27.777777777777775,27.777777777777775,27.777777777777775,0,27.777777777777775,27.777777777777775,0,27.777777777777775,0,27.777777777777775
silver_Cowlendar_seed-oss_2.cpp,RUNTIME_ERROR,0,0.00%,2.200,5.5546875,0,0,0,0,0,0,0,0,0,0,0,0,0
silver_Cowlendar_seed-oss_3.cpp,RUNTIME_ERROR,0,0.00%,0.050,1.80859375,0,0,0,0,0,0,0,0,0,0,0,0,0
silver_Cowlendar_seed-oss_4.cpp,TIME_LIMIT_EXCEEDED,56,21.43%,2.410,88.94140625,0,27.777777777777775,0,0,0,0,27.777777777777775,0,0,0,0,0,0
silver_Cowlendar_seed-oss_5.cpp,ACCEPTED,333,100.00%,0.270,1.55078125,0,27.777777777777775,27.777777777777775,27.777777777777775,27.777777777777775,27.777777777777775,27.777777777777775,27.777777777777775,27.777777777777775,27.777777777777775,27.777777777777775,27.777777777777775,27.777777777777775
silver_Cowlendar_seed-oss_6.cpp,WRONG_ANSWER,194,64.29%,0.270,1.5546875,0,0,0,27.777777777777775,27.777777777777775,27.777777777777775,0,27.777777777777775,27.777777777777775,0,27.777777777777775,0,27.777777777777775
silver_Cowlendar_seed-oss_7.cpp,RUNTIME_ERROR,0,0.00%,0.050,1.5546875,0,0,0,0,0,0,0,0,0,0,0,0,0
