solution,status,score,%test passed,time,memory,subtask_0,subtask_1,subtask_10,subtask_2,subtask_3,subtask_4,subtask_5,subtask_6,subtask_7,subtask_8,subtask_9
bronze_Cow_Checkups_Qwen3-4B_0.cpp,RUNTIME_ERROR,0,0.00%,0.450,1.6484375,0,0,0,0,0,0,0,0,0,0,0
bronze_Cow_Checkups_Qwen3-4B_1.cpp,MEMORY_LIMIT_EXCEEDED,100,46.15%,0.310,306.1484375,0,33.33333333333333,0,33.33333333333333,33.33333333333333,0,0,0,0,0,0
bronze_Cow_Checkups_Qwen3-4B_2.cpp,MEMORY_LIMIT_EXCEEDED,100,46.15%,0.270,306.26171875,0,33.33333333333333,0,33.33333333333333,33.33333333333333,0,0,0,0,0,0
bronze_Cow_Checkups_Qwen3-4B_3.cpp,MEMORY_LIMIT_EXCEEDED,100,46.15%,0.120,306.2890625,0,33.33333333333333,0,33.33333333333333,33.33333333333333,0,0,0,0,0,0
bronze_Cow_Checkups_Qwen3-4B_4.cpp,TIME_LIMIT_EXCEEDED,267,84.62%,2.410,216.31640625,0,33.33333333333333,0,33.33333333333333,33.33333333333333,33.33333333333333,33.33333333333333,33.33333333333333,33.33333333333333,33.33333333333333,0
bronze_Cow_Checkups_Qwen3-4B_5.cpp,MEMORY_LIMIT_EXCEEDED,100,46.15%,0.360,306.2890625,0,33.33333333333333,0,33.33333333333333,33.33333333333333,0,0,0,0,0,0
bronze_Cow_Checkups_Qwen3-4B_6.cpp,MEMORY_LIMIT_EXCEEDED,100,46.15%,0.350,306.26171875,0,33.33333333333333,0,33.33333333333333,33.33333333333333,0,0,0,0,0,0
bronze_Cow_Checkups_Qwen3-4B_7.cpp,TIME_LIMIT_EXCEEDED,0,0.00%,2.430,216.31640625,0,0,0,0,0,0,0,0,0,0,0
