solution,status,score,%test passed,time,memory,subtask_0,subtask_1,subtask_10,subtask_11,subtask_12,subtask_13,subtask_14,subtask_15,subtask_16,subtask_2,subtask_3,subtask_4,subtask_5,subtask_6,subtask_7,subtask_8,subtask_9
gold_Smaller_Averages_deepseek-reasoner_0.cpp,TIME_LIMIT_EXCEEDED,104,45.00%,2.230,5.16015625,0,20.833333333333332,0,0,0,0,0,0,0,20.833333333333332,20.833333333333332,20.833333333333332,20.833333333333332,0,0,0,0
gold_Smaller_Averages_deepseek-reasoner_1.cpp,TIME_LIMIT_EXCEEDED,125,50.00%,2.220,2.33203125,0,20.833333333333332,0,0,20.833333333333332,0,0,0,0,20.833333333333332,20.833333333333332,20.833333333333332,20.833333333333332,0,0,0,0
gold_Smaller_Averages_deepseek-reasoner_2.cpp,TIME_LIMIT_EXCEEDED,104,45.00%,2.230,2.33203125,0,20.833333333333332,0,0,0,0,0,0,0,20.833333333333332,20.833333333333332,20.833333333333332,20.833333333333332,0,0,0,0
gold_Smaller_Averages_deepseek-reasoner_3.cpp,TIME_LIMIT_EXCEEDED,0,10.00%,2.220,280.765625,0,0,0,0,0,0,0,0,0,0,0,0,0,0,0,0,0
gold_Smaller_Averages_deepseek-reasoner_4.cpp,TIME_LIMIT_EXCEEDED,0,0.00%,2.230,5.16015625,0,0,0,0,0,0,0,0,0,0,0,0,0,0,0,0,0
gold_Smaller_Averages_deepseek-reasoner_5.cpp,RUNTIME_ERROR,0,10.00%,1.330,5.3984375,0,0,0,0,0,0,0,0,0,0,0,0,0,0,0,0,0
gold_Smaller_Averages_deepseek-reasoner_6.cpp,TIME_LIMIT_EXCEEDED,104,45.00%,2.210,3.359375,0,20.833333333333332,0,0,0,0,0,0,0,20.833333333333332,20.833333333333332,20.833333333333332,20.833333333333332,0,0,0,0
gold_Smaller_Averages_deepseek-reasoner_7.cpp,TIME_LIMIT_EXCEEDED,125,50.00%,2.230,2.33203125,0,20.833333333333332,0,0,20.833333333333332,0,0,0,0,20.833333333333332,20.833333333333332,20.833333333333332,20.833333333333332,0,0,0,0
