solution,status,score,%test passed,time,memory,subtask_0,subtask_1,subtask_10,subtask_2,subtask_3,subtask_4,subtask_5,subtask_6,subtask_7,subtask_8,subtask_9
bronze_Its_Mooin_Time_III_Qwen3-4B_0.cpp,WRONG_ANSWER,0,0.00%,2.160,3.61328125,0,0,0,0,0,0,0,0,0,0,0
bronze_Its_Mooin_Time_III_Qwen3-4B_1.cpp,TIME_LIMIT_EXCEEDED,0,0.00%,2.420,2.83984375,0,0,0,0,0,0,0,0,0,0,0
bronze_Its_Mooin_Time_III_Qwen3-4B_2.cpp,WRONG_ANSWER,0,0.00%,0.820,2.328125,0,0,0,0,0,0,0,0,0,0,0
bronze_Its_Mooin_Time_III_Qwen3-4B_3.cpp,TIME_LIMIT_EXCEEDED,133,45.45%,2.430,1.703125,0,33.33333333333333,0,33.33333333333333,33.33333333333333,33.33333333333333,0,0,0,0,0
bronze_Its_Mooin_Time_III_Qwen3-4B_4.cpp,TIME_LIMIT_EXCEEDED,133,45.45%,2.420,12.98046875,0,33.33333333333333,0,33.33333333333333,33.33333333333333,33.33333333333333,0,0,0,0,0
bronze_Its_Mooin_Time_III_Qwen3-4B_5.cpp,TIME_LIMIT_EXCEEDED,133,45.45%,2.420,2.06640625,0,33.33333333333333,0,33.33333333333333,33.33333333333333,33.33333333333333,0,0,0,0,0
bronze_Its_Mooin_Time_III_Qwen3-4B_6.cpp,COMPILATION_ERROR,0,0.00%,0.000,0,0,0,0,0,0,0,0,0,0,0,0
bronze_Its_Mooin_Time_III_Qwen3-4B_7.cpp,TIME_LIMIT_EXCEEDED,133,45.45%,2.420,12.98046875,0,33.33333333333333,0,33.33333333333333,33.33333333333333,33.33333333333333,0,0,0,0,0
