solution,status,score,%test passed,time,memory,subtask_0,subtask_1,subtask_10,subtask_2,subtask_3,subtask_4,subtask_5,subtask_6,subtask_7,subtask_8,subtask_9
silver_Compatible_Pairs_Qwen3-4B_0.cpp,WRONG_ANSWER,67,33.33%,0.190,16.38671875,0,33.33333333333333,0,33.33333333333333,0,0,0,0,0,0,0
silver_Compatible_Pairs_Qwen3-4B_1.cpp,WRONG_ANSWER,67,33.33%,0.190,9.33203125,0,33.33333333333333,0,33.33333333333333,0,0,0,0,0,0,0
silver_Compatible_Pairs_Qwen3-4B_2.cpp,WRONG_ANSWER,67,33.33%,0.200,17.3203125,0,33.33333333333333,0,33.33333333333333,0,0,0,0,0,0,0
silver_Compatible_Pairs_Qwen3-4B_3.cpp,WRONG_ANSWER,67,33.33%,0.190,14.5703125,0,33.33333333333333,0,33.33333333333333,0,0,0,0,0,0,0
silver_Compatible_Pairs_Qwen3-4B_4.cpp,WRONG_ANSWER,67,33.33%,0.250,13.4140625,0,33.33333333333333,0,33.33333333333333,0,0,0,0,0,0,0
silver_Compatible_Pairs_Qwen3-4B_5.cpp,WRONG_ANSWER,67,33.33%,0.170,13.671875,0,33.33333333333333,0,33.33333333333333,0,0,0,0,0,0,0
silver_Compatible_Pairs_Qwen3-4B_6.cpp,WRONG_ANSWER,67,33.33%,0.210,13.4140625,0,33.33333333333333,0,33.33333333333333,0,0,0,0,0,0,0
silver_Compatible_Pairs_Qwen3-4B_7.cpp,WRONG_ANSWER,33,25.00%,0.220,23.5078125,0,33.33333333333333,0,0,0,0,0,0,0,0,0
