solution,status,score,%test passed,time,memory,subtask_0,subtask_1,subtask_10,subtask_2,subtask_3,subtask_4,subtask_5,subtask_6,subtask_7,subtask_8,subtask_9
bronze_Walking_Along_a_Fence_gpt-4.1_0.cpp,TIME_LIMIT_EXCEEDED,167,54.55%,2.370,19.65625,0,33.33333333333333,0,33.33333333333333,33.33333333333333,33.33333333333333,33.33333333333333,0,0,0,0
bronze_Walking_Along_a_Fence_gpt-4.1_1.cpp,TIME_LIMIT_EXCEEDED,167,54.55%,2.220,14.875,0,33.33333333333333,0,33.33333333333333,33.33333333333333,33.33333333333333,33.33333333333333,0,0,0,0
bronze_Walking_Along_a_Fence_gpt-4.1_2.cpp,TIME_LIMIT_EXCEEDED,167,54.55%,2.330,21.1484375,0,33.33333333333333,0,33.33333333333333,33.33333333333333,33.33333333333333,33.33333333333333,0,0,0,0
bronze_Walking_Along_a_Fence_gpt-4.1_3.cpp,TIME_LIMIT_EXCEEDED,167,54.55%,2.310,12.59375,0,33.33333333333333,0,33.33333333333333,33.33333333333333,33.33333333333333,33.33333333333333,0,0,0,0
bronze_Walking_Along_a_Fence_gpt-4.1_4.cpp,ACCEPTED,333,100.00%,0.290,22.77734375,0,33.33333333333333,33.33333333333333,33.33333333333333,33.33333333333333,33.33333333333333,33.33333333333333,33.33333333333333,33.33333333333333,33.33333333333333,33.33333333333333
bronze_Walking_Along_a_Fence_gpt-4.1_5.cpp,TIME_LIMIT_EXCEEDED,167,54.55%,2.320,7.54296875,0,33.33333333333333,0,33.33333333333333,33.33333333333333,33.33333333333333,33.33333333333333,0,0,0,0
bronze_Walking_Along_a_Fence_gpt-4.1_6.cpp,TIME_LIMIT_EXCEEDED,167,54.55%,2.400,9.03515625,0,33.33333333333333,0,33.33333333333333,33.33333333333333,33.33333333333333,33.33333333333333,0,0,0,0
bronze_Walking_Along_a_Fence_gpt-4.1_7.cpp,TIME_LIMIT_EXCEEDED,167,54.55%,2.270,4.39453125,0,33.33333333333333,0,33.33333333333333,33.33333333333333,33.33333333333333,33.33333333333333,0,0,0,0
