solution,status,score,%test passed,time,memory,subtask_0,subtask_1,subtask_10,subtask_11,subtask_12,subtask_13,subtask_14,subtask_15,subtask_16,subtask_2,subtask_3,subtask_4,subtask_5,subtask_6,subtask_7,subtask_8,subtask_9
gold_Smaller_Averages_gpt-4.1_0.cpp,MEMORY_LIMIT_EXCEEDED,104,45.00%,0.330,224.55859375,0,20.833333333333332,0,0,0,0,0,0,0,20.833333333333332,20.833333333333332,20.833333333333332,20.833333333333332,0,0,0,0
gold_Smaller_Averages_gpt-4.1_1.cpp,TIME_LIMIT_EXCEEDED,146,55.00%,2.380,2.33203125,0,20.833333333333332,0,0,20.833333333333332,0,0,0,0,20.833333333333332,20.833333333333332,20.833333333333332,20.833333333333332,20.833333333333332,0,0,0
gold_Smaller_Averages_gpt-4.1_2.cpp,TIME_LIMIT_EXCEEDED,104,45.00%,2.390,2.33203125,0,20.833333333333332,0,0,0,0,0,0,0,20.833333333333332,20.833333333333332,20.833333333333332,20.833333333333332,0,0,0,0
gold_Smaller_Averages_gpt-4.1_3.cpp,MEMORY_LIMIT_EXCEEDED,0,0.00%,0.140,2.33203125,0,0,0,0,0,0,0,0,0,0,0,0,0,0,0,0,0
gold_Smaller_Averages_gpt-4.1_4.cpp,TIME_LIMIT_EXCEEDED,125,50.00%,2.380,2.33203125,0,20.833333333333332,0,0,0,0,0,0,0,20.833333333333332,20.833333333333332,20.833333333333332,20.833333333333332,20.833333333333332,0,0,0
gold_Smaller_Averages_gpt-4.1_5.cpp,RUNTIME_ERROR,0,5.00%,0.110,0,0,0,0,0,0,0,0,0,0,0,0,0,0,0,0,0,0
gold_Smaller_Averages_gpt-4.1_6.cpp,RUNTIME_ERROR,0,5.00%,0.110,6.1953125,0,0,0,0,0,0,0,0,0,0,0,0,0,0,0,0,0
gold_Smaller_Averages_gpt-4.1_7.cpp,TIME_LIMIT_EXCEEDED,104,45.00%,2.260,2.26953125,0,20.833333333333332,0,0,0,0,0,0,0,20.833333333333332,20.833333333333332,20.833333333333332,20.833333333333332,0,0,0,0
