solution,status,score,%test passed,time,memory,subtask_0,subtask_1,subtask_10,subtask_11,subtask_12,subtask_13,subtask_14,subtask_15,subtask_16,subtask_17,subtask_2,subtask_3,subtask_4,subtask_5,subtask_6,subtask_7,subtask_8,subtask_9
gold_Grass_Segments_gpt-4.1_0.cpp,WRONG_ANSWER,118,45.00%,0.390,32.3203125,0,0,0,0,0,0,0,0,0,0,0,19.6078431372549,19.6078431372549,19.6078431372549,19.6078431372549,19.6078431372549,19.6078431372549,0
gold_Grass_Segments_gpt-4.1_1.cpp,WRONG_ANSWER,118,45.00%,0.370,44.1796875,0,0,0,0,0,0,0,0,0,0,0,19.6078431372549,19.6078431372549,19.6078431372549,19.6078431372549,19.6078431372549,19.6078431372549,0
gold_Grass_Segments_gpt-4.1_2.cpp,WRONG_ANSWER,118,45.00%,0.430,46.2421875,0,0,0,0,0,0,0,0,0,0,0,19.6078431372549,19.6078431372549,19.6078431372549,19.6078431372549,19.6078431372549,19.6078431372549,0
gold_Grass_Segments_gpt-4.1_3.cpp,WRONG_ANSWER,20,20.00%,0.540,82.3125,0,0,0,0,0,0,0,0,0,0,0,0,0,19.6078431372549,0,0,0,0
gold_Grass_Segments_gpt-4.1_4.cpp,WRONG_ANSWER,118,45.00%,0.410,43.76953125,0,0,0,0,0,0,0,0,0,0,0,19.6078431372549,19.6078431372549,19.6078431372549,19.6078431372549,19.6078431372549,19.6078431372549,0
gold_Grass_Segments_gpt-4.1_5.cpp,COMPILATION_ERROR,0,0.00%,0.000,0,0,0,0,0,0,0,0,0,0,0,0,0,0,0,0,0,0,0
gold_Grass_Segments_gpt-4.1_6.cpp,RUNTIME_ERROR,0,0.00%,0.390,46.2421875,0,0,0,0,0,0,0,0,0,0,0,0,0,0,0,0,0,0
gold_Grass_Segments_gpt-4.1_7.cpp,WRONG_ANSWER,118,45.00%,0.330,30.26171875,0,0,0,0,0,0,0,0,0,0,0,19.6078431372549,19.6078431372549,19.6078431372549,19.6078431372549,19.6078431372549,19.6078431372549,0
