solution,status,score,%test passed,time,memory,subtask_0,subtask_1,subtask_10,subtask_11,subtask_12,subtask_13,subtask_14,subtask_15,subtask_16,subtask_2,subtask_3,subtask_4,subtask_5,subtask_6,subtask_7,subtask_8,subtask_9
gold_Smaller_Averages_Qwen3-32B_0.cpp,RUNTIME_ERROR,0,5.00%,0.080,2.33203125,0,0,0,0,0,0,0,0,0,0,0,0,0,0,0,0,0
gold_Smaller_Averages_Qwen3-32B_1.cpp,TIME_LIMIT_EXCEEDED,188,65.00%,2.240,3.36328125,0,20.833333333333332,0,20.833333333333332,20.833333333333332,20.833333333333332,0,0,0,20.833333333333332,20.833333333333332,20.833333333333332,20.833333333333332,20.833333333333332,0,0,0
gold_Smaller_Averages_Qwen3-32B_2.cpp,RUNTIME_ERROR,0,0.00%,0.040,3.359375,0,0,0,0,0,0,0,0,0,0,0,0,0,0,0,0,0
gold_Smaller_Averages_Qwen3-32B_3.cpp,RUNTIME_ERROR,0,5.00%,0.080,2.33203125,0,0,0,0,0,0,0,0,0,0,0,0,0,0,0,0,0
gold_Smaller_Averages_Qwen3-32B_4.cpp,RUNTIME_ERROR,0,5.00%,0.090,2.328125,0,0,0,0,0,0,0,0,0,0,0,0,0,0,0,0,0
gold_Smaller_Averages_Qwen3-32B_5.cpp,TIME_LIMIT_EXCEEDED,104,45.00%,2.240,3.36328125,0,20.833333333333332,0,0,0,0,0,0,0,20.833333333333332,20.833333333333332,20.833333333333332,20.833333333333332,0,0,0,0
gold_Smaller_Averages_Qwen3-32B_6.cpp,TIME_LIMIT_EXCEEDED,104,45.00%,2.230,4.390625,0,20.833333333333332,0,0,0,0,0,0,0,20.833333333333332,20.833333333333332,20.833333333333332,20.833333333333332,0,0,0,0
gold_Smaller_Averages_Qwen3-32B_7.cpp,TIME_LIMIT_EXCEEDED,104,45.00%,2.230,5.1640625,0,20.833333333333332,0,0,0,0,0,0,0,20.833333333333332,20.833333333333332,20.833333333333332,20.833333333333332,0,0,0,0
