solution,status,score,%test passed,time,memory,subtask_0,subtask_1,subtask_10,subtask_2,subtask_3,subtask_4,subtask_5,subtask_6,subtask_7,subtask_8,subtask_9
bronze_Its_Mooin_Time_Llama-4-Scout_0.cpp,TIME_LIMIT_EXCEEDED,33,7.69%,2.410,0.00390625,0,0,0,0,0,33.33333333333333,0,0,0,0,0
bronze_Its_Mooin_Time_Llama-4-Scout_2.cpp,TIME_LIMIT_EXCEEDED,167,61.54%,2.420,0.00390625,0,33.33333333333333,0,33.33333333333333,33.33333333333333,33.33333333333333,33.33333333333333,0,0,0,0
bronze_Its_Mooin_Time_Llama-4-Scout_3.cpp,TIME_LIMIT_EXCEEDED,167,61.54%,2.410,0.00390625,0,33.33333333333333,0,33.33333333333333,33.33333333333333,33.33333333333333,33.33333333333333,0,0,0,0
bronze_Its_Mooin_Time_Llama-4-Scout_4.cpp,TIME_LIMIT_EXCEEDED,167,61.54%,2.420,0.00390625,0,33.33333333333333,0,33.33333333333333,33.33333333333333,33.33333333333333,33.33333333333333,0,0,0,0
bronze_Its_Mooin_Time_Llama-4-Scout_5.cpp,TIME_LIMIT_EXCEEDED,33,7.69%,2.430,0.00390625,0,0,0,0,0,33.33333333333333,0,0,0,0,0
bronze_Its_Mooin_Time_Llama-4-Scout_6.cpp,RUNTIME_ERROR,0,0.00%,0.560,1.66015625,0,0,0,0,0,0,0,0,0,0,0
bronze_Its_Mooin_Time_Llama-4-Scout_7.cpp,TIME_LIMIT_EXCEEDED,33,7.69%,2.410,0.00390625,0,0,0,0,0,33.33333333333333,0,0,0,0,0
