solution,status,score,%test passed,time,memory,subtask_0,subtask_1,subtask_10,subtask_11,subtask_12,subtask_13,subtask_14,subtask_15,subtask_16,subtask_2,subtask_3,subtask_4,subtask_5,subtask_6,subtask_7,subtask_8,subtask_9
silver_Ski_Slope_gpt-oss-20b-medium_0.cpp,ACCEPTED,333,100.00%,0.130,50.44921875,0,20.833333333333332,20.833333333333332,20.833333333333332,20.833333333333332,20.833333333333332,20.833333333333332,20.833333333333332,20.833333333333332,20.833333333333332,20.833333333333332,20.833333333333332,20.833333333333332,20.833333333333332,20.833333333333332,20.833333333333332,20.833333333333332
silver_Ski_Slope_gpt-oss-20b-medium_1.cpp,ACCEPTED,333,100.00%,0.130,26.4765625,0,20.833333333333332,20.833333333333332,20.833333333333332,20.833333333333332,20.833333333333332,20.833333333333332,20.833333333333332,20.833333333333332,20.833333333333332,20.833333333333332,20.833333333333332,20.833333333333332,20.833333333333332,20.833333333333332,20.833333333333332,20.833333333333332
silver_Ski_Slope_gpt-oss-20b-medium_2.cpp,ACCEPTED,333,100.00%,0.190,54.25,0,20.833333333333332,20.833333333333332,20.833333333333332,20.833333333333332,20.833333333333332,20.833333333333332,20.833333333333332,20.833333333333332,20.833333333333332,20.833333333333332,20.833333333333332,20.833333333333332,20.833333333333332,20.833333333333332,20.833333333333332,20.833333333333332
silver_Ski_Slope_gpt-oss-20b-medium_4.cpp,WRONG_ANSWER,62,23.53%,0.100,20.765625,0,0,0,0,0,0,0,0,0,0,0,20.833333333333332,20.833333333333332,20.833333333333332,0,0,0
silver_Ski_Slope_gpt-oss-20b-medium_5.cpp,RUNTIME_ERROR,0,0.00%,0.110,20.62109375,0,0,0,0,0,0,0,0,0,0,0,0,0,0,0,0,0
silver_Ski_Slope_gpt-oss-20b-medium_6.cpp,WRONG_ANSWER,0,5.88%,0.140,47.5703125,0,0,0,0,0,0,0,0,0,0,0,0,0,0,0,0,0
silver_Ski_Slope_gpt-oss-20b-medium_7.cpp,MEMORY_LIMIT_EXCEEDED,0,5.88%,0.120,18.22265625,0,0,0,0,0,0,0,0,0,0,0,0,0,0,0,0,0
