solution,status,score,%test passed,time,memory,subtask_0,subtask_1,subtask_10,subtask_2,subtask_3,subtask_4,subtask_5,subtask_6,subtask_7,subtask_8,subtask_9
bronze_Its_Mooin_Time_II_gemini-2.5-pro_0.cpp,ACCEPTED,333,100.00%,0.240,41.91796875,0,33.33333333333333,33.33333333333333,33.33333333333333,33.33333333333333,33.33333333333333,33.33333333333333,33.33333333333333,33.33333333333333,33.33333333333333,33.33333333333333
bronze_Its_Mooin_Time_II_gemini-2.5-pro_1.cpp,ACCEPTED,333,100.00%,0.260,49.25390625,0,33.33333333333333,33.33333333333333,33.33333333333333,33.33333333333333,33.33333333333333,33.33333333333333,33.33333333333333,33.33333333333333,33.33333333333333,33.33333333333333
bronze_Its_Mooin_Time_II_gemini-2.5-pro_2.cpp,ACCEPTED,333,100.00%,0.380,65.33203125,0,33.33333333333333,33.33333333333333,33.33333333333333,33.33333333333333,33.33333333333333,33.33333333333333,33.33333333333333,33.33333333333333,33.33333333333333,33.33333333333333
bronze_Its_Mooin_Time_II_gemini-2.5-pro_3.cpp,ACCEPTED,333,100.00%,0.180,18.1328125,0,33.33333333333333,33.33333333333333,33.33333333333333,33.33333333333333,33.33333333333333,33.33333333333333,33.33333333333333,33.33333333333333,33.33333333333333,33.33333333333333
bronze_Its_Mooin_Time_II_gemini-2.5-pro_4.cpp,WRONG_ANSWER,0,9.09%,0.180,13.16015625,0,0,0,0,0,0,0,0,0,0,0
bronze_Its_Mooin_Time_II_gemini-2.5-pro_5.cpp,WRONG_ANSWER,0,9.09%,0.190,13.16015625,0,0,0,0,0,0,0,0,0,0,0
bronze_Its_Mooin_Time_II_gemini-2.5-pro_6.cpp,TIME_LIMIT_EXCEEDED,100,36.36%,2.250,276.8984375,0,33.33333333333333,0,33.33333333333333,33.33333333333333,0,0,0,0,0,0
bronze_Its_Mooin_Time_II_gemini-2.5-pro_7.cpp,WRONG_ANSWER,0,9.09%,0.180,5.42578125,0,0,0,0,0,0,0,0,0,0,0
