solution,status,score,%test passed,time,memory,subtask_0,subtask_1,subtask_10,subtask_11,subtask_12,subtask_13,subtask_14,subtask_2,subtask_3,subtask_4,subtask_5,subtask_6,subtask_7,subtask_8,subtask_9
bronze_Majority_Opinion_deepseek-reasoner_0.cpp,WRONG_ANSWER,71,26.67%,0.080,8.7265625,0,23.809523809523807,0,0,0,0,0,0,0,23.809523809523807,23.809523809523807,0,0,0,0
bronze_Majority_Opinion_deepseek-reasoner_1.cpp,WRONG_ANSWER,24,13.33%,0.070,7.84375,0,23.809523809523807,0,0,0,0,0,0,0,0,0,0,0,0,0
bronze_Majority_Opinion_deepseek-reasoner_2.cpp,ACCEPTED,333,100.00%,0.090,9.734375,0,23.809523809523807,23.809523809523807,23.809523809523807,23.809523809523807,23.809523809523807,23.809523809523807,23.809523809523807,23.809523809523807,23.809523809523807,23.809523809523807,23.809523809523807,23.809523809523807,23.809523809523807,23.809523809523807
bronze_Majority_Opinion_deepseek-reasoner_3.cpp,ACCEPTED,333,100.00%,0.050,2.5859375,0,23.809523809523807,23.809523809523807,23.809523809523807,23.809523809523807,23.809523809523807,23.809523809523807,23.809523809523807,23.809523809523807,23.809523809523807,23.809523809523807,23.809523809523807,23.809523809523807,23.809523809523807,23.809523809523807
bronze_Majority_Opinion_deepseek-reasoner_4.cpp,WRONG_ANSWER,71,26.67%,0.080,6.71484375,0,23.809523809523807,0,0,0,0,0,0,0,23.809523809523807,23.809523809523807,0,0,0,0
bronze_Majority_Opinion_deepseek-reasoner_5.cpp,ACCEPTED,333,100.00%,0.060,2.65625,0,23.809523809523807,23.809523809523807,23.809523809523807,23.809523809523807,23.809523809523807,23.809523809523807,23.809523809523807,23.809523809523807,23.809523809523807,23.809523809523807,23.809523809523807,23.809523809523807,23.809523809523807,23.809523809523807
bronze_Majority_Opinion_deepseek-reasoner_6.cpp,WRONG_ANSWER,71,26.67%,0.090,5.64453125,0,23.809523809523807,0,0,0,0,0,0,0,23.809523809523807,23.809523809523807,0,0,0,0
bronze_Majority_Opinion_deepseek-reasoner_7.cpp,WRONG_ANSWER,71,26.67%,0.070,8.0390625,0,23.809523809523807,0,0,0,0,0,0,0,23.809523809523807,23.809523809523807,0,0,0,0
