solution,status,score,%test passed,time,memory,subtask_0,subtask_1,subtask_10,subtask_11,subtask_12,subtask_13,subtask_2,subtask_3,subtask_4,subtask_5,subtask_6,subtask_7,subtask_8,subtask_9
bronze_Balancing_Bacteria_deepseek-reasoner_0.cpp,RUNTIME_ERROR,0,0.00%,0.060,2.7890625,0,0,0,0,0,0,0,0,0,0,0,0,0,0
bronze_Balancing_Bacteria_deepseek-reasoner_1.cpp,ACCEPTED,333,100.00%,0.060,2.7890625,0,25.64102564102564,25.64102564102564,25.64102564102564,25.64102564102564,25.64102564102564,25.64102564102564,25.64102564102564,25.64102564102564,25.64102564102564,25.64102564102564,25.64102564102564,25.64102564102564,25.64102564102564
bronze_Balancing_Bacteria_deepseek-reasoner_2.cpp,RUNTIME_ERROR,0,0.00%,0.060,5.6796875,0,0,0,0,0,0,0,0,0,0,0,0,0,0
bronze_Balancing_Bacteria_deepseek-reasoner_3.cpp,ACCEPTED,333,100.00%,0.120,2.84765625,0,25.64102564102564,25.64102564102564,25.64102564102564,25.64102564102564,25.64102564102564,25.64102564102564,25.64102564102564,25.64102564102564,25.64102564102564,25.64102564102564,25.64102564102564,25.64102564102564,25.64102564102564
bronze_Balancing_Bacteria_deepseek-reasoner_4.cpp,RUNTIME_ERROR,0,0.00%,0.110,2.84765625,0,0,0,0,0,0,0,0,0,0,0,0,0,0
bronze_Balancing_Bacteria_deepseek-reasoner_5.cpp,ACCEPTED,333,100.00%,0.130,2.84765625,0,25.64102564102564,25.64102564102564,25.64102564102564,25.64102564102564,25.64102564102564,25.64102564102564,25.64102564102564,25.64102564102564,25.64102564102564,25.64102564102564,25.64102564102564,25.64102564102564,25.64102564102564
bronze_Balancing_Bacteria_deepseek-reasoner_6.cpp,RUNTIME_ERROR,0,0.00%,0.050,2.7890625,0,0,0,0,0,0,0,0,0,0,0,0,0,0
bronze_Balancing_Bacteria_deepseek-reasoner_7.cpp,RUNTIME_ERROR,0,0.00%,0.110,2.84765625,0,0,0,0,0,0,0,0,0,0,0,0,0,0
