solution,status,score,%test passed,time,memory,subtask_0,subtask_1,subtask_10,subtask_11,subtask_12,subtask_13,subtask_14,subtask_15,subtask_16,subtask_17,subtask_18,subtask_19,subtask_2,subtask_3,subtask_4,subtask_5,subtask_6,subtask_7,subtask_8,subtask_9
gold_Walking_in_Manhattan_deepseek-reasoner_0.cpp,WRONG_ANSWER,0,0.00%,0.450,2.43359375,0,0,0,0,0,0,0,0,0,0,0,0,0,0,0,0,0,0,0,0
gold_Walking_in_Manhattan_deepseek-reasoner_1.cpp,TIME_LIMIT_EXCEEDED,140,45.00%,2.230,2.375,0,17.543859649122805,0,0,0,0,0,0,0,0,0,0,17.543859649122805,17.543859649122805,17.543859649122805,17.543859649122805,17.543859649122805,17.543859649122805,17.543859649122805,0
gold_Walking_in_Manhattan_deepseek-reasoner_2.cpp,TIME_LIMIT_EXCEEDED,140,45.00%,2.240,2.375,0,17.543859649122805,0,0,0,0,0,0,0,0,0,0,17.543859649122805,17.543859649122805,17.543859649122805,17.543859649122805,17.543859649122805,17.543859649122805,17.543859649122805,0
gold_Walking_in_Manhattan_deepseek-reasoner_3.cpp,TIME_LIMIT_EXCEEDED,140,45.00%,2.270,10.01171875,0,17.543859649122805,0,0,0,0,0,0,0,0,0,0,17.543859649122805,17.543859649122805,17.543859649122805,17.543859649122805,17.543859649122805,17.543859649122805,17.543859649122805,0
gold_Walking_in_Manhattan_deepseek-reasoner_4.cpp,TIME_LIMIT_EXCEEDED,0,0.00%,2.240,3.03125,0,0,0,0,0,0,0,0,0,0,0,0,0,0,0,0,0,0,0,0
gold_Walking_in_Manhattan_deepseek-reasoner_5.cpp,WRONG_ANSWER,0,0.00%,0.280,10.76953125,0,0,0,0,0,0,0,0,0,0,0,0,0,0,0,0,0,0,0,0
gold_Walking_in_Manhattan_deepseek-reasoner_6.cpp,TIME_LIMIT_EXCEEDED,140,45.00%,2.230,2.4375,0,17.543859649122805,0,0,0,0,0,0,0,0,0,0,17.543859649122805,17.543859649122805,17.543859649122805,17.543859649122805,17.543859649122805,17.543859649122805,17.543859649122805,0
gold_Walking_in_Manhattan_deepseek-reasoner_7.cpp,TIME_LIMIT_EXCEEDED,0,0.00%,2.260,2.43359375,0,0,0,0,0,0,0,0,0,0,0,0,0,0,0,0,0,0,0,0
