solution,status,score,%test passed,time,memory,subtask_0,subtask_1,subtask_10,subtask_11,subtask_12,subtask_13,subtask_14,subtask_2,subtask_3,subtask_4,subtask_5,subtask_6,subtask_7,subtask_8,subtask_9
silver_Potion_Farming_deepseek-reasoner_0.cpp,WRONG_ANSWER,167,53.33%,0.070,11.1640625,0,0,23.809523809523807,23.809523809523807,23.809523809523807,23.809523809523807,23.809523809523807,23.809523809523807,0,0,0,0,23.809523809523807,0,0
silver_Potion_Farming_deepseek-reasoner_1.cpp,WRONG_ANSWER,214,66.67%,0.070,13.73046875,0,23.809523809523807,23.809523809523807,23.809523809523807,23.809523809523807,23.809523809523807,23.809523809523807,23.809523809523807,0,0,0,0,23.809523809523807,23.809523809523807,0
silver_Potion_Farming_deepseek-reasoner_2.cpp,ACCEPTED,333,100.00%,0.070,13.46484375,0,23.809523809523807,23.809523809523807,23.809523809523807,23.809523809523807,23.809523809523807,23.809523809523807,23.809523809523807,23.809523809523807,23.809523809523807,23.809523809523807,23.809523809523807,23.809523809523807,23.809523809523807,23.809523809523807
silver_Potion_Farming_deepseek-reasoner_3.cpp,WRONG_ANSWER,71,26.67%,0.060,8.328125,0,0,23.809523809523807,0,0,0,0,23.809523809523807,0,0,0,0,23.809523809523807,0,0
silver_Potion_Farming_deepseek-reasoner_4.cpp,ACCEPTED,333,100.00%,0.060,9.13671875,0,23.809523809523807,23.809523809523807,23.809523809523807,23.809523809523807,23.809523809523807,23.809523809523807,23.809523809523807,23.809523809523807,23.809523809523807,23.809523809523807,23.809523809523807,23.809523809523807,23.809523809523807,23.809523809523807
silver_Potion_Farming_deepseek-reasoner_5.cpp,WRONG_ANSWER,48,20.00%,0.070,8.2578125,0,0,23.809523809523807,0,0,0,0,23.809523809523807,0,0,0,0,0,0,0
silver_Potion_Farming_deepseek-reasoner_6.cpp,WRONG_ANSWER,48,20.00%,0.090,8.87890625,0,0,23.809523809523807,0,0,0,0,23.809523809523807,0,0,0,0,0,0,0
silver_Potion_Farming_deepseek-reasoner_7.cpp,WRONG_ANSWER,119,40.00%,0.070,13.23046875,0,23.809523809523807,23.809523809523807,0,0,0,0,23.809523809523807,0,0,0,0,23.809523809523807,23.809523809523807,0
