solution,status,score,%test passed,time,memory,subtask_0,subtask_1,subtask_2,subtask_3,subtask_4,subtask_5,subtask_6,subtask_7,subtask_8,subtask_9
ones_Qwen3-30B_0.cpp,WRONG_ANSWER,25,0.00%,0.130,1.80859375,4.70929,4.06906,3.35974,2.8991499999999997,2.49801,2.0357600000000002,1.72931,1.45111,1.1148099999999999,0.87959
ones_Qwen3-30B_1.cpp,WRONG_ANSWER,25,0.00%,0.210,1.953125,4.70929,4.06906,3.35974,2.8991499999999997,2.49801,2.0357600000000002,1.72931,1.45111,1.1148099999999999,0.87959
ones_Qwen3-30B_2.cpp,WRONG_ANSWER,25,0.00%,0.200,1.95703125,4.70929,4.06906,3.35974,2.8991499999999997,2.49801,2.0357600000000002,1.72931,1.45111,1.1148099999999999,0.87959
ones_Qwen3-30B_3.cpp,WRONG_ANSWER,25,0.00%,0.130,1.92578125,4.70929,4.06906,3.35974,2.8991499999999997,2.49801,2.0357600000000002,1.72931,1.45111,1.1148099999999999,0.87959
ones_Qwen3-30B_4.cpp,WRONG_ANSWER,25,0.00%,0.140,1.953125,4.72823,4.07686,3.3626899999999997,2.89704,2.49904,2.03989,1.73442,1.4582600000000001,1.1255,0.8935700000000001
ones_Qwen3-30B_5.cpp,WRONG_ANSWER,25,0.00%,0.240,1.95703125,4.70929,4.06906,3.35974,2.8991499999999997,2.49801,2.0357600000000002,1.72931,1.45111,1.1148099999999999,0.87959
ones_Qwen3-30B_6.cpp,WRONG_ANSWER,25,0.00%,0.190,1.953125,4.70929,4.06906,3.35974,2.8991499999999997,2.49801,2.0357600000000002,1.72931,1.45111,1.1148099999999999,0.87959
ones_Qwen3-30B_7.cpp,WRONG_ANSWER,25,0.00%,0.200,1.953125,4.70929,4.06906,3.35974,2.8991499999999997,2.49801,2.0357600000000002,1.72931,1.45111,1.1148099999999999,0.87959
