solution,status,score,%test passed,time,memory,subtask_0,subtask_1,subtask_10,subtask_11,subtask_12,subtask_13,subtask_2,subtask_3,subtask_4,subtask_5,subtask_6,subtask_7,subtask_8,subtask_9
bronze_Candy_Cane_Feast_DeepSeek-R1-Distill-Llama-70B_0.cpp,ACCEPTED,333,100.00%,0.330,4.39453125,0,25.64102564102564,25.64102564102564,25.64102564102564,25.64102564102564,25.64102564102564,25.64102564102564,25.64102564102564,25.64102564102564,25.64102564102564,25.64102564102564,25.64102564102564,25.64102564102564,25.64102564102564
bronze_Candy_Cane_Feast_DeepSeek-R1-Distill-Llama-70B_1.cpp,WRONG_ANSWER,0,0.00%,0.520,27.44140625,0,0,0,0,0,0,0,0,0,0,0,0,0,0
bronze_Candy_Cane_Feast_DeepSeek-R1-Distill-Llama-70B_2.cpp,WRONG_ANSWER,51,14.29%,0.320,4.39453125,0,25.64102564102564,25.64102564102564,0,0,0,0,0,0,0,0,0,0,0
bronze_Candy_Cane_Feast_DeepSeek-R1-Distill-Llama-70B_3.cpp,TIME_LIMIT_EXCEEDED,26,7.14%,2.320,5.82421875,0,25.64102564102564,0,0,0,0,0,0,0,0,0,0,0,0
bronze_Candy_Cane_Feast_DeepSeek-R1-Distill-Llama-70B_4.cpp,WRONG_ANSWER,26,7.14%,0.350,4.39453125,0,0,25.64102564102564,0,0,0,0,0,0,0,0,0,0,0
bronze_Candy_Cane_Feast_DeepSeek-R1-Distill-Llama-70B_5.cpp,ACCEPTED,333,100.00%,0.340,4.39453125,0,25.64102564102564,25.64102564102564,25.64102564102564,25.64102564102564,25.64102564102564,25.64102564102564,25.64102564102564,25.64102564102564,25.64102564102564,25.64102564102564,25.64102564102564,25.64102564102564,25.64102564102564
bronze_Candy_Cane_Feast_DeepSeek-R1-Distill-Llama-70B_6.cpp,WRONG_ANSWER,51,14.29%,0.300,4.39453125,0,25.64102564102564,25.64102564102564,0,0,0,0,0,0,0,0,0,0,0
bronze_Candy_Cane_Feast_DeepSeek-R1-Distill-Llama-70B_7.cpp,WRONG_ANSWER,51,14.29%,0.340,4.39453125,0,25.64102564102564,25.64102564102564,0,0,0,0,0,0,0,0,0,0,0
