solution,status,score,%test passed,time,memory,subtask_0,subtask_1,subtask_10,subtask_11,subtask_12,subtask_13,subtask_14,subtask_15,subtask_2,subtask_3,subtask_4,subtask_5,subtask_6,subtask_7,subtask_8,subtask_9
gold_Haybale_Distribution_DeepSeek-R1-Distill-Llama-70B_0.cpp,WRONG_ANSWER,22,12.50%,0.330,3.62109375,0,22.22222222222222,0,0,0,0,0,0,0,0,0,0,0,0,0,0
gold_Haybale_Distribution_DeepSeek-R1-Distill-Llama-70B_1.cpp,WRONG_ANSWER,44,18.75%,0.320,3.6171875,0,22.22222222222222,0,0,0,0,0,0,22.22222222222222,0,0,0,0,0,0,0
gold_Haybale_Distribution_DeepSeek-R1-Distill-Llama-70B_2.cpp,ACCEPTED,333,100.00%,0.400,3.62109375,0,22.22222222222222,22.22222222222222,22.22222222222222,22.22222222222222,22.22222222222222,22.22222222222222,22.22222222222222,22.22222222222222,22.22222222222222,22.22222222222222,22.22222222222222,22.22222222222222,22.22222222222222,22.22222222222222,22.22222222222222
gold_Haybale_Distribution_DeepSeek-R1-Distill-Llama-70B_3.cpp,WRONG_ANSWER,44,18.75%,0.180,3.62109375,0,22.22222222222222,0,0,0,0,0,0,22.22222222222222,0,0,0,0,0,0,0
gold_Haybale_Distribution_DeepSeek-R1-Distill-Llama-70B_4.cpp,WRONG_ANSWER,44,18.75%,0.340,3.62109375,0,22.22222222222222,0,0,0,0,0,0,22.22222222222222,0,0,0,0,0,0,0
gold_Haybale_Distribution_DeepSeek-R1-Distill-Llama-70B_5.cpp,WRONG_ANSWER,111,37.50%,0.320,3.62109375,0,22.22222222222222,0,0,0,0,0,0,22.22222222222222,22.22222222222222,22.22222222222222,22.22222222222222,0,0,0,0
gold_Haybale_Distribution_DeepSeek-R1-Distill-Llama-70B_6.cpp,WRONG_ANSWER,44,18.75%,0.490,3.6171875,0,22.22222222222222,0,0,0,0,0,0,22.22222222222222,0,0,0,0,0,0,0
gold_Haybale_Distribution_DeepSeek-R1-Distill-Llama-70B_7.cpp,TIME_LIMIT_EXCEEDED,0,0.00%,2.280,6.734375,0,0,0,0,0,0,0,0,0,0,0,0,0,0,0,0
