solution,status,score,%test passed,time,memory,subtask_0,subtask_1,subtask_10,subtask_11,subtask_12,subtask_13,subtask_14,subtask_15,subtask_2,subtask_3,subtask_4,subtask_5,subtask_6,subtask_7,subtask_8,subtask_9
silver_Bovine_Acrobatics_DeepSeek-R1-Distill-Llama-70B_0.cpp,WRONG_ANSWER,89,35.29%,0.210,5.6796875,0,0,22.22222222222222,0,0,0,0,0,22.22222222222222,0,0,0,0,0,22.22222222222222,22.22222222222222
silver_Bovine_Acrobatics_DeepSeek-R1-Distill-Llama-70B_1.cpp,COMPILATION_ERROR,0,0.00%,0.000,0,0,0,0,0,0,0,0,0,0,0,0,0,0,0,0,0
silver_Bovine_Acrobatics_DeepSeek-R1-Distill-Llama-70B_2.cpp,RUNTIME_ERROR,0,0.00%,0.210,25.79296875,0,0,0,0,0,0,0,0,0,0,0,0,0,0,0,0
silver_Bovine_Acrobatics_DeepSeek-R1-Distill-Llama-70B_3.cpp,RUNTIME_ERROR,0,0.00%,0.210,7.2265625,0,0,0,0,0,0,0,0,0,0,0,0,0,0,0,0
silver_Bovine_Acrobatics_DeepSeek-R1-Distill-Llama-70B_4.cpp,MEMORY_LIMIT_EXCEEDED,67,17.65%,0.390,131.0546875,0,0,0,0,0,0,0,0,22.22222222222222,0,0,0,0,0,22.22222222222222,22.22222222222222
silver_Bovine_Acrobatics_DeepSeek-R1-Distill-Llama-70B_5.cpp,RUNTIME_ERROR,0,0.00%,0.150,6.734375,0,0,0,0,0,0,0,0,0,0,0,0,0,0,0,0
silver_Bovine_Acrobatics_DeepSeek-R1-Distill-Llama-70B_6.cpp,ACCEPTED,333,100.00%,0.220,6.1953125,0,22.22222222222222,22.22222222222222,22.22222222222222,22.22222222222222,22.22222222222222,22.22222222222222,22.22222222222222,22.22222222222222,22.22222222222222,22.22222222222222,22.22222222222222,22.22222222222222,22.22222222222222,22.22222222222222,22.22222222222222
silver_Bovine_Acrobatics_DeepSeek-R1-Distill-Llama-70B_7.cpp,WRONG_ANSWER,89,35.29%,0.230,21.921875,0,0,22.22222222222222,0,0,0,0,0,22.22222222222222,0,0,0,0,0,22.22222222222222,22.22222222222222
