solution,status,score,%test passed,time,memory,subtask_0,subtask_1,subtask_10,subtask_11,subtask_12,subtask_13,subtask_14,subtask_15,subtask_16,subtask_17,subtask_18,subtask_19,subtask_2,subtask_3,subtask_4,subtask_5,subtask_6,subtask_7,subtask_8,subtask_9
gold_Bessies_Function_seed-oss_0.cpp,WRONG_ANSWER,193,57.14%,0.180,21.3828125,0,17.543859649122805,17.543859649122805,17.543859649122805,17.543859649122805,17.543859649122805,0,0,17.543859649122805,0,0,17.543859649122805,0,0,17.543859649122805,0,0,17.543859649122805,17.543859649122805,17.543859649122805
gold_Bessies_Function_seed-oss_1.cpp,COMPILATION_ERROR,0,0.00%,0.000,0,0,0,0,0,0,0,0,0,0,0,0,0,0,0,0,0,0,0,0,0
gold_Bessies_Function_seed-oss_2.cpp,TIME_LIMIT_EXCEEDED,35,14.29%,2.430,25.078125,0,0,17.543859649122805,0,0,17.543859649122805,0,0,0,0,0,0,0,0,0,0,0,0,0,0
gold_Bessies_Function_seed-oss_3.cpp,RUNTIME_ERROR,105,28.57%,0.070,20.28515625,0,0,17.543859649122805,17.543859649122805,17.543859649122805,17.543859649122805,0,0,0,0,0,0,0,0,0,0,0,0,17.543859649122805,17.543859649122805
gold_Bessies_Function_seed-oss_4.cpp,TIME_LIMIT_EXCEEDED,0,0.00%,2.410,27.59765625,0,0,0,0,0,0,0,0,0,0,0,0,0,0,0,0,0,0,0,0
gold_Bessies_Function_seed-oss_5.cpp,WRONG_ANSWER,88,33.33%,0.050,5.16796875,0,17.543859649122805,0,0,0,0,0,0,17.543859649122805,0,0,17.543859649122805,0,0,17.543859649122805,0,0,17.543859649122805,0,0
gold_Bessies_Function_seed-oss_6.cpp,ACCEPTED,333,100.00%,0.080,27.59375,0,17.543859649122805,17.543859649122805,17.543859649122805,17.543859649122805,17.543859649122805,17.543859649122805,17.543859649122805,17.543859649122805,17.543859649122805,17.543859649122805,17.543859649122805,17.543859649122805,17.543859649122805,17.543859649122805,17.543859649122805,17.543859649122805,17.543859649122805,17.543859649122805,17.543859649122805
gold_Bessies_Function_seed-oss_7.cpp,TIME_LIMIT_EXCEEDED,158,52.38%,2.420,31.84765625,0,17.543859649122805,0,0,0,0,0,0,17.543859649122805,0,0,17.543859649122805,17.543859649122805,17.543859649122805,17.543859649122805,17.543859649122805,17.543859649122805,17.543859649122805,0,0
