solution,status,score,%test passed,time,memory,subtask_0,subtask_1,subtask_10,subtask_11,subtask_12,subtask_13,subtask_14,subtask_15,subtask_16,subtask_17,subtask_2,subtask_3,subtask_4,subtask_5,subtask_6,subtask_7,subtask_8,subtask_9
platinum_Lazy_Cow_gpt-5_0.cpp,ACCEPTED,333,100.00%,0.310,17.125,0,19.6078431372549,19.6078431372549,19.6078431372549,19.6078431372549,19.6078431372549,19.6078431372549,19.6078431372549,19.6078431372549,19.6078431372549,19.6078431372549,19.6078431372549,19.6078431372549,19.6078431372549,19.6078431372549,19.6078431372549,19.6078431372549,19.6078431372549
platinum_Lazy_Cow_gpt-5_1.cpp,ACCEPTED,333,100.00%,0.310,17.53125,0,19.6078431372549,19.6078431372549,19.6078431372549,19.6078431372549,19.6078431372549,19.6078431372549,19.6078431372549,19.6078431372549,19.6078431372549,19.6078431372549,19.6078431372549,19.6078431372549,19.6078431372549,19.6078431372549,19.6078431372549,19.6078431372549,19.6078431372549
platinum_Lazy_Cow_gpt-5_2.cpp,ACCEPTED,333,100.00%,0.290,20.109375,0,19.6078431372549,19.6078431372549,19.6078431372549,19.6078431372549,19.6078431372549,19.6078431372549,19.6078431372549,19.6078431372549,19.6078431372549,19.6078431372549,19.6078431372549,19.6078431372549,19.6078431372549,19.6078431372549,19.6078431372549,19.6078431372549,19.6078431372549
platinum_Lazy_Cow_gpt-5_3.cpp,RUNTIME_ERROR,0,0.00%,0.320,16.22265625,0,0,0,0,0,0,0,0,0,0,0,0,0,0,0,0,0,0
platinum_Lazy_Cow_gpt-5_4.cpp,WRONG_ANSWER,0,10.00%,0.330,25.26953125,0,0,0,0,0,0,0,0,0,0,0,0,0,0,0,0,0,0
platinum_Lazy_Cow_gpt-5_5.cpp,TIME_LIMIT_EXCEEDED,0,0.00%,2.470,9.03125,0,0,0,0,0,0,0,0,0,0,0,0,0,0,0,0,0,0
platinum_Lazy_Cow_gpt-5_6.cpp,WRONG_ANSWER,0,10.00%,0.920,32.73828125,0,0,0,0,0,0,0,0,0,0,0,0,0,0,0,0,0,0
platinum_Lazy_Cow_gpt-5_7.cpp,TIME_LIMIT_EXCEEDED,0,0.00%,2.550,4.0859375,0,0,0,0,0,0,0,0,0,0,0,0,0,0,0,0,0,0
