solution,status,score,%test passed,time,memory,subtask_0,subtask_1,subtask_10,subtask_11,subtask_12,subtask_13,subtask_14,subtask_2,subtask_3,subtask_4,subtask_5,subtask_6,subtask_7,subtask_8,subtask_9
silver_Target_Practice_II_gpt-5_0.cpp,WRONG_ANSWER,167,53.33%,0.040,6.8203125,0,23.809523809523807,23.809523809523807,23.809523809523807,23.809523809523807,23.809523809523807,23.809523809523807,0,0,0,0,0,0,0,23.809523809523807
silver_Target_Practice_II_gpt-5_1.cpp,WRONG_ANSWER,24,13.33%,0.330,6.0390625,0,23.809523809523807,0,0,0,0,0,0,0,0,0,0,0,0,0
silver_Target_Practice_II_gpt-5_2.cpp,WRONG_ANSWER,167,46.67%,0.160,12.43359375,0,23.809523809523807,23.809523809523807,23.809523809523807,23.809523809523807,23.809523809523807,23.809523809523807,0,0,0,0,0,0,0,23.809523809523807
silver_Target_Practice_II_gpt-5_3.cpp,WRONG_ANSWER,167,53.33%,0.130,7.734375,0,23.809523809523807,23.809523809523807,23.809523809523807,23.809523809523807,23.809523809523807,23.809523809523807,0,0,0,0,0,0,0,23.809523809523807
silver_Target_Practice_II_gpt-5_4.cpp,TIME_LIMIT_EXCEEDED,167,53.33%,2.990,12.953125,0,0,0,0,0,0,0,23.809523809523807,23.809523809523807,23.809523809523807,23.809523809523807,23.809523809523807,23.809523809523807,23.809523809523807,0
silver_Target_Practice_II_gpt-5_5.cpp,WRONG_ANSWER,167,53.33%,0.130,6.44921875,0,23.809523809523807,23.809523809523807,23.809523809523807,23.809523809523807,23.809523809523807,23.809523809523807,0,0,0,0,0,0,0,23.809523809523807
silver_Target_Practice_II_gpt-5_6.cpp,ACCEPTED,333,100.00%,0.170,7.99609375,0,23.809523809523807,23.809523809523807,23.809523809523807,23.809523809523807,23.809523809523807,23.809523809523807,23.809523809523807,23.809523809523807,23.809523809523807,23.809523809523807,23.809523809523807,23.809523809523807,23.809523809523807,23.809523809523807
silver_Target_Practice_II_gpt-5_7.cpp,TIME_LIMIT_EXCEEDED,167,53.33%,2.980,16.54296875,0,0,0,0,0,0,0,23.809523809523807,23.809523809523807,23.809523809523807,23.809523809523807,23.809523809523807,23.809523809523807,23.809523809523807,0
