solution,status,score,%test passed,time,memory,subtask_0,subtask_1,subtask_10,subtask_2,subtask_3,subtask_4,subtask_5,subtask_6,subtask_7,subtask_8,subtask_9
bronze_Walking_Along_a_Fence_gpt-5_0.cpp,ACCEPTED,333,100.00%,0.080,9.546875,0,33.33333333333333,33.33333333333333,33.33333333333333,33.33333333333333,33.33333333333333,33.33333333333333,33.33333333333333,33.33333333333333,33.33333333333333,33.33333333333333
bronze_Walking_Along_a_Fence_gpt-5_1.cpp,ACCEPTED,333,100.00%,0.160,10.58203125,0,33.33333333333333,33.33333333333333,33.33333333333333,33.33333333333333,33.33333333333333,33.33333333333333,33.33333333333333,33.33333333333333,33.33333333333333,33.33333333333333
bronze_Walking_Along_a_Fence_gpt-5_2.cpp,ACCEPTED,333,100.00%,0.170,9.28515625,0,33.33333333333333,33.33333333333333,33.33333333333333,33.33333333333333,33.33333333333333,33.33333333333333,33.33333333333333,33.33333333333333,33.33333333333333,33.33333333333333
bronze_Walking_Along_a_Fence_gpt-5_3.cpp,ACCEPTED,333,100.00%,0.170,13.671875,0,33.33333333333333,33.33333333333333,33.33333333333333,33.33333333333333,33.33333333333333,33.33333333333333,33.33333333333333,33.33333333333333,33.33333333333333,33.33333333333333
bronze_Walking_Along_a_Fence_gpt-5_4.cpp,ACCEPTED,333,100.00%,0.180,10.578125,0,33.33333333333333,33.33333333333333,33.33333333333333,33.33333333333333,33.33333333333333,33.33333333333333,33.33333333333333,33.33333333333333,33.33333333333333,33.33333333333333
bronze_Walking_Along_a_Fence_gpt-5_5.cpp,ACCEPTED,333,100.00%,0.170,7.484375,0,33.33333333333333,33.33333333333333,33.33333333333333,33.33333333333333,33.33333333333333,33.33333333333333,33.33333333333333,33.33333333333333,33.33333333333333,33.33333333333333
bronze_Walking_Along_a_Fence_gpt-5_6.cpp,ACCEPTED,333,100.00%,0.210,16.76171875,0,33.33333333333333,33.33333333333333,33.33333333333333,33.33333333333333,33.33333333333333,33.33333333333333,33.33333333333333,33.33333333333333,33.33333333333333,33.33333333333333
bronze_Walking_Along_a_Fence_gpt-5_7.cpp,ACCEPTED,333,100.00%,0.200,17.7890625,0,33.33333333333333,33.33333333333333,33.33333333333333,33.33333333333333,33.33333333333333,33.33333333333333,33.33333333333333,33.33333333333333,33.33333333333333,33.33333333333333
