solution,status,score,%test passed,time,memory,subtask_0,subtask_1,subtask_10,subtask_11,subtask_12,subtask_2,subtask_3,subtask_4,subtask_5,subtask_6,subtask_7,subtask_8,subtask_9
silver_Painting_Fence_Posts_gpt-5_0.cpp,ACCEPTED,333,100.00%,0.260,66.515625,0,27.777777777777775,27.777777777777775,27.777777777777775,27.777777777777775,27.777777777777775,27.777777777777775,27.777777777777775,27.777777777777775,27.777777777777775,27.777777777777775,27.777777777777775,27.777777777777775
silver_Painting_Fence_Posts_gpt-5_1.cpp,ACCEPTED,333,100.00%,0.400,71.6953125,0,27.777777777777775,27.777777777777775,27.777777777777775,27.777777777777775,27.777777777777775,27.777777777777775,27.777777777777775,27.777777777777775,27.777777777777775,27.777777777777775,27.777777777777775,27.777777777777775
silver_Painting_Fence_Posts_gpt-5_2.cpp,ACCEPTED,333,100.00%,0.440,71.37109375,0,27.777777777777775,27.777777777777775,27.777777777777775,27.777777777777775,27.777777777777775,27.777777777777775,27.777777777777775,27.777777777777775,27.777777777777775,27.777777777777775,27.777777777777775,27.777777777777775
silver_Painting_Fence_Posts_gpt-5_3.cpp,RUNTIME_ERROR,0,0.00%,0.410,45.5625,0,0,0,0,0,0,0,0,0,0,0,0,0
silver_Painting_Fence_Posts_gpt-5_4.cpp,ACCEPTED,333,100.00%,0.400,67.01171875,0,27.777777777777775,27.777777777777775,27.777777777777775,27.777777777777775,27.777777777777775,27.777777777777775,27.777777777777775,27.777777777777775,27.777777777777775,27.777777777777775,27.777777777777775,27.777777777777775
silver_Painting_Fence_Posts_gpt-5_5.cpp,ACCEPTED,333,100.00%,0.290,47.79296875,0,27.777777777777775,27.777777777777775,27.777777777777775,27.777777777777775,27.777777777777775,27.777777777777775,27.777777777777775,27.777777777777775,27.777777777777775,27.777777777777775,27.777777777777775,27.777777777777775
silver_Painting_Fence_Posts_gpt-5_6.cpp,ACCEPTED,333,100.00%,0.390,44.3046875,0,27.777777777777775,27.777777777777775,27.777777777777775,27.777777777777775,27.777777777777775,27.777777777777775,27.777777777777775,27.777777777777775,27.777777777777775,27.777777777777775,27.777777777777775,27.777777777777775
silver_Painting_Fence_Posts_gpt-5_7.cpp,ACCEPTED,333,100.00%,0.390,51.3984375,0,27.777777777777775,27.777777777777775,27.777777777777775,27.777777777777775,27.777777777777775,27.777777777777775,27.777777777777775,27.777777777777775,27.777777777777775,27.777777777777775,27.777777777777775,27.777777777777775
