solution,status,score,%test passed,time,memory,subtask_0,subtask_1,subtask_10,subtask_2,subtask_3,subtask_4,subtask_5,subtask_6,subtask_7,subtask_8,subtask_9
bronze_More_Cow_Photos_DeepSeek-R1-Distill-Qwen-14B_0.cpp,COMPILATION_ERROR,0,0.00%,0.000,0,0,0,0,0,0,0,0,0,0,0,0
bronze_More_Cow_Photos_DeepSeek-R1-Distill-Qwen-14B_1.cpp,ACCEPTED,333,100.00%,0.270,1.84375,0,33.33333333333333,33.33333333333333,33.33333333333333,33.33333333333333,33.33333333333333,33.33333333333333,33.33333333333333,33.33333333333333,33.33333333333333,33.33333333333333
bronze_More_Cow_Photos_DeepSeek-R1-Distill-Qwen-14B_2.cpp,ACCEPTED,333,100.00%,0.500,6.16015625,0,33.33333333333333,33.33333333333333,33.33333333333333,33.33333333333333,33.33333333333333,33.33333333333333,33.33333333333333,33.33333333333333,33.33333333333333,33.33333333333333
bronze_More_Cow_Photos_DeepSeek-R1-Distill-Qwen-14B_3.cpp,COMPILATION_ERROR,0,0.00%,0.000,0,0,0,0,0,0,0,0,0,0,0,0
bronze_More_Cow_Photos_DeepSeek-R1-Distill-Qwen-14B_4.cpp,ACCEPTED,333,100.00%,0.540,6.453125,0,33.33333333333333,33.33333333333333,33.33333333333333,33.33333333333333,33.33333333333333,33.33333333333333,33.33333333333333,33.33333333333333,33.33333333333333,33.33333333333333
bronze_More_Cow_Photos_DeepSeek-R1-Distill-Qwen-14B_5.cpp,TIME_LIMIT_EXCEEDED,0,9.09%,2.230,6.5078125,0,0,0,0,0,0,0,0,0,0,0
bronze_More_Cow_Photos_DeepSeek-R1-Distill-Qwen-14B_6.cpp,ACCEPTED,333,100.00%,0.510,6.16015625,0,33.33333333333333,33.33333333333333,33.33333333333333,33.33333333333333,33.33333333333333,33.33333333333333,33.33333333333333,33.33333333333333,33.33333333333333,33.33333333333333
bronze_More_Cow_Photos_DeepSeek-R1-Distill-Qwen-14B_7.cpp,ACCEPTED,333,100.00%,0.290,1.9765625,0,33.33333333333333,33.33333333333333,33.33333333333333,33.33333333333333,33.33333333333333,33.33333333333333,33.33333333333333,33.33333333333333,33.33333333333333,33.33333333333333
