solution,status,score,%test passed,time,memory,subtask_0
j2_gpt-4.1_0.cpp,ACCEPTED,15,100.00%,0.050,0.00390625,15
j2_gpt-4.1_1.cpp,ACCEPTED,15,100.00%,0.060,0.00390625,15
j2_gpt-4.1_2.cpp,ACCEPTED,15,100.00%,0.050,0.00390625,15
j2_gpt-4.1_3.cpp,ACCEPTED,15,100.00%,0.050,0.00390625,15
j2_gpt-4.1_4.cpp,ACCEPTED,15,100.00%,0.060,0.00390625,15
j2_gpt-4.1_5.cpp,ACCEPTED,15,100.00%,0.050,0.00390625,15
j2_gpt-4.1_6.cpp,ACCEPTED,15,100.00%,0.060,0.00390625,15
j2_gpt-4.1_7.cpp,ACCEPTED,15,100.00%,0.050,0.00390625,15
