solution,status,score,%test passed,time,memory,subtask_0,subtask_1,subtask_10,subtask_2,subtask_3,subtask_4,subtask_5,subtask_6,subtask_7,subtask_8,subtask_9
silver_Bakery_Qwen3-32B_0.cpp,ACCEPTED,333,100.00%,0.040,0.00390625,0,33.33333333333333,33.33333333333333,33.33333333333333,33.33333333333333,33.33333333333333,33.33333333333333,33.33333333333333,33.33333333333333,33.33333333333333,33.33333333333333
silver_Bakery_Qwen3-32B_1.cpp,WRONG_ANSWER,0,9.09%,0.050,1.62109375,0,0,0,0,0,0,0,0,0,0,0
silver_Bakery_Qwen3-32B_2.cpp,ACCEPTED,333,100.00%,0.120,2.140625,0,33.33333333333333,33.33333333333333,33.33333333333333,33.33333333333333,33.33333333333333,33.33333333333333,33.33333333333333,33.33333333333333,33.33333333333333,33.33333333333333
silver_Bakery_Qwen3-32B_3.cpp,WRONG_ANSWER,0,9.09%,0.040,0.00390625,0,0,0,0,0,0,0,0,0,0,0
silver_Bakery_Qwen3-32B_4.cpp,WRONG_ANSWER,33,18.18%,0.080,2.90625,0,33.33333333333333,0,0,0,0,0,0,0,0,0
silver_Bakery_Qwen3-32B_5.cpp,WRONG_ANSWER,0,9.09%,0.050,0.00390625,0,0,0,0,0,0,0,0,0,0,0
silver_Bakery_Qwen3-32B_6.cpp,WRONG_ANSWER,33,18.18%,0.040,0.00390625,0,33.33333333333333,0,0,0,0,0,0,0,0,0
silver_Bakery_Qwen3-32B_7.cpp,WRONG_ANSWER,33,18.18%,0.040,1.625,0,33.33333333333333,0,0,0,0,0,0,0,0,0
