solution,status,score,%test passed,time,memory,subtask_0,subtask_1,subtask_10,subtask_11,subtask_12,subtask_13,subtask_2,subtask_3,subtask_4,subtask_5,subtask_6,subtask_7,subtask_8,subtask_9
bronze_Stamp_Grid_Qwen3-30B-Non-Thinking_0.cpp,WRONG_ANSWER,0,0.00%,0.110,0.00390625,0,0,0,0,0,0,0,0,0,0,0,0,0,0
bronze_Stamp_Grid_Qwen3-30B-Non-Thinking_1.cpp,ACCEPTED,333,100.00%,0.110,0,0,25.64102564102564,25.64102564102564,25.64102564102564,25.64102564102564,25.64102564102564,25.64102564102564,25.64102564102564,25.64102564102564,25.64102564102564,25.64102564102564,25.64102564102564,25.64102564102564,25.64102564102564
bronze_Stamp_Grid_Qwen3-30B-Non-Thinking_2.cpp,COMPILATION_ERROR,0,0.00%,0.000,0,0,0,0,0,0,0,0,0,0,0,0,0,0,0
bronze_Stamp_Grid_Qwen3-30B-Non-Thinking_3.cpp,WRONG_ANSWER,0,0.00%,0.120,0.00390625,0,0,0,0,0,0,0,0,0,0,0,0,0,0
bronze_Stamp_Grid_Qwen3-30B-Non-Thinking_4.cpp,TIME_LIMIT_EXCEEDED,0,0.00%,2.390,0.00390625,0,0,0,0,0,0,0,0,0,0,0,0,0,0
bronze_Stamp_Grid_Qwen3-30B-Non-Thinking_5.cpp,ACCEPTED,333,100.00%,0.110,0.00390625,0,25.64102564102564,25.64102564102564,25.64102564102564,25.64102564102564,25.64102564102564,25.64102564102564,25.64102564102564,25.64102564102564,25.64102564102564,25.64102564102564,25.64102564102564,25.64102564102564,25.64102564102564
bronze_Stamp_Grid_Qwen3-30B-Non-Thinking_6.cpp,COMPILATION_ERROR,0,0.00%,0.000,0,0,0,0,0,0,0,0,0,0,0,0,0,0,0
bronze_Stamp_Grid_Qwen3-30B-Non-Thinking_7.cpp,MEMORY_LIMIT_EXCEEDED,0,0.00%,0.110,0.00390625,0,0,0,0,0,0,0,0,0,0,0,0,0,0
