solution,status,score,%test passed,time,memory,subtask_0,subtask_1,subtask_10,subtask_11,subtask_12,subtask_13,subtask_14,subtask_15,subtask_2,subtask_3,subtask_4,subtask_5,subtask_6,subtask_7,subtask_8,subtask_9
silver_Bovine_Acrobatics_seed-oss_0.cpp,RUNTIME_ERROR,0,0.00%,0.100,7.484375,0,0,0,0,0,0,0,0,0,0,0,0,0,0,0,0
silver_Bovine_Acrobatics_seed-oss_1.cpp,RUNTIME_ERROR,0,0.00%,0.490,5.9375,0,0,0,0,0,0,0,0,0,0,0,0,0,0,0,0
silver_Bovine_Acrobatics_seed-oss_2.cpp,UNKNOWN,0,0.00%,0.000,0,0,0,0,0,0,0,0,0,0,0,0,0,0,0,0,0
silver_Bovine_Acrobatics_seed-oss_3.cpp,ACCEPTED,333,100.00%,0.100,9.75390625,0,22.22222222222222,22.22222222222222,22.22222222222222,22.22222222222222,22.22222222222222,22.22222222222222,22.22222222222222,22.22222222222222,22.22222222222222,22.22222222222222,22.22222222222222,22.22222222222222,22.22222222222222,22.22222222222222,22.22222222222222
silver_Bovine_Acrobatics_seed-oss_4.cpp,RUNTIME_ERROR,89,23.53%,0.120,9.640625,0,0,22.22222222222222,0,0,0,0,0,22.22222222222222,0,0,0,0,0,22.22222222222222,22.22222222222222
silver_Bovine_Acrobatics_seed-oss_5.cpp,COMPILATION_ERROR,0,0.00%,0.000,0,0,0,0,0,0,0,0,0,0,0,0,0,0,0,0,0
silver_Bovine_Acrobatics_seed-oss_6.cpp,RUNTIME_ERROR,0,0.00%,0.100,4.64453125,0,0,0,0,0,0,0,0,0,0,0,0,0,0,0,0
silver_Bovine_Acrobatics_seed-oss_7.cpp,RUNTIME_ERROR,89,23.53%,0.100,7.47265625,0,0,22.22222222222222,0,0,0,0,0,22.22222222222222,0,0,0,0,0,22.22222222222222,22.22222222222222
