solution,status,score,%test passed,time,memory,subtask_0,subtask_1,subtask_10,subtask_11,subtask_12,subtask_13,subtask_14,subtask_15,subtask_16,subtask_17,subtask_2,subtask_3,subtask_4,subtask_5,subtask_6,subtask_7,subtask_8,subtask_9
gold_OohMoo_Milk_gpt-o3-mini-high_0.cpp,ACCEPTED,333,100.00%,0.060,4.140625,0,19.6078431372549,19.6078431372549,19.6078431372549,19.6078431372549,19.6078431372549,19.6078431372549,19.6078431372549,19.6078431372549,19.6078431372549,19.6078431372549,19.6078431372549,19.6078431372549,19.6078431372549,19.6078431372549,19.6078431372549,19.6078431372549,19.6078431372549
gold_OohMoo_Milk_gpt-o3-mini-high_1.cpp,WRONG_ANSWER,137,50.00%,0.060,6.71484375,0,19.6078431372549,0,19.6078431372549,19.6078431372549,0,0,0,19.6078431372549,19.6078431372549,19.6078431372549,19.6078431372549,0,0,0,0,0,0
gold_OohMoo_Milk_gpt-o3-mini-high_2.cpp,RUNTIME_ERROR,59,20.00%,0.050,2.0703125,0,19.6078431372549,0,19.6078431372549,0,0,0,0,0,19.6078431372549,0,0,0,0,0,0,0,0
gold_OohMoo_Milk_gpt-o3-mini-high_4.cpp,WRONG_ANSWER,98,40.00%,1.630,4.66796875,0,19.6078431372549,0,19.6078431372549,19.6078431372549,0,0,0,19.6078431372549,19.6078431372549,0,0,0,0,0,0,0,0
gold_OohMoo_Milk_gpt-o3-mini-high_5.cpp,COMPILATION_ERROR,0,0.00%,0.000,0,0,0,0,0,0,0,0,0,0,0,0,0,0,0,0,0,0,0
gold_OohMoo_Milk_gpt-o3-mini-high_6.cpp,RUNTIME_ERROR,0,0.00%,0.060,2.0703125,0,0,0,0,0,0,0,0,0,0,0,0,0,0,0,0,0,0
gold_OohMoo_Milk_gpt-o3-mini-high_7.cpp,RUNTIME_ERROR,0,0.00%,0.050,3.6171875,0,0,0,0,0,0,0,0,0,0,0,0,0,0,0,0,0,0
