solution,status,score,%test passed,time,memory,subtask_0,subtask_1,subtask_10,subtask_11,subtask_12,subtask_13,subtask_14,subtask_2,subtask_3,subtask_4,subtask_5,subtask_6,subtask_7,subtask_8,subtask_9
platinum_Forklift_Certified_gpt-o3-mini-high_0.cpp,TIME_LIMIT_EXCEEDED,0,6.25%,2.230,10.67578125,0,0,0,0,0,0,0,0,0,0,0,0,0,0,0
platinum_Forklift_Certified_gpt-o3-mini-high_1.cpp,TIME_LIMIT_EXCEEDED,95,37.50%,2.230,5.98828125,0,0,0,0,23.809523809523807,23.809523809523807,23.809523809523807,0,0,23.809523809523807,0,0,0,0,0
platinum_Forklift_Certified_gpt-o3-mini-high_2.cpp,TIME_LIMIT_EXCEEDED,95,37.50%,2.250,30.23046875,0,0,0,0,23.809523809523807,23.809523809523807,23.809523809523807,0,0,23.809523809523807,0,0,0,0,0
platinum_Forklift_Certified_gpt-o3-mini-high_3.cpp,RUNTIME_ERROR,95,25.00%,0.190,4.15234375,0,0,0,0,23.809523809523807,23.809523809523807,23.809523809523807,0,0,23.809523809523807,0,0,0,0,0
platinum_Forklift_Certified_gpt-o3-mini-high_4.cpp,TIME_LIMIT_EXCEEDED,95,37.50%,2.220,29.71484375,0,0,0,0,23.809523809523807,23.809523809523807,23.809523809523807,0,0,23.809523809523807,0,0,0,0,0
platinum_Forklift_Certified_gpt-o3-mini-high_5.cpp,RUNTIME_ERROR,95,25.00%,0.210,4.15625,0,0,0,0,23.809523809523807,23.809523809523807,23.809523809523807,0,0,23.809523809523807,0,0,0,0,0
platinum_Forklift_Certified_gpt-o3-mini-high_6.cpp,RUNTIME_ERROR,95,25.00%,0.840,36.44140625,0,0,0,0,23.809523809523807,23.809523809523807,23.809523809523807,0,0,23.809523809523807,0,0,0,0,0
platinum_Forklift_Certified_gpt-o3-mini-high_7.cpp,TIME_LIMIT_EXCEEDED,95,37.50%,2.230,22.2578125,0,0,0,0,23.809523809523807,23.809523809523807,23.809523809523807,0,0,23.809523809523807,0,0,0,0,0
