solution,status,score,%test passed,time,memory,subtask_0,subtask_1,subtask_10,subtask_2,subtask_3,subtask_4,subtask_5,subtask_6,subtask_7,subtask_8,subtask_9
silver_Compatible_Pairs_gpt-o3-mini-high_0.cpp,TIME_LIMIT_EXCEEDED,233,75.00%,2.230,51.3125,0,0,33.33333333333333,0,33.33333333333333,33.33333333333333,33.33333333333333,0,33.33333333333333,33.33333333333333,33.33333333333333
silver_Compatible_Pairs_gpt-o3-mini-high_1.cpp,WRONG_ANSWER,67,33.33%,0.090,24.046875,0,33.33333333333333,0,33.33333333333333,0,0,0,0,0,0,0
silver_Compatible_Pairs_gpt-o3-mini-high_2.cpp,WRONG_ANSWER,67,25.00%,0.230,26.734375,0,33.33333333333333,0,33.33333333333333,0,0,0,0,0,0,0
silver_Compatible_Pairs_gpt-o3-mini-high_3.cpp,TIME_LIMIT_EXCEEDED,200,66.67%,2.230,30.92578125,0,33.33333333333333,0,33.33333333333333,33.33333333333333,33.33333333333333,33.33333333333333,33.33333333333333,0,0,0
silver_Compatible_Pairs_gpt-o3-mini-high_4.cpp,WRONG_ANSWER,167,58.33%,0.230,25.65234375,0,33.33333333333333,33.33333333333333,33.33333333333333,0,0,0,33.33333333333333,0,33.33333333333333,0
silver_Compatible_Pairs_gpt-o3-mini-high_5.cpp,WRONG_ANSWER,100,41.67%,0.160,50.33203125,0,33.33333333333333,33.33333333333333,33.33333333333333,0,0,0,0,0,0,0
silver_Compatible_Pairs_gpt-o3-mini-high_6.cpp,WRONG_ANSWER,67,25.00%,0.260,33.33984375,0,33.33333333333333,0,33.33333333333333,0,0,0,0,0,0,0
silver_Compatible_Pairs_gpt-o3-mini-high_7.cpp,WRONG_ANSWER,67,25.00%,0.230,40.51953125,0,33.33333333333333,0,33.33333333333333,0,0,0,0,0,0,0
