solution,status,score,%test passed,time,memory,subtask_0,subtask_1,subtask_10,subtask_2,subtask_3,subtask_4,subtask_5,subtask_6,subtask_7,subtask_8,subtask_9
bronze_Hungry_Cow_gpt-oss-120b-low_0.cpp,ACCEPTED,333,100.00%,0.070,2.84765625,0,33.33333333333333,33.33333333333333,33.33333333333333,33.33333333333333,33.33333333333333,33.33333333333333,33.33333333333333,33.33333333333333,33.33333333333333,33.33333333333333
bronze_Hungry_Cow_gpt-oss-120b-low_1.cpp,ACCEPTED,333,100.00%,0.060,2.7890625,0,33.33333333333333,33.33333333333333,33.33333333333333,33.33333333333333,33.33333333333333,33.33333333333333,33.33333333333333,33.33333333333333,33.33333333333333,33.33333333333333
bronze_Hungry_Cow_gpt-oss-120b-low_2.cpp,ACCEPTED,333,100.00%,0.060,0.00390625,0,33.33333333333333,33.33333333333333,33.33333333333333,33.33333333333333,33.33333333333333,33.33333333333333,33.33333333333333,33.33333333333333,33.33333333333333,33.33333333333333
bronze_Hungry_Cow_gpt-oss-120b-low_3.cpp,ACCEPTED,333,100.00%,0.060,2.84765625,0,33.33333333333333,33.33333333333333,33.33333333333333,33.33333333333333,33.33333333333333,33.33333333333333,33.33333333333333,33.33333333333333,33.33333333333333,33.33333333333333
bronze_Hungry_Cow_gpt-oss-120b-low_4.cpp,ACCEPTED,333,100.00%,0.060,2.7890625,0,33.33333333333333,33.33333333333333,33.33333333333333,33.33333333333333,33.33333333333333,33.33333333333333,33.33333333333333,33.33333333333333,33.33333333333333,33.33333333333333
bronze_Hungry_Cow_gpt-oss-120b-low_5.cpp,ACCEPTED,333,100.00%,0.060,2.84765625,0,33.33333333333333,33.33333333333333,33.33333333333333,33.33333333333333,33.33333333333333,33.33333333333333,33.33333333333333,33.33333333333333,33.33333333333333,33.33333333333333
bronze_Hungry_Cow_gpt-oss-120b-low_6.cpp,ACCEPTED,333,100.00%,0.060,2.84765625,0,33.33333333333333,33.33333333333333,33.33333333333333,33.33333333333333,33.33333333333333,33.33333333333333,33.33333333333333,33.33333333333333,33.33333333333333,33.33333333333333
bronze_Hungry_Cow_gpt-oss-120b-low_7.cpp,ACCEPTED,333,100.00%,0.060,2.84765625,0,33.33333333333333,33.33333333333333,33.33333333333333,33.33333333333333,33.33333333333333,33.33333333333333,33.33333333333333,33.33333333333333,33.33333333333333,33.33333333333333
