solution,status,score,%test passed,time,memory,subtask_0,subtask_1,subtask_10,subtask_2,subtask_3,subtask_4,subtask_5,subtask_6,subtask_7,subtask_8,subtask_9
silver_Cow-libi_gpt-oss-120b-low_0.cpp,ACCEPTED,333,100.00%,0.100,3.6171875,0,33.33333333333333,33.33333333333333,33.33333333333333,33.33333333333333,33.33333333333333,33.33333333333333,33.33333333333333,33.33333333333333,33.33333333333333,33.33333333333333
silver_Cow-libi_gpt-oss-120b-low_1.cpp,ACCEPTED,333,100.00%,0.100,3.6171875,0,33.33333333333333,33.33333333333333,33.33333333333333,33.33333333333333,33.33333333333333,33.33333333333333,33.33333333333333,33.33333333333333,33.33333333333333,33.33333333333333
silver_Cow-libi_gpt-oss-120b-low_2.cpp,ACCEPTED,333,100.00%,0.110,3.6171875,0,33.33333333333333,33.33333333333333,33.33333333333333,33.33333333333333,33.33333333333333,33.33333333333333,33.33333333333333,33.33333333333333,33.33333333333333,33.33333333333333
silver_Cow-libi_gpt-oss-120b-low_3.cpp,ACCEPTED,333,100.00%,0.100,3.6171875,0,33.33333333333333,33.33333333333333,33.33333333333333,33.33333333333333,33.33333333333333,33.33333333333333,33.33333333333333,33.33333333333333,33.33333333333333,33.33333333333333
silver_Cow-libi_gpt-oss-120b-low_4.cpp,ACCEPTED,333,100.00%,0.110,4.390625,0,33.33333333333333,33.33333333333333,33.33333333333333,33.33333333333333,33.33333333333333,33.33333333333333,33.33333333333333,33.33333333333333,33.33333333333333,33.33333333333333
silver_Cow-libi_gpt-oss-120b-low_5.cpp,ACCEPTED,333,100.00%,0.110,3.6171875,0,33.33333333333333,33.33333333333333,33.33333333333333,33.33333333333333,33.33333333333333,33.33333333333333,33.33333333333333,33.33333333333333,33.33333333333333,33.33333333333333
silver_Cow-libi_gpt-oss-120b-low_6.cpp,ACCEPTED,333,100.00%,0.100,3.6171875,0,33.33333333333333,33.33333333333333,33.33333333333333,33.33333333333333,33.33333333333333,33.33333333333333,33.33333333333333,33.33333333333333,33.33333333333333,33.33333333333333
silver_Cow-libi_gpt-oss-120b-low_7.cpp,TIME_LIMIT_EXCEEDED,100,36.36%,4.850,3.6171875,0,33.33333333333333,0,33.33333333333333,33.33333333333333,0,0,0,0,0,0
