solution,status,score,%test passed,time,memory,subtask_0,subtask_1,subtask_10,subtask_2,subtask_3,subtask_4,subtask_5,subtask_6,subtask_7,subtask_8,subtask_9
silver_Bakery_gpt-oss-120b-low_0.cpp,ACCEPTED,333,100.00%,0.120,0.00390625,0,33.33333333333333,33.33333333333333,33.33333333333333,33.33333333333333,33.33333333333333,33.33333333333333,33.33333333333333,33.33333333333333,33.33333333333333,33.33333333333333
silver_Bakery_gpt-oss-120b-low_1.cpp,WRONG_ANSWER,33,18.18%,0.480,1.859375,0,0,33.33333333333333,0,0,0,0,0,0,0,0
silver_Bakery_gpt-oss-120b-low_2.cpp,WRONG_ANSWER,33,18.18%,0.620,0.00390625,0,33.33333333333333,0,0,0,0,0,0,0,0,0
silver_Bakery_gpt-oss-120b-low_3.cpp,WRONG_ANSWER,0,9.09%,0.240,1.67578125,0,0,0,0,0,0,0,0,0,0,0
silver_Bakery_gpt-oss-120b-low_4.cpp,WRONG_ANSWER,0,9.09%,0.180,1.671875,0,0,0,0,0,0,0,0,0,0,0
silver_Bakery_gpt-oss-120b-low_5.cpp,WRONG_ANSWER,0,9.09%,0.050,0.00390625,0,0,0,0,0,0,0,0,0,0,0
silver_Bakery_gpt-oss-120b-low_6.cpp,ACCEPTED,333,100.00%,0.580,1.91015625,0,33.33333333333333,33.33333333333333,33.33333333333333,33.33333333333333,33.33333333333333,33.33333333333333,33.33333333333333,33.33333333333333,33.33333333333333,33.33333333333333
silver_Bakery_gpt-oss-120b-low_7.cpp,ACCEPTED,333,100.00%,0.170,0.00390625,0,33.33333333333333,33.33333333333333,33.33333333333333,33.33333333333333,33.33333333333333,33.33333333333333,33.33333333333333,33.33333333333333,33.33333333333333,33.33333333333333
