solution,status,score,%test passed,time,memory,subtask_0,subtask_1,subtask_10,subtask_11,subtask_12,subtask_13,subtask_14,subtask_15,subtask_16,subtask_17,subtask_18,subtask_2,subtask_3,subtask_4,subtask_5,subtask_6,subtask_7,subtask_8,subtask_9
silver_Moo_Route_II_gpt-oss-120b-low_0.cpp,RUNTIME_ERROR,37,10.00%,0.140,15.4765625,0,0,18.51851851851852,0,0,0,0,0,0,0,0,0,0,0,0,0,0,0,18.51851851851852
silver_Moo_Route_II_gpt-oss-120b-low_1.cpp,RUNTIME_ERROR,130,35.00%,0.130,14.9609375,0,0,18.51851851851852,0,0,0,0,0,0,0,0,0,0,18.51851851851852,18.51851851851852,18.51851851851852,18.51851851851852,18.51851851851852,18.51851851851852
silver_Moo_Route_II_gpt-oss-120b-low_2.cpp,RUNTIME_ERROR,37,10.00%,0.140,13.41015625,0,0,18.51851851851852,0,0,0,0,0,0,0,0,0,0,0,0,0,0,0,18.51851851851852
silver_Moo_Route_II_gpt-oss-120b-low_3.cpp,RUNTIME_ERROR,130,35.00%,0.130,16.765625,0,0,18.51851851851852,0,0,0,0,0,0,0,0,0,0,18.51851851851852,18.51851851851852,18.51851851851852,18.51851851851852,18.51851851851852,18.51851851851852
silver_Moo_Route_II_gpt-oss-120b-low_4.cpp,RUNTIME_ERROR,130,35.00%,0.130,15.21875,0,0,18.51851851851852,0,0,0,0,0,0,0,0,0,0,18.51851851851852,18.51851851851852,18.51851851851852,18.51851851851852,18.51851851851852,18.51851851851852
silver_Moo_Route_II_gpt-oss-120b-low_5.cpp,RUNTIME_ERROR,130,35.00%,0.150,22.953125,0,0,18.51851851851852,0,0,0,0,0,0,0,0,0,0,18.51851851851852,18.51851851851852,18.51851851851852,18.51851851851852,18.51851851851852,18.51851851851852
silver_Moo_Route_II_gpt-oss-120b-low_6.cpp,RUNTIME_ERROR,37,10.00%,0.140,14.9609375,0,0,18.51851851851852,0,0,0,0,0,0,0,0,0,0,0,0,0,0,0,18.51851851851852
silver_Moo_Route_II_gpt-oss-120b-low_7.cpp,RUNTIME_ERROR,130,35.00%,0.130,15.21875,0,0,18.51851851851852,0,0,0,0,0,0,0,0,0,0,18.51851851851852,18.51851851851852,18.51851851851852,18.51851851851852,18.51851851851852,18.51851851851852
