solution,status,score,%test passed,time,memory,subtask_0,subtask_1,subtask_10,subtask_11,subtask_12,subtask_13,subtask_14,subtask_2,subtask_3,subtask_4,subtask_5,subtask_6,subtask_7,subtask_8,subtask_9
bronze_Majority_Opinion_seed-oss_0.cpp,ACCEPTED,333,100.00%,0.050,7.9765625,0,23.809523809523807,23.809523809523807,23.809523809523807,23.809523809523807,23.809523809523807,23.809523809523807,23.809523809523807,23.809523809523807,23.809523809523807,23.809523809523807,23.809523809523807,23.809523809523807,23.809523809523807,23.809523809523807
bronze_Majority_Opinion_seed-oss_1.cpp,ACCEPTED,333,100.00%,0.040,8.65234375,0,23.809523809523807,23.809523809523807,23.809523809523807,23.809523809523807,23.809523809523807,23.809523809523807,23.809523809523807,23.809523809523807,23.809523809523807,23.809523809523807,23.809523809523807,23.809523809523807,23.809523809523807,23.809523809523807
bronze_Majority_Opinion_seed-oss_2.cpp,ACCEPTED,333,100.00%,0.030,1.8828125,0,23.809523809523807,23.809523809523807,23.809523809523807,23.809523809523807,23.809523809523807,23.809523809523807,23.809523809523807,23.809523809523807,23.809523809523807,23.809523809523807,23.809523809523807,23.809523809523807,23.809523809523807,23.809523809523807
bronze_Majority_Opinion_seed-oss_3.cpp,WRONG_ANSWER,24,13.33%,0.030,1.81640625,0,23.809523809523807,0,0,0,0,0,0,0,0,0,0,0,0,0
bronze_Majority_Opinion_seed-oss_4.cpp,ACCEPTED,333,100.00%,0.080,20.08984375,0,23.809523809523807,23.809523809523807,23.809523809523807,23.809523809523807,23.809523809523807,23.809523809523807,23.809523809523807,23.809523809523807,23.809523809523807,23.809523809523807,23.809523809523807,23.809523809523807,23.809523809523807,23.809523809523807
bronze_Majority_Opinion_seed-oss_5.cpp,TIME_LIMIT_EXCEEDED,24,6.67%,2.410,4.484375,0,0,0,0,0,0,23.809523809523807,0,0,0,0,0,0,0,0
bronze_Majority_Opinion_seed-oss_6.cpp,WRONG_ANSWER,24,6.67%,0.030,1.8125,0,23.809523809523807,0,0,0,0,0,0,0,0,0,0,0,0,0
bronze_Majority_Opinion_seed-oss_7.cpp,ACCEPTED,333,100.00%,0.020,2.07421875,0,23.809523809523807,23.809523809523807,23.809523809523807,23.809523809523807,23.809523809523807,23.809523809523807,23.809523809523807,23.809523809523807,23.809523809523807,23.809523809523807,23.809523809523807,23.809523809523807,23.809523809523807,23.809523809523807
