solution,status,score,%test passed,time,memory,subtask_0,subtask_1,subtask_10,subtask_11,subtask_12,subtask_2,subtask_3,subtask_4,subtask_5,subtask_6,subtask_7,subtask_8,subtask_9
silver_Cowlendar_seed-oss_0.cpp,RUNTIME_ERROR,0,0.00%,0.020,1.5546875,0,0,0,0,0,0,0,0,0,0,0,0,0
silver_Cowlendar_seed-oss_1.cpp,COMPILATION_ERROR,0,0.00%,0.000,0,0,0,0,0,0,0,0,0,0,0,0,0,0
silver_Cowlendar_seed-oss_2.cpp,WRONG_ANSWER,28,21.43%,0.040,1.5546875,0,0,0,0,0,27.777777777777775,0,0,0,0,0,0,0
silver_Cowlendar_seed-oss_3.cpp,RUNTIME_ERROR,194,50.00%,0.500,120.80078125,0,0,0,27.777777777777775,27.777777777777775,27.777777777777775,0,27.777777777777775,27.777777777777775,0,27.777777777777775,0,27.777777777777775
silver_Cowlendar_seed-oss_4.cpp,ACCEPTED,333,100.00%,0.030,1.74609375,0,27.777777777777775,27.777777777777775,27.777777777777775,27.777777777777775,27.777777777777775,27.777777777777775,27.777777777777775,27.777777777777775,27.777777777777775,27.777777777777775,27.777777777777775,27.777777777777775
silver_Cowlendar_seed-oss_5.cpp,TIME_LIMIT_EXCEEDED,83,35.71%,2.420,1.76953125,0,0,0,0,0,27.777777777777775,0,0,0,27.777777777777775,0,27.777777777777775,0
silver_Cowlendar_seed-oss_6.cpp,TIME_LIMIT_EXCEEDED,56,28.57%,2.430,306.49609375,0,0,0,0,0,27.777777777777775,0,0,0,0,0,0,27.777777777777775
silver_Cowlendar_seed-oss_7.cpp,RUNTIME_ERROR,194,50.00%,0.240,1.5546875,0,0,0,27.777777777777775,27.777777777777775,27.777777777777775,0,27.777777777777775,27.777777777777775,0,27.777777777777775,0,27.777777777777775
