solution,status,score,%test passed,time,memory,subtask_0,subtask_1,subtask_10,subtask_11,subtask_12,subtask_13,subtask_14,subtask_15,subtask_16,subtask_17,subtask_18,subtask_19,subtask_2,subtask_20,subtask_21,subtask_22,subtask_23,subtask_24,subtask_3,subtask_4,subtask_5,subtask_6,subtask_7,subtask_8,subtask_9
bronze_Logical_Moos_gpt-oss-120b-low_0.cpp,RUNTIME_ERROR,56,15.38%,0.110,7.22265625,0,13.888888888888888,0,0,0,13.888888888888888,0,0,13.888888888888888,0,0,0,0,0,0,0,0,0,0,13.888888888888888,0,0,0,0,0
bronze_Logical_Moos_gpt-oss-120b-low_1.cpp,WRONG_ANSWER,153,46.15%,0.150,9.390625,0,0,13.888888888888888,13.888888888888888,0,13.888888888888888,0,13.888888888888888,13.888888888888888,13.888888888888888,0,13.888888888888888,13.888888888888888,0,0,0,13.888888888888888,0,13.888888888888888,0,0,0,13.888888888888888,0,0
bronze_Logical_Moos_gpt-oss-120b-low_2.cpp,RUNTIME_ERROR,111,30.77%,0.150,7.73828125,0,13.888888888888888,0,0,0,13.888888888888888,0,13.888888888888888,13.888888888888888,0,0,0,0,13.888888888888888,13.888888888888888,0,0,13.888888888888888,0,13.888888888888888,0,0,0,0,0
bronze_Logical_Moos_gpt-oss-120b-low_3.cpp,RUNTIME_ERROR,69,19.23%,0.160,8.36328125,0,13.888888888888888,0,0,0,13.888888888888888,0,13.888888888888888,13.888888888888888,0,0,0,0,0,0,0,0,0,0,13.888888888888888,0,0,0,0,0
bronze_Logical_Moos_gpt-oss-120b-low_4.cpp,RUNTIME_ERROR,56,15.38%,0.110,9.2890625,0,13.888888888888888,0,0,0,13.888888888888888,0,0,13.888888888888888,0,0,0,0,0,0,0,0,0,0,13.888888888888888,0,0,0,0,0
bronze_Logical_Moos_gpt-oss-120b-low_5.cpp,TIME_LIMIT_EXCEEDED,139,38.46%,2.410,2.8671875,0,13.888888888888888,0,0,13.888888888888888,13.888888888888888,13.888888888888888,0,13.888888888888888,13.888888888888888,0,0,0,0,0,13.888888888888888,0,0,0,13.888888888888888,13.888888888888888,0,13.888888888888888,0,0
bronze_Logical_Moos_gpt-oss-120b-low_6.cpp,RUNTIME_ERROR,69,19.23%,0.160,10.42578125,0,13.888888888888888,0,0,0,13.888888888888888,0,13.888888888888888,13.888888888888888,0,0,0,0,0,0,0,0,0,0,13.888888888888888,0,0,0,0,0
bronze_Logical_Moos_gpt-oss-120b-low_7.cpp,RUNTIME_ERROR,56,15.38%,0.120,8.51171875,0,0,13.888888888888888,0,0,0,13.888888888888888,13.888888888888888,0,13.888888888888888,0,0,0,0,0,0,0,0,0,0,0,0,0,0,0
