solution,status,score,%test passed,time,memory,subtask_0,subtask_1,subtask_10,subtask_11,subtask_12,subtask_13,subtask_14,subtask_15,subtask_16,subtask_17,subtask_18,subtask_19,subtask_2,subtask_20,subtask_3,subtask_4,subtask_5,subtask_6,subtask_7,subtask_8,subtask_9
gold_Cowreography_gpt-oss-120b-low_0.cpp,WRONG_ANSWER,100,39.13%,0.050,9.31640625,0,16.666666666666664,0,0,0,16.666666666666664,0,0,16.666666666666664,0,16.666666666666664,16.666666666666664,16.666666666666664,0,0,0,0,0,0,0,0
gold_Cowreography_gpt-oss-120b-low_1.cpp,WRONG_ANSWER,100,39.13%,0.060,10.453125,0,16.666666666666664,0,0,0,16.666666666666664,0,0,16.666666666666664,0,16.666666666666664,16.666666666666664,16.666666666666664,0,0,0,0,0,0,0,0
gold_Cowreography_gpt-oss-120b-low_2.cpp,WRONG_ANSWER,100,39.13%,0.050,10.7109375,0,16.666666666666664,0,0,0,16.666666666666664,0,0,16.666666666666664,0,16.666666666666664,16.666666666666664,16.666666666666664,0,0,0,0,0,0,0,0
gold_Cowreography_gpt-oss-120b-low_3.cpp,RUNTIME_ERROR,33,13.04%,0.060,10.96484375,0,16.666666666666664,0,0,0,0,0,0,0,0,0,0,16.666666666666664,0,0,0,0,0,0,0,0
gold_Cowreography_gpt-oss-120b-low_4.cpp,WRONG_ANSWER,100,39.13%,0.060,17.92578125,0,16.666666666666664,0,0,0,16.666666666666664,0,0,16.666666666666664,0,16.666666666666664,16.666666666666664,16.666666666666664,0,0,0,0,0,0,0,0
gold_Cowreography_gpt-oss-120b-low_5.cpp,WRONG_ANSWER,100,39.13%,0.050,10.96484375,0,16.666666666666664,0,0,0,16.666666666666664,0,0,16.666666666666664,0,16.666666666666664,16.666666666666664,16.666666666666664,0,0,0,0,0,0,0,0
gold_Cowreography_gpt-oss-120b-low_6.cpp,RUNTIME_ERROR,0,0.00%,0.050,3.49609375,0,0,0,0,0,0,0,0,0,0,0,0,0,0,0,0,0,0,0,0,0
gold_Cowreography_gpt-oss-120b-low_7.cpp,RUNTIME_ERROR,33,13.04%,0.060,11.03515625,0,16.666666666666664,0,0,0,0,0,0,0,0,0,0,16.666666666666664,0,0,0,0,0,0,0,0
