solution,status,score,%test passed,time,memory,subtask_0,subtask_1,subtask_10,subtask_11,subtask_2,subtask_3,subtask_4,subtask_5,subtask_6,subtask_7,subtask_8,subtask_9
bronze_Printing_Sequences_gpt-o3-mini-high_0.cpp,ACCEPTED,333,100.00%,0.120,1.55859375,0,30.3030303030303,30.3030303030303,30.3030303030303,30.3030303030303,30.3030303030303,30.3030303030303,30.3030303030303,30.3030303030303,30.3030303030303,30.3030303030303,30.3030303030303
bronze_Printing_Sequences_gpt-o3-mini-high_1.cpp,ACCEPTED,333,100.00%,0.160,1.55859375,0,30.3030303030303,30.3030303030303,30.3030303030303,30.3030303030303,30.3030303030303,30.3030303030303,30.3030303030303,30.3030303030303,30.3030303030303,30.3030303030303,30.3030303030303
bronze_Printing_Sequences_gpt-o3-mini-high_2.cpp,ACCEPTED,333,100.00%,0.120,1.55859375,0,30.3030303030303,30.3030303030303,30.3030303030303,30.3030303030303,30.3030303030303,30.3030303030303,30.3030303030303,30.3030303030303,30.3030303030303,30.3030303030303,30.3030303030303
bronze_Printing_Sequences_gpt-o3-mini-high_3.cpp,ACCEPTED,333,100.00%,0.220,1.55859375,0,30.3030303030303,30.3030303030303,30.3030303030303,30.3030303030303,30.3030303030303,30.3030303030303,30.3030303030303,30.3030303030303,30.3030303030303,30.3030303030303,30.3030303030303
bronze_Printing_Sequences_gpt-o3-mini-high_4.cpp,ACCEPTED,333,100.00%,0.100,1.55859375,0,30.3030303030303,30.3030303030303,30.3030303030303,30.3030303030303,30.3030303030303,30.3030303030303,30.3030303030303,30.3030303030303,30.3030303030303,30.3030303030303,30.3030303030303
bronze_Printing_Sequences_gpt-o3-mini-high_5.cpp,ACCEPTED,333,100.00%,0.100,1.5546875,0,30.3030303030303,30.3030303030303,30.3030303030303,30.3030303030303,30.3030303030303,30.3030303030303,30.3030303030303,30.3030303030303,30.3030303030303,30.3030303030303,30.3030303030303
bronze_Printing_Sequences_gpt-o3-mini-high_6.cpp,ACCEPTED,333,100.00%,0.120,1.58203125,0,30.3030303030303,30.3030303030303,30.3030303030303,30.3030303030303,30.3030303030303,30.3030303030303,30.3030303030303,30.3030303030303,30.3030303030303,30.3030303030303,30.3030303030303
bronze_Printing_Sequences_gpt-o3-mini-high_7.cpp,ACCEPTED,333,100.00%,0.120,1.55859375,0,30.3030303030303,30.3030303030303,30.3030303030303,30.3030303030303,30.3030303030303,30.3030303030303,30.3030303030303,30.3030303030303,30.3030303030303,30.3030303030303,30.3030303030303
