solution,status,score,%test passed,time,memory,subtask_0,subtask_1,subtask_10,subtask_2,subtask_3,subtask_4,subtask_5,subtask_6,subtask_7,subtask_8,subtask_9
bronze_Watching_Mooloo_Qwen3-8B_0.cpp,ACCEPTED,333,100.00%,0.060,2.07421875,0,33.33333333333333,33.33333333333333,33.33333333333333,33.33333333333333,33.33333333333333,33.33333333333333,33.33333333333333,33.33333333333333,33.33333333333333,33.33333333333333
bronze_Watching_Mooloo_Qwen3-8B_1.cpp,ACCEPTED,333,100.00%,0.060,2.58984375,0,33.33333333333333,33.33333333333333,33.33333333333333,33.33333333333333,33.33333333333333,33.33333333333333,33.33333333333333,33.33333333333333,33.33333333333333,33.33333333333333
bronze_Watching_Mooloo_Qwen3-8B_2.cpp,ACCEPTED,333,100.00%,0.050,2.07421875,0,33.33333333333333,33.33333333333333,33.33333333333333,33.33333333333333,33.33333333333333,33.33333333333333,33.33333333333333,33.33333333333333,33.33333333333333,33.33333333333333
bronze_Watching_Mooloo_Qwen3-8B_3.cpp,ACCEPTED,333,100.00%,0.060,2.328125,0,33.33333333333333,33.33333333333333,33.33333333333333,33.33333333333333,33.33333333333333,33.33333333333333,33.33333333333333,33.33333333333333,33.33333333333333,33.33333333333333
bronze_Watching_Mooloo_Qwen3-8B_4.cpp,ACCEPTED,333,100.00%,0.070,2.07421875,0,33.33333333333333,33.33333333333333,33.33333333333333,33.33333333333333,33.33333333333333,33.33333333333333,33.33333333333333,33.33333333333333,33.33333333333333,33.33333333333333
bronze_Watching_Mooloo_Qwen3-8B_4.cpp,ACCEPTED,333,100.00%,0.070,2.07421875,0,33.33333333333333,33.33333333333333,33.33333333333333,33.33333333333333,33.33333333333333,33.33333333333333,33.33333333333333,33.33333333333333,33.33333333333333,33.33333333333333
bronze_Watching_Mooloo_Qwen3-8B_5.cpp,ACCEPTED,333,100.00%,0.060,2.07421875,0,33.33333333333333,33.33333333333333,33.33333333333333,33.33333333333333,33.33333333333333,33.33333333333333,33.33333333333333,33.33333333333333,33.33333333333333,33.33333333333333
bronze_Watching_Mooloo_Qwen3-8B_6.cpp,ACCEPTED,333,100.00%,0.050,2.07421875,0,33.33333333333333,33.33333333333333,33.33333333333333,33.33333333333333,33.33333333333333,33.33333333333333,33.33333333333333,33.33333333333333,33.33333333333333,33.33333333333333
