solution,status,score,%test passed,time,memory,subtask_0,subtask_1,subtask_10,subtask_11,subtask_12,subtask_13,subtask_14,subtask_2,subtask_3,subtask_4,subtask_5,subtask_6,subtask_7,subtask_8,subtask_9
gold_Equal_Sum_Subarrays_Qwen3-8B_0.cpp,TIME_LIMIT_EXCEEDED,214,68.75%,3.610,3.68359375,0,23.809523809523807,23.809523809523807,0,0,0,23.809523809523807,23.809523809523807,23.809523809523807,23.809523809523807,23.809523809523807,0,0,23.809523809523807,23.809523809523807
gold_Equal_Sum_Subarrays_Qwen3-8B_1.cpp,TIME_LIMIT_EXCEEDED,214,56.25%,3.610,3.421875,0,23.809523809523807,23.809523809523807,0,0,0,23.809523809523807,23.809523809523807,23.809523809523807,23.809523809523807,23.809523809523807,0,0,23.809523809523807,23.809523809523807
gold_Equal_Sum_Subarrays_Qwen3-8B_2.cpp,WRONG_ANSWER,0,12.50%,0.710,4.4140625,0,0,0,0,0,0,0,0,0,0,0,0,0,0,0
gold_Equal_Sum_Subarrays_Qwen3-8B_3.cpp,ACCEPTED,333,100.00%,3.260,5.35546875,0,23.809523809523807,23.809523809523807,23.809523809523807,23.809523809523807,23.809523809523807,23.809523809523807,23.809523809523807,23.809523809523807,23.809523809523807,23.809523809523807,23.809523809523807,23.809523809523807,23.809523809523807,23.809523809523807
gold_Equal_Sum_Subarrays_Qwen3-8B_4.cpp,TIME_LIMIT_EXCEEDED,190,50.00%,3.610,3.68359375,0,23.809523809523807,0,0,0,0,23.809523809523807,23.809523809523807,23.809523809523807,23.809523809523807,23.809523809523807,0,0,23.809523809523807,23.809523809523807
gold_Equal_Sum_Subarrays_Qwen3-8B_5.cpp,ACCEPTED,333,100.00%,3.370,3.44921875,0,23.809523809523807,23.809523809523807,23.809523809523807,23.809523809523807,23.809523809523807,23.809523809523807,23.809523809523807,23.809523809523807,23.809523809523807,23.809523809523807,23.809523809523807,23.809523809523807,23.809523809523807,23.809523809523807
gold_Equal_Sum_Subarrays_Qwen3-8B_6.cpp,MEMORY_LIMIT_EXCEEDED,119,43.75%,0.190,156.6796875,0,23.809523809523807,0,0,0,0,0,23.809523809523807,23.809523809523807,23.809523809523807,23.809523809523807,0,0,0,0
gold_Equal_Sum_Subarrays_Qwen3-8B_7.cpp,TIME_LIMIT_EXCEEDED,119,43.75%,3.620,7.00390625,0,23.809523809523807,0,0,0,0,0,23.809523809523807,23.809523809523807,23.809523809523807,23.809523809523807,0,0,0,0
