solution,status,score,%test passed,time,memory,subtask_0,subtask_1,subtask_10,subtask_2,subtask_3,subtask_4,subtask_5,subtask_6,subtask_7,subtask_8,subtask_9
silver_Pareidolia_gemini-2.5-pro_0.cpp,RUNTIME_ERROR,0,0.00%,0.040,1.49609375,0,0,0,0,0,0,0,0,0,0,0
silver_Pareidolia_gemini-2.5-pro_1.cpp,ACCEPTED,333,100.00%,0.110,1.8046875,0,33.33333333333333,33.33333333333333,33.33333333333333,33.33333333333333,33.33333333333333,33.33333333333333,33.33333333333333,33.33333333333333,33.33333333333333,33.33333333333333
silver_Pareidolia_gemini-2.5-pro_2.cpp,WRONG_ANSWER,0,16.67%,0.110,1.63671875,0,0,0,0,0,0,0,0,0,0,0
silver_Pareidolia_gemini-2.5-pro_3.cpp,RUNTIME_ERROR,0,0.00%,0.110,1.67578125,0,0,0,0,0,0,0,0,0,0,0
silver_Pareidolia_gemini-2.5-pro_4.cpp,ACCEPTED,333,100.00%,0.120,1.80078125,0,33.33333333333333,33.33333333333333,33.33333333333333,33.33333333333333,33.33333333333333,33.33333333333333,33.33333333333333,33.33333333333333,33.33333333333333,33.33333333333333
silver_Pareidolia_gemini-2.5-pro_5.cpp,ACCEPTED,333,100.00%,0.220,33.6484375,0,33.33333333333333,33.33333333333333,33.33333333333333,33.33333333333333,33.33333333333333,33.33333333333333,33.33333333333333,33.33333333333333,33.33333333333333,33.33333333333333
silver_Pareidolia_gemini-2.5-pro_6.cpp,RUNTIME_ERROR,0,0.00%,0.110,1.80078125,0,0,0,0,0,0,0,0,0,0,0
silver_Pareidolia_gemini-2.5-pro_7.cpp,ACCEPTED,333,100.00%,0.110,1.49609375,0,33.33333333333333,33.33333333333333,33.33333333333333,33.33333333333333,33.33333333333333,33.33333333333333,33.33333333333333,33.33333333333333,33.33333333333333,33.33333333333333
