solution,status,score,%test passed,time,memory,subtask_0,subtask_1,subtask_10,subtask_11,subtask_12,subtask_2,subtask_3,subtask_4,subtask_5,subtask_6,subtask_7,subtask_8,subtask_9
bronze_Palindrome_Game_DeepSeek-R1-Distill-Qwen-32B_4.cpp,ACCEPTED,333,100.00%,0.120,1.59375,0,27.777777777777775,27.777777777777775,27.777777777777775,27.777777777777775,27.777777777777775,27.777777777777775,27.777777777777775,27.777777777777775,27.777777777777775,27.777777777777775,27.777777777777775,27.777777777777775
bronze_Palindrome_Game_DeepSeek-R1-Distill-Qwen-32B_6.cpp,WRONG_ANSWER,0,0.00%,0.130,1.80078125,0,0,0,0,0,0,0,0,0,0,0,0,0
bronze_Palindrome_Game_DeepSeek-R1-Distill-Qwen-32B_7.cpp,WRONG_ANSWER,0,7.69%,0.110,1.59375,0,0,0,0,0,0,0,0,0,0,0,0,0
