solution,status,score,%test passed,time,memory,subtask_0,subtask_1,subtask_10,subtask_11,subtask_12,subtask_13,subtask_14,subtask_2,subtask_3,subtask_4,subtask_5,subtask_6,subtask_7,subtask_8,subtask_9
silver_Following_Directions_gpt-oss-20b-medium_0.cpp,ACCEPTED,333,100.00%,0.100,55.1796875,0,23.809523809523807,23.809523809523807,23.809523809523807,23.809523809523807,23.809523809523807,23.809523809523807,23.809523809523807,23.809523809523807,23.809523809523807,23.809523809523807,23.809523809523807,23.809523809523807,23.809523809523807,23.809523809523807
silver_Following_Directions_gpt-oss-20b-medium_1.cpp,WRONG_ANSWER,24,6.67%,0.060,20.890625,0,0,0,0,0,0,0,0,23.809523809523807,0,0,0,0,0,0
silver_Following_Directions_gpt-oss-20b-medium_3.cpp,WRONG_ANSWER,0,0.00%,3.370,38.16015625,0,0,0,0,0,0,0,0,0,0,0,0,0,0,0
silver_Following_Directions_gpt-oss-20b-medium_4.cpp,WRONG_ANSWER,0,0.00%,0.070,21.03515625,0,0,0,0,0,0,0,0,0,0,0,0,0,0,0
silver_Following_Directions_gpt-oss-20b-medium_5.cpp,ACCEPTED,333,100.00%,0.090,43.8359375,0,23.809523809523807,23.809523809523807,23.809523809523807,23.809523809523807,23.809523809523807,23.809523809523807,23.809523809523807,23.809523809523807,23.809523809523807,23.809523809523807,23.809523809523807,23.809523809523807,23.809523809523807,23.809523809523807
silver_Following_Directions_gpt-oss-20b-medium_6.cpp,ACCEPTED,333,100.00%,0.110,29.3984375,0,23.809523809523807,23.809523809523807,23.809523809523807,23.809523809523807,23.809523809523807,23.809523809523807,23.809523809523807,23.809523809523807,23.809523809523807,23.809523809523807,23.809523809523807,23.809523809523807,23.809523809523807,23.809523809523807
silver_Following_Directions_gpt-oss-20b-medium_7.cpp,WRONG_ANSWER,0,0.00%,0.030,20.88671875,0,0,0,0,0,0,0,0,0,0,0,0,0,0,0
