solution,status,score,%test passed,time,memory,subtask_0,subtask_1,subtask_10,subtask_2,subtask_3,subtask_4,subtask_5,subtask_6,subtask_7,subtask_8,subtask_9
bronze_Hungry_Cow_seed-oss_0.cpp,WRONG_ANSWER,200,61.54%,0.060,2.7890625,0,0,33.33333333333333,0,0,0,33.33333333333333,33.33333333333333,33.33333333333333,33.33333333333333,33.33333333333333
bronze_Hungry_Cow_seed-oss_1.cpp,RUNTIME_ERROR,200,53.85%,0.070,2.7890625,0,0,33.33333333333333,0,0,0,33.33333333333333,33.33333333333333,33.33333333333333,33.33333333333333,33.33333333333333
bronze_Hungry_Cow_seed-oss_2.cpp,RUNTIME_ERROR,133,38.46%,0.060,2.7890625,0,0,33.33333333333333,0,0,0,0,33.33333333333333,0,33.33333333333333,33.33333333333333
bronze_Hungry_Cow_seed-oss_3.cpp,ACCEPTED,333,100.00%,0.060,2.7890625,0,33.33333333333333,33.33333333333333,33.33333333333333,33.33333333333333,33.33333333333333,33.33333333333333,33.33333333333333,33.33333333333333,33.33333333333333,33.33333333333333
bronze_Hungry_Cow_seed-oss_4.cpp,WRONG_ANSWER,100,46.15%,0.060,2.7890625,0,0,33.33333333333333,0,0,0,0,33.33333333333333,0,33.33333333333333,0
bronze_Hungry_Cow_seed-oss_5.cpp,RUNTIME_ERROR,200,53.85%,0.060,2.7890625,0,0,33.33333333333333,0,0,0,33.33333333333333,33.33333333333333,33.33333333333333,33.33333333333333,33.33333333333333
bronze_Hungry_Cow_seed-oss_6.cpp,ACCEPTED,333,100.00%,0.060,0.00390625,0,33.33333333333333,33.33333333333333,33.33333333333333,33.33333333333333,33.33333333333333,33.33333333333333,33.33333333333333,33.33333333333333,33.33333333333333,33.33333333333333
bronze_Hungry_Cow_seed-oss_7.cpp,RUNTIME_ERROR,200,53.85%,0.060,2.7890625,0,0,33.33333333333333,0,0,0,33.33333333333333,33.33333333333333,33.33333333333333,33.33333333333333,33.33333333333333
