solution,status,score,%test passed,time,memory,subtask_0,subtask_1,subtask_10,subtask_2,subtask_3,subtask_4,subtask_5,subtask_6,subtask_7,subtask_8,subtask_9
silver_Moorbles_Qwen3-30B_0.cpp,WRONG_ANSWER,67,33.33%,0.210,23.44140625,0,0,0,0,0,0,0,0,33.33333333333333,33.33333333333333,0
silver_Moorbles_Qwen3-30B_1.cpp,RUNTIME_ERROR,0,0.00%,0.210,35.81640625,0,0,0,0,0,0,0,0,0,0,0
silver_Moorbles_Qwen3-30B_2.cpp,WRONG_ANSWER,67,33.33%,0.240,23.44140625,0,0,0,0,0,0,0,0,33.33333333333333,33.33333333333333,0
silver_Moorbles_Qwen3-30B_3.cpp,WRONG_ANSWER,33,16.67%,0.200,24.7890625,0,0,0,0,0,0,0,0,33.33333333333333,0,0
silver_Moorbles_Qwen3-30B_4.cpp,WRONG_ANSWER,67,33.33%,0.210,23.69140625,0,0,0,0,0,0,0,0,33.33333333333333,33.33333333333333,0
silver_Moorbles_Qwen3-30B_5.cpp,WRONG_ANSWER,67,33.33%,0.210,32.71875,0,0,0,0,0,0,0,0,33.33333333333333,33.33333333333333,0
silver_Moorbles_Qwen3-30B_6.cpp,WRONG_ANSWER,33,16.67%,0.200,31.421875,0,0,0,0,0,0,0,0,33.33333333333333,0,0
silver_Moorbles_Qwen3-30B_7.cpp,WRONG_ANSWER,67,33.33%,0.200,23.4453125,0,0,0,0,0,0,0,0,33.33333333333333,33.33333333333333,0
