solution,status,score,%test passed,time,memory,subtask_0,subtask_1,subtask_10,subtask_2,subtask_3,subtask_4,subtask_5,subtask_6,subtask_7,subtask_8,subtask_9
silver_Cow-libi_seed-oss_0.cpp,ACCEPTED,333,100.00%,0.100,3.6171875,0,33.33333333333333,33.33333333333333,33.33333333333333,33.33333333333333,33.33333333333333,33.33333333333333,33.33333333333333,33.33333333333333,33.33333333333333,33.33333333333333
silver_Cow-libi_seed-oss_1.cpp,ACCEPTED,333,100.00%,0.120,4.390625,0,33.33333333333333,33.33333333333333,33.33333333333333,33.33333333333333,33.33333333333333,33.33333333333333,33.33333333333333,33.33333333333333,33.33333333333333,33.33333333333333
silver_Cow-libi_seed-oss_2.cpp,ACCEPTED,333,100.00%,0.100,3.6171875,0,33.33333333333333,33.33333333333333,33.33333333333333,33.33333333333333,33.33333333333333,33.33333333333333,33.33333333333333,33.33333333333333,33.33333333333333,33.33333333333333
silver_Cow-libi_seed-oss_3.cpp,ACCEPTED,333,100.00%,0.090,4.390625,0,33.33333333333333,33.33333333333333,33.33333333333333,33.33333333333333,33.33333333333333,33.33333333333333,33.33333333333333,33.33333333333333,33.33333333333333,33.33333333333333
silver_Cow-libi_seed-oss_4.cpp,ACCEPTED,333,100.00%,0.100,3.6171875,0,33.33333333333333,33.33333333333333,33.33333333333333,33.33333333333333,33.33333333333333,33.33333333333333,33.33333333333333,33.33333333333333,33.33333333333333,33.33333333333333
silver_Cow-libi_seed-oss_5.cpp,UNKNOWN,0,0.00%,0.000,0,0,0,0,0,0,0,0,0,0,0,0
silver_Cow-libi_seed-oss_6.cpp,WRONG_ANSWER,0,0.00%,0.100,4.390625,0,0,0,0,0,0,0,0,0,0,0
silver_Cow-libi_seed-oss_7.cpp,COMPILATION_ERROR,0,0.00%,0.000,0,0,0,0,0,0,0,0,0,0,0,0
