solution,status,score,%test passed,time,memory,subtask_0,subtask_1,subtask_10,subtask_2,subtask_3,subtask_4,subtask_5,subtask_6,subtask_7,subtask_8,subtask_9
bronze_Walking_Along_a_Fence_seed-oss_0.cpp,ACCEPTED,333,100.00%,0.090,8.25390625,0,33.33333333333333,33.33333333333333,33.33333333333333,33.33333333333333,33.33333333333333,33.33333333333333,33.33333333333333,33.33333333333333,33.33333333333333,33.33333333333333
bronze_Walking_Along_a_Fence_seed-oss_1.cpp,WRONG_ANSWER,0,9.09%,0.090,8.25,0,0,0,0,0,0,0,0,0,0,0
bronze_Walking_Along_a_Fence_seed-oss_2.cpp,ACCEPTED,333,100.00%,0.090,8.77734375,0,33.33333333333333,33.33333333333333,33.33333333333333,33.33333333333333,33.33333333333333,33.33333333333333,33.33333333333333,33.33333333333333,33.33333333333333,33.33333333333333
bronze_Walking_Along_a_Fence_seed-oss_3.cpp,ACCEPTED,333,100.00%,0.090,10.83203125,0,33.33333333333333,33.33333333333333,33.33333333333333,33.33333333333333,33.33333333333333,33.33333333333333,33.33333333333333,33.33333333333333,33.33333333333333,33.33333333333333
bronze_Walking_Along_a_Fence_seed-oss_4.cpp,ACCEPTED,333,100.00%,0.090,9.0234375,0,33.33333333333333,33.33333333333333,33.33333333333333,33.33333333333333,33.33333333333333,33.33333333333333,33.33333333333333,33.33333333333333,33.33333333333333,33.33333333333333
bronze_Walking_Along_a_Fence_seed-oss_5.cpp,ACCEPTED,333,100.00%,0.080,9.03125,0,33.33333333333333,33.33333333333333,33.33333333333333,33.33333333333333,33.33333333333333,33.33333333333333,33.33333333333333,33.33333333333333,33.33333333333333,33.33333333333333
bronze_Walking_Along_a_Fence_seed-oss_6.cpp,ACCEPTED,333,100.00%,0.080,7.484375,0,33.33333333333333,33.33333333333333,33.33333333333333,33.33333333333333,33.33333333333333,33.33333333333333,33.33333333333333,33.33333333333333,33.33333333333333,33.33333333333333
bronze_Walking_Along_a_Fence_seed-oss_7.cpp,ACCEPTED,333,100.00%,0.100,7.734375,0,33.33333333333333,33.33333333333333,33.33333333333333,33.33333333333333,33.33333333333333,33.33333333333333,33.33333333333333,33.33333333333333,33.33333333333333,33.33333333333333
