solution,status,score,%test passed,time,memory,subtask_0,subtask_1,subtask_10,subtask_11,subtask_12,subtask_13,subtask_14,subtask_2,subtask_3,subtask_4,subtask_5,subtask_6,subtask_7,subtask_8,subtask_9
silver_Potion_Farming_gemini-2.5-flash_0.cpp,ACCEPTED,333,100.00%,0.080,13.73046875,0,23.809523809523807,23.809523809523807,23.809523809523807,23.809523809523807,23.809523809523807,23.809523809523807,23.809523809523807,23.809523809523807,23.809523809523807,23.809523809523807,23.809523809523807,23.809523809523807,23.809523809523807,23.809523809523807
silver_Potion_Farming_gemini-2.5-flash_1.cpp,WRONG_ANSWER,24,13.33%,0.070,12.70703125,0,0,23.809523809523807,0,0,0,0,0,0,0,0,0,0,0,0
silver_Potion_Farming_gemini-2.5-flash_2.cpp,TIME_LIMIT_EXCEEDED,143,46.67%,2.210,215.421875,0,23.809523809523807,0,0,0,0,0,23.809523809523807,23.809523809523807,23.809523809523807,23.809523809523807,23.809523809523807,0,0,0
silver_Potion_Farming_gemini-2.5-flash_3.cpp,TIME_LIMIT_EXCEEDED,24,6.67%,2.230,220.6484375,0,0,0,0,0,0,0,23.809523809523807,0,0,0,0,0,0,0
silver_Potion_Farming_gemini-2.5-flash_4.cpp,TIME_LIMIT_EXCEEDED,24,13.33%,2.250,215.77734375,0,0,0,0,0,0,0,23.809523809523807,0,0,0,0,0,0,0
silver_Potion_Farming_gemini-2.5-flash_5.cpp,TIME_LIMIT_EXCEEDED,24,6.67%,2.230,247.4609375,0,0,0,0,0,0,0,23.809523809523807,0,0,0,0,0,0,0
silver_Potion_Farming_gemini-2.5-flash_6.cpp,WRONG_ANSWER,71,26.67%,0.070,8.05859375,0,0,23.809523809523807,0,0,0,0,23.809523809523807,0,0,0,0,23.809523809523807,0,0
silver_Potion_Farming_gemini-2.5-flash_7.cpp,WRONG_ANSWER,71,20.00%,0.080,11.08984375,0,0,23.809523809523807,0,0,0,0,23.809523809523807,0,0,0,0,23.809523809523807,0,0
