solution,status,score,%test passed,time,memory,subtask_0,subtask_1,subtask_10,subtask_11,subtask_12,subtask_13,subtask_2,subtask_3,subtask_4,subtask_5,subtask_6,subtask_7,subtask_8,subtask_9
bronze_Candy_Cane_Feast_Qwen3-8B-Non-Thinking_0.cpp,WRONG_ANSWER,51,14.29%,0.310,4.39453125,0,25.64102564102564,25.64102564102564,0,0,0,0,0,0,0,0,0,0,0
bronze_Candy_Cane_Feast_Qwen3-8B-Non-Thinking_1.cpp,TIME_LIMIT_EXCEEDED,26,7.14%,2.240,4.39453125,0,25.64102564102564,0,0,0,0,0,0,0,0,0,0,0,0
bronze_Candy_Cane_Feast_Qwen3-8B-Non-Thinking_2.cpp,TIME_LIMIT_EXCEEDED,231,71.43%,2.330,4.39453125,0,25.64102564102564,0,0,0,0,25.64102564102564,25.64102564102564,25.64102564102564,25.64102564102564,25.64102564102564,25.64102564102564,25.64102564102564,25.64102564102564
bronze_Candy_Cane_Feast_Qwen3-8B-Non-Thinking_4.cpp,TIME_LIMIT_EXCEEDED,26,7.14%,2.270,4.39453125,0,25.64102564102564,0,0,0,0,0,0,0,0,0,0,0,0
bronze_Candy_Cane_Feast_Qwen3-8B-Non-Thinking_4.cpp,TIME_LIMIT_EXCEEDED,26,7.14%,2.270,4.39453125,0,25.64102564102564,0,0,0,0,0,0,0,0,0,0,0,0
bronze_Candy_Cane_Feast_Qwen3-8B-Non-Thinking_5.cpp,WRONG_ANSWER,51,14.29%,0.300,4.39453125,0,25.64102564102564,25.64102564102564,0,0,0,0,0,0,0,0,0,0,0
bronze_Candy_Cane_Feast_Qwen3-8B-Non-Thinking_6.cpp,WRONG_ANSWER,51,14.29%,0.290,4.39453125,0,25.64102564102564,25.64102564102564,0,0,0,0,0,0,0,0,0,0,0
bronze_Candy_Cane_Feast_Qwen3-8B-Non-Thinking_7.cpp,WRONG_ANSWER,51,14.29%,0.270,4.39453125,0,25.64102564102564,25.64102564102564,0,0,0,0,0,0,0,0,0,0,0
