solution,status,score,%test passed,time,memory,subtask_0,subtask_1,subtask_10,subtask_2,subtask_3,subtask_4,subtask_5,subtask_6,subtask_7,subtask_8,subtask_9
silver_Pareidolia_gpt-5_0.cpp,ACCEPTED,333,100.00%,0.030,33.765625,0,33.33333333333333,33.33333333333333,33.33333333333333,33.33333333333333,33.33333333333333,33.33333333333333,33.33333333333333,33.33333333333333,33.33333333333333,33.33333333333333
silver_Pareidolia_gpt-5_1.cpp,ACCEPTED,333,100.00%,0.140,62.49609375,0,33.33333333333333,33.33333333333333,33.33333333333333,33.33333333333333,33.33333333333333,33.33333333333333,33.33333333333333,33.33333333333333,33.33333333333333,33.33333333333333
silver_Pareidolia_gpt-5_2.cpp,ACCEPTED,333,100.00%,0.100,1.8046875,0,33.33333333333333,33.33333333333333,33.33333333333333,33.33333333333333,33.33333333333333,33.33333333333333,33.33333333333333,33.33333333333333,33.33333333333333,33.33333333333333
silver_Pareidolia_gpt-5_3.cpp,ACCEPTED,333,100.00%,0.150,97.97265625,0,33.33333333333333,33.33333333333333,33.33333333333333,33.33333333333333,33.33333333333333,33.33333333333333,33.33333333333333,33.33333333333333,33.33333333333333,33.33333333333333
silver_Pareidolia_gpt-5_4.cpp,ACCEPTED,333,100.00%,0.160,97.89453125,0,33.33333333333333,33.33333333333333,33.33333333333333,33.33333333333333,33.33333333333333,33.33333333333333,33.33333333333333,33.33333333333333,33.33333333333333,33.33333333333333
silver_Pareidolia_gpt-5_5.cpp,ACCEPTED,333,100.00%,0.150,102.55078125,0,33.33333333333333,33.33333333333333,33.33333333333333,33.33333333333333,33.33333333333333,33.33333333333333,33.33333333333333,33.33333333333333,33.33333333333333,33.33333333333333
silver_Pareidolia_gpt-5_6.cpp,WRONG_ANSWER,33,25.00%,0.150,82.109375,0,33.33333333333333,0,0,0,0,0,0,0,0,0
silver_Pareidolia_gpt-5_7.cpp,ACCEPTED,333,100.00%,0.140,72.796875,0,33.33333333333333,33.33333333333333,33.33333333333333,33.33333333333333,33.33333333333333,33.33333333333333,33.33333333333333,33.33333333333333,33.33333333333333,33.33333333333333
