solution,status,score,%test passed,time,memory,subtask_0,subtask_1,subtask_10,subtask_11,subtask_12,subtask_13,subtask_14,subtask_15,subtask_16,subtask_17,subtask_18,subtask_19,subtask_2,subtask_3,subtask_4,subtask_5,subtask_6,subtask_7,subtask_8,subtask_9
gold_Walking_in_Manhattan_gpt-oss-20b-high_1.cpp,COMPILATION_ERROR,0,0.00%,0.000,0,0,0,0,0,0,0,0,0,0,0,0,0,0,0,0,0,0,0,0,0
gold_Walking_in_Manhattan_gpt-oss-20b-high_2.cpp,COMPILATION_ERROR,0,0.00%,0.000,0,0,0,0,0,0,0,0,0,0,0,0,0,0,0,0,0,0,0,0,0
gold_Walking_in_Manhattan_gpt-oss-20b-high_4.cpp,TIME_LIMIT_EXCEEDED,0,0.00%,2.450,20.37109375,0,0,0,0,0,0,0,0,0,0,0,0,0,0,0,0,0,0,0,0
gold_Walking_in_Manhattan_gpt-oss-20b-high_6.cpp,ACCEPTED,333,100.00%,0.270,4.96484375,0,17.543859649122805,17.543859649122805,17.543859649122805,17.543859649122805,17.543859649122805,17.543859649122805,17.543859649122805,17.543859649122805,17.543859649122805,17.543859649122805,17.543859649122805,17.543859649122805,17.543859649122805,17.543859649122805,17.543859649122805,17.543859649122805,17.543859649122805,17.543859649122805,17.543859649122805
gold_Walking_in_Manhattan_gpt-oss-20b-high_7.cpp,TIME_LIMIT_EXCEEDED,18,10.00%,2.430,7.25390625,0,0,0,0,0,0,0,0,0,0,0,0,17.543859649122805,0,0,0,0,0,0,0
