solution,status,score,%test passed,time,memory,subtask_0,subtask_1,subtask_10,subtask_2,subtask_3,subtask_4,subtask_5,subtask_6,subtask_7,subtask_8,subtask_9
silver_Deforestation_seed-oss_0.cpp,ACCEPTED,333,100.00%,0.170,3.97265625,0,33.33333333333333,33.33333333333333,33.33333333333333,33.33333333333333,33.33333333333333,33.33333333333333,33.33333333333333,33.33333333333333,33.33333333333333,33.33333333333333
silver_Deforestation_seed-oss_1.cpp,ACCEPTED,333,100.00%,0.190,3.96875,0,33.33333333333333,33.33333333333333,33.33333333333333,33.33333333333333,33.33333333333333,33.33333333333333,33.33333333333333,33.33333333333333,33.33333333333333,33.33333333333333
silver_Deforestation_seed-oss_2.cpp,WRONG_ANSWER,100,36.36%,0.170,4.74609375,0,0,0,0,0,0,33.33333333333333,33.33333333333333,33.33333333333333,0,0
silver_Deforestation_seed-oss_3.cpp,ACCEPTED,333,100.00%,0.160,4.5703125,0,33.33333333333333,33.33333333333333,33.33333333333333,33.33333333333333,33.33333333333333,33.33333333333333,33.33333333333333,33.33333333333333,33.33333333333333,33.33333333333333
silver_Deforestation_seed-oss_4.cpp,ACCEPTED,333,100.00%,0.210,5.65625,0,33.33333333333333,33.33333333333333,33.33333333333333,33.33333333333333,33.33333333333333,33.33333333333333,33.33333333333333,33.33333333333333,33.33333333333333,33.33333333333333
silver_Deforestation_seed-oss_5.cpp,WRONG_ANSWER,100,36.36%,0.160,3.60546875,0,0,0,0,0,0,33.33333333333333,33.33333333333333,33.33333333333333,0,0
silver_Deforestation_seed-oss_6.cpp,ACCEPTED,333,100.00%,0.320,7.9375,0,33.33333333333333,33.33333333333333,33.33333333333333,33.33333333333333,33.33333333333333,33.33333333333333,33.33333333333333,33.33333333333333,33.33333333333333,33.33333333333333
silver_Deforestation_seed-oss_7.cpp,ACCEPTED,333,100.00%,0.180,4.6875,0,33.33333333333333,33.33333333333333,33.33333333333333,33.33333333333333,33.33333333333333,33.33333333333333,33.33333333333333,33.33333333333333,33.33333333333333,33.33333333333333
