solution,status,score,%test passed,time,memory,subtask_0,subtask_1,subtask_10,subtask_2,subtask_3,subtask_4,subtask_5,subtask_6,subtask_7,subtask_8,subtask_9
bronze_Making_Mexes_gpt-oss-20b-medium_0.cpp,ACCEPTED,333,100.00%,0.040,3.62109375,0,33.33333333333333,33.33333333333333,33.33333333333333,33.33333333333333,33.33333333333333,33.33333333333333,33.33333333333333,33.33333333333333,33.33333333333333,33.33333333333333
bronze_Making_Mexes_gpt-oss-20b-medium_1.cpp,ACCEPTED,333,100.00%,0.040,2.015625,0,33.33333333333333,33.33333333333333,33.33333333333333,33.33333333333333,33.33333333333333,33.33333333333333,33.33333333333333,33.33333333333333,33.33333333333333,33.33333333333333
bronze_Making_Mexes_gpt-oss-20b-medium_2.cpp,ACCEPTED,333,100.00%,0.040,2.84765625,0,33.33333333333333,33.33333333333333,33.33333333333333,33.33333333333333,33.33333333333333,33.33333333333333,33.33333333333333,33.33333333333333,33.33333333333333,33.33333333333333
bronze_Making_Mexes_gpt-oss-20b-medium_3.cpp,ACCEPTED,333,100.00%,0.040,2.84765625,0,33.33333333333333,33.33333333333333,33.33333333333333,33.33333333333333,33.33333333333333,33.33333333333333,33.33333333333333,33.33333333333333,33.33333333333333,33.33333333333333
bronze_Making_Mexes_gpt-oss-20b-medium_4.cpp,ACCEPTED,333,100.00%,0.030,2.84765625,0,33.33333333333333,33.33333333333333,33.33333333333333,33.33333333333333,33.33333333333333,33.33333333333333,33.33333333333333,33.33333333333333,33.33333333333333,33.33333333333333
bronze_Making_Mexes_gpt-oss-20b-medium_5.cpp,ACCEPTED,333,100.00%,0.030,2.84765625,0,33.33333333333333,33.33333333333333,33.33333333333333,33.33333333333333,33.33333333333333,33.33333333333333,33.33333333333333,33.33333333333333,33.33333333333333,33.33333333333333
bronze_Making_Mexes_gpt-oss-20b-medium_6.cpp,ACCEPTED,333,100.00%,0.040,3.62109375,0,33.33333333333333,33.33333333333333,33.33333333333333,33.33333333333333,33.33333333333333,33.33333333333333,33.33333333333333,33.33333333333333,33.33333333333333,33.33333333333333
bronze_Making_Mexes_gpt-oss-20b-medium_7.cpp,ACCEPTED,333,100.00%,0.030,3.10546875,0,33.33333333333333,33.33333333333333,33.33333333333333,33.33333333333333,33.33333333333333,33.33333333333333,33.33333333333333,33.33333333333333,33.33333333333333,33.33333333333333
