solution,status,score,%test passed,time,memory,subtask_0,subtask_1,subtask_10,subtask_2,subtask_3,subtask_4,subtask_5,subtask_6,subtask_7,subtask_8,subtask_9
silver_Deforestation_Qwen3-32B_0.cpp,ACCEPTED,333,100.00%,0.210,4.74609375,0,33.33333333333333,33.33333333333333,33.33333333333333,33.33333333333333,33.33333333333333,33.33333333333333,33.33333333333333,33.33333333333333,33.33333333333333,33.33333333333333
silver_Deforestation_Qwen3-32B_1.cpp,ACCEPTED,333,100.00%,0.210,4.734375,0,33.33333333333333,33.33333333333333,33.33333333333333,33.33333333333333,33.33333333333333,33.33333333333333,33.33333333333333,33.33333333333333,33.33333333333333,33.33333333333333
silver_Deforestation_Qwen3-32B_2.cpp,ACCEPTED,333,100.00%,0.250,5.14453125,0,33.33333333333333,33.33333333333333,33.33333333333333,33.33333333333333,33.33333333333333,33.33333333333333,33.33333333333333,33.33333333333333,33.33333333333333,33.33333333333333
silver_Deforestation_Qwen3-32B_3.cpp,ACCEPTED,333,100.00%,0.190,4.7421875,0,33.33333333333333,33.33333333333333,33.33333333333333,33.33333333333333,33.33333333333333,33.33333333333333,33.33333333333333,33.33333333333333,33.33333333333333,33.33333333333333
silver_Deforestation_Qwen3-32B_4.cpp,ACCEPTED,333,100.00%,0.210,4.75,0,33.33333333333333,33.33333333333333,33.33333333333333,33.33333333333333,33.33333333333333,33.33333333333333,33.33333333333333,33.33333333333333,33.33333333333333,33.33333333333333
silver_Deforestation_Qwen3-32B_5.cpp,ACCEPTED,333,100.00%,0.250,4.68359375,0,33.33333333333333,33.33333333333333,33.33333333333333,33.33333333333333,33.33333333333333,33.33333333333333,33.33333333333333,33.33333333333333,33.33333333333333,33.33333333333333
silver_Deforestation_Qwen3-32B_6.cpp,ACCEPTED,333,100.00%,0.240,4.75,0,33.33333333333333,33.33333333333333,33.33333333333333,33.33333333333333,33.33333333333333,33.33333333333333,33.33333333333333,33.33333333333333,33.33333333333333,33.33333333333333
silver_Deforestation_Qwen3-32B_7.cpp,WRONG_ANSWER,67,27.27%,0.210,8.43359375,0,0,0,0,0,0,33.33333333333333,33.33333333333333,0,0,0
