solution,status,score,%test passed,time,memory,subtask_0,subtask_1,subtask_10,subtask_2,subtask_3,subtask_4,subtask_5,subtask_6,subtask_7,subtask_8,subtask_9
bronze_More_Cow_Photos_deepseek-reasoner_0.cpp,ACCEPTED,333,100.00%,0.080,2.125,0,33.33333333333333,33.33333333333333,33.33333333333333,33.33333333333333,33.33333333333333,33.33333333333333,33.33333333333333,33.33333333333333,33.33333333333333,33.33333333333333
bronze_More_Cow_Photos_deepseek-reasoner_1.cpp,ACCEPTED,333,100.00%,0.080,1.86328125,0,33.33333333333333,33.33333333333333,33.33333333333333,33.33333333333333,33.33333333333333,33.33333333333333,33.33333333333333,33.33333333333333,33.33333333333333,33.33333333333333
bronze_More_Cow_Photos_deepseek-reasoner_2.cpp,ACCEPTED,333,100.00%,0.090,1.7578125,0,33.33333333333333,33.33333333333333,33.33333333333333,33.33333333333333,33.33333333333333,33.33333333333333,33.33333333333333,33.33333333333333,33.33333333333333,33.33333333333333
bronze_More_Cow_Photos_deepseek-reasoner_3.cpp,WRONG_ANSWER,0,9.09%,0.110,1.9921875,0,0,0,0,0,0,0,0,0,0,0
bronze_More_Cow_Photos_deepseek-reasoner_4.cpp,ACCEPTED,333,100.00%,0.090,1.99609375,0,33.33333333333333,33.33333333333333,33.33333333333333,33.33333333333333,33.33333333333333,33.33333333333333,33.33333333333333,33.33333333333333,33.33333333333333,33.33333333333333
bronze_More_Cow_Photos_deepseek-reasoner_5.cpp,WRONG_ANSWER,0,9.09%,0.220,6.53125,0,0,0,0,0,0,0,0,0,0,0
bronze_More_Cow_Photos_deepseek-reasoner_6.cpp,ACCEPTED,333,100.00%,0.090,2.7578125,0,33.33333333333333,33.33333333333333,33.33333333333333,33.33333333333333,33.33333333333333,33.33333333333333,33.33333333333333,33.33333333333333,33.33333333333333,33.33333333333333
bronze_More_Cow_Photos_deepseek-reasoner_7.cpp,ACCEPTED,333,100.00%,0.100,2.765625,0,33.33333333333333,33.33333333333333,33.33333333333333,33.33333333333333,33.33333333333333,33.33333333333333,33.33333333333333,33.33333333333333,33.33333333333333,33.33333333333333
