solution,status,score,%test passed,time,memory,subtask_0,subtask_1,subtask_10,subtask_2,subtask_3,subtask_4,subtask_5,subtask_6,subtask_7,subtask_8,subtask_9
bronze_Its_Mooin_Time_III_deepseek-reasoner_0.cpp,TIME_LIMIT_EXCEEDED,167,54.55%,2.210,13.93359375,0,33.33333333333333,0,33.33333333333333,33.33333333333333,33.33333333333333,33.33333333333333,0,0,0,0
bronze_Its_Mooin_Time_III_deepseek-reasoner_1.cpp,MEMORY_LIMIT_EXCEEDED,67,27.27%,1.810,258.3359375,0,33.33333333333333,0,33.33333333333333,0,0,0,0,0,0,0
bronze_Its_Mooin_Time_III_deepseek-reasoner_2.cpp,WRONG_ANSWER,0,0.00%,0.050,2.328125,0,0,0,0,0,0,0,0,0,0,0
bronze_Its_Mooin_Time_III_deepseek-reasoner_3.cpp,WRONG_ANSWER,33,18.18%,0.170,1.953125,0,0,0,0,0,0,33.33333333333333,0,0,0,0
bronze_Its_Mooin_Time_III_deepseek-reasoner_4.cpp,WRONG_ANSWER,100,36.36%,0.190,2.06640625,0,0,0,0,33.33333333333333,33.33333333333333,33.33333333333333,0,0,0,0
bronze_Its_Mooin_Time_III_deepseek-reasoner_5.cpp,ACCEPTED,333,100.00%,0.210,12.125,0,33.33333333333333,33.33333333333333,33.33333333333333,33.33333333333333,33.33333333333333,33.33333333333333,33.33333333333333,33.33333333333333,33.33333333333333,33.33333333333333
bronze_Its_Mooin_Time_III_deepseek-reasoner_6.cpp,TIME_LIMIT_EXCEEDED,33,18.18%,2.220,13.0625,0,0,0,0,0,0,33.33333333333333,0,0,0,0
bronze_Its_Mooin_Time_III_deepseek-reasoner_7.cpp,WRONG_ANSWER,0,0.00%,0.110,14.9609375,0,0,0,0,0,0,0,0,0,0,0
