solution,status,score,%test passed,time,memory,subtask_0,subtask_1,subtask_10,subtask_2,subtask_3,subtask_4,subtask_5,subtask_6,subtask_7,subtask_8,subtask_9
silver_Compatible_Pairs_deepseek-reasoner_0.cpp,WRONG_ANSWER,67,33.33%,0.190,21.07421875,0,33.33333333333333,0,33.33333333333333,0,0,0,0,0,0,0
silver_Compatible_Pairs_deepseek-reasoner_1.cpp,RUNTIME_ERROR,67,33.33%,0.170,21.73046875,0,33.33333333333333,0,33.33333333333333,0,0,0,0,0,0,0
silver_Compatible_Pairs_deepseek-reasoner_2.cpp,ACCEPTED,333,100.00%,0.150,12.5390625,0,33.33333333333333,33.33333333333333,33.33333333333333,33.33333333333333,33.33333333333333,33.33333333333333,33.33333333333333,33.33333333333333,33.33333333333333,33.33333333333333
silver_Compatible_Pairs_deepseek-reasoner_3.cpp,WRONG_ANSWER,67,33.33%,0.200,27.265625,0,33.33333333333333,0,33.33333333333333,0,0,0,0,0,0,0
silver_Compatible_Pairs_deepseek-reasoner_4.cpp,WRONG_ANSWER,67,33.33%,0.120,11.0234375,0,33.33333333333333,0,33.33333333333333,0,0,0,0,0,0,0
silver_Compatible_Pairs_deepseek-reasoner_5.cpp,WRONG_ANSWER,67,33.33%,0.320,23.11328125,0,33.33333333333333,0,33.33333333333333,0,0,0,0,0,0,0
silver_Compatible_Pairs_deepseek-reasoner_6.cpp,WRONG_ANSWER,67,33.33%,0.150,25.0078125,0,33.33333333333333,0,33.33333333333333,0,0,0,0,0,0,0
silver_Compatible_Pairs_deepseek-reasoner_7.cpp,WRONG_ANSWER,67,33.33%,0.250,19.828125,0,33.33333333333333,0,33.33333333333333,0,0,0,0,0,0,0
