solution,status,score,%test passed,time,memory,subtask_1,subtask_2,subtask_3,subtask_4,subtask_5
2024-sp_Fish_3_gpt-5_0.cpp,ACCEPTED,100,100.00%,0.230,90.64453125,9,7,28,20,36
2024-sp_Fish_3_gpt-5_1.cpp,RUNTIME_ERROR,0,20.51%,0.450,62.2421875,0,0,0,0,0
2024-sp_Fish_3_gpt-5_2.cpp,ACCEPTED,100,100.00%,0.560,72.5625,9,7,28,20,36
2024-sp_Fish_3_gpt-5_3.cpp,ACCEPTED,100,100.00%,0.470,117.03515625,9,7,28,20,36
2024-sp_Fish_3_gpt-5_4.cpp,ACCEPTED,100,100.00%,0.510,93.109375,9,7,28,20,36
2024-sp_Fish_3_gpt-5_5.cpp,ACCEPTED,100,100.00%,0.360,83.82421875,9,7,28,20,36
2024-sp_Fish_3_gpt-5_6.cpp,ACCEPTED,100,100.00%,0.270,40.2265625,9,7,28,20,36
2024-sp_Fish_3_gpt-5_7.cpp,ACCEPTED,100,100.00%,0.530,72.55078125,9,7,28,20,36
