solution,status,score,%test passed,time,memory,subtask_0,subtask_1,subtask_10,subtask_11,subtask_12,subtask_13,subtask_2,subtask_3,subtask_4,subtask_5,subtask_6,subtask_7,subtask_8,subtask_9
bronze_Candy_Cane_Feast_Qwen2.5-Coder-32B-Instruct_0.cpp,TIME_LIMIT_EXCEEDED,231,71.43%,2.230,4.39453125,0,25.64102564102564,0,0,0,0,25.64102564102564,25.64102564102564,25.64102564102564,25.64102564102564,25.64102564102564,25.64102564102564,25.64102564102564,25.64102564102564
bronze_Candy_Cane_Feast_Qwen2.5-Coder-32B-Instruct_1.cpp,WRONG_ANSWER,0,0.00%,0.140,4.39453125,0,0,0,0,0,0,0,0,0,0,0,0,0,0
bronze_Candy_Cane_Feast_Qwen2.5-Coder-32B-Instruct_2.cpp,TIME_LIMIT_EXCEEDED,0,0.00%,2.270,4.39453125,0,0,0,0,0,0,0,0,0,0,0,0,0,0
bronze_Candy_Cane_Feast_Qwen2.5-Coder-32B-Instruct_3.cpp,WRONG_ANSWER,0,0.00%,0.140,4.39453125,0,0,0,0,0,0,0,0,0,0,0,0,0,0
bronze_Candy_Cane_Feast_Qwen2.5-Coder-32B-Instruct_4.cpp,TIME_LIMIT_EXCEEDED,0,0.00%,2.270,4.39453125,0,0,0,0,0,0,0,0,0,0,0,0,0,0
bronze_Candy_Cane_Feast_Qwen2.5-Coder-32B-Instruct_5.cpp,TIME_LIMIT_EXCEEDED,0,0.00%,2.270,4.39453125,0,0,0,0,0,0,0,0,0,0,0,0,0,0
bronze_Candy_Cane_Feast_Qwen2.5-Coder-32B-Instruct_6.cpp,COMPILATION_ERROR,0,0.00%,0.000,0,0,0,0,0,0,0,0,0,0,0,0,0,0,0
bronze_Candy_Cane_Feast_Qwen2.5-Coder-32B-Instruct_7.cpp,ACCEPTED,333,100.00%,0.140,4.39453125,0,25.64102564102564,25.64102564102564,25.64102564102564,25.64102564102564,25.64102564102564,25.64102564102564,25.64102564102564,25.64102564102564,25.64102564102564,25.64102564102564,25.64102564102564,25.64102564102564,25.64102564102564
