solution,status,score,%test passed,time,memory,subtask_0,subtask_1,subtask_10,subtask_2,subtask_3,subtask_4,subtask_5,subtask_6,subtask_7,subtask_8,subtask_9
bronze_Cowntact_Tracing_2_Qwen2.5-Coder-32B-Instruct_0.cpp,WRONG_ANSWER,100,33.33%,0.110,1.859375,0,33.33333333333333,0,33.33333333333333,0,33.33333333333333,0,0,0,0,0
bronze_Cowntact_Tracing_2_Qwen2.5-Coder-32B-Instruct_1.cpp,WRONG_ANSWER,100,33.33%,0.110,1.859375,0,33.33333333333333,0,33.33333333333333,0,33.33333333333333,0,0,0,0,0
bronze_Cowntact_Tracing_2_Qwen2.5-Coder-32B-Instruct_2.cpp,RUNTIME_ERROR,67,16.67%,0.110,1.80078125,0,33.33333333333333,0,33.33333333333333,0,0,0,0,0,0,0
bronze_Cowntact_Tracing_2_Qwen2.5-Coder-32B-Instruct_3.cpp,RUNTIME_ERROR,33,8.33%,0.110,1.73828125,0,33.33333333333333,0,0,0,0,0,0,0,0,0
bronze_Cowntact_Tracing_2_Qwen2.5-Coder-32B-Instruct_4.cpp,WRONG_ANSWER,100,33.33%,0.110,1.703125,0,33.33333333333333,0,33.33333333333333,0,33.33333333333333,0,0,0,0,0
bronze_Cowntact_Tracing_2_Qwen2.5-Coder-32B-Instruct_5.cpp,WRONG_ANSWER,100,33.33%,0.110,1.73828125,0,33.33333333333333,0,33.33333333333333,0,33.33333333333333,0,0,0,0,0
bronze_Cowntact_Tracing_2_Qwen2.5-Coder-32B-Instruct_6.cpp,WRONG_ANSWER,100,33.33%,0.110,1.5546875,0,33.33333333333333,0,33.33333333333333,0,33.33333333333333,0,0,0,0,0
bronze_Cowntact_Tracing_2_Qwen2.5-Coder-32B-Instruct_7.cpp,WRONG_ANSWER,100,33.33%,0.110,1.5546875,0,33.33333333333333,0,33.33333333333333,0,33.33333333333333,0,0,0,0,0
