solution,status,score,%test passed,time,memory,subtask_0,subtask_1,subtask_10,subtask_11,subtask_12,subtask_13,subtask_14,subtask_2,subtask_3,subtask_4,subtask_5,subtask_6,subtask_7,subtask_8,subtask_9
gold_Equal_Sum_Subarrays_Qwen3-30B_0.cpp,TIME_LIMIT_EXCEEDED,119,43.75%,3.380,4.24609375,0,23.809523809523807,0,0,0,0,0,23.809523809523807,23.809523809523807,23.809523809523807,23.809523809523807,0,0,0,0
gold_Equal_Sum_Subarrays_Qwen3-30B_1.cpp,TIME_LIMIT_EXCEEDED,262,81.25%,3.310,5.30078125,0,23.809523809523807,23.809523809523807,23.809523809523807,0,0,23.809523809523807,23.809523809523807,23.809523809523807,23.809523809523807,23.809523809523807,23.809523809523807,0,23.809523809523807,23.809523809523807
gold_Equal_Sum_Subarrays_Qwen3-30B_2.cpp,TIME_LIMIT_EXCEEDED,262,81.25%,3.310,3.4453125,0,23.809523809523807,23.809523809523807,23.809523809523807,23.809523809523807,0,23.809523809523807,23.809523809523807,23.809523809523807,23.809523809523807,23.809523809523807,0,0,23.809523809523807,23.809523809523807
gold_Equal_Sum_Subarrays_Qwen3-30B_3.cpp,MEMORY_LIMIT_EXCEEDED,119,43.75%,0.270,279.765625,0,23.809523809523807,0,0,0,0,0,23.809523809523807,23.809523809523807,23.809523809523807,23.809523809523807,0,0,0,0
gold_Equal_Sum_Subarrays_Qwen3-30B_4.cpp,TIME_LIMIT_EXCEEDED,262,81.25%,3.310,5.3515625,0,23.809523809523807,23.809523809523807,23.809523809523807,23.809523809523807,0,23.809523809523807,23.809523809523807,23.809523809523807,23.809523809523807,23.809523809523807,0,0,23.809523809523807,23.809523809523807
gold_Equal_Sum_Subarrays_Qwen3-30B_5.cpp,TIME_LIMIT_EXCEEDED,167,56.25%,3.380,5.34765625,0,23.809523809523807,0,0,0,0,23.809523809523807,23.809523809523807,23.809523809523807,23.809523809523807,23.809523809523807,0,0,23.809523809523807,0
gold_Equal_Sum_Subarrays_Qwen3-30B_6.cpp,WRONG_ANSWER,0,6.25%,2.080,3.40625,0,0,0,0,0,0,0,0,0,0,0,0,0,0,0
gold_Equal_Sum_Subarrays_Qwen3-30B_7.cpp,TIME_LIMIT_EXCEEDED,238,75.00%,3.370,6.6328125,0,23.809523809523807,23.809523809523807,23.809523809523807,0,0,23.809523809523807,23.809523809523807,23.809523809523807,23.809523809523807,23.809523809523807,0,0,23.809523809523807,23.809523809523807
