solution,status,score,%test passed,time,memory,subtask_0,subtask_1,subtask_10,subtask_11,subtask_12,subtask_2,subtask_3,subtask_4,subtask_5,subtask_6,subtask_7,subtask_8,subtask_9
bronze_Roundabout_Rounding_Qwen3-8B_0.cpp,TIME_LIMIT_EXCEEDED,83,30.77%,2.430,2.375,0,27.777777777777775,0,0,0,27.777777777777775,27.777777777777775,0,0,0,0,0,0
bronze_Roundabout_Rounding_Qwen3-8B_1.cpp,WRONG_ANSWER,0,0.00%,0.110,0.00390625,0,0,0,0,0,0,0,0,0,0,0,0,0
bronze_Roundabout_Rounding_Qwen3-8B_2.cpp,WRONG_ANSWER,0,0.00%,0.130,0.00390625,0,0,0,0,0,0,0,0,0,0,0,0,0
bronze_Roundabout_Rounding_Qwen3-8B_3.cpp,TIME_LIMIT_EXCEEDED,0,0.00%,2.410,2.3671875,0,0,0,0,0,0,0,0,0,0,0,0,0
bronze_Roundabout_Rounding_Qwen3-8B_5.cpp,WRONG_ANSWER,0,0.00%,0.160,0.00390625,0,0,0,0,0,0,0,0,0,0,0,0,0
bronze_Roundabout_Rounding_Qwen3-8B_6.cpp,TIME_LIMIT_EXCEEDED,0,0.00%,2.440,2.375,0,0,0,0,0,0,0,0,0,0,0,0,0
bronze_Roundabout_Rounding_Qwen3-8B_7.cpp,ACCEPTED,333,100.00%,0.130,0.00390625,0,27.777777777777775,27.777777777777775,27.777777777777775,27.777777777777775,27.777777777777775,27.777777777777775,27.777777777777775,27.777777777777775,27.777777777777775,27.777777777777775,27.777777777777775,27.777777777777775
