solution,status,score,%test passed,time,memory,subtask_0,subtask_1,subtask_10,subtask_11,subtask_12,subtask_2,subtask_3,subtask_4,subtask_5,subtask_6,subtask_7,subtask_8,subtask_9
silver_Cowlendar_seed-oss_0.cpp,MEMORY_LIMIT_EXCEEDED,0,7.14%,0.180,129.62109375,0,0,0,0,0,0,0,0,0,0,0,0,0
silver_Cowlendar_seed-oss_1.cpp,MEMORY_LIMIT_EXCEEDED,167,42.86%,0.280,130.05859375,0,0,0,27.777777777777775,27.777777777777775,27.777777777777775,0,27.777777777777775,27.777777777777775,0,27.777777777777775,0,0
silver_Cowlendar_seed-oss_2.cpp,RUNTIME_ERROR,0,0.00%,0.050,1.5546875,0,0,0,0,0,0,0,0,0,0,0,0,0
silver_Cowlendar_seed-oss_3.cpp,RUNTIME_ERROR,56,14.29%,0.220,1.984375,0,0,0,0,0,27.777777777777775,0,0,0,0,0,0,27.777777777777775
silver_Cowlendar_seed-oss_4.cpp,MEMORY_LIMIT_EXCEEDED,0,7.14%,0.190,129.625,0,0,0,0,0,0,0,0,0,0,0,0,0
silver_Cowlendar_seed-oss_5.cpp,TIME_LIMIT_EXCEEDED,139,35.71%,2.410,130.0625,0,0,0,27.777777777777775,27.777777777777775,0,0,27.777777777777775,27.777777777777775,0,27.777777777777775,0,0
silver_Cowlendar_seed-oss_6.cpp,RUNTIME_ERROR,83,21.43%,1.130,53.4140625,0,0,0,27.777777777777775,27.777777777777775,0,0,0,27.777777777777775,0,0,0,0
silver_Cowlendar_seed-oss_7.cpp,TIME_LIMIT_EXCEEDED,83,21.43%,2.440,1.63671875,0,0,0,0,27.777777777777775,0,0,0,0,0,27.777777777777775,0,27.777777777777775
