solution,status,score,%test passed,time,memory,subtask_0,subtask_1,subtask_10,subtask_11,subtask_12,subtask_13,subtask_14,subtask_15,subtask_16,subtask_17,subtask_18,subtask_19,subtask_2,subtask_3,subtask_4,subtask_5,subtask_6,subtask_7,subtask_8,subtask_9
silver_Field_Day_Qwen3-32B-Non-Thinking_0.cpp,TIME_LIMIT_EXCEEDED,123,40.00%,2.220,9.2890625,0,0,17.543859649122805,17.543859649122805,17.543859649122805,17.543859649122805,17.543859649122805,17.543859649122805,0,0,0,0,0,0,0,0,0,0,0,17.543859649122805
silver_Field_Day_Qwen3-32B-Non-Thinking_1.cpp,TIME_LIMIT_EXCEEDED,123,40.00%,2.260,9.2890625,0,0,17.543859649122805,17.543859649122805,17.543859649122805,17.543859649122805,17.543859649122805,17.543859649122805,0,0,0,0,0,0,0,0,0,0,0,17.543859649122805
silver_Field_Day_Qwen3-32B-Non-Thinking_2.cpp,TIME_LIMIT_EXCEEDED,123,40.00%,2.230,9.2890625,0,0,17.543859649122805,17.543859649122805,17.543859649122805,17.543859649122805,17.543859649122805,17.543859649122805,0,0,0,0,0,0,0,0,0,0,0,17.543859649122805
silver_Field_Day_Qwen3-32B-Non-Thinking_3.cpp,TIME_LIMIT_EXCEEDED,0,5.00%,2.240,9.03125,0,0,0,0,0,0,0,0,0,0,0,0,0,0,0,0,0,0,0,0
silver_Field_Day_Qwen3-32B-Non-Thinking_4.cpp,TIME_LIMIT_EXCEEDED,0,5.00%,2.230,10.0625,0,0,0,0,0,0,0,0,0,0,0,0,0,0,0,0,0,0,0,0
silver_Field_Day_Qwen3-32B-Non-Thinking_5.cpp,COMPILATION_ERROR,0,0.00%,0.000,0,0,0,0,0,0,0,0,0,0,0,0,0,0,0,0,0,0,0,0,0
silver_Field_Day_Qwen3-32B-Non-Thinking_6.cpp,TIME_LIMIT_EXCEEDED,123,40.00%,2.220,9.8046875,0,0,17.543859649122805,17.543859649122805,17.543859649122805,17.543859649122805,17.543859649122805,17.543859649122805,0,0,0,0,0,0,0,0,0,0,0,17.543859649122805
silver_Field_Day_Qwen3-32B-Non-Thinking_7.cpp,TIME_LIMIT_EXCEEDED,0,5.00%,2.230,9.2890625,0,0,0,0,0,0,0,0,0,0,0,0,0,0,0,0,0,0,0,0
