solution,status,score,%test passed,time,memory,subtask_0,subtask_1,subtask_10,subtask_11,subtask_12,subtask_2,subtask_3,subtask_4,subtask_5,subtask_6,subtask_7,subtask_8,subtask_9
bronze_Rotate_and_Shift_gemini-2.5-pro_0.cpp,ACCEPTED,333,100.00%,0.050,3.6171875,0,27.777777777777775,27.777777777777775,27.777777777777775,27.777777777777775,27.777777777777775,27.777777777777775,27.777777777777775,27.777777777777775,27.777777777777775,27.777777777777775,27.777777777777775,27.777777777777775
bronze_Rotate_and_Shift_gemini-2.5-pro_1.cpp,TIME_LIMIT_EXCEEDED,167,53.85%,4.460,5.16796875,0,27.777777777777775,0,0,0,27.777777777777775,27.777777777777775,27.777777777777775,27.777777777777775,27.777777777777775,0,0,0
bronze_Rotate_and_Shift_gemini-2.5-pro_2.cpp,ACCEPTED,333,100.00%,0.110,3.359375,0,27.777777777777775,27.777777777777775,27.777777777777775,27.777777777777775,27.777777777777775,27.777777777777775,27.777777777777775,27.777777777777775,27.777777777777775,27.777777777777775,27.777777777777775,27.777777777777775
bronze_Rotate_and_Shift_gemini-2.5-pro_3.cpp,ACCEPTED,333,100.00%,0.110,3.65234375,0,27.777777777777775,27.777777777777775,27.777777777777775,27.777777777777775,27.777777777777775,27.777777777777775,27.777777777777775,27.777777777777775,27.777777777777775,27.777777777777775,27.777777777777775,27.777777777777775
bronze_Rotate_and_Shift_gemini-2.5-pro_4.cpp,ACCEPTED,333,100.00%,0.130,14.23828125,0,27.777777777777775,27.777777777777775,27.777777777777775,27.777777777777775,27.777777777777775,27.777777777777775,27.777777777777775,27.777777777777775,27.777777777777775,27.777777777777775,27.777777777777775,27.777777777777775
bronze_Rotate_and_Shift_gemini-2.5-pro_5.cpp,WRONG_ANSWER,0,7.69%,0.120,2.58984375,0,0,0,0,0,0,0,0,0,0,0,0,0
bronze_Rotate_and_Shift_gemini-2.5-pro_6.cpp,ACCEPTED,333,100.00%,0.130,3.62109375,0,27.777777777777775,27.777777777777775,27.777777777777775,27.777777777777775,27.777777777777775,27.777777777777775,27.777777777777775,27.777777777777775,27.777777777777775,27.777777777777775,27.777777777777775,27.777777777777775
bronze_Rotate_and_Shift_gemini-2.5-pro_7.cpp,TIME_LIMIT_EXCEEDED,167,53.85%,4.490,5.16796875,0,27.777777777777775,0,0,0,27.777777777777775,27.777777777777775,27.777777777777775,27.777777777777775,27.777777777777775,0,0,0
