solution,status,score,%test passed,time,memory,subtask_0,subtask_1,subtask_10,subtask_11,subtask_12,subtask_13,subtask_14,subtask_15,subtask_16,subtask_2,subtask_3,subtask_4,subtask_5,subtask_6,subtask_7,subtask_8,subtask_9
gold_Custodial_Cleanup_gemini-2.5-pro_0.cpp,WRONG_ANSWER,83,27.78%,0.100,7.2265625,0,0,0,0,0,0,0,0,0,0,0,0,20.833333333333332,20.833333333333332,20.833333333333332,20.833333333333332,0
gold_Custodial_Cleanup_gemini-2.5-pro_1.cpp,WRONG_ANSWER,83,27.78%,0.150,6.44921875,0,0,0,0,0,0,0,0,0,0,0,0,20.833333333333332,20.833333333333332,20.833333333333332,20.833333333333332,0
gold_Custodial_Cleanup_gemini-2.5-pro_2.cpp,TIME_LIMIT_EXCEEDED,21,11.11%,2.310,16.359375,0,0,0,0,0,0,0,0,0,0,0,0,0,20.833333333333332,0,0,0
gold_Custodial_Cleanup_gemini-2.5-pro_3.cpp,WRONG_ANSWER,83,27.78%,0.150,5.95703125,0,0,0,0,0,0,0,0,0,0,0,0,20.833333333333332,20.833333333333332,20.833333333333332,20.833333333333332,0
gold_Custodial_Cleanup_gemini-2.5-pro_4.cpp,WRONG_ANSWER,83,27.78%,0.160,6.70703125,0,0,0,0,0,0,0,0,0,0,0,0,20.833333333333332,20.833333333333332,20.833333333333332,20.833333333333332,0
gold_Custodial_Cleanup_gemini-2.5-pro_5.cpp,WRONG_ANSWER,83,27.78%,0.150,6.1953125,0,0,0,0,0,0,0,0,0,0,0,0,20.833333333333332,20.833333333333332,20.833333333333332,20.833333333333332,0
gold_Custodial_Cleanup_gemini-2.5-pro_6.cpp,WRONG_ANSWER,83,27.78%,0.150,5.93359375,0,0,0,0,0,0,0,0,0,0,0,0,20.833333333333332,20.833333333333332,20.833333333333332,20.833333333333332,0
gold_Custodial_Cleanup_gemini-2.5-pro_7.cpp,WRONG_ANSWER,83,27.78%,0.150,6.03515625,0,0,0,0,0,0,0,0,0,0,0,0,20.833333333333332,20.833333333333332,20.833333333333332,20.833333333333332,0
