solution,status,score,%test passed,time,memory,subtask_0,subtask_1,subtask_10,subtask_2,subtask_3,subtask_4,subtask_5,subtask_6,subtask_7,subtask_8,subtask_9
silver_Milk_Sum_gemini-2.5-pro_0.cpp,ACCEPTED,333,100.00%,0.090,6.515625,0,33.33333333333333,33.33333333333333,33.33333333333333,33.33333333333333,33.33333333333333,33.33333333333333,33.33333333333333,33.33333333333333,33.33333333333333,33.33333333333333
silver_Milk_Sum_gemini-2.5-pro_1.cpp,ACCEPTED,333,100.00%,0.470,12.1796875,0,33.33333333333333,33.33333333333333,33.33333333333333,33.33333333333333,33.33333333333333,33.33333333333333,33.33333333333333,33.33333333333333,33.33333333333333,33.33333333333333
silver_Milk_Sum_gemini-2.5-pro_2.cpp,ACCEPTED,333,100.00%,0.710,63.16796875,0,33.33333333333333,33.33333333333333,33.33333333333333,33.33333333333333,33.33333333333333,33.33333333333333,33.33333333333333,33.33333333333333,33.33333333333333,33.33333333333333
silver_Milk_Sum_gemini-2.5-pro_3.cpp,ACCEPTED,333,100.00%,0.180,5.421875,0,33.33333333333333,33.33333333333333,33.33333333333333,33.33333333333333,33.33333333333333,33.33333333333333,33.33333333333333,33.33333333333333,33.33333333333333,33.33333333333333
silver_Milk_Sum_gemini-2.5-pro_4.cpp,ACCEPTED,333,100.00%,0.170,6.453125,0,33.33333333333333,33.33333333333333,33.33333333333333,33.33333333333333,33.33333333333333,33.33333333333333,33.33333333333333,33.33333333333333,33.33333333333333,33.33333333333333
silver_Milk_Sum_gemini-2.5-pro_5.cpp,WRONG_ANSWER,0,0.00%,0.410,13.93359375,0,0,0,0,0,0,0,0,0,0,0
silver_Milk_Sum_gemini-2.5-pro_6.cpp,ACCEPTED,333,100.00%,0.390,35.5859375,0,33.33333333333333,33.33333333333333,33.33333333333333,33.33333333333333,33.33333333333333,33.33333333333333,33.33333333333333,33.33333333333333,33.33333333333333,33.33333333333333
silver_Milk_Sum_gemini-2.5-pro_7.cpp,ACCEPTED,333,100.00%,0.670,55.1796875,0,33.33333333333333,33.33333333333333,33.33333333333333,33.33333333333333,33.33333333333333,33.33333333333333,33.33333333333333,33.33333333333333,33.33333333333333,33.33333333333333
