solution,status,score,%test passed,time,memory,subtask_0,subtask_1,subtask_2,subtask_3
s2_Qwen3-30B_0.cpp,ACCEPTED,15,100.00%,0.080,0.00390625,5,5,2,3
s2_Qwen3-30B_1.cpp,ACCEPTED,15,100.00%,0.080,0.00390625,5,5,2,3
s2_Qwen3-30B_2.cpp,ACCEPTED,15,100.00%,0.080,0.00390625,5,5,2,3
s2_Qwen3-30B_3.cpp,ACCEPTED,15,100.00%,0.070,0.00390625,5,5,2,3
s2_Qwen3-30B_4.cpp,ACCEPTED,15,100.00%,0.070,0.00390625,5,5,2,3
s2_Qwen3-30B_5.cpp,ACCEPTED,15,100.00%,0.070,0.00390625,5,5,2,3
s2_Qwen3-30B_6.cpp,ACCEPTED,15,100.00%,0.070,0.00390625,5,5,2,3
s2_Qwen3-30B_7.cpp,ACCEPTED,15,100.00%,0.070,0.00390625,5,5,2,3
