solution,status,score,%test passed,time,memory,subtask_0,subtask_1,subtask_10,subtask_2,subtask_3,subtask_4,subtask_5,subtask_6,subtask_7,subtask_8,subtask_9
bronze_Walking_Along_a_Fence_Qwen3-8B_0.cpp,ACCEPTED,333,100.00%,0.190,7.7421875,0,33.33333333333333,33.33333333333333,33.33333333333333,33.33333333333333,33.33333333333333,33.33333333333333,33.33333333333333,33.33333333333333,33.33333333333333,33.33333333333333
bronze_Walking_Along_a_Fence_Qwen3-8B_1.cpp,WRONG_ANSWER,0,9.09%,0.140,3.6171875,0,0,0,0,0,0,0,0,0,0,0
bronze_Walking_Along_a_Fence_Qwen3-8B_2.cpp,ACCEPTED,333,100.00%,0.150,6.96875,0,33.33333333333333,33.33333333333333,33.33333333333333,33.33333333333333,33.33333333333333,33.33333333333333,33.33333333333333,33.33333333333333,33.33333333333333,33.33333333333333
bronze_Walking_Along_a_Fence_Qwen3-8B_3.cpp,ACCEPTED,333,100.00%,0.170,7.73828125,0,33.33333333333333,33.33333333333333,33.33333333333333,33.33333333333333,33.33333333333333,33.33333333333333,33.33333333333333,33.33333333333333,33.33333333333333,33.33333333333333
bronze_Walking_Along_a_Fence_Qwen3-8B_4.cpp,COMPILATION_ERROR,0,0.00%,0.000,0,0,0,0,0,0,0,0,0,0,0,0
bronze_Walking_Along_a_Fence_Qwen3-8B_5.cpp,WRONG_ANSWER,0,9.09%,0.140,4.390625,0,0,0,0,0,0,0,0,0,0,0
bronze_Walking_Along_a_Fence_Qwen3-8B_6.cpp,ACCEPTED,333,100.00%,0.190,8.7734375,0,33.33333333333333,33.33333333333333,33.33333333333333,33.33333333333333,33.33333333333333,33.33333333333333,33.33333333333333,33.33333333333333,33.33333333333333,33.33333333333333
bronze_Walking_Along_a_Fence_Qwen3-8B_7.cpp,COMPILATION_ERROR,0,0.00%,0.000,0,0,0,0,0,0,0,0,0,0,0,0
