solution,status,score,%test passed,time,memory,subtask_0,subtask_1,subtask_10,subtask_11,subtask_12,subtask_13,subtask_14,subtask_15,subtask_2,subtask_3,subtask_4,subtask_5,subtask_6,subtask_7,subtask_8,subtask_9
silver_The_Winning_Gene_Qwen3-8B_0.cpp,TIME_LIMIT_EXCEEDED,67,25.00%,2.420,1.5546875,0,22.22222222222222,0,0,0,0,0,0,22.22222222222222,22.22222222222222,0,0,0,0,0,0
silver_The_Winning_Gene_Qwen3-8B_1.cpp,TIME_LIMIT_EXCEEDED,67,25.00%,2.410,0.00390625,0,22.22222222222222,0,0,0,0,0,0,22.22222222222222,22.22222222222222,0,0,0,0,0,0
silver_The_Winning_Gene_Qwen3-8B_2.cpp,TIME_LIMIT_EXCEEDED,133,43.75%,2.410,35.84765625,0,22.22222222222222,0,0,0,0,0,0,22.22222222222222,22.22222222222222,22.22222222222222,22.22222222222222,22.22222222222222,0,0,0
silver_The_Winning_Gene_Qwen3-8B_3.cpp,TIME_LIMIT_EXCEEDED,67,25.00%,2.420,1.55078125,0,22.22222222222222,0,0,0,0,0,0,22.22222222222222,22.22222222222222,0,0,0,0,0,0
silver_The_Winning_Gene_Qwen3-8B_4.cpp,TIME_LIMIT_EXCEEDED,67,25.00%,2.420,0.00390625,0,22.22222222222222,0,0,0,0,0,0,22.22222222222222,22.22222222222222,0,0,0,0,0,0
silver_The_Winning_Gene_Qwen3-8B_5.cpp,TIME_LIMIT_EXCEEDED,67,25.00%,2.430,1.55078125,0,22.22222222222222,0,0,0,0,0,0,22.22222222222222,22.22222222222222,0,0,0,0,0,0
silver_The_Winning_Gene_Qwen3-8B_6.cpp,COMPILATION_ERROR,0,0.00%,0.000,0,0,0,0,0,0,0,0,0,0,0,0,0,0,0,0,0
silver_The_Winning_Gene_Qwen3-8B_7.cpp,MEMORY_LIMIT_EXCEEDED,0,0.00%,0.030,0.00390625,0,0,0,0,0,0,0,0,0,0,0,0,0,0,0,0
