solution,status,score,%test passed,time,memory,subtask_0,subtask_1,subtask_10,subtask_11,subtask_12,subtask_13,subtask_14,subtask_2,subtask_3,subtask_4,subtask_5,subtask_6,subtask_7,subtask_8,subtask_9
gold_Find_and_Replace_gemini-2.5-flash_0.cpp,TIME_LIMIT_EXCEEDED,143,46.67%,2.220,242.34765625,0,23.809523809523807,0,0,0,0,0,23.809523809523807,23.809523809523807,23.809523809523807,23.809523809523807,23.809523809523807,0,0,0
gold_Find_and_Replace_gemini-2.5-flash_1.cpp,WRONG_ANSWER,0,6.67%,0.340,102.8671875,0,0,0,0,0,0,0,0,0,0,0,0,0,0,0
gold_Find_and_Replace_gemini-2.5-flash_2.cpp,TIME_LIMIT_EXCEEDED,0,0.00%,2.230,76.83203125,0,0,0,0,0,0,0,0,0,0,0,0,0,0,0
gold_Find_and_Replace_gemini-2.5-flash_3.cpp,TIME_LIMIT_EXCEEDED,143,46.67%,2.220,232.80859375,0,23.809523809523807,0,0,0,0,0,23.809523809523807,23.809523809523807,23.809523809523807,23.809523809523807,23.809523809523807,0,0,0
gold_Find_and_Replace_gemini-2.5-flash_4.cpp,COMPILATION_ERROR,0,0.00%,0.000,0,0,0,0,0,0,0,0,0,0,0,0,0,0,0,0
gold_Find_and_Replace_gemini-2.5-flash_5.cpp,TIME_LIMIT_EXCEEDED,143,46.67%,2.220,55.94921875,0,23.809523809523807,0,0,0,0,0,23.809523809523807,23.809523809523807,23.809523809523807,23.809523809523807,23.809523809523807,0,0,0
gold_Find_and_Replace_gemini-2.5-flash_6.cpp,TIME_LIMIT_EXCEEDED,0,0.00%,2.240,63.43359375,0,0,0,0,0,0,0,0,0,0,0,0,0,0,0
gold_Find_and_Replace_gemini-2.5-flash_7.cpp,TIME_LIMIT_EXCEEDED,0,0.00%,2.220,74.30859375,0,0,0,0,0,0,0,0,0,0,0,0,0,0,0
