solution,status,score,%test passed,time,memory,subtask_0,subtask_1,subtask_10,subtask_11,subtask_12,subtask_13,subtask_2,subtask_3,subtask_4,subtask_5,subtask_6,subtask_7,subtask_8,subtask_9
gold_Election_Queries_gpt-5_0.cpp,ACCEPTED,333,100.00%,0.570,22.4375,0,25.64102564102564,25.64102564102564,25.64102564102564,25.64102564102564,25.64102564102564,25.64102564102564,25.64102564102564,25.64102564102564,25.64102564102564,25.64102564102564,25.64102564102564,25.64102564102564,25.64102564102564
gold_Election_Queries_gpt-5_1.cpp,WRONG_ANSWER,0,6.67%,0.520,39.5546875,0,0,0,0,0,0,0,0,0,0,0,0,0,0
gold_Election_Queries_gpt-5_2.cpp,WRONG_ANSWER,0,13.33%,0.180,5.93359375,0,0,0,0,0,0,0,0,0,0,0,0,0,0
gold_Election_Queries_gpt-5_3.cpp,ACCEPTED,333,100.00%,0.540,22.6953125,0,25.64102564102564,25.64102564102564,25.64102564102564,25.64102564102564,25.64102564102564,25.64102564102564,25.64102564102564,25.64102564102564,25.64102564102564,25.64102564102564,25.64102564102564,25.64102564102564,25.64102564102564
gold_Election_Queries_gpt-5_4.cpp,RUNTIME_ERROR,333,86.67%,1.350,3.984375,0,25.64102564102564,25.64102564102564,25.64102564102564,25.64102564102564,25.64102564102564,25.64102564102564,25.64102564102564,25.64102564102564,25.64102564102564,25.64102564102564,25.64102564102564,25.64102564102564,25.64102564102564
gold_Election_Queries_gpt-5_5.cpp,ACCEPTED,333,100.00%,0.510,21.921875,0,25.64102564102564,25.64102564102564,25.64102564102564,25.64102564102564,25.64102564102564,25.64102564102564,25.64102564102564,25.64102564102564,25.64102564102564,25.64102564102564,25.64102564102564,25.64102564102564,25.64102564102564
gold_Election_Queries_gpt-5_6.cpp,ACCEPTED,333,100.00%,0.240,24.23828125,0,25.64102564102564,25.64102564102564,25.64102564102564,25.64102564102564,25.64102564102564,25.64102564102564,25.64102564102564,25.64102564102564,25.64102564102564,25.64102564102564,25.64102564102564,25.64102564102564,25.64102564102564
gold_Election_Queries_gpt-5_7.cpp,ACCEPTED,333,100.00%,2.850,13.72265625,0,25.64102564102564,25.64102564102564,25.64102564102564,25.64102564102564,25.64102564102564,25.64102564102564,25.64102564102564,25.64102564102564,25.64102564102564,25.64102564102564,25.64102564102564,25.64102564102564,25.64102564102564
