solution,status,score,%test passed,time,memory,subtask_0,subtask_1,subtask_10,subtask_11,subtask_12,subtask_13,subtask_14,subtask_15,subtask_16,subtask_17,subtask_18,subtask_2,subtask_3,subtask_4,subtask_5,subtask_6,subtask_7,subtask_8,subtask_9
bronze_Cannonball_Qwen3-32B-Non-Thinking_0.cpp,WRONG_ANSWER,37,20.00%,0.040,3.1015625,0,18.51851851851852,0,0,0,0,0,0,0,0,0,0,0,0,0,0,18.51851851851852,0,0
bronze_Cannonball_Qwen3-32B-Non-Thinking_1.cpp,ACCEPTED,333,100.00%,0.050,4.4453125,0,18.51851851851852,18.51851851851852,18.51851851851852,18.51851851851852,18.51851851851852,18.51851851851852,18.51851851851852,18.51851851851852,18.51851851851852,18.51851851851852,18.51851851851852,18.51851851851852,18.51851851851852,18.51851851851852,18.51851851851852,18.51851851851852,18.51851851851852,18.51851851851852
bronze_Cannonball_Qwen3-32B-Non-Thinking_2.cpp,WRONG_ANSWER,315,95.00%,0.050,5.63671875,0,18.51851851851852,18.51851851851852,18.51851851851852,18.51851851851852,0,18.51851851851852,18.51851851851852,18.51851851851852,18.51851851851852,18.51851851851852,18.51851851851852,18.51851851851852,18.51851851851852,18.51851851851852,18.51851851851852,18.51851851851852,18.51851851851852,18.51851851851852
bronze_Cannonball_Qwen3-32B-Non-Thinking_3.cpp,ACCEPTED,333,100.00%,0.050,13.9296875,0,18.51851851851852,18.51851851851852,18.51851851851852,18.51851851851852,18.51851851851852,18.51851851851852,18.51851851851852,18.51851851851852,18.51851851851852,18.51851851851852,18.51851851851852,18.51851851851852,18.51851851851852,18.51851851851852,18.51851851851852,18.51851851851852,18.51851851851852,18.51851851851852
bronze_Cannonball_Qwen3-32B-Non-Thinking_4.cpp,WRONG_ANSWER,37,20.00%,0.050,2.328125,0,18.51851851851852,0,0,0,0,0,0,0,0,0,0,0,0,0,0,18.51851851851852,0,0
bronze_Cannonball_Qwen3-32B-Non-Thinking_5.cpp,RUNTIME_ERROR,37,10.00%,0.050,4.171875,0,0,0,0,0,0,0,0,0,0,0,0,0,0,18.51851851851852,0,18.51851851851852,0,0
bronze_Cannonball_Qwen3-32B-Non-Thinking_6.cpp,WRONG_ANSWER,37,20.00%,0.040,2.0703125,0,18.51851851851852,0,0,0,0,0,0,0,0,0,0,0,0,0,0,18.51851851851852,0,0
bronze_Cannonball_Qwen3-32B-Non-Thinking_7.cpp,WRONG_ANSWER,19,10.00%,0.050,2.328125,0,18.51851851851852,0,0,0,0,0,0,0,0,0,0,0,0,0,0,0,0,0
