solution,status,score,%test passed,time,memory,subtask_0,subtask_1,subtask_10,subtask_2,subtask_3,subtask_4,subtask_5,subtask_6,subtask_7,subtask_8,subtask_9
gold_Nap_Sort_gpt-5_0.cpp,WRONG_ANSWER,0,9.09%,0.050,2.84375,0,0,0,0,0,0,0,0,0,0,0
gold_Nap_Sort_gpt-5_1.cpp,WRONG_ANSWER,200,63.64%,0.200,7.484375,0,33.33333333333333,33.33333333333333,33.33333333333333,0,33.33333333333333,0,0,33.33333333333333,0,33.33333333333333
gold_Nap_Sort_gpt-5_2.cpp,ACCEPTED,333,100.00%,0.250,2.84375,0,33.33333333333333,33.33333333333333,33.33333333333333,33.33333333333333,33.33333333333333,33.33333333333333,33.33333333333333,33.33333333333333,33.33333333333333,33.33333333333333
gold_Nap_Sort_gpt-5_3.cpp,WRONG_ANSWER,0,0.00%,0.130,2.84765625,0,0,0,0,0,0,0,0,0,0,0
gold_Nap_Sort_gpt-5_4.cpp,ACCEPTED,333,100.00%,0.130,2.84375,0,33.33333333333333,33.33333333333333,33.33333333333333,33.33333333333333,33.33333333333333,33.33333333333333,33.33333333333333,33.33333333333333,33.33333333333333,33.33333333333333
gold_Nap_Sort_gpt-5_5.cpp,WRONG_ANSWER,200,63.64%,0.130,2.84375,0,33.33333333333333,33.33333333333333,33.33333333333333,0,33.33333333333333,0,0,0,33.33333333333333,33.33333333333333
gold_Nap_Sort_gpt-5_6.cpp,ACCEPTED,333,100.00%,0.140,2.84765625,0,33.33333333333333,33.33333333333333,33.33333333333333,33.33333333333333,33.33333333333333,33.33333333333333,33.33333333333333,33.33333333333333,33.33333333333333,33.33333333333333
gold_Nap_Sort_gpt-5_7.cpp,TIME_LIMIT_EXCEEDED,233,72.73%,2.580,12.125,0,33.33333333333333,0,33.33333333333333,33.33333333333333,33.33333333333333,33.33333333333333,33.33333333333333,33.33333333333333,0,0
