solution,status,score,%test passed,time,memory,subtask_0,subtask_1,subtask_10,subtask_11,subtask_12,subtask_13,subtask_14,subtask_15,subtask_16,subtask_17,subtask_18,subtask_19,subtask_2,subtask_20,subtask_3,subtask_4,subtask_5,subtask_6,subtask_7,subtask_8,subtask_9
platinum_Merging_Cells_gpt-5_0.cpp,TIME_LIMIT_EXCEEDED,50,13.64%,2.410,384.00390625,0,0,0,0,0,0,0,0,0,0,0,0,16.666666666666664,0,0,16.666666666666664,0,16.666666666666664,0,0,0
platinum_Merging_Cells_gpt-5_1.cpp,COMPILATION_ERROR,0,0.00%,0.000,0,0,0,0,0,0,0,0,0,0,0,0,0,0,0,0,0,0,0,0,0,0
platinum_Merging_Cells_gpt-5_2.cpp,TIME_LIMIT_EXCEEDED,0,0.00%,2.450,311.66796875,0,0,0,0,0,0,0,0,0,0,0,0,0,0,0,0,0,0,0,0,0
platinum_Merging_Cells_gpt-5_3.cpp,TIME_LIMIT_EXCEEDED,100,36.36%,2.450,192.59375,0,16.666666666666664,0,0,0,0,0,0,0,0,0,0,16.666666666666664,0,16.666666666666664,16.666666666666664,16.666666666666664,16.666666666666664,0,0,0
platinum_Merging_Cells_gpt-5_4.cpp,TIME_LIMIT_EXCEEDED,100,36.36%,2.420,97.34765625,0,16.666666666666664,0,0,0,0,0,0,0,0,0,0,16.666666666666664,0,16.666666666666664,16.666666666666664,16.666666666666664,16.666666666666664,0,0,0
platinum_Merging_Cells_gpt-5_5.cpp,TIME_LIMIT_EXCEEDED,100,36.36%,2.450,96.94921875,0,16.666666666666664,0,0,0,0,0,0,0,0,0,0,16.666666666666664,0,16.666666666666664,16.666666666666664,16.666666666666664,16.666666666666664,0,0,0
platinum_Merging_Cells_gpt-5_6.cpp,TIME_LIMIT_EXCEEDED,100,36.36%,2.450,56.20703125,0,16.666666666666664,0,0,0,0,0,0,0,0,0,0,16.666666666666664,0,16.666666666666664,16.666666666666664,16.666666666666664,16.666666666666664,0,0,0
platinum_Merging_Cells_gpt-5_7.cpp,TIME_LIMIT_EXCEEDED,200,63.64%,2.440,144.8984375,0,16.666666666666664,16.666666666666664,16.666666666666664,16.666666666666664,0,0,0,0,0,0,0,16.666666666666664,0,16.666666666666664,16.666666666666664,16.666666666666664,16.666666666666664,16.666666666666664,16.666666666666664,16.666666666666664
