solution,status,score,%test passed,time,memory,subtask_0,subtask_1,subtask_10,subtask_11,subtask_12,subtask_13,subtask_14,subtask_2,subtask_3,subtask_4,subtask_5,subtask_6,subtask_7,subtask_8,subtask_9
platinum_All_Pairs_Similarity_gpt-5_0.cpp,WRONG_ANSWER,0,0.00%,0.880,27.33203125,0,0,0,0,0,0,0,0,0,0,0,0,0,0,0
platinum_All_Pairs_Similarity_gpt-5_1.cpp,ACCEPTED,333,100.00%,0.690,196.203125,0,23.809523809523807,23.809523809523807,23.809523809523807,23.809523809523807,23.809523809523807,23.809523809523807,23.809523809523807,23.809523809523807,23.809523809523807,23.809523809523807,23.809523809523807,23.809523809523807,23.809523809523807,23.809523809523807
platinum_All_Pairs_Similarity_gpt-5_2.cpp,ACCEPTED,333,100.00%,1.120,187.1796875,0,23.809523809523807,23.809523809523807,23.809523809523807,23.809523809523807,23.809523809523807,23.809523809523807,23.809523809523807,23.809523809523807,23.809523809523807,23.809523809523807,23.809523809523807,23.809523809523807,23.809523809523807,23.809523809523807
platinum_All_Pairs_Similarity_gpt-5_3.cpp,TIME_LIMIT_EXCEEDED,286,86.67%,2.410,98.2578125,0,23.809523809523807,23.809523809523807,23.809523809523807,23.809523809523807,0,0,23.809523809523807,23.809523809523807,23.809523809523807,23.809523809523807,23.809523809523807,23.809523809523807,23.809523809523807,23.809523809523807
platinum_All_Pairs_Similarity_gpt-5_4.cpp,ACCEPTED,333,100.00%,0.740,180.21875,0,23.809523809523807,23.809523809523807,23.809523809523807,23.809523809523807,23.809523809523807,23.809523809523807,23.809523809523807,23.809523809523807,23.809523809523807,23.809523809523807,23.809523809523807,23.809523809523807,23.809523809523807,23.809523809523807
platinum_All_Pairs_Similarity_gpt-5_5.cpp,ACCEPTED,333,100.00%,1.040,100.296875,0,23.809523809523807,23.809523809523807,23.809523809523807,23.809523809523807,23.809523809523807,23.809523809523807,23.809523809523807,23.809523809523807,23.809523809523807,23.809523809523807,23.809523809523807,23.809523809523807,23.809523809523807,23.809523809523807
platinum_All_Pairs_Similarity_gpt-5_6.cpp,ACCEPTED,333,100.00%,1.770,176.4921875,0,23.809523809523807,23.809523809523807,23.809523809523807,23.809523809523807,23.809523809523807,23.809523809523807,23.809523809523807,23.809523809523807,23.809523809523807,23.809523809523807,23.809523809523807,23.809523809523807,23.809523809523807,23.809523809523807
platinum_All_Pairs_Similarity_gpt-5_7.cpp,WRONG_ANSWER,0,0.00%,1.140,20.375,0,0,0,0,0,0,0,0,0,0,0,0,0,0,0
