solution,status,score,%test passed,time,memory,subtask_0,subtask_1,subtask_10,subtask_2,subtask_3,subtask_4,subtask_5,subtask_6,subtask_7,subtask_8,subtask_9
silver_Cake_Game_gpt-5_0.cpp,TIME_LIMIT_EXCEEDED,0,9.09%,2.420,5.21484375,0,0,0,0,0,0,0,0,0,0,0
silver_Cake_Game_gpt-5_1.cpp,ACCEPTED,333,100.00%,0.160,6.125,0,33.33333333333333,33.33333333333333,33.33333333333333,33.33333333333333,33.33333333333333,33.33333333333333,33.33333333333333,33.33333333333333,33.33333333333333,33.33333333333333
silver_Cake_Game_gpt-5_2.cpp,WRONG_ANSWER,33,18.18%,0.230,21.87109375,0,33.33333333333333,0,0,0,0,0,0,0,0,0
silver_Cake_Game_gpt-5_3.cpp,ACCEPTED,333,100.00%,0.170,15.14453125,0,33.33333333333333,33.33333333333333,33.33333333333333,33.33333333333333,33.33333333333333,33.33333333333333,33.33333333333333,33.33333333333333,33.33333333333333,33.33333333333333
silver_Cake_Game_gpt-5_4.cpp,ACCEPTED,333,100.00%,0.190,6.12109375,0,33.33333333333333,33.33333333333333,33.33333333333333,33.33333333333333,33.33333333333333,33.33333333333333,33.33333333333333,33.33333333333333,33.33333333333333,33.33333333333333
silver_Cake_Game_gpt-5_5.cpp,ACCEPTED,333,100.00%,0.170,9.08203125,0,33.33333333333333,33.33333333333333,33.33333333333333,33.33333333333333,33.33333333333333,33.33333333333333,33.33333333333333,33.33333333333333,33.33333333333333,33.33333333333333
silver_Cake_Game_gpt-5_6.cpp,ACCEPTED,333,100.00%,0.170,6.12109375,0,33.33333333333333,33.33333333333333,33.33333333333333,33.33333333333333,33.33333333333333,33.33333333333333,33.33333333333333,33.33333333333333,33.33333333333333,33.33333333333333
silver_Cake_Game_gpt-5_7.cpp,WRONG_ANSWER,0,9.09%,0.170,6.12109375,0,0,0,0,0,0,0,0,0,0,0
