solution,status,score,%test passed,time,memory,subtask_0,subtask_1,subtask_2,subtask_3,subtask_4,subtask_5,subtask_6,subtask_7,subtask_8,subtask_9
ones_seed-oss_0.cpp,WRONG_ANSWER,0,0.00%,0.020,1.80859375,0.0,0.0,0.0,0.0,0.0,0.0,0.0,0.0,0.0,0.0
ones_seed-oss_1.cpp,WRONG_ANSWER,25,0.00%,0.130,1.953125,4.70929,4.06906,3.35974,2.8991499999999997,2.49801,2.0357600000000002,1.72931,1.45111,1.1148099999999999,0.87959
ones_seed-oss_2.cpp,WRONG_ANSWER,25,0.00%,0.130,1.953125,4.72823,4.07686,3.3626899999999997,2.89704,2.49904,2.03989,1.73442,1.4582600000000001,1.1255,0.8935700000000001
ones_seed-oss_3.cpp,WRONG_ANSWER,25,0.00%,0.120,1.95703125,4.70929,4.06906,3.35974,2.8991499999999997,2.49801,2.0357600000000002,1.72931,1.45111,1.1148099999999999,0.87959
ones_seed-oss_4.cpp,WRONG_ANSWER,25,0.00%,0.130,1.953125,4.70929,4.06906,3.35974,2.8991499999999997,2.49801,2.0357600000000002,1.72931,1.45111,1.1148099999999999,0.87959
ones_seed-oss_5.cpp,WRONG_ANSWER,25,0.00%,0.120,1.953125,4.70929,4.06906,3.35974,2.8991499999999997,2.49801,2.0357600000000002,1.72931,1.45111,1.1148099999999999,0.87959
ones_seed-oss_6.cpp,WRONG_ANSWER,25,0.00%,0.130,1.94921875,4.70929,4.06906,3.35974,2.8991499999999997,2.49801,2.0357600000000002,1.72931,1.45111,1.1148099999999999,0.87959
ones_seed-oss_7.cpp,WRONG_ANSWER,30,0.00%,0.120,1.95703125,2.53047,2.6244,2.7117400000000003,2.7886300000000004,2.84402,2.96912,3.0722300000000002,3.20465,3.46092,3.7226
