solution,status,score,%test passed,time,memory,subtask_0,subtask_1,subtask_10,subtask_11,subtask_12,subtask_13,subtask_14,subtask_15,subtask_16,subtask_17,subtask_18,subtask_2,subtask_3,subtask_4,subtask_5,subtask_6,subtask_7,subtask_8,subtask_9
bronze_Cannonball_Qwen3-8B-Non-Thinking_0.cpp,WRONG_ANSWER,37,20.00%,0.130,2.328125,0,18.51851851851852,0,0,0,0,0,0,0,0,0,0,0,0,0,0,18.51851851851852,0,0
bronze_Cannonball_Qwen3-8B-Non-Thinking_1.cpp,WRONG_ANSWER,37,20.00%,0.130,2.328125,0,18.51851851851852,0,0,0,0,0,0,0,0,0,0,0,0,0,0,18.51851851851852,0,0
bronze_Cannonball_Qwen3-8B-Non-Thinking_2.cpp,COMPILATION_ERROR,0,0.00%,0.000,0,0,0,0,0,0,0,0,0,0,0,0,0,0,0,0,0,0,0,0
bronze_Cannonball_Qwen3-8B-Non-Thinking_3.cpp,TIME_LIMIT_EXCEEDED,167,55.00%,2.450,2.0703125,0,0,18.51851851851852,18.51851851851852,0,18.51851851851852,0,0,0,0,0,0,18.51851851851852,18.51851851851852,18.51851851851852,18.51851851851852,0,18.51851851851852,18.51851851851852
bronze_Cannonball_Qwen3-8B-Non-Thinking_4.cpp,TIME_LIMIT_EXCEEDED,167,55.00%,2.320,2.0703125,0,0,18.51851851851852,18.51851851851852,0,18.51851851851852,0,0,0,0,0,0,18.51851851851852,18.51851851851852,18.51851851851852,18.51851851851852,0,18.51851851851852,18.51851851851852
bronze_Cannonball_Qwen3-8B-Non-Thinking_5.cpp,TIME_LIMIT_EXCEEDED,241,75.00%,2.290,2.0703125,0,0,18.51851851851852,18.51851851851852,0,18.51851851851852,18.51851851851852,18.51851851851852,0,0,0,18.51851851851852,18.51851851851852,18.51851851851852,18.51851851851852,18.51851851851852,18.51851851851852,18.51851851851852,18.51851851851852
bronze_Cannonball_Qwen3-8B-Non-Thinking_6.cpp,WRONG_ANSWER,37,20.00%,0.140,2.328125,0,18.51851851851852,0,0,0,0,0,0,0,0,0,0,0,0,0,0,18.51851851851852,0,0
bronze_Cannonball_Qwen3-8B-Non-Thinking_7.cpp,COMPILATION_ERROR,0,0.00%,0.000,0,0,0,0,0,0,0,0,0,0,0,0,0,0,0,0,0,0,0,0
