solution,status,score,%test passed,time,memory,subtask_0,subtask_1,subtask_10,subtask_2,subtask_3,subtask_4,subtask_5,subtask_6,subtask_7,subtask_8,subtask_9
silver_Cow-libi_Qwen3-32B_0.cpp,ACCEPTED,333,100.00%,0.090,3.6171875,0,33.33333333333333,33.33333333333333,33.33333333333333,33.33333333333333,33.33333333333333,33.33333333333333,33.33333333333333,33.33333333333333,33.33333333333333,33.33333333333333
silver_Cow-libi_Qwen3-32B_1.cpp,TIME_LIMIT_EXCEEDED,0,9.09%,4.450,6.18359375,0,0,0,0,0,0,0,0,0,0,0
silver_Cow-libi_Qwen3-32B_2.cpp,ACCEPTED,333,100.00%,0.140,9.8046875,0,33.33333333333333,33.33333333333333,33.33333333333333,33.33333333333333,33.33333333333333,33.33333333333333,33.33333333333333,33.33333333333333,33.33333333333333,33.33333333333333
silver_Cow-libi_Qwen3-32B_3.cpp,ACCEPTED,333,100.00%,0.100,4.390625,0,33.33333333333333,33.33333333333333,33.33333333333333,33.33333333333333,33.33333333333333,33.33333333333333,33.33333333333333,33.33333333333333,33.33333333333333,33.33333333333333
silver_Cow-libi_Qwen3-32B_4.cpp,TIME_LIMIT_EXCEEDED,100,36.36%,4.440,12.328125,0,33.33333333333333,0,33.33333333333333,33.33333333333333,0,0,0,0,0,0
silver_Cow-libi_Qwen3-32B_5.cpp,WRONG_ANSWER,0,9.09%,0.080,3.6171875,0,0,0,0,0,0,0,0,0,0,0
silver_Cow-libi_Qwen3-32B_6.cpp,WRONG_ANSWER,0,9.09%,0.090,7.71875,0,0,0,0,0,0,0,0,0,0,0
silver_Cow-libi_Qwen3-32B_7.cpp,ACCEPTED,333,100.00%,0.090,4.390625,0,33.33333333333333,33.33333333333333,33.33333333333333,33.33333333333333,33.33333333333333,33.33333333333333,33.33333333333333,33.33333333333333,33.33333333333333,33.33333333333333
