solution,status,score,%test passed,time,memory,subtask_0,subtask_1,subtask_10,subtask_11,subtask_12,subtask_2,subtask_3,subtask_4,subtask_5,subtask_6,subtask_7,subtask_8,subtask_9
silver_Cowlendar_Qwen3-8B_0.cpp,TIME_LIMIT_EXCEEDED,111,28.57%,2.410,5.98828125,0,0,0,0,27.777777777777775,27.777777777777775,0,27.777777777777775,0,0,27.777777777777775,0,0
silver_Cowlendar_Qwen3-8B_1.cpp,RUNTIME_ERROR,194,50.00%,0.200,2.58203125,0,0,0,27.777777777777775,27.777777777777775,27.777777777777775,0,27.777777777777775,27.777777777777775,0,27.777777777777775,0,27.777777777777775
silver_Cowlendar_Qwen3-8B_2.cpp,WRONG_ANSWER,194,64.29%,0.170,1.5546875,0,0,0,27.777777777777775,27.777777777777775,27.777777777777775,0,27.777777777777775,27.777777777777775,0,27.777777777777775,0,27.777777777777775
silver_Cowlendar_Qwen3-8B_3.cpp,WRONG_ANSWER,139,50.00%,0.020,1.55078125,0,27.777777777777775,27.777777777777775,0,0,0,27.777777777777775,0,0,27.777777777777775,0,27.777777777777775,0
silver_Cowlendar_Qwen3-8B_4.cpp,COMPILATION_ERROR,0,0.00%,0.000,0,0,0,0,0,0,0,0,0,0,0,0,0,0
silver_Cowlendar_Qwen3-8B_6.cpp,COMPILATION_ERROR,0,0.00%,0.000,0,0,0,0,0,0,0,0,0,0,0,0,0,0
silver_Cowlendar_Qwen3-8B_7.cpp,COMPILATION_ERROR,0,0.00%,0.000,0,0,0,0,0,0,0,0,0,0,0,0,0,0
