solution,status,score,%test passed,time,memory,subtask_0,subtask_1,subtask_10,subtask_11,subtask_12,subtask_13,subtask_14,subtask_15,subtask_16,subtask_17,subtask_18,subtask_2,subtask_3,subtask_4,subtask_5,subtask_6,subtask_7,subtask_8,subtask_9
bronze_Cannonball_seed-oss_0.cpp,TIME_LIMIT_EXCEEDED,259,80.00%,2.420,9.21484375,0,18.51851851851852,0,0,18.51851851851852,0,18.51851851851852,18.51851851851852,18.51851851851852,18.51851851851852,18.51851851851852,18.51851851851852,18.51851851851852,18.51851851851852,18.51851851851852,18.51851851851852,18.51851851851852,18.51851851851852,0
bronze_Cannonball_seed-oss_1.cpp,WRONG_ANSWER,37,20.00%,0.060,2.07421875,0,18.51851851851852,0,0,0,0,0,0,0,0,0,0,0,0,0,0,18.51851851851852,0,0
bronze_Cannonball_seed-oss_2.cpp,COMPILATION_ERROR,0,0.00%,0.000,0,0,0,0,0,0,0,0,0,0,0,0,0,0,0,0,0,0,0,0
bronze_Cannonball_seed-oss_3.cpp,TIME_LIMIT_EXCEEDED,259,80.00%,2.440,3.89453125,0,18.51851851851852,0,0,18.51851851851852,0,18.51851851851852,18.51851851851852,18.51851851851852,18.51851851851852,18.51851851851852,18.51851851851852,18.51851851851852,18.51851851851852,18.51851851851852,18.51851851851852,18.51851851851852,18.51851851851852,0
bronze_Cannonball_seed-oss_4.cpp,WRONG_ANSWER,74,25.00%,0.060,2.0703125,0,0,0,0,0,0,18.51851851851852,18.51851851851852,0,0,0,18.51851851851852,0,0,0,0,18.51851851851852,0,0
bronze_Cannonball_seed-oss_5.cpp,WRONG_ANSWER,74,25.00%,0.050,2.0703125,0,0,0,0,0,0,18.51851851851852,18.51851851851852,0,0,0,18.51851851851852,0,0,0,0,18.51851851851852,0,0
bronze_Cannonball_seed-oss_6.cpp,ACCEPTED,333,100.00%,0.070,15.1484375,0,18.51851851851852,18.51851851851852,18.51851851851852,18.51851851851852,18.51851851851852,18.51851851851852,18.51851851851852,18.51851851851852,18.51851851851852,18.51851851851852,18.51851851851852,18.51851851851852,18.51851851851852,18.51851851851852,18.51851851851852,18.51851851851852,18.51851851851852,18.51851851851852
bronze_Cannonball_seed-oss_7.cpp,RUNTIME_ERROR,37,10.00%,0.060,6.44921875,0,0,0,0,0,0,0,0,0,0,0,0,0,0,18.51851851851852,0,18.51851851851852,0,0
