solution,status,score,%test passed,time,memory,subtask_0,subtask_1,subtask_10,subtask_11,subtask_12,subtask_13,subtask_2,subtask_3,subtask_4,subtask_5,subtask_6,subtask_7,subtask_8,subtask_9
bronze_Milk_Exchange_Qwen3-32B_0.cpp,TIME_LIMIT_EXCEEDED,154,56.25%,2.260,7.73828125,0,25.64102564102564,0,0,0,25.64102564102564,25.64102564102564,25.64102564102564,25.64102564102564,25.64102564102564,0,0,0,0
bronze_Milk_Exchange_Qwen3-32B_1.cpp,RUNTIME_ERROR,0,0.00%,0.050,4.09375,0,0,0,0,0,0,0,0,0,0,0,0,0,0
bronze_Milk_Exchange_Qwen3-32B_2.cpp,WRONG_ANSWER,103,37.50%,0.060,8.66796875,0,0,25.64102564102564,0,0,25.64102564102564,0,0,25.64102564102564,25.64102564102564,0,0,0,0
bronze_Milk_Exchange_Qwen3-32B_3.cpp,TIME_LIMIT_EXCEEDED,154,56.25%,2.240,7.5390625,0,25.64102564102564,0,0,0,25.64102564102564,25.64102564102564,25.64102564102564,25.64102564102564,25.64102564102564,0,0,0,0
bronze_Milk_Exchange_Qwen3-32B_4.cpp,WRONG_ANSWER,103,37.50%,0.050,8.5625,0,0,25.64102564102564,0,0,25.64102564102564,0,0,25.64102564102564,25.64102564102564,0,0,0,0
bronze_Milk_Exchange_Qwen3-32B_5.cpp,WRONG_ANSWER,103,37.50%,0.070,10.1328125,0,0,25.64102564102564,0,0,25.64102564102564,0,0,25.64102564102564,25.64102564102564,0,0,0,0
bronze_Milk_Exchange_Qwen3-32B_6.cpp,WRONG_ANSWER,103,37.50%,0.050,6.4609375,0,0,25.64102564102564,0,0,25.64102564102564,0,0,25.64102564102564,25.64102564102564,0,0,0,0
bronze_Milk_Exchange_Qwen3-32B_7.cpp,TIME_LIMIT_EXCEEDED,154,56.25%,2.240,7.6875,0,25.64102564102564,0,0,0,25.64102564102564,25.64102564102564,25.64102564102564,25.64102564102564,25.64102564102564,0,0,0,0
