solution,status,score,%test passed,time,memory,subtask_0,subtask_1,subtask_10,subtask_2,subtask_3,subtask_4,subtask_5,subtask_6,subtask_7,subtask_8,subtask_9
silver_Moorbles_Qwen3-32B_0.cpp,WRONG_ANSWER,67,33.33%,0.120,28.58984375,0,0,0,0,0,0,0,0,33.33333333333333,33.33333333333333,0
silver_Moorbles_Qwen3-32B_1.cpp,TIME_LIMIT_EXCEEDED,0,8.33%,2.290,25.30859375,0,0,0,0,0,0,0,0,0,0,0
silver_Moorbles_Qwen3-32B_2.cpp,WRONG_ANSWER,67,33.33%,0.100,18.875,0,0,0,0,0,0,0,0,33.33333333333333,33.33333333333333,0
silver_Moorbles_Qwen3-32B_3.cpp,COMPILATION_ERROR,0,0.00%,0.000,0,0,0,0,0,0,0,0,0,0,0,0
silver_Moorbles_Qwen3-32B_4.cpp,RUNTIME_ERROR,0,0.00%,0.200,28.88671875,0,0,0,0,0,0,0,0,0,0,0
silver_Moorbles_Qwen3-32B_5.cpp,RUNTIME_ERROR,0,0.00%,0.210,26.62890625,0,0,0,0,0,0,0,0,0,0,0
silver_Moorbles_Qwen3-32B_6.cpp,ACCEPTED,333,100.00%,0.100,17.5078125,0,33.33333333333333,33.33333333333333,33.33333333333333,33.33333333333333,33.33333333333333,33.33333333333333,33.33333333333333,33.33333333333333,33.33333333333333,33.33333333333333
silver_Moorbles_Qwen3-32B_7.cpp,ACCEPTED,333,100.00%,0.150,35.88671875,0,33.33333333333333,33.33333333333333,33.33333333333333,33.33333333333333,33.33333333333333,33.33333333333333,33.33333333333333,33.33333333333333,33.33333333333333,33.33333333333333
