solution,status,score,%test passed,time,memory,subtask_0,subtask_1,subtask_10,subtask_2,subtask_3,subtask_4,subtask_5,subtask_6,subtask_7,subtask_8,subtask_9
bronze_Cowntact_Tracing_2_gemini-2.5-flash_0.cpp,WRONG_ANSWER,67,33.33%,0.040,1.859375,0,33.33333333333333,0,0,0,33.33333333333333,0,0,0,0,0
bronze_Cowntact_Tracing_2_gemini-2.5-flash_1.cpp,WRONG_ANSWER,167,58.33%,0.570,1.859375,0,33.33333333333333,33.33333333333333,0,33.33333333333333,0,0,0,0,33.33333333333333,33.33333333333333
bronze_Cowntact_Tracing_2_gemini-2.5-flash_2.cpp,WRONG_ANSWER,33,16.67%,0.040,1.85546875,0,33.33333333333333,0,0,0,0,0,0,0,0,0
bronze_Cowntact_Tracing_2_gemini-2.5-flash_3.cpp,WRONG_ANSWER,33,25.00%,0.040,1.734375,0,33.33333333333333,0,0,0,0,0,0,0,0,0
bronze_Cowntact_Tracing_2_gemini-2.5-flash_4.cpp,TIME_LIMIT_EXCEEDED,200,66.67%,2.250,2.30859375,0,33.33333333333333,0,33.33333333333333,33.33333333333333,33.33333333333333,33.33333333333333,33.33333333333333,0,0,0
bronze_Cowntact_Tracing_2_gemini-2.5-flash_5.cpp,TIME_LIMIT_EXCEEDED,233,75.00%,2.230,2.5859375,0,33.33333333333333,0,33.33333333333333,33.33333333333333,33.33333333333333,33.33333333333333,33.33333333333333,0,33.33333333333333,0
bronze_Cowntact_Tracing_2_gemini-2.5-flash_6.cpp,TIME_LIMIT_EXCEEDED,300,91.67%,2.320,7.6328125,0,33.33333333333333,33.33333333333333,33.33333333333333,33.33333333333333,33.33333333333333,33.33333333333333,33.33333333333333,33.33333333333333,0,33.33333333333333
bronze_Cowntact_Tracing_2_gemini-2.5-flash_7.cpp,WRONG_ANSWER,33,25.00%,0.040,1.734375,0,33.33333333333333,0,0,0,0,0,0,0,0,0
