solution,status,score,%test passed,time,memory,subtask_0,subtask_1,subtask_10,subtask_11,subtask_12,subtask_2,subtask_3,subtask_4,subtask_5,subtask_6,subtask_7,subtask_8,subtask_9
silver_Target_Practice_gemini-2.5-flash_0.cpp,TIME_LIMIT_EXCEEDED,83,40.00%,2.220,9.75390625,0,27.777777777777775,0,0,0,27.777777777777775,27.777777777777775,0,0,0,0,0,0
silver_Target_Practice_gemini-2.5-flash_1.cpp,COMPILATION_ERROR,0,0.00%,0.000,0,0,0,0,0,0,0,0,0,0,0,0,0,0
silver_Target_Practice_gemini-2.5-flash_2.cpp,TIME_LIMIT_EXCEEDED,83,40.00%,2.210,24.1484375,0,27.777777777777775,0,0,0,27.777777777777775,27.777777777777775,0,0,0,0,0,0
silver_Target_Practice_gemini-2.5-flash_3.cpp,TIME_LIMIT_EXCEEDED,83,40.00%,2.230,14.63671875,0,27.777777777777775,0,0,0,0,0,27.777777777777775,0,0,0,0,27.777777777777775
silver_Target_Practice_gemini-2.5-flash_4.cpp,TIME_LIMIT_EXCEEDED,83,40.00%,2.220,8.2109375,0,27.777777777777775,0,0,0,27.777777777777775,27.777777777777775,0,0,0,0,0,0
silver_Target_Practice_gemini-2.5-flash_5.cpp,TIME_LIMIT_EXCEEDED,83,33.33%,2.230,27.0234375,0,27.777777777777775,0,0,0,27.777777777777775,27.777777777777775,0,0,0,0,0,0
silver_Target_Practice_gemini-2.5-flash_6.cpp,TIME_LIMIT_EXCEEDED,83,40.00%,2.220,8.72265625,0,27.777777777777775,0,0,0,27.777777777777775,27.777777777777775,0,0,0,0,0,0
silver_Target_Practice_gemini-2.5-flash_7.cpp,TIME_LIMIT_EXCEEDED,83,40.00%,2.230,7.43359375,0,27.777777777777775,0,0,0,27.777777777777775,27.777777777777775,0,0,0,0,0,0
