solution,status,score,%test passed,time,memory,subtask_0,subtask_1,subtask_10,subtask_2,subtask_3,subtask_4,subtask_5,subtask_6,subtask_7,subtask_8,subtask_9
bronze_Its_Mooin_Time_II_gpt-4.1_0.cpp,TIME_LIMIT_EXCEEDED,0,9.09%,2.330,194.3359375,0,0,0,0,0,0,0,0,0,0,0
bronze_Its_Mooin_Time_II_gpt-4.1_1.cpp,MEMORY_LIMIT_EXCEEDED,200,63.64%,1.840,280.765625,0,33.33333333333333,0,33.33333333333333,33.33333333333333,33.33333333333333,33.33333333333333,33.33333333333333,0,0,0
bronze_Its_Mooin_Time_II_gpt-4.1_2.cpp,TIME_LIMIT_EXCEEDED,200,63.64%,2.260,205.21875,0,33.33333333333333,0,33.33333333333333,33.33333333333333,33.33333333333333,33.33333333333333,33.33333333333333,0,0,0
bronze_Its_Mooin_Time_II_gpt-4.1_3.cpp,COMPILATION_ERROR,0,0.00%,0.000,0,0,0,0,0,0,0,0,0,0,0,0
bronze_Its_Mooin_Time_II_gpt-4.1_4.cpp,TIME_LIMIT_EXCEEDED,200,63.64%,2.260,134.109375,0,33.33333333333333,0,33.33333333333333,33.33333333333333,33.33333333333333,33.33333333333333,33.33333333333333,0,0,0
bronze_Its_Mooin_Time_II_gpt-4.1_5.cpp,WRONG_ANSWER,0,9.09%,0.730,22.3046875,0,0,0,0,0,0,0,0,0,0,0
bronze_Its_Mooin_Time_II_gpt-4.1_6.cpp,MEMORY_LIMIT_EXCEEDED,0,9.09%,1.430,280.8046875,0,0,0,0,0,0,0,0,0,0,0
bronze_Its_Mooin_Time_II_gpt-4.1_7.cpp,TIME_LIMIT_EXCEEDED,0,9.09%,2.220,261.42578125,0,0,0,0,0,0,0,0,0,0,0
