solution,status,score,%test passed,time,memory,subtask_0,subtask_1,subtask_10,subtask_11,subtask_12,subtask_13,subtask_14,subtask_15,subtask_2,subtask_3,subtask_4,subtask_5,subtask_6,subtask_7,subtask_8,subtask_9
silver_Farmer_Johns_Favorite_Operation_gpt-4.1_0.cpp,TIME_LIMIT_EXCEEDED,22,12.50%,2.320,4.390625,0,22.22222222222222,0,0,0,0,0,0,0,0,0,0,0,0,0,0
silver_Farmer_Johns_Favorite_Operation_gpt-4.1_1.cpp,TIME_LIMIT_EXCEEDED,44,18.75%,2.290,13.671875,0,22.22222222222222,0,0,0,0,0,0,22.22222222222222,0,0,0,0,0,0,0
silver_Farmer_Johns_Favorite_Operation_gpt-4.1_2.cpp,WRONG_ANSWER,0,6.25%,0.210,12.05078125,0,0,0,0,0,0,0,0,0,0,0,0,0,0,0,0
silver_Farmer_Johns_Favorite_Operation_gpt-4.1_3.cpp,ACCEPTED,333,100.00%,0.170,13.59375,0,22.22222222222222,22.22222222222222,22.22222222222222,22.22222222222222,22.22222222222222,22.22222222222222,22.22222222222222,22.22222222222222,22.22222222222222,22.22222222222222,22.22222222222222,22.22222222222222,22.22222222222222,22.22222222222222,22.22222222222222
silver_Farmer_Johns_Favorite_Operation_gpt-4.1_4.cpp,ACCEPTED,333,100.00%,0.180,10.44140625,0,22.22222222222222,22.22222222222222,22.22222222222222,22.22222222222222,22.22222222222222,22.22222222222222,22.22222222222222,22.22222222222222,22.22222222222222,22.22222222222222,22.22222222222222,22.22222222222222,22.22222222222222,22.22222222222222,22.22222222222222
silver_Farmer_Johns_Favorite_Operation_gpt-4.1_5.cpp,TIME_LIMIT_EXCEEDED,44,18.75%,2.330,7.3515625,0,22.22222222222222,0,0,0,0,0,0,22.22222222222222,0,0,0,0,0,0,0
silver_Farmer_Johns_Favorite_Operation_gpt-4.1_6.cpp,TIME_LIMIT_EXCEEDED,22,12.50%,2.210,3.57421875,0,22.22222222222222,0,0,0,0,0,0,0,0,0,0,0,0,0,0
silver_Farmer_Johns_Favorite_Operation_gpt-4.1_7.cpp,TIME_LIMIT_EXCEEDED,22,12.50%,2.270,13.05078125,0,22.22222222222222,0,0,0,0,0,0,0,0,0,0,0,0,0,0
