solution,status,score,relative_score,%test passed,time,memory,subtask_0,subtask_1,subtask_10,subtask_11,subtask_12,subtask_13,subtask_14,subtask_15,subtask_16,subtask_2,subtask_3,subtask_4,subtask_5,subtask_6,subtask_7,subtask_8,subtask_9
gold_Smaller_Averages_gpt-oss-120b-medium_0.cpp,TIME_LIMIT_EXCEEDED,271,84.69%,85.00%,2.410,2.328125,0,20.833333333333332,20.833333333333332,20.833333333333332,20.833333333333332,20.833333333333332,0,0,0,20.833333333333332,20.833333333333332,20.833333333333332,20.833333333333332,20.833333333333332,20.833333333333332,20.833333333333332,20.833333333333332
gold_Smaller_Averages_gpt-oss-120b-medium_1.cpp,TIME_LIMIT_EXCEEDED,271,84.69%,85.00%,2.420,2.328125,0,20.833333333333332,20.833333333333332,20.833333333333332,20.833333333333332,20.833333333333332,0,0,0,20.833333333333332,20.833333333333332,20.833333333333332,20.833333333333332,20.833333333333332,20.833333333333332,20.833333333333332,20.833333333333332
gold_Smaller_Averages_gpt-oss-120b-medium_2.cpp,TIME_LIMIT_EXCEEDED,271,84.69%,85.00%,2.420,2.328125,0,20.833333333333332,20.833333333333332,20.833333333333332,20.833333333333332,20.833333333333332,0,0,0,20.833333333333332,20.833333333333332,20.833333333333332,20.833333333333332,20.833333333333332,20.833333333333332,20.833333333333332,20.833333333333332
gold_Smaller_Averages_gpt-oss-120b-medium_3.cpp,TIME_LIMIT_EXCEEDED,271,84.69%,85.00%,2.460,3.359375,0,20.833333333333332,20.833333333333332,20.833333333333332,20.833333333333332,20.833333333333332,0,0,0,20.833333333333332,20.833333333333332,20.833333333333332,20.833333333333332,20.833333333333332,20.833333333333332,20.833333333333332,20.833333333333332
gold_Smaller_Averages_gpt-oss-120b-medium_5.cpp,TIME_LIMIT_EXCEEDED,104,32.50%,30.00%,2.420,2.328125,0,20.833333333333332,0,0,0,0,0,0,0,20.833333333333332,20.833333333333332,20.833333333333332,20.833333333333332,0,0,0,0
gold_Smaller_Averages_gpt-oss-120b-medium_6.cpp,RUNTIME_ERROR,0,0.00%,5.00%,0.750,3.359375,0,0,0,0,0,0,0,0,0,0,0,0,0,0,0,0,0
gold_Smaller_Averages_gpt-oss-120b-medium_7.cpp,TIME_LIMIT_EXCEEDED,271,84.69%,85.00%,2.410,2.33203125,0,20.833333333333332,20.833333333333332,20.833333333333332,20.833333333333332,20.833333333333332,0,0,0,20.833333333333332,20.833333333333332,20.833333333333332,20.833333333333332,20.833333333333332,20.833333333333332,20.833333333333332,20.833333333333332
