solution,status,score,relative_score,%test passed,time,memory,subtask_0,subtask_1,subtask_10,subtask_11,subtask_12,subtask_13,subtask_14,subtask_15,subtask_16,subtask_17,subtask_18,subtask_19,subtask_2,subtask_20,subtask_3,subtask_4,subtask_5,subtask_6,subtask_7,subtask_8,subtask_9
gold_Cowreography_gpt-oss-120b-medium_0.cpp,WRONG_ANSWER,100,31.25%,39.13%,0.050,3.49609375,0,16.666666666666664,0,0,0,16.666666666666664,0,0,16.666666666666664,0,16.666666666666664,16.666666666666664,16.666666666666664,0,0,0,0,0,0,0,0
gold_Cowreography_gpt-oss-120b-medium_1.cpp,WRONG_ANSWER,100,31.25%,39.13%,0.050,6.32421875,0,16.666666666666664,0,0,0,16.666666666666664,0,0,16.666666666666664,0,16.666666666666664,16.666666666666664,16.666666666666664,0,0,0,0,0,0,0,0
gold_Cowreography_gpt-oss-120b-medium_2.cpp,WRONG_ANSWER,100,31.25%,39.13%,0.050,3.65625,0,16.666666666666664,0,0,0,16.666666666666664,0,0,16.666666666666664,0,16.666666666666664,16.666666666666664,16.666666666666664,0,0,0,0,0,0,0,0
gold_Cowreography_gpt-oss-120b-medium_3.cpp,WRONG_ANSWER,50,15.62%,26.09%,0.090,23.6640625,0,16.666666666666664,0,0,0,0,0,0,0,0,16.666666666666664,0,16.666666666666664,0,0,0,0,0,0,0,0
gold_Cowreography_gpt-oss-120b-medium_4.cpp,WRONG_ANSWER,100,31.25%,39.13%,0.050,3.90625,0,16.666666666666664,0,0,0,16.666666666666664,0,0,16.666666666666664,0,16.666666666666664,16.666666666666664,16.666666666666664,0,0,0,0,0,0,0,0
gold_Cowreography_gpt-oss-120b-medium_5.cpp,WRONG_ANSWER,100,31.25%,39.13%,0.060,18.69921875,0,16.666666666666664,0,0,0,16.666666666666664,0,0,16.666666666666664,0,16.666666666666664,16.666666666666664,16.666666666666664,0,0,0,0,0,0,0,0
gold_Cowreography_gpt-oss-120b-medium_6.cpp,WRONG_ANSWER,100,31.25%,39.13%,0.060,11.09375,0,16.666666666666664,0,0,0,16.666666666666664,0,0,16.666666666666664,0,16.666666666666664,16.666666666666664,16.666666666666664,0,0,0,0,0,0,0,0
gold_Cowreography_gpt-oss-120b-medium_7.cpp,WRONG_ANSWER,100,31.25%,39.13%,0.050,11.63671875,0,16.666666666666664,0,0,0,16.666666666666664,0,0,16.666666666666664,0,16.666666666666664,16.666666666666664,16.666666666666664,0,0,0,0,0,0,0,0
