solution,status,score,relative_score,%test passed,time,memory,subtask_0,subtask_1,subtask_10,subtask_11,subtask_12,subtask_13,subtask_14,subtask_15,subtask_16,subtask_17,subtask_2,subtask_3,subtask_4,subtask_5,subtask_6,subtask_7,subtask_8,subtask_9
gold_Grass_Segments_gpt-oss-120b-medium_0.cpp,WRONG_ANSWER,118,36.53%,45.00%,0.170,21.140625,0,0,0,0,0,0,0,0,0,0,0,19.6078431372549,19.6078431372549,19.6078431372549,19.6078431372549,19.6078431372549,19.6078431372549,0
gold_Grass_Segments_gpt-oss-120b-medium_1.cpp,WRONG_ANSWER,118,36.53%,45.00%,0.240,17.27734375,0,0,0,0,0,0,0,0,0,0,0,19.6078431372549,19.6078431372549,19.6078431372549,19.6078431372549,19.6078431372549,19.6078431372549,0
gold_Grass_Segments_gpt-oss-120b-medium_2.cpp,ACCEPTED,333,103.10%,100.00%,0.230,30.9375,0,19.6078431372549,19.6078431372549,19.6078431372549,19.6078431372549,19.6078431372549,19.6078431372549,19.6078431372549,19.6078431372549,19.6078431372549,19.6078431372549,19.6078431372549,19.6078431372549,19.6078431372549,19.6078431372549,19.6078431372549,19.6078431372549,19.6078431372549
gold_Grass_Segments_gpt-oss-120b-medium_3.cpp,RUNTIME_ERROR,0,0.00%,0.00%,0.220,39.4453125,0,0,0,0,0,0,0,0,0,0,0,0,0,0,0,0,0,0
gold_Grass_Segments_gpt-oss-120b-medium_4.cpp,WRONG_ANSWER,118,36.53%,45.00%,0.180,21.91796875,0,0,0,0,0,0,0,0,0,0,0,19.6078431372549,19.6078431372549,19.6078431372549,19.6078431372549,19.6078431372549,19.6078431372549,0
gold_Grass_Segments_gpt-oss-120b-medium_5.cpp,WRONG_ANSWER,118,36.53%,45.00%,0.190,26.55859375,0,0,0,0,0,0,0,0,0,0,0,19.6078431372549,19.6078431372549,19.6078431372549,19.6078431372549,19.6078431372549,19.6078431372549,0
gold_Grass_Segments_gpt-oss-120b-medium_6.cpp,ACCEPTED,333,103.10%,100.00%,0.540,40.53515625,0,19.6078431372549,19.6078431372549,19.6078431372549,19.6078431372549,19.6078431372549,19.6078431372549,19.6078431372549,19.6078431372549,19.6078431372549,19.6078431372549,19.6078431372549,19.6078431372549,19.6078431372549,19.6078431372549,19.6078431372549,19.6078431372549,19.6078431372549
gold_Grass_Segments_gpt-oss-120b-medium_7.cpp,WRONG_ANSWER,118,36.53%,45.00%,0.170,21.91796875,0,0,0,0,0,0,0,0,0,0,0,19.6078431372549,19.6078431372549,19.6078431372549,19.6078431372549,19.6078431372549,19.6078431372549,0
