solution,status,score,relative_score,%test passed,time,memory,subtask_0,subtask_1,subtask_10,subtask_11,subtask_12,subtask_13,subtask_14,subtask_15,subtask_2,subtask_3,subtask_4,subtask_5,subtask_6,subtask_7,subtask_8,subtask_9
silver_The_Winning_Gene_gpt-oss-120b-medium_0.cpp,ACCEPTED,333,100.91%,100.00%,0.130,1.73828125,0,22.22222222222222,22.22222222222222,22.22222222222222,22.22222222222222,22.22222222222222,22.22222222222222,22.22222222222222,22.22222222222222,22.22222222222222,22.22222222222222,22.22222222222222,22.22222222222222,22.22222222222222,22.22222222222222,22.22222222222222
silver_The_Winning_Gene_gpt-oss-120b-medium_1.cpp,WRONG_ANSWER,44,13.33%,18.75%,0.330,1.55078125,0,22.22222222222222,0,0,0,0,0,0,0,0,0,0,0,22.22222222222222,0,0
silver_The_Winning_Gene_gpt-oss-120b-medium_2.cpp,WRONG_ANSWER,0,0.00%,0.00%,0.160,1.546875,0,0,0,0,0,0,0,0,0,0,0,0,0,0,0,0
silver_The_Winning_Gene_gpt-oss-120b-medium_3.cpp,WRONG_ANSWER,44,13.33%,12.50%,0.140,1.5546875,0,22.22222222222222,0,0,0,0,0,0,0,0,0,0,0,22.22222222222222,0,0
silver_The_Winning_Gene_gpt-oss-120b-medium_4.cpp,WRONG_ANSWER,44,13.33%,12.50%,0.390,1.8671875,0,22.22222222222222,0,0,0,0,0,0,0,0,0,0,0,22.22222222222222,0,0
silver_The_Winning_Gene_gpt-oss-120b-medium_5.cpp,WRONG_ANSWER,89,26.97%,25.00%,0.100,1.59765625,0,22.22222222222222,0,0,0,22.22222222222222,0,22.22222222222222,0,0,0,0,0,22.22222222222222,0,0
silver_The_Winning_Gene_gpt-oss-120b-medium_6.cpp,ACCEPTED,333,100.91%,100.00%,0.420,1.890625,0,22.22222222222222,22.22222222222222,22.22222222222222,22.22222222222222,22.22222222222222,22.22222222222222,22.22222222222222,22.22222222222222,22.22222222222222,22.22222222222222,22.22222222222222,22.22222222222222,22.22222222222222,22.22222222222222,22.22222222222222
silver_The_Winning_Gene_gpt-oss-120b-medium_7.cpp,ACCEPTED,333,100.91%,100.00%,0.480,1.87109375,0,22.22222222222222,22.22222222222222,22.22222222222222,22.22222222222222,22.22222222222222,22.22222222222222,22.22222222222222,22.22222222222222,22.22222222222222,22.22222222222222,22.22222222222222,22.22222222222222,22.22222222222222,22.22222222222222,22.22222222222222
