solution,status,score,relative_score,%test passed,time,memory,subtask_0,subtask_1,subtask_10,subtask_11,subtask_12,subtask_13,subtask_14,subtask_15,subtask_16,subtask_17,subtask_18,subtask_19,subtask_2,subtask_20,subtask_3,subtask_4,subtask_5,subtask_6,subtask_7,subtask_8,subtask_9
silver_Bessies_Interview_gpt-oss-120b-medium_0.cpp,WRONG_ANSWER,0,0.00%,4.76%,0.100,6.03125,0,0,0,0,0,0,0,0,0,0,0,0,0,0,0,0,0,0,0,0,0
silver_Bessies_Interview_gpt-oss-120b-medium_1.cpp,WRONG_ANSWER,0,0.00%,4.76%,0.090,4.6640625,0,0,0,0,0,0,0,0,0,0,0,0,0,0,0,0,0,0,0,0,0
silver_Bessies_Interview_gpt-oss-120b-medium_2.cpp,WRONG_ANSWER,0,0.00%,4.76%,0.090,9.23828125,0,0,0,0,0,0,0,0,0,0,0,0,0,0,0,0,0,0,0,0,0
silver_Bessies_Interview_gpt-oss-120b-medium_3.cpp,WRONG_ANSWER,133,41.56%,42.86%,0.330,45.21875,0,16.666666666666664,0,0,0,0,0,0,0,0,0,0,16.666666666666664,0,16.666666666666664,16.666666666666664,16.666666666666664,16.666666666666664,16.666666666666664,16.666666666666664,0
silver_Bessies_Interview_gpt-oss-120b-medium_4.cpp,TIME_LIMIT_EXCEEDED,133,41.56%,42.86%,2.440,5.57421875,0,16.666666666666664,0,0,0,0,0,0,0,0,0,0,16.666666666666664,0,16.666666666666664,16.666666666666664,16.666666666666664,16.666666666666664,16.666666666666664,16.666666666666664,0
silver_Bessies_Interview_gpt-oss-120b-medium_5.cpp,WRONG_ANSWER,0,0.00%,4.76%,0.090,4.66796875,0,0,0,0,0,0,0,0,0,0,0,0,0,0,0,0,0,0,0,0,0
silver_Bessies_Interview_gpt-oss-120b-medium_6.cpp,ACCEPTED,333,104.06%,100.00%,0.160,26.5703125,0,16.666666666666664,16.666666666666664,16.666666666666664,16.666666666666664,16.666666666666664,16.666666666666664,16.666666666666664,16.666666666666664,16.666666666666664,16.666666666666664,16.666666666666664,16.666666666666664,16.666666666666664,16.666666666666664,16.666666666666664,16.666666666666664,16.666666666666664,16.666666666666664,16.666666666666664,16.666666666666664
silver_Bessies_Interview_gpt-oss-120b-medium_7.cpp,TIME_LIMIT_EXCEEDED,17,5.31%,4.76%,2.420,4.91796875,0,16.666666666666664,0,0,0,0,0,0,0,0,0,0,0,0,0,0,0,0,0,0,0
