solution,status,score,%test passed,time,memory,subtask_0,subtask_1,subtask_10,subtask_11,subtask_2,subtask_3,subtask_4,subtask_5,subtask_6,subtask_7,subtask_8,subtask_9
bronze_Printing_Sequences_seed-oss_0.cpp,WRONG_ANSWER,30,15.38%,0.020,0.00390625,0,30.3030303030303,0,0,0,0,0,0,0,0,0,0
bronze_Printing_Sequences_seed-oss_1.cpp,WRONG_ANSWER,30,15.38%,0.060,0.00390625,0,30.3030303030303,0,0,0,0,0,0,0,0,0,0
bronze_Printing_Sequences_seed-oss_2.cpp,ACCEPTED,333,100.00%,0.170,1.55859375,0,30.3030303030303,30.3030303030303,30.3030303030303,30.3030303030303,30.3030303030303,30.3030303030303,30.3030303030303,30.3030303030303,30.3030303030303,30.3030303030303,30.3030303030303
bronze_Printing_Sequences_seed-oss_3.cpp,WRONG_ANSWER,30,15.38%,0.060,1.5546875,0,30.3030303030303,0,0,0,0,0,0,0,0,0,0
bronze_Printing_Sequences_seed-oss_4.cpp,WRONG_ANSWER,152,53.85%,0.160,1.5546875,0,30.3030303030303,0,0,30.3030303030303,30.3030303030303,30.3030303030303,30.3030303030303,0,0,0,0
bronze_Printing_Sequences_seed-oss_5.cpp,ACCEPTED,333,100.00%,0.110,1.5234375,0,30.3030303030303,30.3030303030303,30.3030303030303,30.3030303030303,30.3030303030303,30.3030303030303,30.3030303030303,30.3030303030303,30.3030303030303,30.3030303030303,30.3030303030303
bronze_Printing_Sequences_seed-oss_6.cpp,WRONG_ANSWER,152,46.15%,0.020,0.00390625,0,30.3030303030303,0,0,30.3030303030303,30.3030303030303,30.3030303030303,30.3030303030303,0,0,0,0
bronze_Printing_Sequences_seed-oss_7.cpp,ACCEPTED,333,100.00%,0.230,0.00390625,0,30.3030303030303,30.3030303030303,30.3030303030303,30.3030303030303,30.3030303030303,30.3030303030303,30.3030303030303,30.3030303030303,30.3030303030303,30.3030303030303,30.3030303030303
