solution,status,score,%test passed,time,memory,subtask_0,subtask_1,subtask_10,subtask_2,subtask_3,subtask_4,subtask_5,subtask_6,subtask_7,subtask_8,subtask_9
bronze_Cow_Checkups_Qwen3-8B_0.cpp,MEMORY_LIMIT_EXCEEDED,100,46.15%,0.110,306.2890625,0,33.33333333333333,0,33.33333333333333,33.33333333333333,0,0,0,0,0,0
bronze_Cow_Checkups_Qwen3-8B_1.cpp,ACCEPTED,333,100.00%,0.440,1.55859375,0,33.33333333333333,33.33333333333333,33.33333333333333,33.33333333333333,33.33333333333333,33.33333333333333,33.33333333333333,33.33333333333333,33.33333333333333,33.33333333333333
bronze_Cow_Checkups_Qwen3-8B_2.cpp,MEMORY_LIMIT_EXCEEDED,100,46.15%,0.110,306.03515625,0,33.33333333333333,0,33.33333333333333,33.33333333333333,0,0,0,0,0,0
bronze_Cow_Checkups_Qwen3-8B_3.cpp,TIME_LIMIT_EXCEEDED,300,92.31%,2.420,259.109375,0,33.33333333333333,0,33.33333333333333,33.33333333333333,33.33333333333333,33.33333333333333,33.33333333333333,33.33333333333333,33.33333333333333,33.33333333333333
bronze_Cow_Checkups_Qwen3-8B_4.cpp,ACCEPTED,333,100.00%,0.280,1.6640625,0,33.33333333333333,33.33333333333333,33.33333333333333,33.33333333333333,33.33333333333333,33.33333333333333,33.33333333333333,33.33333333333333,33.33333333333333,33.33333333333333
bronze_Cow_Checkups_Qwen3-8B_5.cpp,MEMORY_LIMIT_EXCEEDED,100,46.15%,0.110,306.29296875,0,33.33333333333333,0,33.33333333333333,33.33333333333333,0,0,0,0,0,0
bronze_Cow_Checkups_Qwen3-8B_6.cpp,ACCEPTED,333,100.00%,0.420,1.66015625,0,33.33333333333333,33.33333333333333,33.33333333333333,33.33333333333333,33.33333333333333,33.33333333333333,33.33333333333333,33.33333333333333,33.33333333333333,33.33333333333333
bronze_Cow_Checkups_Qwen3-8B_7.cpp,ACCEPTED,333,100.00%,0.440,1.6640625,0,33.33333333333333,33.33333333333333,33.33333333333333,33.33333333333333,33.33333333333333,33.33333333333333,33.33333333333333,33.33333333333333,33.33333333333333,33.33333333333333
