solution,status,score,%test passed,time,memory,subtask_0,subtask_1,subtask_10,subtask_11,subtask_12,subtask_13,subtask_14,subtask_15,subtask_16,subtask_17,subtask_18,subtask_19,subtask_2,subtask_20,subtask_3,subtask_4,subtask_5,subtask_6,subtask_7,subtask_8,subtask_9
silver_Cow_Checkups_Qwen3-8B_0.cpp,ACCEPTED,333,100.00%,0.310,53.6328125,0,16.666666666666664,16.666666666666664,16.666666666666664,16.666666666666664,16.666666666666664,16.666666666666664,16.666666666666664,16.666666666666664,16.666666666666664,16.666666666666664,16.666666666666664,16.666666666666664,16.666666666666664,16.666666666666664,16.666666666666664,16.666666666666664,16.666666666666664,16.666666666666664,16.666666666666664,16.666666666666664
silver_Cow_Checkups_Qwen3-8B_1.cpp,TIME_LIMIT_EXCEEDED,100,39.13%,2.420,26.30859375,0,16.666666666666664,0,0,0,0,0,0,0,0,0,0,16.666666666666664,0,16.666666666666664,16.666666666666664,16.666666666666664,16.666666666666664,0,0,0
silver_Cow_Checkups_Qwen3-8B_2.cpp,ACCEPTED,333,100.00%,0.200,53.6328125,0,16.666666666666664,16.666666666666664,16.666666666666664,16.666666666666664,16.666666666666664,16.666666666666664,16.666666666666664,16.666666666666664,16.666666666666664,16.666666666666664,16.666666666666664,16.666666666666664,16.666666666666664,16.666666666666664,16.666666666666664,16.666666666666664,16.666666666666664,16.666666666666664,16.666666666666664,16.666666666666664
silver_Cow_Checkups_Qwen3-8B_3.cpp,TIME_LIMIT_EXCEEDED,67,30.43%,2.420,26.30859375,0,16.666666666666664,0,0,0,0,0,0,0,0,0,0,16.666666666666664,0,0,0,16.666666666666664,16.666666666666664,0,0,0
silver_Cow_Checkups_Qwen3-8B_4.cpp,TIME_LIMIT_EXCEEDED,100,39.13%,2.420,38.9375,0,16.666666666666664,0,0,0,0,0,0,0,0,0,0,16.666666666666664,0,16.666666666666664,16.666666666666664,16.666666666666664,16.666666666666664,0,0,0
silver_Cow_Checkups_Qwen3-8B_5.cpp,TIME_LIMIT_EXCEEDED,150,52.17%,2.410,26.30859375,0,16.666666666666664,0,0,0,16.666666666666664,0,0,0,16.666666666666664,0,0,16.666666666666664,16.666666666666664,16.666666666666664,16.666666666666664,16.666666666666664,16.666666666666664,0,0,0
silver_Cow_Checkups_Qwen3-8B_6.cpp,TIME_LIMIT_EXCEEDED,0,8.70%,2.420,26.30859375,0,0,0,0,0,0,0,0,0,0,0,0,0,0,0,0,0,0,0,0,0
silver_Cow_Checkups_Qwen3-8B_7.cpp,WRONG_ANSWER,67,30.43%,0.310,62.0859375,0,16.666666666666664,0,0,0,0,0,0,0,0,0,0,16.666666666666664,0,0,0,16.666666666666664,16.666666666666664,0,0,0
