solution,status,score,%test passed,time,memory,subtask_0,subtask_1,subtask_10,subtask_11,subtask_12,subtask_13,subtask_14,subtask_15,subtask_16,subtask_17,subtask_18,subtask_2,subtask_3,subtask_4,subtask_5,subtask_6,subtask_7,subtask_8,subtask_9
silver_Moo_Route_II_seed-oss_0.cpp,COMPILATION_ERROR,0,0.00%,0.000,0,0,0,0,0,0,0,0,0,0,0,0,0,0,0,0,0,0,0,0
silver_Moo_Route_II_seed-oss_1.cpp,MEMORY_LIMIT_EXCEEDED,204,65.00%,0.390,176.83984375,0,18.51851851851852,18.51851851851852,18.51851851851852,0,0,0,0,0,0,0,18.51851851851852,18.51851851851852,18.51851851851852,18.51851851851852,18.51851851851852,18.51851851851852,18.51851851851852,18.51851851851852
silver_Moo_Route_II_seed-oss_2.cpp,RUNTIME_ERROR,0,0.00%,0.130,18.4296875,0,0,0,0,0,0,0,0,0,0,0,0,0,0,0,0,0,0,0
silver_Moo_Route_II_seed-oss_3.cpp,RUNTIME_ERROR,0,0.00%,0.120,15.9921875,0,0,0,0,0,0,0,0,0,0,0,0,0,0,0,0,0,0,0
silver_Moo_Route_II_seed-oss_4.cpp,RUNTIME_ERROR,19,5.00%,0.120,15.14453125,0,0,0,0,0,0,0,0,0,0,0,0,0,0,0,0,0,0,18.51851851851852
silver_Moo_Route_II_seed-oss_5.cpp,RUNTIME_ERROR,37,10.00%,0.120,15.9921875,0,0,18.51851851851852,0,0,0,0,0,0,0,0,0,0,0,0,0,0,0,18.51851851851852
silver_Moo_Route_II_seed-oss_6.cpp,TIME_LIMIT_EXCEEDED,204,65.00%,4.840,22.42578125,0,18.51851851851852,18.51851851851852,18.51851851851852,0,0,0,0,0,0,0,18.51851851851852,18.51851851851852,18.51851851851852,18.51851851851852,18.51851851851852,18.51851851851852,18.51851851851852,18.51851851851852
silver_Moo_Route_II_seed-oss_7.cpp,TIME_LIMIT_EXCEEDED,204,65.00%,4.820,15.21875,0,18.51851851851852,18.51851851851852,18.51851851851852,0,0,0,0,0,0,0,18.51851851851852,18.51851851851852,18.51851851851852,18.51851851851852,18.51851851851852,18.51851851851852,18.51851851851852,18.51851851851852
