solution,status,score,%test passed,time,memory,subtask_0,subtask_1,subtask_2
j3_gpt-4.1_0.cpp,ACCEPTED,15,100.00%,0.090,0.00390625,6,7,2
j3_gpt-4.1_1.cpp,ACCEPTED,15,100.00%,0.090,0.00390625,6,7,2
j3_gpt-4.1_2.cpp,ACCEPTED,15,100.00%,0.100,0.00390625,6,7,2
j3_gpt-4.1_3.cpp,ACCEPTED,15,100.00%,0.090,0.00390625,6,7,2
j3_gpt-4.1_4.cpp,ACCEPTED,15,100.00%,0.080,0.00390625,6,7,2
j3_gpt-4.1_5.cpp,ACCEPTED,15,100.00%,0.070,0.00390625,6,7,2
j3_gpt-4.1_6.cpp,ACCEPTED,15,100.00%,0.090,0.00390625,6,7,2
j3_gpt-4.1_7.cpp,ACCEPTED,15,100.00%,0.090,0.00390625,6,7,2
