solution,status,score,%test passed,time,memory,subtask_0,subtask_1,subtask_10,subtask_2,subtask_3,subtask_4,subtask_5,subtask_6,subtask_7,subtask_8,subtask_9
silver_Compatible_Pairs_gemini-2.5-pro_0.cpp,WRONG_ANSWER,67,33.33%,0.240,16.50390625,0,33.33333333333333,0,33.33333333333333,0,0,0,0,0,0,0
silver_Compatible_Pairs_gemini-2.5-pro_1.cpp,RUNTIME_ERROR,67,16.67%,0.510,24.140625,0,33.33333333333333,0,33.33333333333333,0,0,0,0,0,0,0
silver_Compatible_Pairs_gemini-2.5-pro_2.cpp,ACCEPTED,333,100.00%,0.250,13.671875,0,33.33333333333333,33.33333333333333,33.33333333333333,33.33333333333333,33.33333333333333,33.33333333333333,33.33333333333333,33.33333333333333,33.33333333333333,33.33333333333333
silver_Compatible_Pairs_gemini-2.5-pro_3.cpp,WRONG_ANSWER,67,33.33%,0.320,15.21484375,0,33.33333333333333,0,33.33333333333333,0,0,0,0,0,0,0
silver_Compatible_Pairs_gemini-2.5-pro_4.cpp,WRONG_ANSWER,67,33.33%,0.480,31.10546875,0,33.33333333333333,0,33.33333333333333,0,0,0,0,0,0,0
silver_Compatible_Pairs_gemini-2.5-pro_5.cpp,WRONG_ANSWER,67,33.33%,0.290,13.671875,0,33.33333333333333,0,33.33333333333333,0,0,0,0,0,0,0
silver_Compatible_Pairs_gemini-2.5-pro_6.cpp,WRONG_ANSWER,67,33.33%,0.270,13.671875,0,33.33333333333333,0,33.33333333333333,0,0,0,0,0,0,0
silver_Compatible_Pairs_gemini-2.5-pro_7.cpp,WRONG_ANSWER,67,33.33%,0.330,15.23828125,0,33.33333333333333,0,33.33333333333333,0,0,0,0,0,0,0
