solution,status,score,%test passed,time,memory,subtask_0,subtask_1,subtask_10,subtask_11,subtask_2,subtask_3,subtask_4,subtask_5,subtask_6,subtask_7,subtask_8,subtask_9
bronze_Printing_Sequences_gemini-2.5-flash_0.cpp,WRONG_ANSWER,30,15.38%,0.220,1.5546875,0,30.3030303030303,0,0,0,0,0,0,0,0,0,0
bronze_Printing_Sequences_gemini-2.5-flash_1.cpp,ACCEPTED,333,100.00%,0.140,1.578125,0,30.3030303030303,30.3030303030303,30.3030303030303,30.3030303030303,30.3030303030303,30.3030303030303,30.3030303030303,30.3030303030303,30.3030303030303,30.3030303030303,30.3030303030303
bronze_Printing_Sequences_gemini-2.5-flash_2.cpp,ACCEPTED,333,100.00%,0.090,0.00390625,0,30.3030303030303,30.3030303030303,30.3030303030303,30.3030303030303,30.3030303030303,30.3030303030303,30.3030303030303,30.3030303030303,30.3030303030303,30.3030303030303,30.3030303030303
bronze_Printing_Sequences_gemini-2.5-flash_3.cpp,ACCEPTED,333,100.00%,0.150,1.55859375,0,30.3030303030303,30.3030303030303,30.3030303030303,30.3030303030303,30.3030303030303,30.3030303030303,30.3030303030303,30.3030303030303,30.3030303030303,30.3030303030303,30.3030303030303
bronze_Printing_Sequences_gemini-2.5-flash_4.cpp,ACCEPTED,333,100.00%,0.120,0.00390625,0,30.3030303030303,30.3030303030303,30.3030303030303,30.3030303030303,30.3030303030303,30.3030303030303,30.3030303030303,30.3030303030303,30.3030303030303,30.3030303030303,30.3030303030303
bronze_Printing_Sequences_gemini-2.5-flash_5.cpp,ACCEPTED,333,100.00%,0.210,1.55859375,0,30.3030303030303,30.3030303030303,30.3030303030303,30.3030303030303,30.3030303030303,30.3030303030303,30.3030303030303,30.3030303030303,30.3030303030303,30.3030303030303,30.3030303030303
bronze_Printing_Sequences_gemini-2.5-flash_6.cpp,ACCEPTED,333,100.00%,0.080,0.00390625,0,30.3030303030303,30.3030303030303,30.3030303030303,30.3030303030303,30.3030303030303,30.3030303030303,30.3030303030303,30.3030303030303,30.3030303030303,30.3030303030303,30.3030303030303
bronze_Printing_Sequences_gemini-2.5-flash_7.cpp,ACCEPTED,333,100.00%,0.100,0.00390625,0,30.3030303030303,30.3030303030303,30.3030303030303,30.3030303030303,30.3030303030303,30.3030303030303,30.3030303030303,30.3030303030303,30.3030303030303,30.3030303030303,30.3030303030303
