solution,status,score,%test passed,time,memory,subtask_0,subtask_1,subtask_10,subtask_11,subtask_12,subtask_13,subtask_14,subtask_15,subtask_2,subtask_3,subtask_4,subtask_5,subtask_6,subtask_7,subtask_8,subtask_9
silver_Vocabulary_Quiz_gemini-2.5-flash_0.cpp,TIME_LIMIT_EXCEEDED,0,0.00%,2.280,70.65234375,0,0,0,0,0,0,0,0,0,0,0,0,0,0,0,0
silver_Vocabulary_Quiz_gemini-2.5-flash_1.cpp,TIME_LIMIT_EXCEEDED,111,44.44%,2.260,151.578125,0,0,0,0,0,0,0,0,0,22.22222222222222,22.22222222222222,22.22222222222222,22.22222222222222,22.22222222222222,0,0
silver_Vocabulary_Quiz_gemini-2.5-flash_2.cpp,TIME_LIMIT_EXCEEDED,111,44.44%,2.250,222.44921875,0,0,0,0,0,0,0,0,0,22.22222222222222,22.22222222222222,22.22222222222222,22.22222222222222,22.22222222222222,0,0
silver_Vocabulary_Quiz_gemini-2.5-flash_3.cpp,RUNTIME_ERROR,0,0.00%,2.180,204.96484375,0,0,0,0,0,0,0,0,0,0,0,0,0,0,0,0
silver_Vocabulary_Quiz_gemini-2.5-flash_4.cpp,RUNTIME_ERROR,0,0.00%,1.350,173.00390625,0,0,0,0,0,0,0,0,0,0,0,0,0,0,0,0
silver_Vocabulary_Quiz_gemini-2.5-flash_5.cpp,RUNTIME_ERROR,0,0.00%,1.500,169.1328125,0,0,0,0,0,0,0,0,0,0,0,0,0,0,0,0
silver_Vocabulary_Quiz_gemini-2.5-flash_6.cpp,ACCEPTED,333,100.00%,1.540,159.28515625,0,22.22222222222222,22.22222222222222,22.22222222222222,22.22222222222222,22.22222222222222,22.22222222222222,22.22222222222222,22.22222222222222,22.22222222222222,22.22222222222222,22.22222222222222,22.22222222222222,22.22222222222222,22.22222222222222,22.22222222222222
silver_Vocabulary_Quiz_gemini-2.5-flash_7.cpp,RUNTIME_ERROR,0,0.00%,1.370,166.5546875,0,0,0,0,0,0,0,0,0,0,0,0,0,0,0,0
