solution,status,score,%test passed,time,memory,subtask_0,subtask_1,subtask_10,subtask_2,subtask_3,subtask_4,subtask_5,subtask_6,subtask_7,subtask_8,subtask_9
bronze_Farmer_Johns_Favorite_Permutation_gpt-oss-120b-high_1.cpp,ACCEPTED,333,100.00%,0.600,7.8359375,0,33.33333333333333,33.33333333333333,33.33333333333333,33.33333333333333,33.33333333333333,33.33333333333333,33.33333333333333,33.33333333333333,33.33333333333333,33.33333333333333
bronze_Farmer_Johns_Favorite_Permutation_gpt-oss-120b-high_3.cpp,ACCEPTED,333,100.00%,0.750,7.859375,0,33.33333333333333,33.33333333333333,33.33333333333333,33.33333333333333,33.33333333333333,33.33333333333333,33.33333333333333,33.33333333333333,33.33333333333333,33.33333333333333
bronze_Farmer_Johns_Favorite_Permutation_gpt-oss-120b-high_5.cpp,WRONG_ANSWER,0,0.00%,0.280,15.97265625,0,0,0,0,0,0,0,0,0,0,0
bronze_Farmer_Johns_Favorite_Permutation_gpt-oss-120b-high_6.cpp,MEMORY_LIMIT_EXCEEDED,0,0.00%,0.500,25.45703125,0,0,0,0,0,0,0,0,0,0,0
