solution,status,score,%test passed,time,memory,subtask_0,subtask_1,subtask_10,subtask_2,subtask_3,subtask_4,subtask_5,subtask_6,subtask_7,subtask_8,subtask_9
bronze_Walking_Along_a_Fence_gpt-oss-120b-high_0.cpp,ACCEPTED,333,100.00%,0.110,10.58203125,0,33.33333333333333,33.33333333333333,33.33333333333333,33.33333333333333,33.33333333333333,33.33333333333333,33.33333333333333,33.33333333333333,33.33333333333333,33.33333333333333
bronze_Walking_Along_a_Fence_gpt-oss-120b-high_1.cpp,ACCEPTED,333,100.00%,0.130,15.99609375,0,33.33333333333333,33.33333333333333,33.33333333333333,33.33333333333333,33.33333333333333,33.33333333333333,33.33333333333333,33.33333333333333,33.33333333333333,33.33333333333333
bronze_Walking_Along_a_Fence_gpt-oss-120b-high_2.cpp,ACCEPTED,333,100.00%,0.090,6.71875,0,33.33333333333333,33.33333333333333,33.33333333333333,33.33333333333333,33.33333333333333,33.33333333333333,33.33333333333333,33.33333333333333,33.33333333333333,33.33333333333333
bronze_Walking_Along_a_Fence_gpt-oss-120b-high_3.cpp,ACCEPTED,333,100.00%,0.110,10.58203125,0,33.33333333333333,33.33333333333333,33.33333333333333,33.33333333333333,33.33333333333333,33.33333333333333,33.33333333333333,33.33333333333333,33.33333333333333,33.33333333333333
bronze_Walking_Along_a_Fence_gpt-oss-120b-high_4.cpp,ACCEPTED,333,100.00%,0.100,6.71484375,0,33.33333333333333,33.33333333333333,33.33333333333333,33.33333333333333,33.33333333333333,33.33333333333333,33.33333333333333,33.33333333333333,33.33333333333333,33.33333333333333
bronze_Walking_Along_a_Fence_gpt-oss-120b-high_5.cpp,ACCEPTED,333,100.00%,0.110,7.73046875,0,33.33333333333333,33.33333333333333,33.33333333333333,33.33333333333333,33.33333333333333,33.33333333333333,33.33333333333333,33.33333333333333,33.33333333333333,33.33333333333333
bronze_Walking_Along_a_Fence_gpt-oss-120b-high_6.cpp,ACCEPTED,333,100.00%,0.110,13.66796875,0,33.33333333333333,33.33333333333333,33.33333333333333,33.33333333333333,33.33333333333333,33.33333333333333,33.33333333333333,33.33333333333333,33.33333333333333,33.33333333333333
bronze_Walking_Along_a_Fence_gpt-oss-120b-high_7.cpp,ACCEPTED,333,100.00%,0.110,8.7734375,0,33.33333333333333,33.33333333333333,33.33333333333333,33.33333333333333,33.33333333333333,33.33333333333333,33.33333333333333,33.33333333333333,33.33333333333333,33.33333333333333
