solution,status,score,%test passed,time,memory,subtask_0,subtask_1,subtask_10,subtask_11,subtask_12,subtask_13,subtask_14,subtask_15,subtask_16,subtask_2,subtask_3,subtask_4,subtask_5,subtask_6,subtask_7,subtask_8,subtask_9
gold_Smaller_Averages_gpt-oss-120b-high_0.cpp,ACCEPTED,333,100.00%,2.320,4.44921875,0,20.833333333333332,20.833333333333332,20.833333333333332,20.833333333333332,20.833333333333332,20.833333333333332,20.833333333333332,20.833333333333332,20.833333333333332,20.833333333333332,20.833333333333332,20.833333333333332,20.833333333333332,20.833333333333332,20.833333333333332,20.833333333333332
gold_Smaller_Averages_gpt-oss-120b-high_1.cpp,TIME_LIMIT_EXCEEDED,271,85.00%,2.430,2.4375,0,20.833333333333332,20.833333333333332,20.833333333333332,20.833333333333332,20.833333333333332,0,0,0,20.833333333333332,20.833333333333332,20.833333333333332,20.833333333333332,20.833333333333332,20.833333333333332,20.833333333333332,20.833333333333332
gold_Smaller_Averages_gpt-oss-120b-high_2.cpp,TIME_LIMIT_EXCEEDED,271,85.00%,2.440,2.17578125,0,20.833333333333332,20.833333333333332,20.833333333333332,20.833333333333332,20.833333333333332,0,0,0,20.833333333333332,20.833333333333332,20.833333333333332,20.833333333333332,20.833333333333332,20.833333333333332,20.833333333333332,20.833333333333332
gold_Smaller_Averages_gpt-oss-120b-high_5.cpp,TIME_LIMIT_EXCEEDED,271,85.00%,2.420,2.3046875,0,20.833333333333332,20.833333333333332,20.833333333333332,20.833333333333332,20.833333333333332,0,0,0,20.833333333333332,20.833333333333332,20.833333333333332,20.833333333333332,20.833333333333332,20.833333333333332,20.833333333333332,20.833333333333332
gold_Smaller_Averages_gpt-oss-120b-high_6.cpp,TIME_LIMIT_EXCEEDED,271,85.00%,2.450,2.328125,0,20.833333333333332,20.833333333333332,20.833333333333332,20.833333333333332,20.833333333333332,0,0,0,20.833333333333332,20.833333333333332,20.833333333333332,20.833333333333332,20.833333333333332,20.833333333333332,20.833333333333332,20.833333333333332
gold_Smaller_Averages_gpt-oss-120b-high_7.cpp,ACCEPTED,333,100.00%,1.490,3.421875,0,20.833333333333332,20.833333333333332,20.833333333333332,20.833333333333332,20.833333333333332,20.833333333333332,20.833333333333332,20.833333333333332,20.833333333333332,20.833333333333332,20.833333333333332,20.833333333333332,20.833333333333332,20.833333333333332,20.833333333333332,20.833333333333332
