solution,status,score,%test passed,time,memory,subtask_0,subtask_1,subtask_10,subtask_11,subtask_12,subtask_13,subtask_14,subtask_15,subtask_2,subtask_3,subtask_4,subtask_5,subtask_6,subtask_7,subtask_8,subtask_9
silver_The_Winning_Gene_gpt-oss-120b-high_0.cpp,ACCEPTED,333,100.00%,0.440,1.6640625,0,22.22222222222222,22.22222222222222,22.22222222222222,22.22222222222222,22.22222222222222,22.22222222222222,22.22222222222222,22.22222222222222,22.22222222222222,22.22222222222222,22.22222222222222,22.22222222222222,22.22222222222222,22.22222222222222,22.22222222222222
silver_The_Winning_Gene_gpt-oss-120b-high_2.cpp,ACCEPTED,333,100.00%,0.190,53.2265625,0,22.22222222222222,22.22222222222222,22.22222222222222,22.22222222222222,22.22222222222222,22.22222222222222,22.22222222222222,22.22222222222222,22.22222222222222,22.22222222222222,22.22222222222222,22.22222222222222,22.22222222222222,22.22222222222222,22.22222222222222
silver_The_Winning_Gene_gpt-oss-120b-high_4.cpp,WRONG_ANSWER,0,0.00%,0.140,1.60546875,0,0,0,0,0,0,0,0,0,0,0,0,0,0,0,0
silver_The_Winning_Gene_gpt-oss-120b-high_5.cpp,ACCEPTED,333,100.00%,0.490,1.8828125,0,22.22222222222222,22.22222222222222,22.22222222222222,22.22222222222222,22.22222222222222,22.22222222222222,22.22222222222222,22.22222222222222,22.22222222222222,22.22222222222222,22.22222222222222,22.22222222222222,22.22222222222222,22.22222222222222,22.22222222222222
silver_The_Winning_Gene_gpt-oss-120b-high_6.cpp,ACCEPTED,333,100.00%,0.130,1.81640625,0,22.22222222222222,22.22222222222222,22.22222222222222,22.22222222222222,22.22222222222222,22.22222222222222,22.22222222222222,22.22222222222222,22.22222222222222,22.22222222222222,22.22222222222222,22.22222222222222,22.22222222222222,22.22222222222222,22.22222222222222
silver_The_Winning_Gene_gpt-oss-120b-high_7.cpp,ACCEPTED,333,100.00%,0.130,1.8828125,0,22.22222222222222,22.22222222222222,22.22222222222222,22.22222222222222,22.22222222222222,22.22222222222222,22.22222222222222,22.22222222222222,22.22222222222222,22.22222222222222,22.22222222222222,22.22222222222222,22.22222222222222,22.22222222222222,22.22222222222222
