solution,status,score,%test passed,time,memory,subtask_0,subtask_1,subtask_10,subtask_11,subtask_12,subtask_13,subtask_14,subtask_15,subtask_2,subtask_3,subtask_4,subtask_5,subtask_6,subtask_7,subtask_8,subtask_9
bronze_Reflection_Qwen3-4B_0.cpp,ACCEPTED,333,100.00%,0.310,20.62890625,0,22.22222222222222,22.22222222222222,22.22222222222222,22.22222222222222,22.22222222222222,22.22222222222222,22.22222222222222,22.22222222222222,22.22222222222222,22.22222222222222,22.22222222222222,22.22222222222222,22.22222222222222,22.22222222222222,22.22222222222222
bronze_Reflection_Qwen3-4B_1.cpp,TIME_LIMIT_EXCEEDED,0,0.00%,2.430,8.7734375,0,0,0,0,0,0,0,0,0,0,0,0,0,0,0,0
bronze_Reflection_Qwen3-4B_2.cpp,WRONG_ANSWER,0,0.00%,0.190,12.640625,0,0,0,0,0,0,0,0,0,0,0,0,0,0,0,0
bronze_Reflection_Qwen3-4B_3.cpp,WRONG_ANSWER,0,0.00%,0.210,9.03125,0,0,0,0,0,0,0,0,0,0,0,0,0,0,0,0
bronze_Reflection_Qwen3-4B_4.cpp,WRONG_ANSWER,0,0.00%,0.210,39.1953125,0,0,0,0,0,0,0,0,0,0,0,0,0,0,0,0
bronze_Reflection_Qwen3-4B_5.cpp,ACCEPTED,333,100.00%,0.200,12.8984375,0,22.22222222222222,22.22222222222222,22.22222222222222,22.22222222222222,22.22222222222222,22.22222222222222,22.22222222222222,22.22222222222222,22.22222222222222,22.22222222222222,22.22222222222222,22.22222222222222,22.22222222222222,22.22222222222222,22.22222222222222
bronze_Reflection_Qwen3-4B_6.cpp,ACCEPTED,333,100.00%,0.130,20.37109375,0,22.22222222222222,22.22222222222222,22.22222222222222,22.22222222222222,22.22222222222222,22.22222222222222,22.22222222222222,22.22222222222222,22.22222222222222,22.22222222222222,22.22222222222222,22.22222222222222,22.22222222222222,22.22222222222222,22.22222222222222
bronze_Reflection_Qwen3-4B_7.cpp,TIME_LIMIT_EXCEEDED,0,0.00%,2.420,5.1640625,0,0,0,0,0,0,0,0,0,0,0,0,0,0,0,0
