solution,status,score,%test passed,time,memory,subtask_0,subtask_1,subtask_10,subtask_11,subtask_12,subtask_13,subtask_14,subtask_15,subtask_2,subtask_3,subtask_4,subtask_5,subtask_6,subtask_7,subtask_8,subtask_9
bronze_Leaders_Llama-4-Scout_0.cpp,TIME_LIMIT_EXCEEDED,244,76.47%,2.420,2.94921875,0,22.22222222222222,0,0,0,22.22222222222222,22.22222222222222,22.22222222222222,22.22222222222222,22.22222222222222,22.22222222222222,22.22222222222222,22.22222222222222,22.22222222222222,22.22222222222222,0
bronze_Leaders_Llama-4-Scout_1.cpp,TIME_LIMIT_EXCEEDED,0,0.00%,2.420,4.33984375,0,0,0,0,0,0,0,0,0,0,0,0,0,0,0,0
bronze_Leaders_Llama-4-Scout_2.cpp,TIME_LIMIT_EXCEEDED,244,76.47%,2.410,2.94921875,0,22.22222222222222,0,0,0,22.22222222222222,22.22222222222222,22.22222222222222,22.22222222222222,22.22222222222222,22.22222222222222,22.22222222222222,22.22222222222222,22.22222222222222,22.22222222222222,0
bronze_Leaders_Llama-4-Scout_3.cpp,TIME_LIMIT_EXCEEDED,0,0.00%,2.420,2.56640625,0,0,0,0,0,0,0,0,0,0,0,0,0,0,0,0
bronze_Leaders_Llama-4-Scout_4.cpp,TIME_LIMIT_EXCEEDED,200,64.71%,2.410,2.94921875,0,22.22222222222222,0,0,0,0,0,22.22222222222222,22.22222222222222,22.22222222222222,22.22222222222222,22.22222222222222,22.22222222222222,22.22222222222222,22.22222222222222,0
bronze_Leaders_Llama-4-Scout_5.cpp,TIME_LIMIT_EXCEEDED,222,70.59%,2.420,2.94921875,0,22.22222222222222,0,0,0,22.22222222222222,0,22.22222222222222,22.22222222222222,22.22222222222222,22.22222222222222,22.22222222222222,22.22222222222222,22.22222222222222,22.22222222222222,0
bronze_Leaders_Llama-4-Scout_6.cpp,TIME_LIMIT_EXCEEDED,244,76.47%,2.410,2.953125,0,22.22222222222222,0,0,0,22.22222222222222,22.22222222222222,22.22222222222222,22.22222222222222,22.22222222222222,22.22222222222222,22.22222222222222,22.22222222222222,22.22222222222222,22.22222222222222,0
bronze_Leaders_Llama-4-Scout_7.cpp,TIME_LIMIT_EXCEEDED,244,76.47%,2.420,2.94921875,0,22.22222222222222,0,0,0,22.22222222222222,22.22222222222222,22.22222222222222,22.22222222222222,22.22222222222222,22.22222222222222,22.22222222222222,22.22222222222222,22.22222222222222,22.22222222222222,0
