solution,status,score,%test passed,time,memory,subtask_0,subtask_1,subtask_10,subtask_11,subtask_12,subtask_13,subtask_14,subtask_15,subtask_2,subtask_3,subtask_4,subtask_5,subtask_6,subtask_7,subtask_8,subtask_9
bronze_Farmer_Johns_Cheese_Block_gpt-4.1_0.cpp,ACCEPTED,333,100.00%,0.320,200.0703125,0,22.22222222222222,22.22222222222222,22.22222222222222,22.22222222222222,22.22222222222222,22.22222222222222,22.22222222222222,22.22222222222222,22.22222222222222,22.22222222222222,22.22222222222222,22.22222222222222,22.22222222222222,22.22222222222222,22.22222222222222
bronze_Farmer_Johns_Cheese_Block_gpt-4.1_1.cpp,RUNTIME_ERROR,0,0.00%,0.000,0,0,0,0,0,0,0,0,0,0,0,0,0,0,0,0,0
bronze_Farmer_Johns_Cheese_Block_gpt-4.1_2.cpp,MEMORY_LIMIT_EXCEEDED,178,56.25%,0.170,123.50390625,0,22.22222222222222,0,0,0,0,22.22222222222222,22.22222222222222,22.22222222222222,22.22222222222222,22.22222222222222,22.22222222222222,22.22222222222222,0,0,0
bronze_Farmer_Johns_Cheese_Block_gpt-4.1_3.cpp,ACCEPTED,333,100.00%,0.250,25.015625,0,22.22222222222222,22.22222222222222,22.22222222222222,22.22222222222222,22.22222222222222,22.22222222222222,22.22222222222222,22.22222222222222,22.22222222222222,22.22222222222222,22.22222222222222,22.22222222222222,22.22222222222222,22.22222222222222,22.22222222222222
bronze_Farmer_Johns_Cheese_Block_gpt-4.1_4.cpp,COMPILATION_ERROR,0,0.00%,0.000,0,0,0,0,0,0,0,0,0,0,0,0,0,0,0,0,0
bronze_Farmer_Johns_Cheese_Block_gpt-4.1_5.cpp,ACCEPTED,333,100.00%,0.230,124.61328125,0,22.22222222222222,22.22222222222222,22.22222222222222,22.22222222222222,22.22222222222222,22.22222222222222,22.22222222222222,22.22222222222222,22.22222222222222,22.22222222222222,22.22222222222222,22.22222222222222,22.22222222222222,22.22222222222222,22.22222222222222
bronze_Farmer_Johns_Cheese_Block_gpt-4.1_6.cpp,MEMORY_LIMIT_EXCEEDED,156,50.00%,0.390,280.8984375,0,22.22222222222222,0,0,0,0,22.22222222222222,0,22.22222222222222,22.22222222222222,22.22222222222222,22.22222222222222,22.22222222222222,0,0,0
bronze_Farmer_Johns_Cheese_Block_gpt-4.1_7.cpp,RUNTIME_ERROR,0,0.00%,0.000,0,0,0,0,0,0,0,0,0,0,0,0,0,0,0,0,0
