solution,status,score,%test passed,time,memory,subtask_0,subtask_1,subtask_10,subtask_2,subtask_3,subtask_4,subtask_5,subtask_6,subtask_7,subtask_8,subtask_9
bronze_Its_Mooin_Time_II_deepseek-reasoner_0.cpp,WRONG_ANSWER,0,9.09%,0.470,36.75,0,0,0,0,0,0,0,0,0,0,0
bronze_Its_Mooin_Time_II_deepseek-reasoner_1.cpp,WRONG_ANSWER,0,9.09%,0.110,5.109375,0,0,0,0,0,0,0,0,0,0,0
bronze_Its_Mooin_Time_II_deepseek-reasoner_2.cpp,WRONG_ANSWER,0,9.09%,0.270,31.6640625,0,0,0,0,0,0,0,0,0,0,0
bronze_Its_Mooin_Time_II_deepseek-reasoner_3.cpp,ACCEPTED,333,100.00%,0.340,35.33984375,0,33.33333333333333,33.33333333333333,33.33333333333333,33.33333333333333,33.33333333333333,33.33333333333333,33.33333333333333,33.33333333333333,33.33333333333333,33.33333333333333
bronze_Its_Mooin_Time_II_deepseek-reasoner_4.cpp,WRONG_ANSWER,0,9.09%,0.240,48.58984375,0,0,0,0,0,0,0,0,0,0,0
bronze_Its_Mooin_Time_II_deepseek-reasoner_5.cpp,WRONG_ANSWER,0,9.09%,0.110,6.3984375,0,0,0,0,0,0,0,0,0,0,0
bronze_Its_Mooin_Time_II_deepseek-reasoner_6.cpp,ACCEPTED,333,100.00%,0.350,46.63671875,0,33.33333333333333,33.33333333333333,33.33333333333333,33.33333333333333,33.33333333333333,33.33333333333333,33.33333333333333,33.33333333333333,33.33333333333333,33.33333333333333
bronze_Its_Mooin_Time_II_deepseek-reasoner_7.cpp,ACCEPTED,333,100.00%,0.340,35.48046875,0,33.33333333333333,33.33333333333333,33.33333333333333,33.33333333333333,33.33333333333333,33.33333333333333,33.33333333333333,33.33333333333333,33.33333333333333,33.33333333333333
