solution,status,score,%test passed,time,memory,subtask_0,subtask_1,subtask_10,subtask_11,subtask_12,subtask_13,subtask_14,subtask_15,subtask_16,subtask_17,subtask_2,subtask_3,subtask_4,subtask_5,subtask_6,subtask_7,subtask_8,subtask_9
bronze_FEB_deepseek-reasoner_0.cpp,TIME_LIMIT_EXCEEDED,137,50.00%,2.230,4.53125,0,19.6078431372549,0,0,19.6078431372549,0,0,0,0,19.6078431372549,19.6078431372549,19.6078431372549,19.6078431372549,19.6078431372549,0,0,0,0
bronze_FEB_deepseek-reasoner_1.cpp,WRONG_ANSWER,118,40.00%,0.100,2.28125,0,19.6078431372549,0,0,19.6078431372549,0,0,19.6078431372549,0,19.6078431372549,19.6078431372549,0,0,19.6078431372549,0,0,0,0
bronze_FEB_deepseek-reasoner_2.cpp,RUNTIME_ERROR,39,10.00%,0.160,2.28125,0,0,0,0,19.6078431372549,0,0,0,0,0,0,0,0,19.6078431372549,0,0,0,0
bronze_FEB_deepseek-reasoner_3.cpp,TIME_LIMIT_EXCEEDED,118,45.00%,2.240,2.26171875,0,19.6078431372549,0,0,19.6078431372549,0,0,0,0,0,19.6078431372549,19.6078431372549,19.6078431372549,19.6078431372549,0,0,0,0
bronze_FEB_deepseek-reasoner_4.cpp,TIME_LIMIT_EXCEEDED,137,50.00%,2.230,4.74609375,0,19.6078431372549,0,0,19.6078431372549,0,0,0,0,19.6078431372549,19.6078431372549,19.6078431372549,19.6078431372549,19.6078431372549,0,0,0,0
bronze_FEB_deepseek-reasoner_5.cpp,WRONG_ANSWER,118,40.00%,0.050,4.56640625,0,19.6078431372549,0,0,19.6078431372549,0,0,19.6078431372549,0,19.6078431372549,19.6078431372549,0,0,19.6078431372549,0,0,0,0
bronze_FEB_deepseek-reasoner_6.cpp,WRONG_ANSWER,118,40.00%,0.100,2.03125,0,19.6078431372549,0,0,19.6078431372549,0,0,19.6078431372549,0,19.6078431372549,19.6078431372549,0,0,19.6078431372549,0,0,0,0
bronze_FEB_deepseek-reasoner_7.cpp,WRONG_ANSWER,118,40.00%,0.070,7.69140625,0,19.6078431372549,0,0,19.6078431372549,0,0,19.6078431372549,0,19.6078431372549,19.6078431372549,0,0,19.6078431372549,0,0,0,0
