solution,status,score,%test passed,time,memory,subtask_0,subtask_1,subtask_2,subtask_3,subtask_4,subtask_5,subtask_6,subtask_7,subtask_8,subtask_9
ones_gpt-oss-20b-medium_0.cpp,WRONG_ANSWER,3,0.00%,0.100,1.94921875,0.00403,0.00719,0.015809999999999998,0.02895,0.052890000000000006,0.11624000000000001,0.20967,0.37653,0.81424,1.4774
ones_gpt-oss-20b-medium_1.cpp,WRONG_ANSWER,3,0.00%,0.120,1.94921875,0.00403,0.00719,0.015809999999999998,0.02895,0.052890000000000006,0.11624000000000001,0.20967,0.37653,0.81424,1.4774
ones_gpt-oss-20b-medium_2.cpp,WRONG_ANSWER,20,0.00%,0.130,1.98828125,1.74569,1.7815800000000002,1.83025,1.8659899999999998,1.90143,1.95442,2.00443,2.06189,2.15504,2.23298
ones_gpt-oss-20b-medium_3.cpp,WRONG_ANSWER,20,0.00%,0.110,1.94921875,1.8069099999999998,1.8146300000000002,1.8435099999999998,1.8732499999999999,1.90531,1.9558600000000002,2.00515,2.06231,2.15522,2.23307
ones_gpt-oss-20b-medium_4.cpp,WRONG_ANSWER,3,0.00%,0.100,1.953125,0.00403,0.00719,0.015809999999999998,0.02895,0.052890000000000006,0.11624000000000001,0.20967,0.37653,0.81424,1.4774
ones_gpt-oss-20b-medium_5.cpp,WRONG_ANSWER,20,0.00%,0.120,1.94921875,1.74569,1.7815800000000002,1.83025,1.8659899999999998,1.90143,1.95442,2.00443,2.06189,2.15504,2.23298
ones_gpt-oss-20b-medium_6.cpp,WRONG_ANSWER,25,0.00%,0.120,1.94921875,4.70929,4.06906,3.35974,2.8991499999999997,2.49801,2.0357600000000002,1.72931,1.45111,1.1148099999999999,0.87959
ones_gpt-oss-20b-medium_7.cpp,WRONG_ANSWER,25,0.00%,0.120,1.953125,4.70929,4.06906,3.35974,2.8991499999999997,2.49801,2.0357600000000002,1.72931,1.45111,1.1148099999999999,0.87959
