solution,status,score,%test passed,time,memory,subtask_0,subtask_1,subtask_10,subtask_11,subtask_12,subtask_2,subtask_3,subtask_4,subtask_5,subtask_6,subtask_7,subtask_8,subtask_9
silver_Target_Practice_Qwen2.5-Coder-32B-Instruct_0.cpp,TIME_LIMIT_EXCEEDED,83,40.00%,2.270,4.12890625,0,27.777777777777775,0,0,0,27.777777777777775,27.777777777777775,0,0,0,0,0,0
silver_Target_Practice_Qwen2.5-Coder-32B-Instruct_1.cpp,TIME_LIMIT_EXCEEDED,83,40.00%,2.210,8.25390625,0,27.777777777777775,0,0,0,27.777777777777775,27.777777777777775,0,0,0,0,0,0
silver_Target_Practice_Qwen2.5-Coder-32B-Instruct_2.cpp,TIME_LIMIT_EXCEEDED,83,40.00%,2.270,3.7421875,0,27.777777777777775,0,0,0,27.777777777777775,27.777777777777775,0,0,0,0,0,0
silver_Target_Practice_Qwen2.5-Coder-32B-Instruct_3.cpp,TIME_LIMIT_EXCEEDED,83,40.00%,2.250,3.99609375,0,27.777777777777775,0,0,0,27.777777777777775,27.777777777777775,0,0,0,0,0,0
silver_Target_Practice_Qwen2.5-Coder-32B-Instruct_4.cpp,TIME_LIMIT_EXCEEDED,83,20.00%,2.230,10.63671875,0,27.777777777777775,0,0,0,27.777777777777775,27.777777777777775,0,0,0,0,0,0
silver_Target_Practice_Qwen2.5-Coder-32B-Instruct_5.cpp,TIME_LIMIT_EXCEEDED,83,40.00%,2.280,3.73828125,0,27.777777777777775,0,0,0,27.777777777777775,27.777777777777775,0,0,0,0,0,0
silver_Target_Practice_Qwen2.5-Coder-32B-Instruct_6.cpp,TIME_LIMIT_EXCEEDED,83,40.00%,2.270,8.31640625,0,27.777777777777775,0,0,0,27.777777777777775,27.777777777777775,0,0,0,0,0,0
silver_Target_Practice_Qwen2.5-Coder-32B-Instruct_7.cpp,TIME_LIMIT_EXCEEDED,83,40.00%,2.260,4.12890625,0,27.777777777777775,0,0,0,27.777777777777775,27.777777777777775,0,0,0,0,0,0
