solution,status,score,%test passed,time,memory,subtask_0,subtask_1,subtask_10,subtask_11,subtask_12,subtask_13,subtask_14,subtask_15,subtask_16,subtask_2,subtask_3,subtask_4,subtask_5,subtask_6,subtask_7,subtask_8,subtask_9
silver_Ski_Slope_gpt-oss-20b-low_0.cpp,COMPILATION_ERROR,0,0.00%,0.000,0,0,0,0,0,0,0,0,0,0,0,0,0,0,0,0,0,0
silver_Ski_Slope_gpt-oss-20b-low_1.cpp,WRONG_ANSWER,0,0.00%,0.080,35.38671875,0,0,0,0,0,0,0,0,0,0,0,0,0,0,0,0,0
silver_Ski_Slope_gpt-oss-20b-low_2.cpp,WRONG_ANSWER,62,23.53%,0.170,54.0234375,0,20.833333333333332,0,0,0,0,0,0,0,20.833333333333332,20.833333333333332,0,0,0,0,0,0
silver_Ski_Slope_gpt-oss-20b-low_4.cpp,TIME_LIMIT_EXCEEDED,0,0.00%,2.420,30.765625,0,0,0,0,0,0,0,0,0,0,0,0,0,0,0,0,0
silver_Ski_Slope_gpt-oss-20b-low_6.cpp,ACCEPTED,333,100.00%,0.120,36.4765625,0,20.833333333333332,20.833333333333332,20.833333333333332,20.833333333333332,20.833333333333332,20.833333333333332,20.833333333333332,20.833333333333332,20.833333333333332,20.833333333333332,20.833333333333332,20.833333333333332,20.833333333333332,20.833333333333332,20.833333333333332,20.833333333333332
