solution,status,score,relative_score,%test passed,time,memory,subtask_0,subtask_1,subtask_10,subtask_2,subtask_3,subtask_4,subtask_5,subtask_6,subtask_7,subtask_8,subtask_9
bronze_Its_Mooin_Time_gpt-oss-120b-medium_0.cpp,ACCEPTED,333,100.91%,100.00%,0.050,0.00390625,0,33.33333333333333,33.33333333333333,33.33333333333333,33.33333333333333,33.33333333333333,33.33333333333333,33.33333333333333,33.33333333333333,33.33333333333333,33.33333333333333
bronze_Its_Mooin_Time_gpt-oss-120b-medium_1.cpp,ACCEPTED,333,100.91%,100.00%,0.050,0.00390625,0,33.33333333333333,33.33333333333333,33.33333333333333,33.33333333333333,33.33333333333333,33.33333333333333,33.33333333333333,33.33333333333333,33.33333333333333,33.33333333333333
bronze_Its_Mooin_Time_gpt-oss-120b-medium_2.cpp,ACCEPTED,333,100.91%,100.00%,0.050,1.5546875,0,33.33333333333333,33.33333333333333,33.33333333333333,33.33333333333333,33.33333333333333,33.33333333333333,33.33333333333333,33.33333333333333,33.33333333333333,33.33333333333333
bronze_Its_Mooin_Time_gpt-oss-120b-medium_3.cpp,ACCEPTED,333,100.91%,100.00%,0.050,0.00390625,0,33.33333333333333,33.33333333333333,33.33333333333333,33.33333333333333,33.33333333333333,33.33333333333333,33.33333333333333,33.33333333333333,33.33333333333333,33.33333333333333
bronze_Its_Mooin_Time_gpt-oss-120b-medium_4.cpp,ACCEPTED,333,100.91%,100.00%,1.400,0.00390625,0,33.33333333333333,33.33333333333333,33.33333333333333,33.33333333333333,33.33333333333333,33.33333333333333,33.33333333333333,33.33333333333333,33.33333333333333,33.33333333333333
bronze_Its_Mooin_Time_gpt-oss-120b-medium_5.cpp,WRONG_ANSWER,133,40.30%,46.15%,0.060,0.00390625,0,0,0,0,0,33.33333333333333,33.33333333333333,0,0,33.33333333333333,33.33333333333333
bronze_Its_Mooin_Time_gpt-oss-120b-medium_6.cpp,ACCEPTED,333,100.91%,100.00%,0.050,1.55078125,0,33.33333333333333,33.33333333333333,33.33333333333333,33.33333333333333,33.33333333333333,33.33333333333333,33.33333333333333,33.33333333333333,33.33333333333333,33.33333333333333
bronze_Its_Mooin_Time_gpt-oss-120b-medium_7.cpp,ACCEPTED,333,100.91%,100.00%,0.110,1.734375,0,33.33333333333333,33.33333333333333,33.33333333333333,33.33333333333333,33.33333333333333,33.33333333333333,33.33333333333333,33.33333333333333,33.33333333333333,33.33333333333333
