solution,status,score,relative_score,%test passed,time,memory,subtask_0,subtask_1,subtask_10,subtask_11,subtask_12,subtask_2,subtask_3,subtask_4,subtask_5,subtask_6,subtask_7,subtask_8,subtask_9
bronze_Roundabout_Rounding_gpt-oss-120b-medium_0.cpp,WRONG_ANSWER,0,0.00%,0.00%,0.080,0.00390625,0,0,0,0,0,0,0,0,0,0,0,0,0
bronze_Roundabout_Rounding_gpt-oss-120b-medium_1.cpp,ACCEPTED,333,102.78%,100.00%,0.060,0.00390625,0,27.777777777777775,27.777777777777775,27.777777777777775,27.777777777777775,27.777777777777775,27.777777777777775,27.777777777777775,27.777777777777775,27.777777777777775,27.777777777777775,27.777777777777775,27.777777777777775
bronze_Roundabout_Rounding_gpt-oss-120b-medium_2.cpp,RUNTIME_ERROR,0,0.00%,0.00%,0.050,0.00390625,0,0,0,0,0,0,0,0,0,0,0,0,0
bronze_Roundabout_Rounding_gpt-oss-120b-medium_3.cpp,WRONG_ANSWER,0,0.00%,0.00%,0.140,0.00390625,0,0,0,0,0,0,0,0,0,0,0,0,0
bronze_Roundabout_Rounding_gpt-oss-120b-medium_5.cpp,ACCEPTED,333,102.78%,100.00%,0.060,0.00390625,0,27.777777777777775,27.777777777777775,27.777777777777775,27.777777777777775,27.777777777777775,27.777777777777775,27.777777777777775,27.777777777777775,27.777777777777775,27.777777777777775,27.777777777777775,27.777777777777775
bronze_Roundabout_Rounding_gpt-oss-120b-medium_6.cpp,ACCEPTED,333,102.78%,100.00%,0.110,0.00390625,0,27.777777777777775,27.777777777777775,27.777777777777775,27.777777777777775,27.777777777777775,27.777777777777775,27.777777777777775,27.777777777777775,27.777777777777775,27.777777777777775,27.777777777777775,27.777777777777775
bronze_Roundabout_Rounding_gpt-oss-120b-medium_7.cpp,WRONG_ANSWER,0,0.00%,0.00%,0.150,0.00390625,0,0,0,0,0,0,0,0,0,0,0,0,0
