solution,status,score,relative_score,%test passed,time,memory,subtask_0,subtask_1,subtask_10,subtask_2,subtask_3,subtask_4,subtask_5,subtask_6,subtask_7,subtask_8,subtask_9
silver_Cake_Game_gpt-oss-120b-medium_0.cpp,WRONG_ANSWER,0,0.00%,0.00%,0.130,6.0625,0,0,0,0,0,0,0,0,0,0,0
silver_Cake_Game_gpt-oss-120b-medium_1.cpp,WRONG_ANSWER,33,10.00%,18.18%,0.150,6.12109375,0,33.33333333333333,0,0,0,0,0,0,0,0,0
silver_Cake_Game_gpt-oss-120b-medium_2.cpp,ACCEPTED,333,100.91%,100.00%,0.140,12.94921875,0,33.33333333333333,33.33333333333333,33.33333333333333,33.33333333333333,33.33333333333333,33.33333333333333,33.33333333333333,33.33333333333333,33.33333333333333,33.33333333333333
silver_Cake_Game_gpt-oss-120b-medium_4.cpp,WRONG_ANSWER,33,10.00%,18.18%,0.420,36.31640625,0,33.33333333333333,0,0,0,0,0,0,0,0,0
silver_Cake_Game_gpt-oss-120b-medium_5.cpp,WRONG_ANSWER,33,10.00%,18.18%,0.140,7.15234375,0,33.33333333333333,0,0,0,0,0,0,0,0,0
silver_Cake_Game_gpt-oss-120b-medium_7.cpp,ACCEPTED,333,100.91%,100.00%,0.130,6.125,0,33.33333333333333,33.33333333333333,33.33333333333333,33.33333333333333,33.33333333333333,33.33333333333333,33.33333333333333,33.33333333333333,33.33333333333333,33.33333333333333
