solution,status,score,%test passed,time,memory,subtask_0,subtask_1,subtask_10,subtask_11,subtask_12,subtask_13,subtask_14,subtask_15,subtask_2,subtask_3,subtask_4,subtask_5,subtask_6,subtask_7,subtask_8,subtask_9
gold_Median_Heap_gpt-o3-mini-high_0.cpp,ACCEPTED,333,100.00%,1.940,122.66796875,0,22.22222222222222,22.22222222222222,22.22222222222222,22.22222222222222,22.22222222222222,22.22222222222222,22.22222222222222,22.22222222222222,22.22222222222222,22.22222222222222,22.22222222222222,22.22222222222222,22.22222222222222,22.22222222222222,22.22222222222222
gold_Median_Heap_gpt-o3-mini-high_1.cpp,TIME_LIMIT_EXCEEDED,0,6.25%,4.420,8.77734375,0,0,0,0,0,0,0,0,0,0,0,0,0,0,0,0
gold_Median_Heap_gpt-o3-mini-high_2.cpp,ACCEPTED,333,100.00%,2.260,95.4296875,0,22.22222222222222,22.22222222222222,22.22222222222222,22.22222222222222,22.22222222222222,22.22222222222222,22.22222222222222,22.22222222222222,22.22222222222222,22.22222222222222,22.22222222222222,22.22222222222222,22.22222222222222,22.22222222222222,22.22222222222222
gold_Median_Heap_gpt-o3-mini-high_3.cpp,ACCEPTED,333,100.00%,0.280,24.0,0,22.22222222222222,22.22222222222222,22.22222222222222,22.22222222222222,22.22222222222222,22.22222222222222,22.22222222222222,22.22222222222222,22.22222222222222,22.22222222222222,22.22222222222222,22.22222222222222,22.22222222222222,22.22222222222222,22.22222222222222
gold_Median_Heap_gpt-o3-mini-high_4.cpp,ACCEPTED,333,100.00%,0.610,120.25,0,22.22222222222222,22.22222222222222,22.22222222222222,22.22222222222222,22.22222222222222,22.22222222222222,22.22222222222222,22.22222222222222,22.22222222222222,22.22222222222222,22.22222222222222,22.22222222222222,22.22222222222222,22.22222222222222,22.22222222222222
gold_Median_Heap_gpt-o3-mini-high_5.cpp,WRONG_ANSWER,0,6.25%,0.430,39.0625,0,0,0,0,0,0,0,0,0,0,0,0,0,0,0,0
gold_Median_Heap_gpt-o3-mini-high_6.cpp,WRONG_ANSWER,0,0.00%,2.260,226.203125,0,0,0,0,0,0,0,0,0,0,0,0,0,0,0,0
gold_Median_Heap_gpt-o3-mini-high_7.cpp,WRONG_ANSWER,0,0.00%,0.310,23.484375,0,0,0,0,0,0,0,0,0,0,0,0,0,0,0,0
