solution,status,score,%test passed,time,memory,subtask_0,subtask_1,subtask_10,subtask_11,subtask_12,subtask_13,subtask_14,subtask_15,subtask_16,subtask_17,subtask_18,subtask_19,subtask_2,subtask_3,subtask_4,subtask_5,subtask_6,subtask_7,subtask_8,subtask_9
silver_Field_Day_Qwen3-30B-Non-Thinking_0.cpp,COMPILATION_ERROR,0,0.00%,0.000,0,0,0,0,0,0,0,0,0,0,0,0,0,0,0,0,0,0,0,0,0
silver_Field_Day_Qwen3-30B-Non-Thinking_1.cpp,TIME_LIMIT_EXCEEDED,105,35.00%,2.320,9.2890625,0,0,17.543859649122805,17.543859649122805,17.543859649122805,17.543859649122805,17.543859649122805,0,0,0,0,0,0,0,0,0,0,0,0,17.543859649122805
silver_Field_Day_Qwen3-30B-Non-Thinking_2.cpp,TIME_LIMIT_EXCEEDED,105,35.00%,2.340,9.2890625,0,0,17.543859649122805,17.543859649122805,17.543859649122805,17.543859649122805,17.543859649122805,17.543859649122805,0,0,0,0,0,0,0,0,0,0,0,0
silver_Field_Day_Qwen3-30B-Non-Thinking_3.cpp,TIME_LIMIT_EXCEEDED,123,40.00%,2.300,9.2890625,0,0,17.543859649122805,17.543859649122805,17.543859649122805,17.543859649122805,17.543859649122805,17.543859649122805,0,0,0,0,0,0,0,0,0,0,0,17.543859649122805
silver_Field_Day_Qwen3-30B-Non-Thinking_4.cpp,TIME_LIMIT_EXCEEDED,123,40.00%,2.430,9.2890625,0,0,17.543859649122805,17.543859649122805,17.543859649122805,17.543859649122805,17.543859649122805,17.543859649122805,0,0,0,0,0,0,0,0,0,0,0,17.543859649122805
silver_Field_Day_Qwen3-30B-Non-Thinking_5.cpp,TIME_LIMIT_EXCEEDED,123,40.00%,2.460,9.2890625,0,0,17.543859649122805,17.543859649122805,17.543859649122805,17.543859649122805,17.543859649122805,17.543859649122805,0,0,0,0,0,0,0,0,0,0,0,17.543859649122805
silver_Field_Day_Qwen3-30B-Non-Thinking_6.cpp,TIME_LIMIT_EXCEEDED,0,5.00%,2.590,19.12890625,0,0,0,0,0,0,0,0,0,0,0,0,0,0,0,0,0,0,0,0
silver_Field_Day_Qwen3-30B-Non-Thinking_7.cpp,TIME_LIMIT_EXCEEDED,0,5.00%,2.510,9.2890625,0,0,0,0,0,0,0,0,0,0,0,0,0,0,0,0,0,0,0,0
