solution,status,score,%test passed,time,memory,subtask_0,subtask_1,subtask_10,subtask_11,subtask_12,subtask_13,subtask_14,subtask_15,subtask_16,subtask_17,subtask_2,subtask_3,subtask_4,subtask_5,subtask_6,subtask_7,subtask_8,subtask_9
bronze_FEB_DeepSeek-R1-Distill-Llama-70B_0.cpp,WRONG_ANSWER,118,40.00%,0.180,2.03515625,0,19.6078431372549,0,0,19.6078431372549,0,0,19.6078431372549,0,19.6078431372549,19.6078431372549,0,0,19.6078431372549,0,0,0,0
bronze_FEB_DeepSeek-R1-Distill-Llama-70B_1.cpp,WRONG_ANSWER,118,40.00%,0.180,4.5390625,0,19.6078431372549,0,0,19.6078431372549,0,0,19.6078431372549,0,19.6078431372549,19.6078431372549,0,0,19.6078431372549,0,0,0,0
bronze_FEB_DeepSeek-R1-Distill-Llama-70B_2.cpp,COMPILATION_ERROR,0,0.00%,0.000,0,0,0,0,0,0,0,0,0,0,0,0,0,0,0,0,0,0,0
bronze_FEB_DeepSeek-R1-Distill-Llama-70B_3.cpp,COMPILATION_ERROR,0,0.00%,0.000,0,0,0,0,0,0,0,0,0,0,0,0,0,0,0,0,0,0,0
bronze_FEB_DeepSeek-R1-Distill-Llama-70B_4.cpp,TIME_LIMIT_EXCEEDED,118,45.00%,2.310,2.796875,0,19.6078431372549,0,0,19.6078431372549,0,0,0,0,0,19.6078431372549,19.6078431372549,19.6078431372549,19.6078431372549,0,0,0,0
bronze_FEB_DeepSeek-R1-Distill-Llama-70B_5.cpp,TIME_LIMIT_EXCEEDED,20,5.00%,2.220,1.7109375,0,0,0,0,0,0,0,0,0,0,0,0,0,19.6078431372549,0,0,0,0
bronze_FEB_DeepSeek-R1-Distill-Llama-70B_6.cpp,TIME_LIMIT_EXCEEDED,118,45.00%,2.380,2.3359375,0,19.6078431372549,0,0,19.6078431372549,0,0,0,0,0,19.6078431372549,19.6078431372549,19.6078431372549,19.6078431372549,0,0,0,0
bronze_FEB_DeepSeek-R1-Distill-Llama-70B_7.cpp,COMPILATION_ERROR,0,0.00%,0.000,0,0,0,0,0,0,0,0,0,0,0,0,0,0,0,0,0,0,0
