solution,status,score,%test passed,time,memory,subtask_0,subtask_1,subtask_10,subtask_11,subtask_12,subtask_13,subtask_14,subtask_15,subtask_16,subtask_17,subtask_18,subtask_19,subtask_2,subtask_20,subtask_3,subtask_4,subtask_5,subtask_6,subtask_7,subtask_8,subtask_9
silver_Cow_Checkups_Qwen3-30B_0.cpp,WRONG_ANSWER,100,39.13%,1.160,73.48046875,0,16.666666666666664,0,0,0,0,0,0,0,0,0,0,16.666666666666664,0,16.666666666666664,16.666666666666664,16.666666666666664,16.666666666666664,0,0,0
silver_Cow_Checkups_Qwen3-30B_2.cpp,TIME_LIMIT_EXCEEDED,67,30.43%,2.300,38.60546875,0,16.666666666666664,0,0,0,0,0,0,0,0,0,0,16.666666666666664,0,0,0,16.666666666666664,16.666666666666664,0,0,0
silver_Cow_Checkups_Qwen3-30B_3.cpp,TIME_LIMIT_EXCEEDED,100,39.13%,2.500,26.30859375,0,16.666666666666664,0,0,0,0,0,0,0,0,0,0,16.666666666666664,0,16.666666666666664,16.666666666666664,16.666666666666664,16.666666666666664,0,0,0
silver_Cow_Checkups_Qwen3-30B_4.cpp,TIME_LIMIT_EXCEEDED,100,39.13%,2.350,26.30859375,0,16.666666666666664,0,0,0,0,0,0,0,0,0,0,16.666666666666664,0,16.666666666666664,16.666666666666664,16.666666666666664,16.666666666666664,0,0,0
silver_Cow_Checkups_Qwen3-30B_5.cpp,WRONG_ANSWER,67,30.43%,1.040,106.73828125,0,16.666666666666664,0,0,0,0,0,0,0,0,0,0,16.666666666666664,0,0,0,16.666666666666664,16.666666666666664,0,0,0
silver_Cow_Checkups_Qwen3-30B_6.cpp,TIME_LIMIT_EXCEEDED,100,39.13%,2.310,26.30859375,0,16.666666666666664,0,0,0,0,0,0,0,0,0,0,16.666666666666664,0,16.666666666666664,16.666666666666664,16.666666666666664,16.666666666666664,0,0,0
silver_Cow_Checkups_Qwen3-30B_7.cpp,TIME_LIMIT_EXCEEDED,100,39.13%,2.280,33.21484375,0,16.666666666666664,0,0,0,0,0,0,0,0,0,0,16.666666666666664,0,16.666666666666664,16.666666666666664,16.666666666666664,16.666666666666664,0,0,0
