solution,status,score,%test passed,time,memory,subtask_0,subtask_1,subtask_10,subtask_2,subtask_3,subtask_4,subtask_5,subtask_6,subtask_7,subtask_8,subtask_9
bronze_Cowntact_Tracing_2_Qwen3-32B_0.cpp,WRONG_ANSWER,100,33.33%,0.040,1.82421875,0,33.33333333333333,0,33.33333333333333,0,33.33333333333333,0,0,0,0,0
bronze_Cowntact_Tracing_2_Qwen3-32B_1.cpp,WRONG_ANSWER,33,25.00%,0.040,1.7109375,0,33.33333333333333,0,0,0,0,0,0,0,0,0
bronze_Cowntact_Tracing_2_Qwen3-32B_2.cpp,WRONG_ANSWER,167,58.33%,0.040,1.5546875,0,33.33333333333333,33.33333333333333,0,33.33333333333333,0,0,0,0,33.33333333333333,33.33333333333333
bronze_Cowntact_Tracing_2_Qwen3-32B_3.cpp,WRONG_ANSWER,33,25.00%,0.040,1.5546875,0,33.33333333333333,0,0,0,0,0,0,0,0,0
bronze_Cowntact_Tracing_2_Qwen3-32B_4.cpp,WRONG_ANSWER,67,33.33%,0.040,1.5546875,0,33.33333333333333,0,0,0,33.33333333333333,0,0,0,0,0
bronze_Cowntact_Tracing_2_Qwen3-32B_5.cpp,WRONG_ANSWER,33,25.00%,0.040,1.7109375,0,33.33333333333333,0,0,0,0,0,0,0,0,0
bronze_Cowntact_Tracing_2_Qwen3-32B_6.cpp,WRONG_ANSWER,67,33.33%,0.040,1.5546875,0,33.33333333333333,0,0,0,33.33333333333333,0,0,0,0,0
bronze_Cowntact_Tracing_2_Qwen3-32B_7.cpp,WRONG_ANSWER,33,25.00%,0.040,1.82421875,0,33.33333333333333,0,0,0,0,0,0,0,0,0
