solution,status,score,%test passed,time,memory,subtask_0,subtask_1,subtask_10,subtask_11,subtask_12,subtask_2,subtask_3,subtask_4,subtask_5,subtask_6,subtask_7,subtask_8,subtask_9
bronze_Palindrome_Game_gpt-4.1_0.cpp,TIME_LIMIT_EXCEEDED,0,0.00%,2.340,6.296875,0,0,0,0,0,0,0,0,0,0,0,0,0
bronze_Palindrome_Game_gpt-4.1_1.cpp,TIME_LIMIT_EXCEEDED,167,53.85%,2.230,2.64453125,0,27.777777777777775,0,0,0,27.777777777777775,27.777777777777775,27.777777777777775,27.777777777777775,27.777777777777775,0,0,0
bronze_Palindrome_Game_gpt-4.1_2.cpp,TIME_LIMIT_EXCEEDED,0,0.00%,2.280,6.2578125,0,0,0,0,0,0,0,0,0,0,0,0,0
bronze_Palindrome_Game_gpt-4.1_3.cpp,ACCEPTED,333,100.00%,0.290,3.1953125,0,27.777777777777775,27.777777777777775,27.777777777777775,27.777777777777775,27.777777777777775,27.777777777777775,27.777777777777775,27.777777777777775,27.777777777777775,27.777777777777775,27.777777777777775,27.777777777777775
bronze_Palindrome_Game_gpt-4.1_4.cpp,TIME_LIMIT_EXCEEDED,0,0.00%,2.290,3.94921875,0,0,0,0,0,0,0,0,0,0,0,0,0
bronze_Palindrome_Game_gpt-4.1_5.cpp,WRONG_ANSWER,167,53.85%,0.290,2.32421875,0,27.777777777777775,0,0,0,27.777777777777775,27.777777777777775,27.777777777777775,27.777777777777775,27.777777777777775,0,0,0
bronze_Palindrome_Game_gpt-4.1_6.cpp,TIME_LIMIT_EXCEEDED,0,0.00%,2.310,6.28515625,0,0,0,0,0,0,0,0,0,0,0,0,0
bronze_Palindrome_Game_gpt-4.1_7.cpp,TIME_LIMIT_EXCEEDED,83,30.77%,2.270,5.2734375,0,27.777777777777775,0,0,0,27.777777777777775,27.777777777777775,0,0,0,0,0,0
