solution,status,score,%test passed,time,memory,subtask_0,subtask_1,subtask_10,subtask_11,subtask_12,subtask_13,subtask_2,subtask_3,subtask_4,subtask_5,subtask_6,subtask_7,subtask_8,subtask_9
bronze_Milk_Exchange_gpt-4.1_0.cpp,WRONG_ANSWER,128,43.75%,0.110,3.28125,0,0,25.64102564102564,0,25.64102564102564,25.64102564102564,0,0,25.64102564102564,25.64102564102564,0,0,0,0
bronze_Milk_Exchange_gpt-4.1_1.cpp,WRONG_ANSWER,128,43.75%,0.110,3.28125,0,0,25.64102564102564,0,25.64102564102564,25.64102564102564,0,0,25.64102564102564,25.64102564102564,0,0,0,0
bronze_Milk_Exchange_gpt-4.1_2.cpp,COMPILATION_ERROR,0,0.00%,0.000,0,0,0,0,0,0,0,0,0,0,0,0,0,0,0
bronze_Milk_Exchange_gpt-4.1_3.cpp,WRONG_ANSWER,128,43.75%,0.120,4.046875,0,0,25.64102564102564,0,25.64102564102564,25.64102564102564,0,0,25.64102564102564,25.64102564102564,0,0,0,0
bronze_Milk_Exchange_gpt-4.1_4.cpp,WRONG_ANSWER,128,43.75%,0.120,14.36328125,0,0,25.64102564102564,0,25.64102564102564,25.64102564102564,0,0,25.64102564102564,25.64102564102564,0,0,0,0
bronze_Milk_Exchange_gpt-4.1_5.cpp,RUNTIME_ERROR,77,18.75%,0.120,3.27734375,0,0,25.64102564102564,0,0,0,0,0,25.64102564102564,25.64102564102564,0,0,0,0
bronze_Milk_Exchange_gpt-4.1_6.cpp,TIME_LIMIT_EXCEEDED,0,12.50%,2.350,6.12890625,0,0,0,0,0,0,0,0,0,0,0,0,0,0
bronze_Milk_Exchange_gpt-4.1_7.cpp,TIME_LIMIT_EXCEEDED,128,50.00%,2.330,6.375,0,25.64102564102564,0,0,0,0,25.64102564102564,25.64102564102564,25.64102564102564,25.64102564102564,0,0,0,0
