solution,status,score,%test passed,time,memory,subtask_0,subtask_1,subtask_10,subtask_11,subtask_12,subtask_2,subtask_3,subtask_4,subtask_5,subtask_6,subtask_7,subtask_8,subtask_9
gold_Bessla_Motors_gpt-4.1_0.cpp,RUNTIME_ERROR,0,0.00%,0.140,13.26953125,0,0,0,0,0,0,0,0,0,0,0,0,0
gold_Bessla_Motors_gpt-4.1_1.cpp,WRONG_ANSWER,306,93.33%,1.440,50.28125,0,27.777777777777775,27.777777777777775,27.777777777777775,27.777777777777775,27.777777777777775,27.777777777777775,27.777777777777775,0,27.777777777777775,27.777777777777775,27.777777777777775,27.777777777777775
gold_Bessla_Motors_gpt-4.1_2.cpp,WRONG_ANSWER,56,33.33%,0.360,27.1328125,0,27.777777777777775,0,0,0,0,0,0,27.777777777777775,0,0,0,0
gold_Bessla_Motors_gpt-4.1_3.cpp,ACCEPTED,333,100.00%,0.750,51.80859375,0,27.777777777777775,27.777777777777775,27.777777777777775,27.777777777777775,27.777777777777775,27.777777777777775,27.777777777777775,27.777777777777775,27.777777777777775,27.777777777777775,27.777777777777775,27.777777777777775
gold_Bessla_Motors_gpt-4.1_4.cpp,ACCEPTED,333,100.00%,0.800,50.625,0,27.777777777777775,27.777777777777775,27.777777777777775,27.777777777777775,27.777777777777775,27.777777777777775,27.777777777777775,27.777777777777775,27.777777777777775,27.777777777777775,27.777777777777775,27.777777777777775
gold_Bessla_Motors_gpt-4.1_5.cpp,MEMORY_LIMIT_EXCEEDED,111,46.67%,0.650,139.78125,0,27.777777777777775,0,0,0,27.777777777777775,27.777777777777775,0,27.777777777777775,0,0,0,0
gold_Bessla_Motors_gpt-4.1_6.cpp,TIME_LIMIT_EXCEEDED,83,40.00%,3.360,271.96484375,0,27.777777777777775,0,0,0,27.777777777777775,0,0,27.777777777777775,0,0,0,0
gold_Bessla_Motors_gpt-4.1_7.cpp,WRONG_ANSWER,28,26.67%,0.650,48.03515625,0,27.777777777777775,0,0,0,0,0,0,0,0,0,0,0
