solution,status,score,%test passed,time,memory,subtask_0,subtask_1,subtask_10,subtask_11,subtask_12,subtask_13,subtask_14,subtask_15,subtask_16,subtask_2,subtask_3,subtask_4,subtask_5,subtask_6,subtask_7,subtask_8,subtask_9
platinum_Infinite_Adventure_gpt-4.1_0.cpp,RUNTIME_ERROR,83,22.22%,0.400,139.484375,0,0,20.833333333333332,0,0,0,0,0,0,0,0,0,0,0,20.833333333333332,20.833333333333332,20.833333333333332
platinum_Infinite_Adventure_gpt-4.1_1.cpp,RUNTIME_ERROR,83,22.22%,0.340,53.11328125,0,0,20.833333333333332,0,0,0,0,0,0,0,0,0,0,0,20.833333333333332,20.833333333333332,20.833333333333332
platinum_Infinite_Adventure_gpt-4.1_2.cpp,RUNTIME_ERROR,83,22.22%,0.220,30.4296875,0,0,20.833333333333332,0,0,0,0,0,0,0,0,0,0,0,20.833333333333332,20.833333333333332,20.833333333333332
platinum_Infinite_Adventure_gpt-4.1_3.cpp,RUNTIME_ERROR,0,0.00%,0.130,35.8203125,0,0,0,0,0,0,0,0,0,0,0,0,0,0,0,0,0
platinum_Infinite_Adventure_gpt-4.1_4.cpp,RUNTIME_ERROR,83,22.22%,0.410,89.30859375,0,0,20.833333333333332,0,0,0,0,0,0,0,0,0,0,0,20.833333333333332,20.833333333333332,20.833333333333332
platinum_Infinite_Adventure_gpt-4.1_5.cpp,RUNTIME_ERROR,83,22.22%,0.460,89.3125,0,0,20.833333333333332,0,0,0,0,0,0,0,0,0,0,0,20.833333333333332,20.833333333333332,20.833333333333332
platinum_Infinite_Adventure_gpt-4.1_6.cpp,MEMORY_LIMIT_EXCEEDED,0,0.00%,0.360,562.44140625,0,0,0,0,0,0,0,0,0,0,0,0,0,0,0,0,0
platinum_Infinite_Adventure_gpt-4.1_7.cpp,RUNTIME_ERROR,83,22.22%,0.160,28.56640625,0,0,20.833333333333332,0,0,0,0,0,0,0,0,0,0,0,20.833333333333332,20.833333333333332,20.833333333333332
