solution,status,score,%test passed,time,memory,subtask_0,subtask_1,subtask_10,subtask_11,subtask_12,subtask_13,subtask_14,subtask_2,subtask_3,subtask_4,subtask_5,subtask_6,subtask_7,subtask_8,subtask_9
silver_Potion_Farming_Qwen3-14B_0.cpp,TIME_LIMIT_EXCEEDED,190,60.00%,2.260,13.68359375,0,23.809523809523807,0,23.809523809523807,23.809523809523807,23.809523809523807,23.809523809523807,23.809523809523807,0,0,0,0,23.809523809523807,0,23.809523809523807
silver_Potion_Farming_Qwen3-14B_1.cpp,MEMORY_LIMIT_EXCEEDED,24,6.67%,0.630,280.80859375,0,0,0,0,0,0,0,23.809523809523807,0,0,0,0,0,0,0
silver_Potion_Farming_Qwen3-14B_2.cpp,TIME_LIMIT_EXCEEDED,24,6.67%,2.340,13.61328125,0,0,0,0,0,0,0,23.809523809523807,0,0,0,0,0,0,0
silver_Potion_Farming_Qwen3-14B_3.cpp,MEMORY_LIMIT_EXCEEDED,71,26.67%,0.790,232.95703125,0,23.809523809523807,0,0,0,0,0,23.809523809523807,0,0,0,0,0,23.809523809523807,0
silver_Potion_Farming_Qwen3-14B_4.cpp,WRONG_ANSWER,71,20.00%,0.130,11.42578125,0,0,23.809523809523807,0,0,0,0,23.809523809523807,0,0,0,0,23.809523809523807,0,0
silver_Potion_Farming_Qwen3-14B_5.cpp,TIME_LIMIT_EXCEEDED,24,6.67%,2.350,73.94140625,0,0,23.809523809523807,0,0,0,0,0,0,0,0,0,0,0,0
silver_Potion_Farming_Qwen3-14B_6.cpp,TIME_LIMIT_EXCEEDED,143,46.67%,2.270,280.86328125,0,23.809523809523807,0,0,0,0,0,23.809523809523807,23.809523809523807,23.809523809523807,23.809523809523807,23.809523809523807,0,0,0
silver_Potion_Farming_Qwen3-14B_7.cpp,MEMORY_LIMIT_EXCEEDED,24,6.67%,1.400,232.55078125,0,0,0,0,0,0,0,23.809523809523807,0,0,0,0,0,0,0
