solution,status,score,%test passed,time,memory,subtask_0,subtask_1,subtask_10,subtask_2,subtask_3,subtask_4,subtask_5,subtask_6,subtask_7,subtask_8,subtask_9
bronze_Its_Mooin_Time_Qwen3-8B_0.cpp,ACCEPTED,333,100.00%,2.050,0.00390625,0,33.33333333333333,33.33333333333333,33.33333333333333,33.33333333333333,33.33333333333333,33.33333333333333,33.33333333333333,33.33333333333333,33.33333333333333,33.33333333333333
bronze_Its_Mooin_Time_Qwen3-8B_1.cpp,ACCEPTED,333,100.00%,0.110,0.00390625,0,33.33333333333333,33.33333333333333,33.33333333333333,33.33333333333333,33.33333333333333,33.33333333333333,33.33333333333333,33.33333333333333,33.33333333333333,33.33333333333333
bronze_Its_Mooin_Time_Qwen3-8B_2.cpp,RUNTIME_ERROR,33,7.69%,0.880,0.00390625,0,0,0,0,0,33.33333333333333,0,0,0,0,0
bronze_Its_Mooin_Time_Qwen3-8B_3.cpp,TIME_LIMIT_EXCEEDED,167,61.54%,2.410,0.00390625,0,33.33333333333333,0,33.33333333333333,33.33333333333333,33.33333333333333,33.33333333333333,0,0,0,0
bronze_Its_Mooin_Time_Qwen3-8B_4.cpp,RUNTIME_ERROR,33,7.69%,0.040,0.00390625,0,0,0,0,0,33.33333333333333,0,0,0,0,0
bronze_Its_Mooin_Time_Qwen3-8B_5.cpp,RUNTIME_ERROR,0,0.00%,0.040,0.00390625,0,0,0,0,0,0,0,0,0,0,0
bronze_Its_Mooin_Time_Qwen3-8B_6.cpp,RUNTIME_ERROR,0,0.00%,0.040,0.00390625,0,0,0,0,0,0,0,0,0,0,0
bronze_Its_Mooin_Time_Qwen3-8B_7.cpp,ACCEPTED,333,100.00%,0.620,69.7265625,0,33.33333333333333,33.33333333333333,33.33333333333333,33.33333333333333,33.33333333333333,33.33333333333333,33.33333333333333,33.33333333333333,33.33333333333333,33.33333333333333
