solution,status,score,%test passed,time,memory,subtask_0,subtask_1,subtask_10,subtask_2,subtask_3,subtask_4,subtask_5,subtask_6,subtask_7,subtask_8,subtask_9
silver_Deforestation_Qwen3-8B_0.cpp,ACCEPTED,333,100.00%,0.160,5.94140625,0,33.33333333333333,33.33333333333333,33.33333333333333,33.33333333333333,33.33333333333333,33.33333333333333,33.33333333333333,33.33333333333333,33.33333333333333,33.33333333333333
silver_Deforestation_Qwen3-8B_1.cpp,COMPILATION_ERROR,0,0.00%,0.000,0,0,0,0,0,0,0,0,0,0,0,0
silver_Deforestation_Qwen3-8B_2.cpp,ACCEPTED,333,100.00%,0.150,4.37890625,0,33.33333333333333,33.33333333333333,33.33333333333333,33.33333333333333,33.33333333333333,33.33333333333333,33.33333333333333,33.33333333333333,33.33333333333333,33.33333333333333
silver_Deforestation_Qwen3-8B_3.cpp,WRONG_ANSWER,0,9.09%,0.300,4.5859375,0,0,0,0,0,0,0,0,0,0,0
silver_Deforestation_Qwen3-8B_4.cpp,ACCEPTED,333,100.00%,0.160,4.37890625,0,33.33333333333333,33.33333333333333,33.33333333333333,33.33333333333333,33.33333333333333,33.33333333333333,33.33333333333333,33.33333333333333,33.33333333333333,33.33333333333333
silver_Deforestation_Qwen3-8B_5.cpp,ACCEPTED,333,100.00%,0.140,7.46875,0,33.33333333333333,33.33333333333333,33.33333333333333,33.33333333333333,33.33333333333333,33.33333333333333,33.33333333333333,33.33333333333333,33.33333333333333,33.33333333333333
silver_Deforestation_Qwen3-8B_6.cpp,ACCEPTED,333,100.00%,0.150,7.83984375,0,33.33333333333333,33.33333333333333,33.33333333333333,33.33333333333333,33.33333333333333,33.33333333333333,33.33333333333333,33.33333333333333,33.33333333333333,33.33333333333333
silver_Deforestation_Qwen3-8B_7.cpp,ACCEPTED,333,100.00%,0.160,8.66796875,0,33.33333333333333,33.33333333333333,33.33333333333333,33.33333333333333,33.33333333333333,33.33333333333333,33.33333333333333,33.33333333333333,33.33333333333333,33.33333333333333
