solution,status,score,%test passed,time,memory,subtask_0,subtask_1,subtask_10,subtask_2,subtask_3,subtask_4,subtask_5,subtask_6,subtask_7,subtask_8,subtask_9
bronze_Its_Mooin_Time_II_gpt-o3-mini-high_0.cpp,ACCEPTED,333,100.00%,0.180,41.77734375,0,33.33333333333333,33.33333333333333,33.33333333333333,33.33333333333333,33.33333333333333,33.33333333333333,33.33333333333333,33.33333333333333,33.33333333333333,33.33333333333333
bronze_Its_Mooin_Time_II_gpt-o3-mini-high_1.cpp,WRONG_ANSWER,0,9.09%,0.120,16.51171875,0,0,0,0,0,0,0,0,0,0,0
bronze_Its_Mooin_Time_II_gpt-o3-mini-high_2.cpp,ACCEPTED,333,100.00%,0.120,20.37890625,0,33.33333333333333,33.33333333333333,33.33333333333333,33.33333333333333,33.33333333333333,33.33333333333333,33.33333333333333,33.33333333333333,33.33333333333333,33.33333333333333
bronze_Its_Mooin_Time_II_gpt-o3-mini-high_3.cpp,WRONG_ANSWER,0,9.09%,0.120,18.83203125,0,0,0,0,0,0,0,0,0,0,0
bronze_Its_Mooin_Time_II_gpt-o3-mini-high_4.cpp,WRONG_ANSWER,0,9.09%,0.120,12.90234375,0,0,0,0,0,0,0,0,0,0,0
bronze_Its_Mooin_Time_II_gpt-o3-mini-high_5.cpp,WRONG_ANSWER,0,9.09%,0.130,16.76953125,0,0,0,0,0,0,0,0,0,0,0
bronze_Its_Mooin_Time_II_gpt-o3-mini-high_6.cpp,WRONG_ANSWER,0,9.09%,0.110,16.76953125,0,0,0,0,0,0,0,0,0,0,0
bronze_Its_Mooin_Time_II_gpt-o3-mini-high_7.cpp,ACCEPTED,333,100.00%,0.120,28.11328125,0,33.33333333333333,33.33333333333333,33.33333333333333,33.33333333333333,33.33333333333333,33.33333333333333,33.33333333333333,33.33333333333333,33.33333333333333,33.33333333333333
