solution,status,score,%test passed,time,memory,subtask_0,subtask_1,subtask_10,subtask_11,subtask_12,subtask_13,subtask_14,subtask_15,subtask_16,subtask_17,subtask_2,subtask_3,subtask_4,subtask_5,subtask_6,subtask_7,subtask_8,subtask_9
gold_Grass_Segments_gpt-oss-20b-medium_0.cpp,ACCEPTED,333,100.00%,1.910,105.15625,0,19.6078431372549,19.6078431372549,19.6078431372549,19.6078431372549,19.6078431372549,19.6078431372549,19.6078431372549,19.6078431372549,19.6078431372549,19.6078431372549,19.6078431372549,19.6078431372549,19.6078431372549,19.6078431372549,19.6078431372549,19.6078431372549,19.6078431372549
gold_Grass_Segments_gpt-oss-20b-medium_1.cpp,WRONG_ANSWER,118,45.00%,0.150,14.18359375,0,0,0,0,0,0,0,0,0,0,0,19.6078431372549,19.6078431372549,19.6078431372549,19.6078431372549,19.6078431372549,19.6078431372549,0
gold_Grass_Segments_gpt-oss-20b-medium_2.cpp,WRONG_ANSWER,118,45.00%,0.160,10.578125,0,0,0,0,0,0,0,0,0,0,0,19.6078431372549,19.6078431372549,19.6078431372549,19.6078431372549,19.6078431372549,19.6078431372549,0
gold_Grass_Segments_gpt-oss-20b-medium_3.cpp,WRONG_ANSWER,20,20.00%,0.740,71.94921875,0,19.6078431372549,0,0,0,0,0,0,0,0,0,0,0,0,0,0,0,0
gold_Grass_Segments_gpt-oss-20b-medium_4.cpp,WRONG_ANSWER,118,45.00%,0.160,12.125,0,0,0,0,0,0,0,0,0,0,0,19.6078431372549,19.6078431372549,19.6078431372549,19.6078431372549,19.6078431372549,19.6078431372549,0
gold_Grass_Segments_gpt-oss-20b-medium_5.cpp,RUNTIME_ERROR,20,10.00%,0.340,39.19140625,0,19.6078431372549,0,0,0,0,0,0,0,0,0,0,0,0,0,0,0,0
gold_Grass_Segments_gpt-oss-20b-medium_6.cpp,ACCEPTED,333,100.00%,0.250,25.01171875,0,19.6078431372549,19.6078431372549,19.6078431372549,19.6078431372549,19.6078431372549,19.6078431372549,19.6078431372549,19.6078431372549,19.6078431372549,19.6078431372549,19.6078431372549,19.6078431372549,19.6078431372549,19.6078431372549,19.6078431372549,19.6078431372549,19.6078431372549
gold_Grass_Segments_gpt-oss-20b-medium_7.cpp,ACCEPTED,333,100.00%,0.420,23.66796875,0,19.6078431372549,19.6078431372549,19.6078431372549,19.6078431372549,19.6078431372549,19.6078431372549,19.6078431372549,19.6078431372549,19.6078431372549,19.6078431372549,19.6078431372549,19.6078431372549,19.6078431372549,19.6078431372549,19.6078431372549,19.6078431372549,19.6078431372549
