solution,status,score,%test passed,time,memory,subtask_0,subtask_1,subtask_10,subtask_11,subtask_12,subtask_13,subtask_14,subtask_15,subtask_16,subtask_17,subtask_18,subtask_19,subtask_2,subtask_20,subtask_3,subtask_4,subtask_5,subtask_6,subtask_7,subtask_8,subtask_9
gold_Cowreography_gpt-oss-20b-medium_1.cpp,WRONG_ANSWER,100,39.13%,0.020,10.859375,0,16.666666666666664,0,0,0,16.666666666666664,0,0,16.666666666666664,0,16.666666666666664,16.666666666666664,16.666666666666664,0,0,0,0,0,0,0,0
gold_Cowreography_gpt-oss-20b-medium_2.cpp,TIME_LIMIT_EXCEEDED,33,21.74%,2.430,276.3984375,0,0,0,0,0,0,0,0,0,0,0,0,0,0,16.666666666666664,16.666666666666664,0,0,0,0,0
gold_Cowreography_gpt-oss-20b-medium_3.cpp,WRONG_ANSWER,100,39.13%,0.020,4.29296875,0,16.666666666666664,0,0,0,16.666666666666664,0,0,16.666666666666664,0,16.666666666666664,16.666666666666664,16.666666666666664,0,0,0,0,0,0,0,0
gold_Cowreography_gpt-oss-20b-medium_5.cpp,WRONG_ANSWER,100,39.13%,0.030,11.03515625,0,16.666666666666664,0,0,0,16.666666666666664,0,0,16.666666666666664,0,16.666666666666664,16.666666666666664,16.666666666666664,0,0,0,0,0,0,0,0
gold_Cowreography_gpt-oss-20b-medium_6.cpp,RUNTIME_ERROR,33,13.04%,0.020,11.63671875,0,16.666666666666664,0,0,0,0,0,0,0,0,0,0,16.666666666666664,0,0,0,0,0,0,0,0
gold_Cowreography_gpt-oss-20b-medium_7.cpp,WRONG_ANSWER,100,39.13%,0.020,3.49609375,0,16.666666666666664,0,0,0,16.666666666666664,0,0,16.666666666666664,0,16.666666666666664,16.666666666666664,16.666666666666664,0,0,0,0,0,0,0,0
