solution,status,score,%test passed,time,memory,subtask_0,subtask_1,subtask_10,subtask_2,subtask_3,subtask_4,subtask_5,subtask_6,subtask_7,subtask_8,subtask_9
bronze_Walking_Along_a_Fence_gpt-oss-20b-low_0.cpp,WRONG_ANSWER,0,0.00%,0.120,14.0703125,0,0,0,0,0,0,0,0,0,0,0
bronze_Walking_Along_a_Fence_gpt-oss-20b-low_1.cpp,WRONG_ANSWER,0,0.00%,0.080,12.8984375,0,0,0,0,0,0,0,0,0,0,0
bronze_Walking_Along_a_Fence_gpt-oss-20b-low_2.cpp,ACCEPTED,333,100.00%,0.180,9.2890625,0,33.33333333333333,33.33333333333333,33.33333333333333,33.33333333333333,33.33333333333333,33.33333333333333,33.33333333333333,33.33333333333333,33.33333333333333,33.33333333333333
bronze_Walking_Along_a_Fence_gpt-oss-20b-low_3.cpp,ACCEPTED,333,100.00%,0.090,15.47265625,0,33.33333333333333,33.33333333333333,33.33333333333333,33.33333333333333,33.33333333333333,33.33333333333333,33.33333333333333,33.33333333333333,33.33333333333333,33.33333333333333
bronze_Walking_Along_a_Fence_gpt-oss-20b-low_4.cpp,COMPILATION_ERROR,0,0.00%,0.000,0,0,0,0,0,0,0,0,0,0,0,0
bronze_Walking_Along_a_Fence_gpt-oss-20b-low_5.cpp,WRONG_ANSWER,0,9.09%,0.130,16.3984375,0,0,0,0,0,0,0,0,0,0,0
bronze_Walking_Along_a_Fence_gpt-oss-20b-low_6.cpp,WRONG_ANSWER,0,9.09%,0.100,23.98046875,0,0,0,0,0,0,0,0,0,0,0
bronze_Walking_Along_a_Fence_gpt-oss-20b-low_7.cpp,ACCEPTED,333,100.00%,0.120,14.9609375,0,33.33333333333333,33.33333333333333,33.33333333333333,33.33333333333333,33.33333333333333,33.33333333333333,33.33333333333333,33.33333333333333,33.33333333333333,33.33333333333333
