solution,status,score,%test passed,time,memory,subtask_0,subtask_1,subtask_10,subtask_11,subtask_12,subtask_13,subtask_14,subtask_15,subtask_16,subtask_17,subtask_18,subtask_19,subtask_2,subtask_20,subtask_3,subtask_4,subtask_5,subtask_6,subtask_7,subtask_8,subtask_9
gold_Cowreography_gpt-oss-20b-low_1.cpp,RUNTIME_ERROR,33,13.04%,0.030,10.96875,0,16.666666666666664,0,0,0,0,0,0,0,0,0,0,16.666666666666664,0,0,0,0,0,0,0,0
gold_Cowreography_gpt-oss-20b-low_2.cpp,RUNTIME_ERROR,0,0.00%,0.020,3.28515625,0,0,0,0,0,0,0,0,0,0,0,0,0,0,0,0,0,0,0,0,0
gold_Cowreography_gpt-oss-20b-low_3.cpp,WRONG_ANSWER,100,39.13%,0.030,11.765625,0,16.666666666666664,0,0,0,16.666666666666664,0,0,16.666666666666664,0,16.666666666666664,16.666666666666664,16.666666666666664,0,0,0,0,0,0,0,0
gold_Cowreography_gpt-oss-20b-low_4.cpp,WRONG_ANSWER,100,39.13%,0.020,3.4921875,0,16.666666666666664,0,0,0,16.666666666666664,0,0,16.666666666666664,0,16.666666666666664,16.666666666666664,16.666666666666664,0,0,0,0,0,0,0,0
gold_Cowreography_gpt-oss-20b-low_5.cpp,RUNTIME_ERROR,33,13.04%,0.030,10.77734375,0,16.666666666666664,0,0,0,0,0,0,0,0,0,0,16.666666666666664,0,0,0,0,0,0,0,0
gold_Cowreography_gpt-oss-20b-low_6.cpp,WRONG_ANSWER,100,39.13%,0.030,18.51171875,0,16.666666666666664,0,0,0,16.666666666666664,0,0,16.666666666666664,0,16.666666666666664,16.666666666666664,16.666666666666664,0,0,0,0,0,0,0,0
gold_Cowreography_gpt-oss-20b-low_7.cpp,WRONG_ANSWER,100,39.13%,0.020,18.18359375,0,16.666666666666664,0,0,0,16.666666666666664,0,0,16.666666666666664,0,16.666666666666664,16.666666666666664,16.666666666666664,0,0,0,0,0,0,0,0
