solution,status,score,%test passed,time,memory,subtask_0,subtask_1,subtask_10,subtask_2,subtask_3,subtask_4,subtask_5,subtask_6,subtask_7,subtask_8,subtask_9
bronze_Hungry_Cow_Mistral-Large-Instruct-2411_0.cpp,TIME_LIMIT_EXCEEDED,133,53.85%,2.520,2.84765625,0,33.33333333333333,0,33.33333333333333,33.33333333333333,33.33333333333333,0,0,0,0,0
bronze_Hungry_Cow_Mistral-Large-Instruct-2411_1.cpp,TIME_LIMIT_EXCEEDED,133,53.85%,2.430,2.84765625,0,33.33333333333333,0,33.33333333333333,33.33333333333333,33.33333333333333,0,0,0,0,0
bronze_Hungry_Cow_Mistral-Large-Instruct-2411_2.cpp,TIME_LIMIT_EXCEEDED,133,53.85%,2.250,2.84765625,0,33.33333333333333,0,33.33333333333333,33.33333333333333,33.33333333333333,0,0,0,0,0
bronze_Hungry_Cow_Mistral-Large-Instruct-2411_3.cpp,TIME_LIMIT_EXCEEDED,133,53.85%,2.270,2.84765625,0,33.33333333333333,0,33.33333333333333,33.33333333333333,33.33333333333333,0,0,0,0,0
bronze_Hungry_Cow_Mistral-Large-Instruct-2411_4.cpp,TIME_LIMIT_EXCEEDED,133,53.85%,2.270,3.1015625,0,33.33333333333333,0,33.33333333333333,33.33333333333333,33.33333333333333,0,0,0,0,0
bronze_Hungry_Cow_Mistral-Large-Instruct-2411_5.cpp,TIME_LIMIT_EXCEEDED,133,53.85%,2.520,2.84765625,0,33.33333333333333,0,33.33333333333333,33.33333333333333,33.33333333333333,0,0,0,0,0
bronze_Hungry_Cow_Mistral-Large-Instruct-2411_6.cpp,TIME_LIMIT_EXCEEDED,133,53.85%,2.260,2.84765625,0,33.33333333333333,0,33.33333333333333,33.33333333333333,33.33333333333333,0,0,0,0,0
bronze_Hungry_Cow_Mistral-Large-Instruct-2411_7.cpp,TIME_LIMIT_EXCEEDED,133,53.85%,2.270,2.84765625,0,33.33333333333333,0,33.33333333333333,33.33333333333333,33.33333333333333,0,0,0,0,0
