solution,status,score,%test passed,time,memory,subtask_0,subtask_1,subtask_10,subtask_11,subtask_12,subtask_13,subtask_2,subtask_3,subtask_4,subtask_5,subtask_6,subtask_7,subtask_8,subtask_9
bronze_Milk_Exchange_seed-oss_0.cpp,TIME_LIMIT_EXCEEDED,51,12.50%,2.420,6.3671875,0,0,0,0,0,0,0,0,25.64102564102564,25.64102564102564,0,0,0,0
bronze_Milk_Exchange_seed-oss_1.cpp,TIME_LIMIT_EXCEEDED,154,56.25%,2.410,7.671875,0,25.64102564102564,0,0,0,25.64102564102564,25.64102564102564,25.64102564102564,25.64102564102564,25.64102564102564,0,0,0,0
bronze_Milk_Exchange_seed-oss_2.cpp,TIME_LIMIT_EXCEEDED,154,56.25%,2.420,7.66015625,0,25.64102564102564,0,0,0,25.64102564102564,25.64102564102564,25.64102564102564,25.64102564102564,25.64102564102564,0,0,0,0
bronze_Milk_Exchange_seed-oss_3.cpp,TIME_LIMIT_EXCEEDED,154,56.25%,2.420,16.71875,0,25.64102564102564,0,0,0,25.64102564102564,25.64102564102564,25.64102564102564,25.64102564102564,25.64102564102564,0,0,0,0
bronze_Milk_Exchange_seed-oss_4.cpp,COMPILATION_ERROR,0,0.00%,0.000,0,0,0,0,0,0,0,0,0,0,0,0,0,0,0
bronze_Milk_Exchange_seed-oss_5.cpp,TIME_LIMIT_EXCEEDED,26,18.75%,2.420,9.0703125,0,0,0,0,0,25.64102564102564,0,0,0,0,0,0,0,0
bronze_Milk_Exchange_seed-oss_6.cpp,TIME_LIMIT_EXCEEDED,154,56.25%,2.420,6.140625,0,25.64102564102564,0,0,0,25.64102564102564,25.64102564102564,25.64102564102564,25.64102564102564,25.64102564102564,0,0,0,0
bronze_Milk_Exchange_seed-oss_7.cpp,TIME_LIMIT_EXCEEDED,154,56.25%,2.410,6.9140625,0,25.64102564102564,0,0,0,25.64102564102564,25.64102564102564,25.64102564102564,25.64102564102564,25.64102564102564,0,0,0,0
