solution,status,score,%test passed,time,memory,subtask_0,subtask_1,subtask_10,subtask_11,subtask_12,subtask_2,subtask_3,subtask_4,subtask_5,subtask_6,subtask_7,subtask_8,subtask_9
gold_Bessla_Motors_seed-oss_0.cpp,RUNTIME_ERROR,0,0.00%,0.040,6.78125,0,0,0,0,0,0,0,0,0,0,0,0,0
gold_Bessla_Motors_seed-oss_1.cpp,RUNTIME_ERROR,0,0.00%,0.150,20.390625,0,0,0,0,0,0,0,0,0,0,0,0,0
gold_Bessla_Motors_seed-oss_2.cpp,MEMORY_LIMIT_EXCEEDED,111,46.67%,0.460,138.46875,0,27.777777777777775,0,0,0,27.777777777777775,27.777777777777775,0,27.777777777777775,0,0,0,0
gold_Bessla_Motors_seed-oss_3.cpp,RUNTIME_ERROR,0,6.67%,0.050,9.6015625,0,0,0,0,0,0,0,0,0,0,0,0,0
gold_Bessla_Motors_seed-oss_4.cpp,WRONG_ANSWER,0,20.00%,0.200,17.52734375,0,0,0,0,0,0,0,0,0,0,0,0,0
gold_Bessla_Motors_seed-oss_5.cpp,WRONG_ANSWER,0,20.00%,0.370,29.01953125,0,0,0,0,0,0,0,0,0,0,0,0,0
gold_Bessla_Motors_seed-oss_6.cpp,TIME_LIMIT_EXCEEDED,306,93.33%,3.600,8.39453125,0,27.777777777777775,27.777777777777775,27.777777777777775,27.777777777777775,27.777777777777775,27.777777777777775,27.777777777777775,0,27.777777777777775,27.777777777777775,27.777777777777775,27.777777777777775
gold_Bessla_Motors_seed-oss_7.cpp,WRONG_ANSWER,83,40.00%,0.380,9.0859375,0,27.777777777777775,0,0,0,27.777777777777775,27.777777777777775,0,0,0,0,0,0
