solution,status,score,%test passed,time,memory,subtask_0,subtask_1,subtask_10,subtask_2,subtask_3,subtask_4,subtask_5,subtask_6,subtask_7,subtask_8,subtask_9
silver_Moorbles_seed-oss_0.cpp,TIME_LIMIT_EXCEEDED,0,0.00%,2.420,305.76953125,0,0,0,0,0,0,0,0,0,0,0
silver_Moorbles_seed-oss_1.cpp,WRONG_ANSWER,0,8.33%,0.090,25.30859375,0,0,0,0,0,0,0,0,0,0,0
silver_Moorbles_seed-oss_2.cpp,RUNTIME_ERROR,0,0.00%,0.090,21.92578125,0,0,0,0,0,0,0,0,0,0,0
silver_Moorbles_seed-oss_3.cpp,RUNTIME_ERROR,167,41.67%,1.450,16.41015625,0,0,33.33333333333333,0,0,0,0,33.33333333333333,33.33333333333333,33.33333333333333,33.33333333333333
silver_Moorbles_seed-oss_4.cpp,WRONG_ANSWER,0,16.67%,0.090,6.97265625,0,0,0,0,0,0,0,0,0,0,0
silver_Moorbles_seed-oss_5.cpp,MEMORY_LIMIT_EXCEEDED,0,8.33%,0.070,18.73828125,0,0,0,0,0,0,0,0,0,0,0
silver_Moorbles_seed-oss_6.cpp,RUNTIME_ERROR,0,0.00%,0.090,29.91015625,0,0,0,0,0,0,0,0,0,0,0
silver_Moorbles_seed-oss_7.cpp,ACCEPTED,333,100.00%,0.100,32.5,0,33.33333333333333,33.33333333333333,33.33333333333333,33.33333333333333,33.33333333333333,33.33333333333333,33.33333333333333,33.33333333333333,33.33333333333333,33.33333333333333
