solution,status,score,%test passed,time,memory,subtask_0,subtask_1,subtask_10,subtask_11,subtask_12,subtask_13,subtask_14,subtask_2,subtask_3,subtask_4,subtask_5,subtask_6,subtask_7,subtask_8,subtask_9
gold_Find_and_Replace_gemini-2.5-pro_0.cpp,TIME_LIMIT_EXCEEDED,238,73.33%,2.220,78.90234375,0,23.809523809523807,23.809523809523807,23.809523809523807,23.809523809523807,23.809523809523807,0,23.809523809523807,23.809523809523807,23.809523809523807,23.809523809523807,23.809523809523807,0,0,0
gold_Find_and_Replace_gemini-2.5-pro_1.cpp,TIME_LIMIT_EXCEEDED,167,53.33%,2.270,61.87890625,0,23.809523809523807,0,0,0,23.809523809523807,0,23.809523809523807,23.809523809523807,23.809523809523807,23.809523809523807,23.809523809523807,0,0,0
gold_Find_and_Replace_gemini-2.5-pro_2.cpp,TIME_LIMIT_EXCEEDED,0,0.00%,2.280,57.23828125,0,0,0,0,0,0,0,0,0,0,0,0,0,0,0
gold_Find_and_Replace_gemini-2.5-pro_3.cpp,TIME_LIMIT_EXCEEDED,143,46.67%,2.450,75.68359375,0,23.809523809523807,0,0,0,0,0,23.809523809523807,23.809523809523807,23.809523809523807,23.809523809523807,23.809523809523807,0,0,0
gold_Find_and_Replace_gemini-2.5-pro_4.cpp,TIME_LIMIT_EXCEEDED,214,66.67%,2.220,83.015625,0,23.809523809523807,0,23.809523809523807,23.809523809523807,23.809523809523807,0,23.809523809523807,23.809523809523807,23.809523809523807,23.809523809523807,23.809523809523807,0,0,0
gold_Find_and_Replace_gemini-2.5-pro_5.cpp,ACCEPTED,333,100.00%,0.210,112.203125,0,23.809523809523807,23.809523809523807,23.809523809523807,23.809523809523807,23.809523809523807,23.809523809523807,23.809523809523807,23.809523809523807,23.809523809523807,23.809523809523807,23.809523809523807,23.809523809523807,23.809523809523807,23.809523809523807
gold_Find_and_Replace_gemini-2.5-pro_6.cpp,TIME_LIMIT_EXCEEDED,143,46.67%,2.280,49.30859375,0,23.809523809523807,0,0,0,0,0,23.809523809523807,23.809523809523807,23.809523809523807,23.809523809523807,23.809523809523807,0,0,0
gold_Find_and_Replace_gemini-2.5-pro_7.cpp,MEMORY_LIMIT_EXCEEDED,0,6.67%,0.130,13.4140625,0,0,0,0,0,0,0,0,0,0,0,0,0,0,0
