solution,status,score,%test passed,time,memory,subtask_0,subtask_1,subtask_10,subtask_11,subtask_12,subtask_13,subtask_14,subtask_15,subtask_16,subtask_17,subtask_18,subtask_19,subtask_2,subtask_20,subtask_3,subtask_4,subtask_5,subtask_6,subtask_7,subtask_8,subtask_9
gold_Moo_Route_gemini-2.5-pro_0.cpp,WRONG_ANSWER,100,33.33%,0.140,18.8359375,0,16.666666666666664,0,0,0,0,0,0,0,0,0,0,16.666666666666664,0,16.666666666666664,16.666666666666664,16.666666666666664,16.666666666666664,0,0,0
gold_Moo_Route_gemini-2.5-pro_1.cpp,WRONG_ANSWER,0,4.76%,0.110,2.84765625,0,0,0,0,0,0,0,0,0,0,0,0,0,0,0,0,0,0,0,0,0
gold_Moo_Route_gemini-2.5-pro_2.cpp,RUNTIME_ERROR,100,33.33%,0.160,10.90234375,0,16.666666666666664,0,0,0,0,0,0,0,0,0,0,16.666666666666664,0,16.666666666666664,16.666666666666664,16.666666666666664,16.666666666666664,0,0,0
gold_Moo_Route_gemini-2.5-pro_3.cpp,WRONG_ANSWER,33,14.29%,0.160,9.80859375,0,16.666666666666664,0,0,0,0,0,0,0,0,0,0,0,0,0,16.666666666666664,0,0,0,0,0
gold_Moo_Route_gemini-2.5-pro_4.cpp,TIME_LIMIT_EXCEEDED,0,0.00%,2.420,5.16015625,0,0,0,0,0,0,0,0,0,0,0,0,0,0,0,0,0,0,0,0,0
gold_Moo_Route_gemini-2.5-pro_5.cpp,WRONG_ANSWER,33,14.29%,0.160,9.8125,0,16.666666666666664,0,0,0,0,0,0,0,0,0,0,0,0,0,16.666666666666664,0,0,0,0,0
gold_Moo_Route_gemini-2.5-pro_6.cpp,ACCEPTED,333,100.00%,0.150,9.296875,0,16.666666666666664,16.666666666666664,16.666666666666664,16.666666666666664,16.666666666666664,16.666666666666664,16.666666666666664,16.666666666666664,16.666666666666664,16.666666666666664,16.666666666666664,16.666666666666664,16.666666666666664,16.666666666666664,16.666666666666664,16.666666666666664,16.666666666666664,16.666666666666664,16.666666666666664,16.666666666666664
gold_Moo_Route_gemini-2.5-pro_7.cpp,MEMORY_LIMIT_EXCEEDED,67,23.81%,0.510,280.69921875,0,0,0,0,0,0,0,0,0,0,0,0,16.666666666666664,0,16.666666666666664,0,16.666666666666664,16.666666666666664,0,0,0
