solution,status,score,%test passed,time,memory,subtask_0,subtask_1,subtask_10,subtask_11,subtask_12,subtask_13,subtask_14,subtask_2,subtask_3,subtask_4,subtask_5,subtask_6,subtask_7,subtask_8,subtask_9
silver_Following_Directions_gemini-2.5-pro_0.cpp,TIME_LIMIT_EXCEEDED,143,46.67%,8.830,43.83984375,0,23.809523809523807,0,0,0,0,0,23.809523809523807,23.809523809523807,23.809523809523807,23.809523809523807,23.809523809523807,0,0,0
silver_Following_Directions_gemini-2.5-pro_1.cpp,TIME_LIMIT_EXCEEDED,0,6.67%,8.940,43.83984375,0,0,0,0,0,0,0,0,0,0,0,0,0,0,0
silver_Following_Directions_gemini-2.5-pro_2.cpp,ACCEPTED,333,100.00%,3.440,29.765625,0,23.809523809523807,23.809523809523807,23.809523809523807,23.809523809523807,23.809523809523807,23.809523809523807,23.809523809523807,23.809523809523807,23.809523809523807,23.809523809523807,23.809523809523807,23.809523809523807,23.809523809523807,23.809523809523807
silver_Following_Directions_gemini-2.5-pro_3.cpp,TIME_LIMIT_EXCEEDED,143,46.67%,8.940,43.83203125,0,23.809523809523807,0,0,0,0,0,23.809523809523807,23.809523809523807,23.809523809523807,23.809523809523807,23.809523809523807,0,0,0
silver_Following_Directions_gemini-2.5-pro_4.cpp,ACCEPTED,333,100.00%,5.840,7.73828125,0,23.809523809523807,23.809523809523807,23.809523809523807,23.809523809523807,23.809523809523807,23.809523809523807,23.809523809523807,23.809523809523807,23.809523809523807,23.809523809523807,23.809523809523807,23.809523809523807,23.809523809523807,23.809523809523807
silver_Following_Directions_gemini-2.5-pro_5.cpp,WRONG_ANSWER,24,6.67%,4.060,35.33203125,0,0,0,0,0,0,0,0,23.809523809523807,0,0,0,0,0,0
silver_Following_Directions_gemini-2.5-pro_6.cpp,WRONG_ANSWER,0,6.67%,0.150,43.8359375,0,0,0,0,0,0,0,0,0,0,0,0,0,0,0
silver_Following_Directions_gemini-2.5-pro_7.cpp,TIME_LIMIT_EXCEEDED,143,46.67%,8.940,55.69140625,0,23.809523809523807,0,0,0,0,0,23.809523809523807,23.809523809523807,23.809523809523807,23.809523809523807,23.809523809523807,0,0,0
