solution,status,score,%test passed,time,memory,subtask_0,subtask_1,subtask_10,subtask_11,subtask_12,subtask_2,subtask_3,subtask_4,subtask_5,subtask_6,subtask_7,subtask_8,subtask_9
silver_Target_Practice_Qwen3-30B_0.cpp,TIME_LIMIT_EXCEEDED,28,6.67%,2.400,8.91015625,0,27.777777777777775,0,0,0,0,0,0,0,0,0,0,0
silver_Target_Practice_Qwen3-30B_1.cpp,TIME_LIMIT_EXCEEDED,83,20.00%,2.300,10.359375,0,27.777777777777775,0,0,0,27.777777777777775,27.777777777777775,0,0,0,0,0,0
silver_Target_Practice_Qwen3-30B_2.cpp,MEMORY_LIMIT_EXCEEDED,28,20.00%,0.670,214.453125,0,27.777777777777775,0,0,0,0,0,0,0,0,0,0,0
silver_Target_Practice_Qwen3-30B_3.cpp,TIME_LIMIT_EXCEEDED,83,40.00%,2.370,9.73046875,0,27.777777777777775,0,0,0,27.777777777777775,27.777777777777775,0,0,0,0,0,0
silver_Target_Practice_Qwen3-30B_4.cpp,RUNTIME_ERROR,28,6.67%,0.120,9.30078125,0,27.777777777777775,0,0,0,0,0,0,0,0,0,0,0
silver_Target_Practice_Qwen3-30B_5.cpp,TIME_LIMIT_EXCEEDED,28,26.67%,2.260,11.34765625,0,27.777777777777775,0,0,0,0,0,0,0,0,0,0,0
silver_Target_Practice_Qwen3-30B_6.cpp,TIME_LIMIT_EXCEEDED,83,40.00%,2.330,14.69921875,0,27.777777777777775,0,0,0,27.777777777777775,27.777777777777775,0,0,0,0,0,0
silver_Target_Practice_Qwen3-30B_7.cpp,TIME_LIMIT_EXCEEDED,28,6.67%,2.380,7.24609375,0,27.777777777777775,0,0,0,0,0,0,0,0,0,0,0
