solution,status,score,%test passed,time,memory,subtask_0,subtask_1,subtask_10,subtask_2,subtask_3,subtask_4,subtask_5,subtask_6,subtask_7,subtask_8,subtask_9
bronze_Hungry_Cow_Qwen3-32B-Non-Thinking_0.cpp,RUNTIME_ERROR,0,7.69%,0.050,2.7890625,0,0,0,0,0,0,0,0,0,0,0
bronze_Hungry_Cow_Qwen3-32B-Non-Thinking_1.cpp,TIME_LIMIT_EXCEEDED,133,53.85%,2.240,2.7890625,0,33.33333333333333,0,33.33333333333333,33.33333333333333,33.33333333333333,0,0,0,0,0
bronze_Hungry_Cow_Qwen3-32B-Non-Thinking_2.cpp,RUNTIME_ERROR,0,7.69%,0.050,2.7890625,0,0,0,0,0,0,0,0,0,0,0
bronze_Hungry_Cow_Qwen3-32B-Non-Thinking_3.cpp,ACCEPTED,333,100.00%,0.050,2.7890625,0,33.33333333333333,33.33333333333333,33.33333333333333,33.33333333333333,33.33333333333333,33.33333333333333,33.33333333333333,33.33333333333333,33.33333333333333,33.33333333333333
bronze_Hungry_Cow_Qwen3-32B-Non-Thinking_4.cpp,TIME_LIMIT_EXCEEDED,0,0.00%,2.290,2.7890625,0,0,0,0,0,0,0,0,0,0,0
bronze_Hungry_Cow_Qwen3-32B-Non-Thinking_5.cpp,RUNTIME_ERROR,0,7.69%,0.050,2.7890625,0,0,0,0,0,0,0,0,0,0,0
bronze_Hungry_Cow_Qwen3-32B-Non-Thinking_6.cpp,TIME_LIMIT_EXCEEDED,133,53.85%,2.270,2.7890625,0,33.33333333333333,0,33.33333333333333,33.33333333333333,33.33333333333333,0,0,0,0,0
bronze_Hungry_Cow_Qwen3-32B-Non-Thinking_7.cpp,TIME_LIMIT_EXCEEDED,133,53.85%,2.230,2.7890625,0,33.33333333333333,0,33.33333333333333,33.33333333333333,33.33333333333333,0,0,0,0,0
