solution,status,score,%test passed,time,memory,subtask_0,subtask_1,subtask_2,subtask_3,subtask_4,subtask_5,subtask_6,subtask_7,subtask_8,subtask_9
ones_seed-oss_0.cpp,WRONG_ANSWER,20,0.00%,0.510,3.61328125,3.5065600000000003,3.1394,2.68485,2.36392,2.06929,1.7141300000000002,1.47061,1.24474,0.9666399999999999,0.7696500000000001
ones_seed-oss_1.cpp,UNKNOWN,0,0.00%,0.000,0,0,0,0,0,0,0,0,0,0,0
ones_seed-oss_2.cpp,WRONG_ANSWER,0,0.00%,0.020,1.80859375,0.0,0.0,0.0,0.0,0.0,0.0,0.0,0.0,0.0,0.0
ones_seed-oss_3.cpp,WRONG_ANSWER,27,0.00%,0.090,1.95703125,4.72823,4.07686,1.44916,1.4693500000000002,1.5234,1.77837,2.21444,2.77524,3.35778,3.6938700000000004
ones_seed-oss_4.cpp,WRONG_ANSWER,20,0.00%,0.120,1.953125,1.81644,1.8197299999999998,1.8458299999999999,1.8745500000000002,1.90604,1.95621,2.00536,2.06244,2.15529,2.23312
ones_seed-oss_5.cpp,WRONG_ANSWER,20,0.00%,0.210,2.0625,1.74569,1.7815800000000002,1.83025,1.8659899999999998,1.90143,1.95442,2.00443,2.06189,2.15504,2.23298
ones_seed-oss_6.cpp,WRONG_ANSWER,15,0.00%,0.120,1.80859375,1.4751400000000001,1.4782000000000002,1.48539,1.48432,1.47945,1.47173,1.4740600000000001,1.4927599999999999,1.59524,1.82836
ones_seed-oss_7.cpp,WRONG_ANSWER,25,0.00%,0.130,1.94921875,4.70929,4.06906,3.35974,2.8991499999999997,2.49801,2.0357600000000002,1.72931,1.45111,1.1148099999999999,0.87959
