solution,status,score,%test passed,time,memory,subtask_0,subtask_1,subtask_10,subtask_11,subtask_12,subtask_13,subtask_14,subtask_15,subtask_16,subtask_17,subtask_2,subtask_3,subtask_4,subtask_5,subtask_6,subtask_7,subtask_8,subtask_9
bronze_FEB_gpt-oss-120b-low_0.cpp,RUNTIME_ERROR,235,60.00%,0.050,1.92578125,0,0,19.6078431372549,19.6078431372549,19.6078431372549,19.6078431372549,19.6078431372549,0,19.6078431372549,0,0,19.6078431372549,19.6078431372549,0,19.6078431372549,19.6078431372549,19.6078431372549,19.6078431372549
bronze_FEB_gpt-oss-120b-low_1.cpp,RUNTIME_ERROR,78,25.00%,0.060,6.37109375,0,0,0,0,19.6078431372549,0,0,0,0,0,0,19.6078431372549,19.6078431372549,19.6078431372549,0,0,0,0
bronze_FEB_gpt-oss-120b-low_2.cpp,WRONG_ANSWER,118,40.00%,0.050,1.73828125,0,19.6078431372549,0,0,19.6078431372549,0,0,19.6078431372549,0,19.6078431372549,19.6078431372549,0,0,19.6078431372549,0,0,0,0
bronze_FEB_gpt-oss-120b-low_3.cpp,WRONG_ANSWER,59,25.00%,0.050,1.92578125,0,0,0,0,19.6078431372549,0,0,0,0,0,19.6078431372549,0,19.6078431372549,0,0,0,0,0
bronze_FEB_gpt-oss-120b-low_4.cpp,RUNTIME_ERROR,59,20.00%,0.050,5.1171875,0,0,0,0,19.6078431372549,0,0,0,0,0,0,19.6078431372549,19.6078431372549,0,0,0,0,0
bronze_FEB_gpt-oss-120b-low_5.cpp,ACCEPTED,333,100.00%,0.060,2.05078125,0,19.6078431372549,19.6078431372549,19.6078431372549,19.6078431372549,19.6078431372549,19.6078431372549,19.6078431372549,19.6078431372549,19.6078431372549,19.6078431372549,19.6078431372549,19.6078431372549,19.6078431372549,19.6078431372549,19.6078431372549,19.6078431372549,19.6078431372549
bronze_FEB_gpt-oss-120b-low_6.cpp,RUNTIME_ERROR,235,60.00%,0.050,2.5546875,0,0,19.6078431372549,19.6078431372549,19.6078431372549,19.6078431372549,19.6078431372549,0,19.6078431372549,0,0,19.6078431372549,19.6078431372549,0,19.6078431372549,19.6078431372549,19.6078431372549,19.6078431372549
bronze_FEB_gpt-oss-120b-low_7.cpp,RUNTIME_ERROR,39,10.00%,0.050,1.73828125,0,0,0,0,19.6078431372549,0,0,0,0,0,0,0,0,19.6078431372549,0,0,0,0
