solution,status,score,%test passed,time,memory,subtask_0,subtask_1,subtask_2
s2_QwQ-32B_0.cpp,ACCEPTED,15,100.00%,0.210,192.33984375,5,5,5
s2_QwQ-32B_1.cpp,ACCEPTED,15,100.00%,0.150,96.94921875,5,5,5
s2_QwQ-32B_2.cpp,ACCEPTED,15,100.00%,0.160,96.94921875,5,5,5
s2_QwQ-32B_3.cpp,ACCEPTED,15,100.00%,0.120,144.8984375,5,5,5
s2_QwQ-32B_4.cpp,ACCEPTED,15,100.00%,0.160,96.94921875,5,5,5
s2_QwQ-32B_5.cpp,ACCEPTED,15,100.00%,0.250,115.25,5,5,5
s2_QwQ-32B_6.cpp,ACCEPTED,15,100.00%,0.150,96.94921875,5,5,5
s2_QwQ-32B_7.cpp,ACCEPTED,15,100.00%,0.140,96.69140625,5,5,5
