solution,status,score,%test passed,time,memory,subtask_0,subtask_1,subtask_10,subtask_11,subtask_12,subtask_13,subtask_2,subtask_3,subtask_4,subtask_5,subtask_6,subtask_7,subtask_8,subtask_9
bronze_Milk_Exchange_seed-oss_0.cpp,WRONG_ANSWER,103,37.50%,0.040,16.74609375,0,0,25.64102564102564,0,0,25.64102564102564,0,0,25.64102564102564,25.64102564102564,0,0,0,0
bronze_Milk_Exchange_seed-oss_1.cpp,TIME_LIMIT_EXCEEDED,154,56.25%,2.420,6.97265625,0,25.64102564102564,0,0,0,25.64102564102564,25.64102564102564,25.64102564102564,25.64102564102564,25.64102564102564,0,0,0,0
bronze_Milk_Exchange_seed-oss_2.cpp,ACCEPTED,333,100.00%,0.060,16.42578125,0,25.64102564102564,25.64102564102564,25.64102564102564,25.64102564102564,25.64102564102564,25.64102564102564,25.64102564102564,25.64102564102564,25.64102564102564,25.64102564102564,25.64102564102564,25.64102564102564,25.64102564102564
bronze_Milk_Exchange_seed-oss_3.cpp,TIME_LIMIT_EXCEEDED,154,56.25%,2.420,7.6875,0,25.64102564102564,0,0,0,25.64102564102564,25.64102564102564,25.64102564102564,25.64102564102564,25.64102564102564,0,0,0,0
bronze_Milk_Exchange_seed-oss_4.cpp,TIME_LIMIT_EXCEEDED,154,56.25%,2.430,7.68359375,0,25.64102564102564,0,0,0,25.64102564102564,25.64102564102564,25.64102564102564,25.64102564102564,25.64102564102564,0,0,0,0
bronze_Milk_Exchange_seed-oss_5.cpp,TIME_LIMIT_EXCEEDED,154,56.25%,2.430,7.65625,0,25.64102564102564,0,0,0,25.64102564102564,25.64102564102564,25.64102564102564,25.64102564102564,25.64102564102564,0,0,0,0
bronze_Milk_Exchange_seed-oss_6.cpp,TIME_LIMIT_EXCEEDED,154,56.25%,2.420,9.21484375,0,25.64102564102564,0,0,0,25.64102564102564,25.64102564102564,25.64102564102564,25.64102564102564,25.64102564102564,0,0,0,0
bronze_Milk_Exchange_seed-oss_7.cpp,TIME_LIMIT_EXCEEDED,154,56.25%,2.410,6.37109375,0,25.64102564102564,0,0,0,25.64102564102564,25.64102564102564,25.64102564102564,25.64102564102564,25.64102564102564,0,0,0,0
