solution,status,score,%test passed,time,memory,subtask_0,subtask_1,subtask_10,subtask_11,subtask_12,subtask_13,subtask_14,subtask_2,subtask_3,subtask_4,subtask_5,subtask_6,subtask_7,subtask_8,subtask_9
silver_Target_Practice_II_seed-oss_0.cpp,WRONG_ANSWER,167,46.67%,0.040,4.80859375,0,23.809523809523807,23.809523809523807,23.809523809523807,23.809523809523807,23.809523809523807,23.809523809523807,0,0,0,0,0,0,0,23.809523809523807
silver_Target_Practice_II_seed-oss_1.cpp,WRONG_ANSWER,167,46.67%,0.050,12.44140625,0,23.809523809523807,23.809523809523807,23.809523809523807,23.809523809523807,23.809523809523807,23.809523809523807,0,0,0,0,0,0,0,23.809523809523807
silver_Target_Practice_II_seed-oss_2.cpp,WRONG_ANSWER,167,46.67%,0.050,10.796875,0,23.809523809523807,23.809523809523807,23.809523809523807,23.809523809523807,23.809523809523807,23.809523809523807,0,0,0,0,0,0,0,23.809523809523807
silver_Target_Practice_II_seed-oss_3.cpp,WRONG_ANSWER,167,46.67%,0.040,6.3515625,0,23.809523809523807,23.809523809523807,23.809523809523807,23.809523809523807,23.809523809523807,23.809523809523807,0,0,0,0,0,0,0,23.809523809523807
silver_Target_Practice_II_seed-oss_4.cpp,WRONG_ANSWER,24,6.67%,0.040,5.78515625,0,23.809523809523807,0,0,0,0,0,0,0,0,0,0,0,0,0
silver_Target_Practice_II_seed-oss_5.cpp,COMPILATION_ERROR,0,0.00%,0.000,0,0,0,0,0,0,0,0,0,0,0,0,0,0,0,0
silver_Target_Practice_II_seed-oss_6.cpp,WRONG_ANSWER,24,6.67%,0.050,7.07421875,0,23.809523809523807,0,0,0,0,0,0,0,0,0,0,0,0,0
silver_Target_Practice_II_seed-oss_7.cpp,WRONG_ANSWER,167,46.67%,0.040,10.08203125,0,23.809523809523807,23.809523809523807,23.809523809523807,23.809523809523807,23.809523809523807,23.809523809523807,0,0,0,0,0,0,0,23.809523809523807
