solution,status,score,%test passed,time,memory,subtask_0,subtask_1,subtask_10,subtask_11,subtask_12,subtask_13,subtask_14,subtask_15,subtask_16,subtask_17,subtask_2,subtask_3,subtask_4,subtask_5,subtask_6,subtask_7,subtask_8,subtask_9
gold_The_Best_Subsequence_gpt-oss-20b-high_0.cpp,ACCEPTED,333,100.00%,0.490,18.82421875,0,19.6078431372549,19.6078431372549,19.6078431372549,19.6078431372549,19.6078431372549,19.6078431372549,19.6078431372549,19.6078431372549,19.6078431372549,19.6078431372549,19.6078431372549,19.6078431372549,19.6078431372549,19.6078431372549,19.6078431372549,19.6078431372549,19.6078431372549
gold_The_Best_Subsequence_gpt-oss-20b-high_2.cpp,ACCEPTED,333,100.00%,0.300,22.85546875,0,19.6078431372549,19.6078431372549,19.6078431372549,19.6078431372549,19.6078431372549,19.6078431372549,19.6078431372549,19.6078431372549,19.6078431372549,19.6078431372549,19.6078431372549,19.6078431372549,19.6078431372549,19.6078431372549,19.6078431372549,19.6078431372549,19.6078431372549
