solution,status,score,%test passed,time,memory,subtask_0,subtask_1,subtask_10,subtask_11,subtask_12,subtask_13,subtask_14,subtask_15,subtask_2,subtask_3,subtask_4,subtask_5,subtask_6,subtask_7,subtask_8,subtask_9
silver_Vocabulary_Quiz_gpt-oss-20b-high_0.cpp,TIME_LIMIT_EXCEEDED,156,55.56%,2.420,24.50390625,0,22.22222222222222,0,0,0,0,0,0,22.22222222222222,22.22222222222222,22.22222222222222,22.22222222222222,22.22222222222222,22.22222222222222,0,0
silver_Vocabulary_Quiz_gpt-oss-20b-high_1.cpp,TIME_LIMIT_EXCEEDED,156,55.56%,2.420,24.83203125,0,22.22222222222222,0,0,0,0,0,0,22.22222222222222,22.22222222222222,22.22222222222222,22.22222222222222,22.22222222222222,22.22222222222222,0,0
silver_Vocabulary_Quiz_gpt-oss-20b-high_2.cpp,ACCEPTED,333,100.00%,0.280,91.37109375,0,22.22222222222222,22.22222222222222,22.22222222222222,22.22222222222222,22.22222222222222,22.22222222222222,22.22222222222222,22.22222222222222,22.22222222222222,22.22222222222222,22.22222222222222,22.22222222222222,22.22222222222222,22.22222222222222,22.22222222222222
silver_Vocabulary_Quiz_gpt-oss-20b-high_3.cpp,RUNTIME_ERROR,0,0.00%,0.970,101.65625,0,0,0,0,0,0,0,0,0,0,0,0,0,0,0,0
silver_Vocabulary_Quiz_gpt-oss-20b-high_4.cpp,TIME_LIMIT_EXCEEDED,156,55.56%,2.440,17.54296875,0,22.22222222222222,0,0,0,0,0,0,22.22222222222222,22.22222222222222,22.22222222222222,22.22222222222222,22.22222222222222,22.22222222222222,0,0
silver_Vocabulary_Quiz_gpt-oss-20b-high_5.cpp,TIME_LIMIT_EXCEEDED,0,0.00%,2.440,19.53515625,0,0,0,0,0,0,0,0,0,0,0,0,0,0,0,0
silver_Vocabulary_Quiz_gpt-oss-20b-high_7.cpp,TIME_LIMIT_EXCEEDED,156,55.56%,2.430,20.63671875,0,22.22222222222222,0,0,0,0,0,0,22.22222222222222,22.22222222222222,22.22222222222222,22.22222222222222,22.22222222222222,22.22222222222222,0,0
