solution,status,score,%test passed,time,memory,subtask_0,subtask_1,subtask_2
sah_gpt-5_0.cpp,ACCEPTED,50,100.00%,0.060,0.00390625,13,19,18
sah_gpt-5_1.cpp,ACCEPTED,50,100.00%,0.060,1.55859375,13,19,18
sah_gpt-5_2.cpp,ACCEPTED,50,100.00%,0.090,0.00390625,13,19,18
sah_gpt-5_3.cpp,ACCEPTED,50,100.00%,0.060,0.00390625,13,19,18
sah_gpt-5_4.cpp,ACCEPTED,50,100.00%,0.060,0.00390625,13,19,18
sah_gpt-5_5.cpp,ACCEPTED,50,100.00%,0.070,0.00390625,13,19,18
sah_gpt-5_6.cpp,ACCEPTED,50,100.00%,0.060,0.00390625,13,19,18
sah_gpt-5_7.cpp,ACCEPTED,50,100.00%,0.060,1.81640625,13,19,18
