solution,status,score,%test passed,time,memory,subtask_0,subtask_1,subtask_10,subtask_2,subtask_3,subtask_4,subtask_5,subtask_6,subtask_7,subtask_8,subtask_9
bronze_Its_Mooin_Time_III_Qwen3-14B_0.cpp,TIME_LIMIT_EXCEEDED,67,27.27%,2.290,2.0703125,0,0,0,0,33.33333333333333,33.33333333333333,0,0,0,0,0
bronze_Its_Mooin_Time_III_Qwen3-14B_1.cpp,TIME_LIMIT_EXCEEDED,167,54.55%,2.270,12.06640625,0,33.33333333333333,0,33.33333333333333,33.33333333333333,33.33333333333333,33.33333333333333,0,0,0,0
bronze_Its_Mooin_Time_III_Qwen3-14B_2.cpp,TIME_LIMIT_EXCEEDED,167,54.55%,2.240,2.0703125,0,33.33333333333333,0,33.33333333333333,33.33333333333333,33.33333333333333,33.33333333333333,0,0,0,0
bronze_Its_Mooin_Time_III_Qwen3-14B_3.cpp,TIME_LIMIT_EXCEEDED,133,45.45%,2.260,2.06640625,0,33.33333333333333,0,33.33333333333333,33.33333333333333,33.33333333333333,0,0,0,0,0
bronze_Its_Mooin_Time_III_Qwen3-14B_4.cpp,TIME_LIMIT_EXCEEDED,133,45.45%,2.260,2.0703125,0,33.33333333333333,0,33.33333333333333,33.33333333333333,33.33333333333333,0,0,0,0,0
bronze_Its_Mooin_Time_III_Qwen3-14B_5.cpp,TIME_LIMIT_EXCEEDED,167,54.55%,2.270,2.0703125,0,33.33333333333333,0,33.33333333333333,33.33333333333333,33.33333333333333,33.33333333333333,0,0,0,0
bronze_Its_Mooin_Time_III_Qwen3-14B_6.cpp,TIME_LIMIT_EXCEEDED,133,45.45%,2.380,12.0625,0,33.33333333333333,0,33.33333333333333,33.33333333333333,33.33333333333333,0,0,0,0,0
bronze_Its_Mooin_Time_III_Qwen3-14B_7.cpp,TIME_LIMIT_EXCEEDED,133,45.45%,2.270,11.91015625,0,33.33333333333333,0,33.33333333333333,33.33333333333333,33.33333333333333,0,0,0,0,0
