solution,status,score,%test passed,time,memory,subtask_0,subtask_1,subtask_10,subtask_2,subtask_3,subtask_4,subtask_5,subtask_6,subtask_7,subtask_8,subtask_9
silver_Compatible_Pairs_Qwen3-14B_0.cpp,WRONG_ANSWER,67,33.33%,0.240,13.671875,0,33.33333333333333,0,33.33333333333333,0,0,0,0,0,0,0
silver_Compatible_Pairs_Qwen3-14B_1.cpp,WRONG_ANSWER,67,33.33%,0.220,11.01953125,0,33.33333333333333,0,33.33333333333333,0,0,0,0,0,0,0
silver_Compatible_Pairs_Qwen3-14B_2.cpp,WRONG_ANSWER,67,33.33%,0.220,19.01171875,0,33.33333333333333,0,33.33333333333333,0,0,0,0,0,0,0
silver_Compatible_Pairs_Qwen3-14B_3.cpp,RUNTIME_ERROR,0,0.00%,1.140,55.84765625,0,0,0,0,0,0,0,0,0,0,0
silver_Compatible_Pairs_Qwen3-14B_4.cpp,WRONG_ANSWER,67,33.33%,0.190,14.03125,0,33.33333333333333,0,33.33333333333333,0,0,0,0,0,0,0
silver_Compatible_Pairs_Qwen3-14B_5.cpp,WRONG_ANSWER,67,33.33%,0.220,17.34765625,0,33.33333333333333,0,33.33333333333333,0,0,0,0,0,0,0
silver_Compatible_Pairs_Qwen3-14B_6.cpp,WRONG_ANSWER,67,33.33%,0.200,11.01953125,0,33.33333333333333,0,33.33333333333333,0,0,0,0,0,0,0
silver_Compatible_Pairs_Qwen3-14B_7.cpp,WRONG_ANSWER,67,33.33%,0.190,9.35546875,0,33.33333333333333,0,33.33333333333333,0,0,0,0,0,0,0
