solution,status,score,%test passed,time,memory,subtask_0,subtask_1,subtask_2,subtask_3
an2dl_gpt-4.1_0.cpp,ACCEPTED,110,100.00%,1.270,114.4765625,12,17,25,56
an2dl_gpt-4.1_1.cpp,MEMORY_LIMIT_EXCEEDED,29,50.00%,0.480,48.21875,12,17,0,0
an2dl_gpt-4.1_2.cpp,ACCEPTED,110,100.00%,1.180,99.0078125,12,17,25,56
an2dl_gpt-4.1_3.cpp,ACCEPTED,110,100.00%,1.090,99.0078125,12,17,25,56
an2dl_gpt-4.1_4.cpp,ACCEPTED,110,100.00%,1.200,99.0078125,12,17,25,56
an2dl_gpt-4.1_5.cpp,ACCEPTED,110,100.00%,1.200,99.0078125,12,17,25,56
an2dl_gpt-4.1_6.cpp,ACCEPTED,110,100.00%,1.500,99.0078125,12,17,25,56
an2dl_gpt-4.1_7.cpp,ACCEPTED,110,100.00%,1.240,99.00390625,12,17,25,56
