solution,status,score,%test passed,time,memory,subtask_0,subtask_1,subtask_10,subtask_11,subtask_12,subtask_13,subtask_14,subtask_15,subtask_2,subtask_3,subtask_4,subtask_5,subtask_6,subtask_7,subtask_8,subtask_9
silver_The_Winning_Gene_Qwen3-14B-Non-Thinking_0.cpp,TIME_LIMIT_EXCEEDED,67,25.00%,2.240,1.55078125,0,22.22222222222222,0,0,0,0,0,0,22.22222222222222,22.22222222222222,0,0,0,0,0,0
silver_The_Winning_Gene_Qwen3-14B-Non-Thinking_1.cpp,TIME_LIMIT_EXCEEDED,67,25.00%,2.340,1.55078125,0,22.22222222222222,0,0,0,0,0,0,22.22222222222222,22.22222222222222,0,0,0,0,0,0
silver_The_Winning_Gene_Qwen3-14B-Non-Thinking_2.cpp,TIME_LIMIT_EXCEEDED,67,25.00%,2.260,1.55078125,0,22.22222222222222,0,0,0,0,0,0,22.22222222222222,22.22222222222222,0,0,0,0,0,0
silver_The_Winning_Gene_Qwen3-14B-Non-Thinking_3.cpp,TIME_LIMIT_EXCEEDED,67,25.00%,2.270,1.55078125,0,22.22222222222222,0,0,0,0,0,0,22.22222222222222,22.22222222222222,0,0,0,0,0,0
silver_The_Winning_Gene_Qwen3-14B-Non-Thinking_4.cpp,TIME_LIMIT_EXCEEDED,67,25.00%,2.340,1.55078125,0,22.22222222222222,0,0,0,0,0,0,22.22222222222222,22.22222222222222,0,0,0,0,0,0
silver_The_Winning_Gene_Qwen3-14B-Non-Thinking_5.cpp,TIME_LIMIT_EXCEEDED,67,25.00%,2.220,1.55078125,0,22.22222222222222,0,0,0,0,0,0,22.22222222222222,22.22222222222222,0,0,0,0,0,0
silver_The_Winning_Gene_Qwen3-14B-Non-Thinking_6.cpp,TIME_LIMIT_EXCEEDED,67,25.00%,2.240,1.55078125,0,22.22222222222222,0,0,0,0,0,0,22.22222222222222,22.22222222222222,0,0,0,0,0,0
silver_The_Winning_Gene_Qwen3-14B-Non-Thinking_7.cpp,TIME_LIMIT_EXCEEDED,67,25.00%,2.250,1.55078125,0,22.22222222222222,0,0,0,0,0,0,22.22222222222222,22.22222222222222,0,0,0,0,0,0
