solution,status,score,%test passed,time,memory,subtask_0,subtask_1,subtask_10,subtask_11,subtask_12,subtask_13,subtask_14,subtask_15,subtask_16,subtask_17,subtask_18,subtask_2,subtask_3,subtask_4,subtask_5,subtask_6,subtask_7,subtask_8,subtask_9
silver_Moo_Route_II_DeepSeek-R1-Distill-Qwen-14B_0.cpp,TIME_LIMIT_EXCEEDED,204,65.00%,4.550,12.640625,0,18.51851851851852,18.51851851851852,18.51851851851852,0,0,0,0,0,0,0,18.51851851851852,18.51851851851852,18.51851851851852,18.51851851851852,18.51851851851852,18.51851851851852,18.51851851851852,18.51851851851852
silver_Moo_Route_II_DeepSeek-R1-Distill-Qwen-14B_1.cpp,TIME_LIMIT_EXCEEDED,204,65.00%,4.460,12.11328125,0,18.51851851851852,18.51851851851852,18.51851851851852,0,0,0,0,0,0,0,18.51851851851852,18.51851851851852,18.51851851851852,18.51851851851852,18.51851851851852,18.51851851851852,18.51851851851852,18.51851851851852
silver_Moo_Route_II_DeepSeek-R1-Distill-Qwen-14B_2.cpp,COMPILATION_ERROR,0,0.00%,0.000,0,0,0,0,0,0,0,0,0,0,0,0,0,0,0,0,0,0,0,0
silver_Moo_Route_II_DeepSeek-R1-Distill-Qwen-14B_3.cpp,COMPILATION_ERROR,0,0.00%,0.000,0,0,0,0,0,0,0,0,0,0,0,0,0,0,0,0,0,0,0,0
silver_Moo_Route_II_DeepSeek-R1-Distill-Qwen-14B_4.cpp,RUNTIME_ERROR,130,35.00%,0.210,10.56640625,0,0,18.51851851851852,0,0,0,0,0,0,0,0,0,0,18.51851851851852,18.51851851851852,18.51851851851852,18.51851851851852,18.51851851851852,18.51851851851852
silver_Moo_Route_II_DeepSeek-R1-Distill-Qwen-14B_5.cpp,COMPILATION_ERROR,0,0.00%,0.000,0,0,0,0,0,0,0,0,0,0,0,0,0,0,0,0,0,0,0,0
silver_Moo_Route_II_DeepSeek-R1-Distill-Qwen-14B_6.cpp,COMPILATION_ERROR,0,0.00%,0.000,0,0,0,0,0,0,0,0,0,0,0,0,0,0,0,0,0,0,0,0
silver_Moo_Route_II_DeepSeek-R1-Distill-Qwen-14B_7.cpp,COMPILATION_ERROR,0,0.00%,0.000,0,0,0,0,0,0,0,0,0,0,0,0,0,0,0,0,0,0,0,0
