solution,status,score,%test passed,time,memory,subtask_0,subtask_1,subtask_10,subtask_11,subtask_12,subtask_13,subtask_14,subtask_15,subtask_2,subtask_3,subtask_4,subtask_5,subtask_6,subtask_7,subtask_8,subtask_9
gold_Job_Completion_gemini-2.5-flash_0.cpp,WRONG_ANSWER,67,25.00%,0.150,5.25390625,0,22.22222222222222,0,0,22.22222222222222,22.22222222222222,0,0,0,0,0,0,0,0,0,0
gold_Job_Completion_gemini-2.5-flash_1.cpp,TIME_LIMIT_EXCEEDED,0,0.00%,2.270,5.9375,0,0,0,0,0,0,0,0,0,0,0,0,0,0,0,0
gold_Job_Completion_gemini-2.5-flash_2.cpp,WRONG_ANSWER,0,0.00%,0.160,7.57421875,0,0,0,0,0,0,0,0,0,0,0,0,0,0,0,0
gold_Job_Completion_gemini-2.5-flash_3.cpp,WRONG_ANSWER,0,0.00%,0.160,6.2890625,0,0,0,0,0,0,0,0,0,0,0,0,0,0,0,0
gold_Job_Completion_gemini-2.5-flash_4.cpp,ACCEPTED,333,100.00%,0.150,6.54296875,0,22.22222222222222,22.22222222222222,22.22222222222222,22.22222222222222,22.22222222222222,22.22222222222222,22.22222222222222,22.22222222222222,22.22222222222222,22.22222222222222,22.22222222222222,22.22222222222222,22.22222222222222,22.22222222222222,22.22222222222222
gold_Job_Completion_gemini-2.5-flash_5.cpp,WRONG_ANSWER,0,0.00%,0.150,5.25390625,0,0,0,0,0,0,0,0,0,0,0,0,0,0,0,0
gold_Job_Completion_gemini-2.5-flash_6.cpp,WRONG_ANSWER,22,12.50%,0.150,6.14453125,0,22.22222222222222,0,0,0,0,0,0,0,0,0,0,0,0,0,0
gold_Job_Completion_gemini-2.5-flash_7.cpp,WRONG_ANSWER,0,0.00%,0.170,6.31640625,0,0,0,0,0,0,0,0,0,0,0,0,0,0,0,0
