solution,status,score,%test passed,time,memory,subtask_0,subtask_1,subtask_10,subtask_2,subtask_3,subtask_4,subtask_5,subtask_6,subtask_7,subtask_8,subtask_9
silver_Cake_Game_gemini-2.5-flash_0.cpp,WRONG_ANSWER,0,9.09%,0.140,6.12109375,0,0,0,0,0,0,0,0,0,0,0
silver_Cake_Game_gemini-2.5-flash_1.cpp,ACCEPTED,333,100.00%,0.140,9.43359375,0,33.33333333333333,33.33333333333333,33.33333333333333,33.33333333333333,33.33333333333333,33.33333333333333,33.33333333333333,33.33333333333333,33.33333333333333,33.33333333333333
silver_Cake_Game_gemini-2.5-flash_2.cpp,WRONG_ANSWER,0,9.09%,0.130,6.125,0,0,0,0,0,0,0,0,0,0,0
silver_Cake_Game_gemini-2.5-flash_3.cpp,COMPILATION_ERROR,0,0.00%,0.000,0,0,0,0,0,0,0,0,0,0,0,0
silver_Cake_Game_gemini-2.5-flash_4.cpp,WRONG_ANSWER,0,9.09%,0.130,6.12109375,0,0,0,0,0,0,0,0,0,0,0
silver_Cake_Game_gemini-2.5-flash_5.cpp,WRONG_ANSWER,0,9.09%,0.130,6.12109375,0,0,0,0,0,0,0,0,0,0,0
silver_Cake_Game_gemini-2.5-flash_6.cpp,ACCEPTED,333,100.00%,0.130,11.01953125,0,33.33333333333333,33.33333333333333,33.33333333333333,33.33333333333333,33.33333333333333,33.33333333333333,33.33333333333333,33.33333333333333,33.33333333333333,33.33333333333333
silver_Cake_Game_gemini-2.5-flash_7.cpp,WRONG_ANSWER,67,27.27%,0.130,11.0234375,0,33.33333333333333,0,33.33333333333333,0,0,0,0,0,0,0
