solution,status,score,%test passed,time,memory,subtask_0,subtask_1,subtask_10,subtask_11,subtask_12,subtask_13,subtask_14,subtask_15,subtask_16,subtask_17,subtask_2,subtask_3,subtask_4,subtask_5,subtask_6,subtask_7,subtask_8,subtask_9
gold_OohMoo_Milk_gemini-2.5-pro_0.cpp,RUNTIME_ERROR,39,10.00%,0.050,2.07421875,0,0,0,0,0,0,0,0,0,0,19.6078431372549,19.6078431372549,0,0,0,0,0,0
gold_OohMoo_Milk_gemini-2.5-pro_1.cpp,TIME_LIMIT_EXCEEDED,59,25.00%,2.460,9.515625,0,19.6078431372549,0,0,0,0,0,0,0,0,19.6078431372549,19.6078431372549,0,0,0,0,0,0
gold_OohMoo_Milk_gemini-2.5-pro_2.cpp,RUNTIME_ERROR,59,20.00%,0.130,2.0703125,0,19.6078431372549,0,19.6078431372549,0,0,0,0,0,0,0,0,0,0,0,0,19.6078431372549,0
gold_OohMoo_Milk_gemini-2.5-pro_3.cpp,TIME_LIMIT_EXCEEDED,59,30.00%,2.390,3.65234375,0,19.6078431372549,0,0,0,0,0,0,0,0,19.6078431372549,19.6078431372549,0,0,0,0,0,0
gold_OohMoo_Milk_gemini-2.5-pro_4.cpp,RUNTIME_ERROR,39,10.00%,0.130,5.45703125,0,0,0,0,0,0,0,0,0,0,19.6078431372549,19.6078431372549,0,0,0,0,0,0
gold_OohMoo_Milk_gemini-2.5-pro_5.cpp,TIME_LIMIT_EXCEEDED,59,25.00%,2.410,2.8828125,0,19.6078431372549,0,0,0,0,0,0,0,0,19.6078431372549,19.6078431372549,0,0,0,0,0,0
gold_OohMoo_Milk_gemini-2.5-pro_6.cpp,RUNTIME_ERROR,59,20.00%,0.120,2.07421875,0,19.6078431372549,0,19.6078431372549,0,0,0,0,0,19.6078431372549,0,0,0,0,0,0,0,0
gold_OohMoo_Milk_gemini-2.5-pro_7.cpp,TIME_LIMIT_EXCEEDED,39,20.00%,2.280,9.5078125,0,0,0,0,0,0,0,0,0,0,19.6078431372549,19.6078431372549,0,0,0,0,0,0
