solution,status,score,%test passed,time,memory,subtask_0,subtask_1,subtask_10,subtask_2,subtask_3,subtask_4,subtask_5,subtask_6,subtask_7,subtask_8,subtask_9
bronze_Hungry_Cow_Qwen3-14B-Non-Thinking_0.cpp,RUNTIME_ERROR,200,53.85%,0.120,2.87109375,0,0,33.33333333333333,0,0,0,33.33333333333333,33.33333333333333,33.33333333333333,33.33333333333333,33.33333333333333
bronze_Hungry_Cow_Qwen3-14B-Non-Thinking_1.cpp,RUNTIME_ERROR,200,53.85%,0.130,2.875,0,0,33.33333333333333,0,0,0,33.33333333333333,33.33333333333333,33.33333333333333,33.33333333333333,33.33333333333333
bronze_Hungry_Cow_Qwen3-14B-Non-Thinking_2.cpp,RUNTIME_ERROR,200,53.85%,0.120,2.875,0,0,33.33333333333333,0,0,0,33.33333333333333,33.33333333333333,33.33333333333333,33.33333333333333,33.33333333333333
bronze_Hungry_Cow_Qwen3-14B-Non-Thinking_3.cpp,ACCEPTED,333,100.00%,0.120,2.875,0,33.33333333333333,33.33333333333333,33.33333333333333,33.33333333333333,33.33333333333333,33.33333333333333,33.33333333333333,33.33333333333333,33.33333333333333,33.33333333333333
bronze_Hungry_Cow_Qwen3-14B-Non-Thinking_4.cpp,RUNTIME_ERROR,0,7.69%,0.130,2.875,0,0,0,0,0,0,0,0,0,0,0
bronze_Hungry_Cow_Qwen3-14B-Non-Thinking_5.cpp,RUNTIME_ERROR,200,53.85%,0.110,2.87109375,0,0,33.33333333333333,0,0,0,33.33333333333333,33.33333333333333,33.33333333333333,33.33333333333333,33.33333333333333
bronze_Hungry_Cow_Qwen3-14B-Non-Thinking_6.cpp,ACCEPTED,333,100.00%,0.120,2.875,0,33.33333333333333,33.33333333333333,33.33333333333333,33.33333333333333,33.33333333333333,33.33333333333333,33.33333333333333,33.33333333333333,33.33333333333333,33.33333333333333
bronze_Hungry_Cow_Qwen3-14B-Non-Thinking_7.cpp,RUNTIME_ERROR,200,53.85%,0.120,2.875,0,0,33.33333333333333,0,0,0,33.33333333333333,33.33333333333333,33.33333333333333,33.33333333333333,33.33333333333333
