solution,status,score,%test passed,time,memory,subtask_0,subtask_1,subtask_10,subtask_11,subtask_12,subtask_13,subtask_14,subtask_15,subtask_16,subtask_2,subtask_3,subtask_4,subtask_5,subtask_6,subtask_7,subtask_8,subtask_9
silver_Ski_Slope_Qwen3-30B_0.cpp,TIME_LIMIT_EXCEEDED,62,23.53%,2.280,199.5546875,0,20.833333333333332,0,0,0,0,0,0,0,20.833333333333332,20.833333333333332,0,0,0,0,0,0
silver_Ski_Slope_Qwen3-30B_1.cpp,TIME_LIMIT_EXCEEDED,62,23.53%,2.270,4.91015625,0,20.833333333333332,0,0,0,0,0,0,0,20.833333333333332,20.833333333333332,0,0,0,0,0,0
silver_Ski_Slope_Qwen3-30B_2.cpp,ACCEPTED,333,100.00%,0.310,39.09765625,0,20.833333333333332,20.833333333333332,20.833333333333332,20.833333333333332,20.833333333333332,20.833333333333332,20.833333333333332,20.833333333333332,20.833333333333332,20.833333333333332,20.833333333333332,20.833333333333332,20.833333333333332,20.833333333333332,20.833333333333332,20.833333333333332
silver_Ski_Slope_Qwen3-30B_3.cpp,TIME_LIMIT_EXCEEDED,62,23.53%,2.280,4.91015625,0,20.833333333333332,0,0,0,0,0,0,0,20.833333333333332,20.833333333333332,0,0,0,0,0,0
silver_Ski_Slope_Qwen3-30B_4.cpp,ACCEPTED,333,100.00%,0.460,114.08984375,0,20.833333333333332,20.833333333333332,20.833333333333332,20.833333333333332,20.833333333333332,20.833333333333332,20.833333333333332,20.833333333333332,20.833333333333332,20.833333333333332,20.833333333333332,20.833333333333332,20.833333333333332,20.833333333333332,20.833333333333332,20.833333333333332
silver_Ski_Slope_Qwen3-30B_5.cpp,TIME_LIMIT_EXCEEDED,62,23.53%,2.350,3.36328125,0,20.833333333333332,0,0,0,0,0,0,0,20.833333333333332,20.833333333333332,0,0,0,0,0,0
silver_Ski_Slope_Qwen3-30B_6.cpp,TIME_LIMIT_EXCEEDED,62,23.53%,2.340,3.36328125,0,20.833333333333332,0,0,0,0,0,0,0,20.833333333333332,20.833333333333332,0,0,0,0,0,0
silver_Ski_Slope_Qwen3-30B_7.cpp,TIME_LIMIT_EXCEEDED,0,0.00%,2.330,2.7265625,0,0,0,0,0,0,0,0,0,0,0,0,0,0,0,0,0
