solution,status,score,%test passed,time,memory,subtask_0,subtask_1,subtask_10,subtask_11,subtask_12,subtask_13,subtask_14,subtask_15,subtask_16,subtask_17,subtask_18,subtask_19,subtask_2,subtask_3,subtask_4,subtask_5,subtask_6,subtask_7,subtask_8,subtask_9
platinum_True_or_False_Test_gpt-oss-120b-high_0.cpp,ACCEPTED,333,100.00%,0.300,102.0234375,0,17.543859649122805,17.543859649122805,17.543859649122805,17.543859649122805,17.543859649122805,17.543859649122805,17.543859649122805,17.543859649122805,17.543859649122805,17.543859649122805,17.543859649122805,17.543859649122805,17.543859649122805,17.543859649122805,17.543859649122805,17.543859649122805,17.543859649122805,17.543859649122805,17.543859649122805
platinum_True_or_False_Test_gpt-oss-120b-high_2.cpp,WRONG_ANSWER,0,0.00%,0.130,14.44140625,0,0,0,0,0,0,0,0,0,0,0,0,0,0,0,0,0,0,0,0
platinum_True_or_False_Test_gpt-oss-120b-high_4.cpp,WRONG_ANSWER,53,20.00%,0.210,83.69921875,0,0,0,0,0,0,0,0,0,0,0,0,0,0,17.543859649122805,17.543859649122805,17.543859649122805,0,0,0
platinum_True_or_False_Test_gpt-oss-120b-high_6.cpp,ACCEPTED,333,100.00%,0.300,91.62109375,0,17.543859649122805,17.543859649122805,17.543859649122805,17.543859649122805,17.543859649122805,17.543859649122805,17.543859649122805,17.543859649122805,17.543859649122805,17.543859649122805,17.543859649122805,17.543859649122805,17.543859649122805,17.543859649122805,17.543859649122805,17.543859649122805,17.543859649122805,17.543859649122805,17.543859649122805
platinum_True_or_False_Test_gpt-oss-120b-high_7.cpp,WRONG_ANSWER,0,5.00%,0.210,19.59765625,0,0,0,0,0,0,0,0,0,0,0,0,0,0,0,0,0,0,0,0
