solution,status,score,%test passed,time,memory,subtask_0,subtask_1,subtask_10,subtask_11,subtask_12,subtask_13,subtask_14,subtask_15,subtask_16,subtask_17,subtask_18,subtask_2,subtask_3,subtask_4,subtask_5,subtask_6,subtask_7,subtask_8,subtask_9
platinum_Transforming_Pairs_gpt-oss-120b-high_0.cpp,ACCEPTED,333,100.00%,0.340,0.00390625,0,18.51851851851852,18.51851851851852,18.51851851851852,18.51851851851852,18.51851851851852,18.51851851851852,18.51851851851852,18.51851851851852,18.51851851851852,18.51851851851852,18.51851851851852,18.51851851851852,18.51851851851852,18.51851851851852,18.51851851851852,18.51851851851852,18.51851851851852,18.51851851851852
platinum_Transforming_Pairs_gpt-oss-120b-high_1.cpp,WRONG_ANSWER,37,15.79%,0.130,1.5625,0,0,0,0,0,0,0,0,0,0,0,18.51851851851852,0,0,18.51851851851852,0,0,0,0
platinum_Transforming_Pairs_gpt-oss-120b-high_2.cpp,WRONG_ANSWER,0,5.26%,0.120,0.00390625,0,0,0,0,0,0,0,0,0,0,0,0,0,0,0,0,0,0,0
platinum_Transforming_Pairs_gpt-oss-120b-high_3.cpp,WRONG_ANSWER,37,15.79%,0.150,0.00390625,0,0,0,0,0,0,0,0,0,0,0,18.51851851851852,0,0,18.51851851851852,0,0,0,0
platinum_Transforming_Pairs_gpt-oss-120b-high_4.cpp,WRONG_ANSWER,0,0.00%,0.280,0.00390625,0,0,0,0,0,0,0,0,0,0,0,0,0,0,0,0,0,0,0
platinum_Transforming_Pairs_gpt-oss-120b-high_5.cpp,RUNTIME_ERROR,0,5.26%,0.070,0.00390625,0,0,0,0,0,0,0,0,0,0,0,0,0,0,0,0,0,0,0
platinum_Transforming_Pairs_gpt-oss-120b-high_6.cpp,WRONG_ANSWER,37,15.79%,0.130,0.00390625,0,0,0,0,0,0,0,0,0,0,0,18.51851851851852,0,0,18.51851851851852,0,0,0,0
platinum_Transforming_Pairs_gpt-oss-120b-high_7.cpp,WRONG_ANSWER,37,15.79%,0.140,0.00390625,0,0,0,0,0,0,0,0,0,0,0,18.51851851851852,0,0,18.51851851851852,0,0,0,0
