solution,status,score,%test passed,time,memory,subtask_0,subtask_1,subtask_10,subtask_2,subtask_3,subtask_4,subtask_5,subtask_6,subtask_7,subtask_8,subtask_9
silver_Transforming_Pairs_gpt-oss-120b-high_0.cpp,ACCEPTED,333,100.00%,0.050,0.00390625,0,33.33333333333333,33.33333333333333,33.33333333333333,33.33333333333333,33.33333333333333,33.33333333333333,33.33333333333333,33.33333333333333,33.33333333333333,33.33333333333333
silver_Transforming_Pairs_gpt-oss-120b-high_1.cpp,ACCEPTED,333,100.00%,0.050,0.00390625,0,33.33333333333333,33.33333333333333,33.33333333333333,33.33333333333333,33.33333333333333,33.33333333333333,33.33333333333333,33.33333333333333,33.33333333333333,33.33333333333333
silver_Transforming_Pairs_gpt-oss-120b-high_2.cpp,ACCEPTED,333,100.00%,0.050,0.00390625,0,33.33333333333333,33.33333333333333,33.33333333333333,33.33333333333333,33.33333333333333,33.33333333333333,33.33333333333333,33.33333333333333,33.33333333333333,33.33333333333333
silver_Transforming_Pairs_gpt-oss-120b-high_3.cpp,ACCEPTED,333,100.00%,0.050,0.00390625,0,33.33333333333333,33.33333333333333,33.33333333333333,33.33333333333333,33.33333333333333,33.33333333333333,33.33333333333333,33.33333333333333,33.33333333333333,33.33333333333333
silver_Transforming_Pairs_gpt-oss-120b-high_4.cpp,ACCEPTED,333,100.00%,0.050,0.00390625,0,33.33333333333333,33.33333333333333,33.33333333333333,33.33333333333333,33.33333333333333,33.33333333333333,33.33333333333333,33.33333333333333,33.33333333333333,33.33333333333333
silver_Transforming_Pairs_gpt-oss-120b-high_7.cpp,ACCEPTED,333,100.00%,0.050,0.00390625,0,33.33333333333333,33.33333333333333,33.33333333333333,33.33333333333333,33.33333333333333,33.33333333333333,33.33333333333333,33.33333333333333,33.33333333333333,33.33333333333333
