solution,status,score,%test passed,time,memory,subtask_0,subtask_1,subtask_10,subtask_11,subtask_12,subtask_13,subtask_14,subtask_15,subtask_16,subtask_17,subtask_2,subtask_3,subtask_4,subtask_5,subtask_6,subtask_7,subtask_8,subtask_9
silver_The_Best_Lineup_gpt-oss-120b-high_0.cpp,ACCEPTED,333,100.00%,0.170,19.14453125,0,19.6078431372549,19.6078431372549,19.6078431372549,19.6078431372549,19.6078431372549,19.6078431372549,19.6078431372549,19.6078431372549,19.6078431372549,19.6078431372549,19.6078431372549,19.6078431372549,19.6078431372549,19.6078431372549,19.6078431372549,19.6078431372549,19.6078431372549
silver_The_Best_Lineup_gpt-oss-120b-high_1.cpp,WRONG_ANSWER,20,11.11%,0.120,6.95703125,0,0,0,0,0,0,0,0,0,19.6078431372549,0,0,0,0,0,0,0,0
silver_The_Best_Lineup_gpt-oss-120b-high_2.cpp,ACCEPTED,333,100.00%,0.120,9.8984375,0,19.6078431372549,19.6078431372549,19.6078431372549,19.6078431372549,19.6078431372549,19.6078431372549,19.6078431372549,19.6078431372549,19.6078431372549,19.6078431372549,19.6078431372549,19.6078431372549,19.6078431372549,19.6078431372549,19.6078431372549,19.6078431372549,19.6078431372549
silver_The_Best_Lineup_gpt-oss-120b-high_3.cpp,WRONG_ANSWER,0,0.00%,0.120,4.39453125,0,0,0,0,0,0,0,0,0,0,0,0,0,0,0,0,0,0
silver_The_Best_Lineup_gpt-oss-120b-high_4.cpp,WRONG_ANSWER,20,11.11%,0.120,6.203125,0,0,0,0,0,0,0,0,0,19.6078431372549,0,0,0,0,0,0,0,0
silver_The_Best_Lineup_gpt-oss-120b-high_5.cpp,WRONG_ANSWER,0,5.56%,0.140,7.453125,0,0,0,0,0,0,0,0,0,0,0,0,0,0,0,0,0,0
silver_The_Best_Lineup_gpt-oss-120b-high_6.cpp,ACCEPTED,333,100.00%,0.130,6.96484375,0,19.6078431372549,19.6078431372549,19.6078431372549,19.6078431372549,19.6078431372549,19.6078431372549,19.6078431372549,19.6078431372549,19.6078431372549,19.6078431372549,19.6078431372549,19.6078431372549,19.6078431372549,19.6078431372549,19.6078431372549,19.6078431372549,19.6078431372549
silver_The_Best_Lineup_gpt-oss-120b-high_7.cpp,WRONG_ANSWER,0,0.00%,0.740,56.1171875,0,0,0,0,0,0,0,0,0,0,0,0,0,0,0,0,0,0
