solution,status,score,%test passed,time,memory,subtask_0,subtask_1,subtask_2,subtask_3,subtask_4,subtask_5,subtask_6,subtask_7,subtask_8,subtask_9
ones_Qwen2.5-72B_0.cpp,WRONG_ANSWER,0,0.00%,0.130,1.80859375,0.0,0.0,0.0,0.0,0.0,0.0,0.0,0.0,0.0,0.0
ones_Qwen2.5-72B_1.cpp,WRONG_ANSWER,0,0.00%,0.120,1.80859375,0.0,0.0,0.0,0.0,0.0,0.0,0.0,0.0,0.0,0.0
ones_Qwen2.5-72B_2.cpp,WRONG_ANSWER,25,0.00%,0.220,1.953125,4.70929,4.06906,3.35974,2.8991499999999997,2.49801,2.0357600000000002,1.72931,1.45111,1.1148099999999999,0.87959
ones_Qwen2.5-72B_3.cpp,WRONG_ANSWER,25,0.00%,0.180,1.953125,4.70929,4.06906,3.35974,2.8991499999999997,2.49801,2.0357600000000002,1.72931,1.45111,1.1148099999999999,0.87959
ones_Qwen2.5-72B_4.cpp,WRONG_ANSWER,0,0.00%,0.130,1.80859375,0.0,0.0,0.0,0.0,0.0,0.0,0.0,0.0,0.0,0.0
ones_Qwen2.5-72B_5.cpp,WRONG_ANSWER,2,0.00%,0.130,1.80859375,1.6334099999999998,0.0,0.0,0.0,0.0,0.0,0.0,0.0,0.0,0.0
ones_Qwen2.5-72B_6.cpp,WRONG_ANSWER,25,0.00%,0.210,1.953125,4.70929,4.06906,3.35974,2.8991499999999997,2.49801,2.0357600000000002,1.72931,1.45111,1.1148099999999999,0.87959
ones_Qwen2.5-72B_7.cpp,WRONG_ANSWER,25,0.00%,0.150,1.953125,4.70929,4.06906,3.35974,2.8991499999999997,2.49801,2.0357600000000002,1.72931,1.45111,1.1148099999999999,0.87959
