solution,status,score,%test passed,time,memory,subtask_0,subtask_1,subtask_10,subtask_11,subtask_12,subtask_13,subtask_14,subtask_15,subtask_16,subtask_17,subtask_18,subtask_19,subtask_2,subtask_20,subtask_3,subtask_4,subtask_5,subtask_6,subtask_7,subtask_8,subtask_9
gold_Moo_Route_gpt-oss-120b-high_0.cpp,ACCEPTED,333,100.00%,0.050,10.06640625,0,16.666666666666664,16.666666666666664,16.666666666666664,16.666666666666664,16.666666666666664,16.666666666666664,16.666666666666664,16.666666666666664,16.666666666666664,16.666666666666664,16.666666666666664,16.666666666666664,16.666666666666664,16.666666666666664,16.666666666666664,16.666666666666664,16.666666666666664,16.666666666666664,16.666666666666664,16.666666666666664
gold_Moo_Route_gpt-oss-120b-high_1.cpp,WRONG_ANSWER,100,33.33%,0.150,134.7734375,0,16.666666666666664,0,0,0,0,0,0,0,0,0,0,16.666666666666664,0,16.666666666666664,16.666666666666664,16.666666666666664,16.666666666666664,0,0,0
gold_Moo_Route_gpt-oss-120b-high_2.cpp,WRONG_ANSWER,100,33.33%,0.060,10.06640625,0,16.666666666666664,0,0,0,0,0,0,0,0,0,0,16.666666666666664,0,16.666666666666664,16.666666666666664,16.666666666666664,16.666666666666664,0,0,0
gold_Moo_Route_gpt-oss-120b-high_3.cpp,ACCEPTED,333,100.00%,0.060,10.06640625,0,16.666666666666664,16.666666666666664,16.666666666666664,16.666666666666664,16.666666666666664,16.666666666666664,16.666666666666664,16.666666666666664,16.666666666666664,16.666666666666664,16.666666666666664,16.666666666666664,16.666666666666664,16.666666666666664,16.666666666666664,16.666666666666664,16.666666666666664,16.666666666666664,16.666666666666664,16.666666666666664
gold_Moo_Route_gpt-oss-120b-high_4.cpp,COMPILATION_ERROR,0,0.00%,0.000,0,0,0,0,0,0,0,0,0,0,0,0,0,0,0,0,0,0,0,0,0,0
gold_Moo_Route_gpt-oss-120b-high_5.cpp,WRONG_ANSWER,0,4.76%,0.050,2.07421875,0,0,0,0,0,0,0,0,0,0,0,0,0,0,0,0,0,0,0,0,0
gold_Moo_Route_gpt-oss-120b-high_7.cpp,WRONG_ANSWER,0,4.76%,0.070,17.28515625,0,0,0,0,0,0,0,0,0,0,0,0,0,0,0,0,0,0,0,0,0
