solution,status,score,%test passed,time,memory,subtask_0,subtask_1,subtask_10,subtask_11,subtask_12,subtask_13,subtask_14,subtask_15,subtask_16,subtask_17,subtask_18,subtask_19,subtask_2,subtask_20,subtask_21,subtask_22,subtask_3,subtask_4,subtask_5,subtask_6,subtask_7,subtask_8,subtask_9
platinum_Mana_Collection_gpt-oss-120b-high_0.cpp,MEMORY_LIMIT_EXCEEDED,182,58.33%,1.350,613.671875,0,15.15151515151515,0,0,0,15.15151515151515,15.15151515151515,15.15151515151515,0,15.15151515151515,15.15151515151515,0,15.15151515151515,0,0,0,15.15151515151515,15.15151515151515,15.15151515151515,15.15151515151515,15.15151515151515,0,0
platinum_Mana_Collection_gpt-oss-120b-high_1.cpp,COMPILATION_ERROR,0,0.00%,0.000,0,0,0,0,0,0,0,0,0,0,0,0,0,0,0,0,0,0,0,0,0,0,0,0
platinum_Mana_Collection_gpt-oss-120b-high_2.cpp,WRONG_ANSWER,0,8.33%,0.530,134.69140625,0,0,0,0,0,0,0,0,0,0,0,0,0,0,0,0,0,0,0,0,0,0,0
platinum_Mana_Collection_gpt-oss-120b-high_4.cpp,MEMORY_LIMIT_EXCEEDED,0,4.17%,2.910,613.4453125,0,0,0,0,0,0,0,0,0,0,0,0,0,0,0,0,0,0,0,0,0,0,0
platinum_Mana_Collection_gpt-oss-120b-high_5.cpp,ACCEPTED,333,100.00%,0.520,150.84765625,0,15.15151515151515,15.15151515151515,15.15151515151515,15.15151515151515,15.15151515151515,15.15151515151515,15.15151515151515,15.15151515151515,15.15151515151515,15.15151515151515,15.15151515151515,15.15151515151515,15.15151515151515,15.15151515151515,15.15151515151515,15.15151515151515,15.15151515151515,15.15151515151515,15.15151515151515,15.15151515151515,15.15151515151515,15.15151515151515
platinum_Mana_Collection_gpt-oss-120b-high_6.cpp,COMPILATION_ERROR,0,0.00%,0.000,0,0,0,0,0,0,0,0,0,0,0,0,0,0,0,0,0,0,0,0,0,0,0,0
platinum_Mana_Collection_gpt-oss-120b-high_7.cpp,ACCEPTED,333,100.00%,0.460,159.59765625,0,15.15151515151515,15.15151515151515,15.15151515151515,15.15151515151515,15.15151515151515,15.15151515151515,15.15151515151515,15.15151515151515,15.15151515151515,15.15151515151515,15.15151515151515,15.15151515151515,15.15151515151515,15.15151515151515,15.15151515151515,15.15151515151515,15.15151515151515,15.15151515151515,15.15151515151515,15.15151515151515,15.15151515151515,15.15151515151515
