solution,status,score,%test passed,time,memory,subtask_0,subtask_1,subtask_10,subtask_11,subtask_12,subtask_13,subtask_2,subtask_3,subtask_4,subtask_5,subtask_6,subtask_7,subtask_8,subtask_9
bronze_Milk_Exchange_gpt-o3-mini-high_0.cpp,ACCEPTED,333,100.00%,0.060,17.97265625,0,25.64102564102564,25.64102564102564,25.64102564102564,25.64102564102564,25.64102564102564,25.64102564102564,25.64102564102564,25.64102564102564,25.64102564102564,25.64102564102564,25.64102564102564,25.64102564102564,25.64102564102564
bronze_Milk_Exchange_gpt-o3-mini-high_1.cpp,WRONG_ANSWER,128,43.75%,0.070,16.9375,0,0,0,0,25.64102564102564,25.64102564102564,0,0,0,25.64102564102564,25.64102564102564,0,0,25.64102564102564
bronze_Milk_Exchange_gpt-o3-mini-high_2.cpp,ACCEPTED,333,100.00%,0.060,17.1953125,0,25.64102564102564,25.64102564102564,25.64102564102564,25.64102564102564,25.64102564102564,25.64102564102564,25.64102564102564,25.64102564102564,25.64102564102564,25.64102564102564,25.64102564102564,25.64102564102564,25.64102564102564
bronze_Milk_Exchange_gpt-o3-mini-high_3.cpp,WRONG_ANSWER,103,37.50%,0.080,20.01171875,0,0,0,0,25.64102564102564,25.64102564102564,0,0,0,0,25.64102564102564,0,0,25.64102564102564
bronze_Milk_Exchange_gpt-o3-mini-high_4.cpp,ACCEPTED,333,100.00%,0.060,15.703125,0,25.64102564102564,25.64102564102564,25.64102564102564,25.64102564102564,25.64102564102564,25.64102564102564,25.64102564102564,25.64102564102564,25.64102564102564,25.64102564102564,25.64102564102564,25.64102564102564,25.64102564102564
bronze_Milk_Exchange_gpt-o3-mini-high_5.cpp,ACCEPTED,333,100.00%,0.060,8.2109375,0,25.64102564102564,25.64102564102564,25.64102564102564,25.64102564102564,25.64102564102564,25.64102564102564,25.64102564102564,25.64102564102564,25.64102564102564,25.64102564102564,25.64102564102564,25.64102564102564,25.64102564102564
bronze_Milk_Exchange_gpt-o3-mini-high_6.cpp,ACCEPTED,333,100.00%,0.070,18.7421875,0,25.64102564102564,25.64102564102564,25.64102564102564,25.64102564102564,25.64102564102564,25.64102564102564,25.64102564102564,25.64102564102564,25.64102564102564,25.64102564102564,25.64102564102564,25.64102564102564,25.64102564102564
bronze_Milk_Exchange_gpt-o3-mini-high_7.cpp,ACCEPTED,333,100.00%,0.070,15.64453125,0,25.64102564102564,25.64102564102564,25.64102564102564,25.64102564102564,25.64102564102564,25.64102564102564,25.64102564102564,25.64102564102564,25.64102564102564,25.64102564102564,25.64102564102564,25.64102564102564,25.64102564102564
