solution,status,score,%test passed,time,memory,subtask_0,subtask_1,subtask_10,subtask_11,subtask_12,subtask_13,subtask_14,subtask_15,subtask_16,subtask_17,subtask_18,subtask_19,subtask_2,subtask_20,subtask_3,subtask_4,subtask_5,subtask_6,subtask_7,subtask_8,subtask_9
gold_Milk_Exchange_gpt-o3-mini-high_0.cpp,TIME_LIMIT_EXCEEDED,167,56.52%,2.270,176.87890625,0,16.666666666666664,16.666666666666664,0,0,0,0,0,0,0,0,0,16.666666666666664,0,16.666666666666664,16.666666666666664,16.666666666666664,16.666666666666664,16.666666666666664,16.666666666666664,16.666666666666664
gold_Milk_Exchange_gpt-o3-mini-high_1.cpp,RUNTIME_ERROR,0,0.00%,0.130,25.53125,0,0,0,0,0,0,0,0,0,0,0,0,0,0,0,0,0,0,0,0,0
gold_Milk_Exchange_gpt-o3-mini-high_2.cpp,RUNTIME_ERROR,50,17.39%,0.140,39.140625,0,0,0,0,0,0,0,0,0,0,0,0,0,0,16.666666666666664,16.666666666666664,16.666666666666664,0,0,0,0
gold_Milk_Exchange_gpt-o3-mini-high_3.cpp,TIME_LIMIT_EXCEEDED,50,26.09%,2.280,17.75390625,0,16.666666666666664,0,0,0,0,0,0,0,0,0,0,16.666666666666664,0,0,0,16.666666666666664,0,0,0,0
gold_Milk_Exchange_gpt-o3-mini-high_4.cpp,TIME_LIMIT_EXCEEDED,50,26.09%,2.240,16.59375,0,16.666666666666664,0,0,0,0,0,0,0,0,0,0,16.666666666666664,0,0,0,16.666666666666664,0,0,0,0
gold_Milk_Exchange_gpt-o3-mini-high_5.cpp,ACCEPTED,333,100.00%,0.120,29.13671875,0,16.666666666666664,16.666666666666664,16.666666666666664,16.666666666666664,16.666666666666664,16.666666666666664,16.666666666666664,16.666666666666664,16.666666666666664,16.666666666666664,16.666666666666664,16.666666666666664,16.666666666666664,16.666666666666664,16.666666666666664,16.666666666666664,16.666666666666664,16.666666666666664,16.666666666666664,16.666666666666664
gold_Milk_Exchange_gpt-o3-mini-high_6.cpp,MEMORY_LIMIT_EXCEEDED,33,21.74%,0.190,276.1875,0,16.666666666666664,0,0,0,0,0,0,0,0,0,0,16.666666666666664,0,0,0,0,0,0,0,0
gold_Milk_Exchange_gpt-o3-mini-high_7.cpp,ACCEPTED,333,100.00%,0.130,27.77734375,0,16.666666666666664,16.666666666666664,16.666666666666664,16.666666666666664,16.666666666666664,16.666666666666664,16.666666666666664,16.666666666666664,16.666666666666664,16.666666666666664,16.666666666666664,16.666666666666664,16.666666666666664,16.666666666666664,16.666666666666664,16.666666666666664,16.666666666666664,16.666666666666664,16.666666666666664,16.666666666666664
