solution,status,score,%test passed,time,memory,subtask_0,subtask_1,subtask_10,subtask_11,subtask_12,subtask_2,subtask_3,subtask_4,subtask_5,subtask_6,subtask_7,subtask_8,subtask_9
gold_Bessla_Motors_gpt-o3-mini-high_0.cpp,WRONG_ANSWER,250,80.00%,0.430,27.875,0,27.777777777777775,27.777777777777775,27.777777777777775,27.777777777777775,0,27.777777777777775,27.777777777777775,0,27.777777777777775,0,27.777777777777775,27.777777777777775
gold_Bessla_Motors_gpt-o3-mini-high_1.cpp,WRONG_ANSWER,0,20.00%,0.560,28.06640625,0,0,0,0,0,0,0,0,0,0,0,0,0
gold_Bessla_Motors_gpt-o3-mini-high_2.cpp,WRONG_ANSWER,250,80.00%,0.490,27.81640625,0,27.777777777777775,27.777777777777775,27.777777777777775,27.777777777777775,0,27.777777777777775,27.777777777777775,0,27.777777777777775,0,27.777777777777775,27.777777777777775
gold_Bessla_Motors_gpt-o3-mini-high_3.cpp,ACCEPTED,333,100.00%,0.440,27.8671875,0,27.777777777777775,27.777777777777775,27.777777777777775,27.777777777777775,27.777777777777775,27.777777777777775,27.777777777777775,27.777777777777775,27.777777777777775,27.777777777777775,27.777777777777775,27.777777777777775
gold_Bessla_Motors_gpt-o3-mini-high_4.cpp,WRONG_ANSWER,250,80.00%,0.530,27.8203125,0,27.777777777777775,27.777777777777775,27.777777777777775,27.777777777777775,0,27.777777777777775,27.777777777777775,0,27.777777777777775,0,27.777777777777775,27.777777777777775
gold_Bessla_Motors_gpt-o3-mini-high_5.cpp,WRONG_ANSWER,250,80.00%,0.730,36.74609375,0,27.777777777777775,27.777777777777775,27.777777777777775,27.777777777777775,0,27.777777777777775,27.777777777777775,0,27.777777777777775,0,27.777777777777775,27.777777777777775
gold_Bessla_Motors_gpt-o3-mini-high_6.cpp,WRONG_ANSWER,306,93.33%,0.470,27.81640625,0,27.777777777777775,27.777777777777775,27.777777777777775,27.777777777777775,27.777777777777775,27.777777777777775,27.777777777777775,0,27.777777777777775,27.777777777777775,27.777777777777775,27.777777777777775
gold_Bessla_Motors_gpt-o3-mini-high_7.cpp,WRONG_ANSWER,250,80.00%,0.440,27.81640625,0,27.777777777777775,27.777777777777775,27.777777777777775,27.777777777777775,0,27.777777777777775,27.777777777777775,0,27.777777777777775,0,27.777777777777775,27.777777777777775
