solution,status,score,%test passed,time,memory,subtask_0,subtask_1,subtask_10,subtask_11,subtask_12,subtask_13,subtask_14,subtask_15,subtask_16,subtask_2,subtask_3,subtask_4,subtask_5,subtask_6,subtask_7,subtask_8,subtask_9
platinum_Infinite_Adventure_gpt-o3-mini-high_0.cpp,TIME_LIMIT_EXCEEDED,21,11.11%,2.230,3.875,0,20.833333333333332,0,0,0,0,0,0,0,0,0,0,0,0,0,0,0
platinum_Infinite_Adventure_gpt-o3-mini-high_1.cpp,TIME_LIMIT_EXCEEDED,83,33.33%,2.220,550.4140625,0,0,20.833333333333332,0,0,0,0,0,0,20.833333333333332,20.833333333333332,0,0,0,0,0,20.833333333333332
platinum_Infinite_Adventure_gpt-o3-mini-high_2.cpp,TIME_LIMIT_EXCEEDED,104,38.89%,2.250,481.24609375,0,20.833333333333332,20.833333333333332,0,0,0,0,0,0,20.833333333333332,20.833333333333332,0,0,0,0,0,20.833333333333332
platinum_Infinite_Adventure_gpt-o3-mini-high_3.cpp,TIME_LIMIT_EXCEEDED,83,33.33%,2.250,562.234375,0,0,20.833333333333332,0,0,0,0,0,0,20.833333333333332,20.833333333333332,0,0,0,0,0,20.833333333333332
platinum_Infinite_Adventure_gpt-o3-mini-high_4.cpp,TIME_LIMIT_EXCEEDED,83,33.33%,2.270,502.5546875,0,0,20.833333333333332,0,0,0,0,0,0,20.833333333333332,20.833333333333332,0,0,0,0,0,20.833333333333332
platinum_Infinite_Adventure_gpt-o3-mini-high_5.cpp,TIME_LIMIT_EXCEEDED,83,33.33%,2.220,528.87890625,0,0,20.833333333333332,0,0,0,0,0,0,20.833333333333332,20.833333333333332,0,0,0,0,0,20.833333333333332
platinum_Infinite_Adventure_gpt-o3-mini-high_6.cpp,TIME_LIMIT_EXCEEDED,83,33.33%,2.220,550.421875,0,0,20.833333333333332,0,0,0,0,0,0,20.833333333333332,20.833333333333332,0,0,0,0,0,20.833333333333332
platinum_Infinite_Adventure_gpt-o3-mini-high_7.cpp,RUNTIME_ERROR,83,22.22%,0.100,27.20703125,0,0,20.833333333333332,0,0,0,0,0,0,0,0,0,0,0,20.833333333333332,20.833333333333332,20.833333333333332
