solution,status,score,%test passed,time,memory,subtask_0,subtask_1,subtask_10,subtask_2,subtask_3,subtask_4,subtask_5,subtask_6,subtask_7,subtask_8,subtask_9
silver_Moorbles_gpt-o3-mini-high_0.cpp,ACCEPTED,333,100.00%,0.150,38.109375,0,33.33333333333333,33.33333333333333,33.33333333333333,33.33333333333333,33.33333333333333,33.33333333333333,33.33333333333333,33.33333333333333,33.33333333333333,33.33333333333333
silver_Moorbles_gpt-o3-mini-high_1.cpp,ACCEPTED,333,100.00%,0.130,34.5546875,0,33.33333333333333,33.33333333333333,33.33333333333333,33.33333333333333,33.33333333333333,33.33333333333333,33.33333333333333,33.33333333333333,33.33333333333333,33.33333333333333
silver_Moorbles_gpt-o3-mini-high_2.cpp,ACCEPTED,333,100.00%,0.140,28.953125,0,33.33333333333333,33.33333333333333,33.33333333333333,33.33333333333333,33.33333333333333,33.33333333333333,33.33333333333333,33.33333333333333,33.33333333333333,33.33333333333333
silver_Moorbles_gpt-o3-mini-high_3.cpp,ACCEPTED,333,100.00%,0.130,32.31640625,0,33.33333333333333,33.33333333333333,33.33333333333333,33.33333333333333,33.33333333333333,33.33333333333333,33.33333333333333,33.33333333333333,33.33333333333333,33.33333333333333
silver_Moorbles_gpt-o3-mini-high_4.cpp,ACCEPTED,333,100.00%,0.130,28.8828125,0,33.33333333333333,33.33333333333333,33.33333333333333,33.33333333333333,33.33333333333333,33.33333333333333,33.33333333333333,33.33333333333333,33.33333333333333,33.33333333333333
silver_Moorbles_gpt-o3-mini-high_5.cpp,ACCEPTED,333,100.00%,0.120,30.36328125,0,33.33333333333333,33.33333333333333,33.33333333333333,33.33333333333333,33.33333333333333,33.33333333333333,33.33333333333333,33.33333333333333,33.33333333333333,33.33333333333333
silver_Moorbles_gpt-o3-mini-high_6.cpp,ACCEPTED,333,100.00%,0.110,29.91796875,0,33.33333333333333,33.33333333333333,33.33333333333333,33.33333333333333,33.33333333333333,33.33333333333333,33.33333333333333,33.33333333333333,33.33333333333333,33.33333333333333
silver_Moorbles_gpt-o3-mini-high_7.cpp,ACCEPTED,333,100.00%,0.130,27.8046875,0,33.33333333333333,33.33333333333333,33.33333333333333,33.33333333333333,33.33333333333333,33.33333333333333,33.33333333333333,33.33333333333333,33.33333333333333,33.33333333333333
