solution,status,score,%test passed,time,memory,subtask_0,subtask_1,subtask_10,subtask_11,subtask_12,subtask_13,subtask_2,subtask_3,subtask_4,subtask_5,subtask_6,subtask_7,subtask_8,subtask_9
bronze_Milk_Exchange_deepseek-chat_0.cpp,RUNTIME_ERROR,77,18.75%,0.050,4.62109375,0,0,25.64102564102564,0,0,0,0,0,25.64102564102564,25.64102564102564,0,0,0,0
bronze_Milk_Exchange_deepseek-chat_1.cpp,TIME_LIMIT_EXCEEDED,154,56.25%,2.210,6.37109375,0,25.64102564102564,0,0,0,25.64102564102564,25.64102564102564,25.64102564102564,25.64102564102564,25.64102564102564,0,0,0,0
bronze_Milk_Exchange_deepseek-chat_2.cpp,RUNTIME_ERROR,77,18.75%,0.050,2.5078125,0,0,25.64102564102564,0,0,0,0,0,25.64102564102564,25.64102564102564,0,0,0,0
bronze_Milk_Exchange_deepseek-chat_3.cpp,TIME_LIMIT_EXCEEDED,128,50.00%,2.230,8.44140625,0,25.64102564102564,0,0,0,0,25.64102564102564,25.64102564102564,25.64102564102564,25.64102564102564,0,0,0,0
bronze_Milk_Exchange_deepseek-chat_4.cpp,RUNTIME_ERROR,77,18.75%,0.050,3.27734375,0,0,25.64102564102564,0,0,0,0,0,25.64102564102564,25.64102564102564,0,0,0,0
bronze_Milk_Exchange_deepseek-chat_5.cpp,RUNTIME_ERROR,77,18.75%,0.050,4.0546875,0,0,25.64102564102564,0,0,0,0,0,25.64102564102564,25.64102564102564,0,0,0,0
bronze_Milk_Exchange_deepseek-chat_6.cpp,RUNTIME_ERROR,128,37.50%,0.050,3.2734375,0,0,0,0,25.64102564102564,25.64102564102564,0,0,0,25.64102564102564,25.64102564102564,0,0,25.64102564102564
bronze_Milk_Exchange_deepseek-chat_7.cpp,WRONG_ANSWER,103,43.75%,0.050,4.62890625,0,0,25.64102564102564,0,0,25.64102564102564,0,0,25.64102564102564,25.64102564102564,0,0,0,0
