solution,status,score,%test passed,time,memory,subtask_0,subtask_1,subtask_10,subtask_11,subtask_12,subtask_2,subtask_3,subtask_4,subtask_5,subtask_6,subtask_7,subtask_8,subtask_9
gold_Bessla_Motors_deepseek-chat_0.cpp,TIME_LIMIT_EXCEEDED,139,53.33%,3.340,9.0,0,27.777777777777775,0,0,0,27.777777777777775,27.777777777777775,27.777777777777775,27.777777777777775,0,0,0,0
gold_Bessla_Motors_deepseek-chat_1.cpp,TIME_LIMIT_EXCEEDED,83,40.00%,3.340,8.8359375,0,27.777777777777775,0,0,0,27.777777777777775,0,0,27.777777777777775,0,0,0,0
gold_Bessla_Motors_deepseek-chat_2.cpp,MEMORY_LIMIT_EXCEEDED,83,40.00%,0.210,279.9921875,0,27.777777777777775,0,0,0,27.777777777777775,0,0,27.777777777777775,0,0,0,0
gold_Bessla_Motors_deepseek-chat_3.cpp,MEMORY_LIMIT_EXCEEDED,83,40.00%,0.210,275.609375,0,27.777777777777775,0,0,0,27.777777777777775,0,0,27.777777777777775,0,0,0,0
gold_Bessla_Motors_deepseek-chat_4.cpp,WRONG_ANSWER,0,20.00%,0.380,27.04296875,0,0,0,0,0,0,0,0,0,0,0,0,0
gold_Bessla_Motors_deepseek-chat_5.cpp,WRONG_ANSWER,0,20.00%,0.400,26.78515625,0,0,0,0,0,0,0,0,0,0,0,0,0
gold_Bessla_Motors_deepseek-chat_6.cpp,MEMORY_LIMIT_EXCEEDED,83,40.00%,0.230,279.9921875,0,27.777777777777775,0,0,0,27.777777777777775,0,0,27.777777777777775,0,0,0,0
gold_Bessla_Motors_deepseek-chat_7.cpp,RUNTIME_ERROR,0,6.67%,0.120,10.53515625,0,0,0,0,0,0,0,0,0,0,0,0,0
