solution,status,score,%test passed,time,memory,subtask_0,subtask_1,subtask_10,subtask_11,subtask_12,subtask_13,subtask_14,subtask_15,subtask_16,subtask_17,subtask_18,subtask_19,subtask_2,subtask_3,subtask_4,subtask_5,subtask_6,subtask_7,subtask_8,subtask_9
silver_Field_Day_gpt-oss-20b-low_0.cpp,WRONG_ANSWER,70,20.00%,0.040,4.6484375,0,17.543859649122805,0,0,0,0,0,0,0,0,0,0,17.543859649122805,17.543859649122805,17.543859649122805,0,0,0,0,0
silver_Field_Day_gpt-oss-20b-low_1.cpp,TIME_LIMIT_EXCEEDED,193,60.00%,2.420,6.53125,0,17.543859649122805,17.543859649122805,17.543859649122805,17.543859649122805,17.543859649122805,17.543859649122805,17.543859649122805,0,0,0,0,17.543859649122805,17.543859649122805,17.543859649122805,0,0,0,0,17.543859649122805
silver_Field_Day_gpt-oss-20b-low_2.cpp,WRONG_ANSWER,0,0.00%,0.050,11.03515625,0,0,0,0,0,0,0,0,0,0,0,0,0,0,0,0,0,0,0,0
silver_Field_Day_gpt-oss-20b-low_3.cpp,ACCEPTED,333,100.00%,0.040,3.6171875,0,17.543859649122805,17.543859649122805,17.543859649122805,17.543859649122805,17.543859649122805,17.543859649122805,17.543859649122805,17.543859649122805,17.543859649122805,17.543859649122805,17.543859649122805,17.543859649122805,17.543859649122805,17.543859649122805,17.543859649122805,17.543859649122805,17.543859649122805,17.543859649122805,17.543859649122805
silver_Field_Day_gpt-oss-20b-low_4.cpp,TIME_LIMIT_EXCEEDED,211,65.00%,2.420,2.84375,0,17.543859649122805,0,0,0,0,0,0,17.543859649122805,17.543859649122805,17.543859649122805,17.543859649122805,17.543859649122805,17.543859649122805,17.543859649122805,17.543859649122805,17.543859649122805,17.543859649122805,17.543859649122805,0
silver_Field_Day_gpt-oss-20b-low_6.cpp,TIME_LIMIT_EXCEEDED,70,25.00%,2.410,223.015625,0,17.543859649122805,0,0,0,0,0,0,0,0,0,0,17.543859649122805,17.543859649122805,17.543859649122805,0,0,0,0,0
silver_Field_Day_gpt-oss-20b-low_7.cpp,ACCEPTED,333,100.00%,0.040,3.609375,0,17.543859649122805,17.543859649122805,17.543859649122805,17.543859649122805,17.543859649122805,17.543859649122805,17.543859649122805,17.543859649122805,17.543859649122805,17.543859649122805,17.543859649122805,17.543859649122805,17.543859649122805,17.543859649122805,17.543859649122805,17.543859649122805,17.543859649122805,17.543859649122805,17.543859649122805
