solution,status,score,%test passed,time,memory,subtask_0,subtask_1,subtask_10,subtask_11,subtask_12,subtask_2,subtask_3,subtask_4,subtask_5,subtask_6,subtask_7,subtask_8,subtask_9
silver_Cowlendar_gpt-oss-120b-low_0.cpp,RUNTIME_ERROR,0,0.00%,0.050,1.5546875,0,0,0,0,0,0,0,0,0,0,0,0,0
silver_Cowlendar_gpt-oss-120b-low_1.cpp,RUNTIME_ERROR,194,50.00%,2.360,34.875,0,0,0,27.777777777777775,27.777777777777775,27.777777777777775,0,27.777777777777775,27.777777777777775,0,27.777777777777775,0,27.777777777777775
silver_Cowlendar_gpt-oss-120b-low_2.cpp,WRONG_ANSWER,194,64.29%,0.150,3.1015625,0,0,0,27.777777777777775,27.777777777777775,27.777777777777775,0,27.777777777777775,27.777777777777775,0,27.777777777777775,0,27.777777777777775
silver_Cowlendar_gpt-oss-120b-low_3.cpp,TIME_LIMIT_EXCEEDED,0,0.00%,2.440,1.5546875,0,0,0,0,0,0,0,0,0,0,0,0,0
silver_Cowlendar_gpt-oss-120b-low_4.cpp,TIME_LIMIT_EXCEEDED,0,0.00%,2.430,29.22265625,0,0,0,0,0,0,0,0,0,0,0,0,0
silver_Cowlendar_gpt-oss-120b-low_5.cpp,RUNTIME_ERROR,194,50.00%,0.180,1.8125,0,0,0,27.777777777777775,27.777777777777775,27.777777777777775,0,27.777777777777775,27.777777777777775,0,27.777777777777775,0,27.777777777777775
silver_Cowlendar_gpt-oss-120b-low_6.cpp,TIME_LIMIT_EXCEEDED,56,28.57%,2.440,1.5546875,0,0,0,0,0,27.777777777777775,0,0,0,0,0,0,27.777777777777775
silver_Cowlendar_gpt-oss-120b-low_7.cpp,TIME_LIMIT_EXCEEDED,111,42.86%,2.430,1.55859375,0,0,0,27.777777777777775,0,27.777777777777775,0,0,27.777777777777775,0,0,0,27.777777777777775
