solution,status,score,%test passed,time,memory,subtask_0,subtask_1,subtask_10,subtask_11,subtask_12,subtask_13,subtask_14,subtask_2,subtask_3,subtask_4,subtask_5,subtask_6,subtask_7,subtask_8,subtask_9
silver_Potion_Farming_gpt-oss-120b-low_0.cpp,WRONG_ANSWER,24,13.33%,0.080,14.1796875,0,0,23.809523809523807,0,0,0,0,0,0,0,0,0,0,0,0
silver_Potion_Farming_gpt-oss-120b-low_1.cpp,WRONG_ANSWER,214,66.67%,0.080,15.03515625,0,23.809523809523807,23.809523809523807,23.809523809523807,23.809523809523807,23.809523809523807,23.809523809523807,23.809523809523807,0,0,0,0,23.809523809523807,23.809523809523807,0
silver_Potion_Farming_gpt-oss-120b-low_2.cpp,WRONG_ANSWER,24,6.67%,0.090,12.796875,0,0,0,0,0,0,0,0,0,0,0,0,23.809523809523807,0,0
silver_Potion_Farming_gpt-oss-120b-low_3.cpp,WRONG_ANSWER,214,66.67%,0.080,15.03515625,0,23.809523809523807,23.809523809523807,23.809523809523807,23.809523809523807,23.809523809523807,23.809523809523807,23.809523809523807,0,0,0,0,23.809523809523807,23.809523809523807,0
silver_Potion_Farming_gpt-oss-120b-low_4.cpp,WRONG_ANSWER,167,53.33%,0.090,14.984375,0,0,23.809523809523807,23.809523809523807,23.809523809523807,23.809523809523807,23.809523809523807,23.809523809523807,0,0,0,0,23.809523809523807,0,0
silver_Potion_Farming_gpt-oss-120b-low_5.cpp,WRONG_ANSWER,143,46.67%,0.080,13.73046875,0,23.809523809523807,23.809523809523807,0,0,0,0,23.809523809523807,0,0,0,0,23.809523809523807,23.809523809523807,23.809523809523807
silver_Potion_Farming_gpt-oss-120b-low_6.cpp,WRONG_ANSWER,214,66.67%,0.080,13.61328125,0,23.809523809523807,23.809523809523807,23.809523809523807,23.809523809523807,23.809523809523807,23.809523809523807,23.809523809523807,0,0,0,0,23.809523809523807,23.809523809523807,0
silver_Potion_Farming_gpt-oss-120b-low_7.cpp,WRONG_ANSWER,214,66.67%,0.070,14.00390625,0,23.809523809523807,23.809523809523807,23.809523809523807,23.809523809523807,23.809523809523807,23.809523809523807,23.809523809523807,0,0,0,0,23.809523809523807,23.809523809523807,0
