solution,status,score,%test passed,time,memory,subtask_0,subtask_1,subtask_10,subtask_11,subtask_12,subtask_13,subtask_14,subtask_15,subtask_2,subtask_3,subtask_4,subtask_5,subtask_6,subtask_7,subtask_8,subtask_9
bronze_Leaders_Qwen3-30B-Non-Thinking_0.cpp,TIME_LIMIT_EXCEEDED,244,76.47%,2.310,3.359375,0,22.22222222222222,0,0,0,22.22222222222222,22.22222222222222,22.22222222222222,22.22222222222222,22.22222222222222,22.22222222222222,22.22222222222222,22.22222222222222,22.22222222222222,22.22222222222222,0
bronze_Leaders_Qwen3-30B-Non-Thinking_1.cpp,TIME_LIMIT_EXCEEDED,0,0.00%,2.440,2.98046875,0,0,0,0,0,0,0,0,0,0,0,0,0,0,0,0
bronze_Leaders_Qwen3-30B-Non-Thinking_2.cpp,RUNTIME_ERROR,0,0.00%,0.110,2.59375,0,0,0,0,0,0,0,0,0,0,0,0,0,0,0,0
bronze_Leaders_Qwen3-30B-Non-Thinking_3.cpp,RUNTIME_ERROR,0,0.00%,0.120,2.33984375,0,0,0,0,0,0,0,0,0,0,0,0,0,0,0,0
bronze_Leaders_Qwen3-30B-Non-Thinking_4.cpp,TIME_LIMIT_EXCEEDED,22,5.88%,2.310,2.9765625,0,22.22222222222222,0,0,0,0,0,0,0,0,0,0,0,0,0,0
bronze_Leaders_Qwen3-30B-Non-Thinking_5.cpp,RUNTIME_ERROR,0,0.00%,0.110,2.0703125,0,0,0,0,0,0,0,0,0,0,0,0,0,0,0,0
bronze_Leaders_Qwen3-30B-Non-Thinking_6.cpp,TIME_LIMIT_EXCEEDED,156,47.06%,2.260,2.59375,0,0,0,0,0,0,0,0,22.22222222222222,22.22222222222222,22.22222222222222,22.22222222222222,22.22222222222222,22.22222222222222,22.22222222222222,0
bronze_Leaders_Qwen3-30B-Non-Thinking_7.cpp,TIME_LIMIT_EXCEEDED,89,35.29%,2.280,2.59375,0,0,0,0,0,0,0,0,0,0,22.22222222222222,22.22222222222222,22.22222222222222,22.22222222222222,0,0
