problem,status,score,%test passed,time,memory,pass_rate,subtask_0,subtask_1,subtask_2,subtask_3,subtask_4,subtask_5,subtask_6,subtask_7,subtask_8,subtask_9
five,COMPILATION_ERROR,0,0.00%,0.000,0,,0,0,0,0,0,0,0,0,0,0
game,RUNTIME_ERROR,0,10.81%,0.170,3.10546875,,0,0,0,0,0,0,0,0,0,0
lexgcd,RUNTIME_ERROR,0,7.38%,0.150,2.5859375,,0,0,0,0,0,0,0,0,0,0
ones,WRONG_ANSWER,25,0.00%,0.140,1.80859375,,4.70929,4.06906,3.35974,2.8991499999999997,2.49801,2.0357600000000002,1.72931,1.45111,1.1148099999999999,0.87959
travel,TIME_LIMIT_EXCEEDED,20,29.41%,1.210,585.234375,,10,10,0,0,0,0,0,0,0,0
aquarelle,RUNTIME_ERROR,0,42.15%,0.000,0,,0,0,0,0,0,0,0,0,0,0
parentheses,ACCEPTED,100,100.00%,0.210,32.0234375,,0,5,10,10,15,15,45,0,0,0
tolls,ACCEPTED,100,100.00%,0.190,6.2265625,,0,5,5,10,20,10,20,30,0,0
twins,RUNTIME_ERROR,40,35.88%,0.130,3.16796875,,40,0,0,0,0,0,0,0,0,0
walk,RUNTIME_ERROR,0,0.00%,0.120,3.5625,,0,0,0,0,0,0,0,0,0,0
xy,RUNTIME_ERROR,0,2.86%,0.140,3.26953125,,0,0,0,0,0,0,0,0,0,0
TOTAL,,285,29.86%,,,18.18%,,,,,,,,,,
