solution,status,score,%test passed,time,memory,subtask_0,subtask_1,subtask_10,subtask_2,subtask_3,subtask_4,subtask_5,subtask_6,subtask_7,subtask_8,subtask_9
bronze_Its_Mooin_Time_Mistral-Large-Instruct-2411_0.cpp,RUNTIME_ERROR,0,0.00%,0.110,0.00390625,0,0,0,0,0,0,0,0,0,0,0
bronze_Its_Mooin_Time_Mistral-Large-Instruct-2411_1.cpp,TIME_LIMIT_EXCEEDED,167,61.54%,2.330,0.00390625,0,33.33333333333333,0,33.33333333333333,33.33333333333333,33.33333333333333,33.33333333333333,0,0,0,0
bronze_Its_Mooin_Time_Mistral-Large-Instruct-2411_2.cpp,TIME_LIMIT_EXCEEDED,167,61.54%,2.290,0.00390625,0,33.33333333333333,0,33.33333333333333,33.33333333333333,33.33333333333333,33.33333333333333,0,0,0,0
bronze_Its_Mooin_Time_Mistral-Large-Instruct-2411_3.cpp,TIME_LIMIT_EXCEEDED,167,61.54%,2.240,0.00390625,0,33.33333333333333,0,33.33333333333333,33.33333333333333,33.33333333333333,33.33333333333333,0,0,0,0
bronze_Its_Mooin_Time_Mistral-Large-Instruct-2411_4.cpp,RUNTIME_ERROR,0,0.00%,0.180,1.52734375,0,0,0,0,0,0,0,0,0,0,0
bronze_Its_Mooin_Time_Mistral-Large-Instruct-2411_5.cpp,TIME_LIMIT_EXCEEDED,167,61.54%,2.280,0.00390625,0,33.33333333333333,0,33.33333333333333,33.33333333333333,33.33333333333333,33.33333333333333,0,0,0,0
bronze_Its_Mooin_Time_Mistral-Large-Instruct-2411_6.cpp,RUNTIME_ERROR,0,0.00%,0.120,0.00390625,0,0,0,0,0,0,0,0,0,0,0
bronze_Its_Mooin_Time_Mistral-Large-Instruct-2411_7.cpp,TIME_LIMIT_EXCEEDED,167,61.54%,2.290,0.00390625,0,33.33333333333333,0,33.33333333333333,33.33333333333333,33.33333333333333,33.33333333333333,0,0,0,0
