solution,status,score,%test passed,time,memory,subtask_0,subtask_1,subtask_10,subtask_11,subtask_12,subtask_13,subtask_2,subtask_3,subtask_4,subtask_5,subtask_6,subtask_7,subtask_8,subtask_9
bronze_Milk_Exchange_gpt-oss-120b-low_0.cpp,WRONG_ANSWER,103,37.50%,0.060,3.27734375,0,0,25.64102564102564,0,0,25.64102564102564,0,0,25.64102564102564,25.64102564102564,0,0,0,0
bronze_Milk_Exchange_gpt-oss-120b-low_1.cpp,WRONG_ANSWER,103,37.50%,0.070,28.34375,0,0,0,0,25.64102564102564,25.64102564102564,0,0,0,0,25.64102564102564,0,0,25.64102564102564
bronze_Milk_Exchange_gpt-oss-120b-low_2.cpp,RUNTIME_ERROR,103,25.00%,0.060,5.59765625,0,0,25.64102564102564,0,0,25.64102564102564,0,0,25.64102564102564,25.64102564102564,0,0,0,0
bronze_Milk_Exchange_gpt-oss-120b-low_3.cpp,TIME_LIMIT_EXCEEDED,51,25.00%,2.430,287.01171875,0,0,0,0,0,0,0,0,25.64102564102564,25.64102564102564,0,0,0,0
bronze_Milk_Exchange_gpt-oss-120b-low_4.cpp,TIME_LIMIT_EXCEEDED,77,31.25%,2.440,5.59765625,0,0,0,0,0,25.64102564102564,0,0,25.64102564102564,25.64102564102564,0,0,0,0
bronze_Milk_Exchange_gpt-oss-120b-low_5.cpp,WRONG_ANSWER,103,37.50%,0.060,3.0859375,0,0,25.64102564102564,0,0,25.64102564102564,0,0,25.64102564102564,25.64102564102564,0,0,0,0
bronze_Milk_Exchange_gpt-oss-120b-low_6.cpp,WRONG_ANSWER,103,37.50%,0.070,4.8203125,0,0,0,0,25.64102564102564,25.64102564102564,0,0,0,0,25.64102564102564,0,0,25.64102564102564
bronze_Milk_Exchange_gpt-oss-120b-low_7.cpp,RUNTIME_ERROR,26,6.25%,0.060,4.05078125,0,0,0,0,0,25.64102564102564,0,0,0,0,0,0,0,0
