solution,status,score,%test passed,time,memory,subtask_0,subtask_1,subtask_10,subtask_2,subtask_3,subtask_4,subtask_5,subtask_6,subtask_7,subtask_8,subtask_9
silver_Moorbles_gpt-oss-120b-low_0.cpp,WRONG_ANSWER,67,33.33%,0.120,13.47265625,0,0,0,0,0,0,0,0,33.33333333333333,33.33333333333333,0
silver_Moorbles_gpt-oss-120b-low_1.cpp,RUNTIME_ERROR,0,0.00%,0.150,39.890625,0,0,0,0,0,0,0,0,0,0,0
silver_Moorbles_gpt-oss-120b-low_2.cpp,ACCEPTED,333,100.00%,0.120,17.5078125,0,33.33333333333333,33.33333333333333,33.33333333333333,33.33333333333333,33.33333333333333,33.33333333333333,33.33333333333333,33.33333333333333,33.33333333333333,33.33333333333333
silver_Moorbles_gpt-oss-120b-low_3.cpp,ACCEPTED,333,100.00%,0.110,17.51171875,0,33.33333333333333,33.33333333333333,33.33333333333333,33.33333333333333,33.33333333333333,33.33333333333333,33.33333333333333,33.33333333333333,33.33333333333333,33.33333333333333
silver_Moorbles_gpt-oss-120b-low_4.cpp,ACCEPTED,333,100.00%,0.120,17.5078125,0,33.33333333333333,33.33333333333333,33.33333333333333,33.33333333333333,33.33333333333333,33.33333333333333,33.33333333333333,33.33333333333333,33.33333333333333,33.33333333333333
silver_Moorbles_gpt-oss-120b-low_5.cpp,ACCEPTED,333,100.00%,0.120,17.5078125,0,33.33333333333333,33.33333333333333,33.33333333333333,33.33333333333333,33.33333333333333,33.33333333333333,33.33333333333333,33.33333333333333,33.33333333333333,33.33333333333333
silver_Moorbles_gpt-oss-120b-low_6.cpp,RUNTIME_ERROR,0,0.00%,0.120,25.5,0,0,0,0,0,0,0,0,0,0,0
silver_Moorbles_gpt-oss-120b-low_7.cpp,RUNTIME_ERROR,0,0.00%,0.110,24.12890625,0,0,0,0,0,0,0,0,0,0,0
