solution,status,score,%test passed,time,memory,subtask_0,subtask_1,subtask_10,subtask_2,subtask_3,subtask_4,subtask_5,subtask_6,subtask_7,subtask_8,subtask_9
bronze_Its_Mooin_Time_Qwen3-4B_0.cpp,TIME_LIMIT_EXCEEDED,167,61.54%,2.420,0.00390625,0,33.33333333333333,0,33.33333333333333,33.33333333333333,33.33333333333333,33.33333333333333,0,0,0,0
bronze_Its_Mooin_Time_Qwen3-4B_1.cpp,RUNTIME_ERROR,0,0.00%,0.030,0.00390625,0,0,0,0,0,0,0,0,0,0,0
bronze_Its_Mooin_Time_Qwen3-4B_2.cpp,RUNTIME_ERROR,0,0.00%,0.030,0.00390625,0,0,0,0,0,0,0,0,0,0,0
bronze_Its_Mooin_Time_Qwen3-4B_3.cpp,RUNTIME_ERROR,0,0.00%,0.030,0.00390625,0,0,0,0,0,0,0,0,0,0,0
bronze_Its_Mooin_Time_Qwen3-4B_4.cpp,COMPILATION_ERROR,0,0.00%,0.000,0,0,0,0,0,0,0,0,0,0,0,0
bronze_Its_Mooin_Time_Qwen3-4B_5.cpp,ACCEPTED,333,100.00%,1.740,0.00390625,0,33.33333333333333,33.33333333333333,33.33333333333333,33.33333333333333,33.33333333333333,33.33333333333333,33.33333333333333,33.33333333333333,33.33333333333333,33.33333333333333
bronze_Its_Mooin_Time_Qwen3-4B_6.cpp,RUNTIME_ERROR,0,7.69%,0.130,1.80859375,0,0,0,0,0,0,0,0,0,0,0
bronze_Its_Mooin_Time_Qwen3-4B_7.cpp,RUNTIME_ERROR,0,0.00%,0.120,0.00390625,0,0,0,0,0,0,0,0,0,0,0
