solution,status,score,%test passed,time,memory,subtask_0,subtask_1,subtask_10,subtask_2,subtask_3,subtask_4,subtask_5,subtask_6,subtask_7,subtask_8,subtask_9
silver_Deforestation_Qwen3-4B_0.cpp,ACCEPTED,333,100.00%,0.180,8.7578125,0,33.33333333333333,33.33333333333333,33.33333333333333,33.33333333333333,33.33333333333333,33.33333333333333,33.33333333333333,33.33333333333333,33.33333333333333,33.33333333333333
silver_Deforestation_Qwen3-4B_1.cpp,WRONG_ANSWER,0,9.09%,0.260,0.00390625,0,0,0,0,0,0,0,0,0,0,0
silver_Deforestation_Qwen3-4B_2.cpp,WRONG_ANSWER,0,9.09%,0.270,1.81640625,0,0,0,0,0,0,0,0,0,0,0
silver_Deforestation_Qwen3-4B_3.cpp,WRONG_ANSWER,0,9.09%,0.250,1.81640625,0,0,0,0,0,0,0,0,0,0,0
silver_Deforestation_Qwen3-4B_4.cpp,WRONG_ANSWER,0,9.09%,0.260,0.00390625,0,0,0,0,0,0,0,0,0,0,0
silver_Deforestation_Qwen3-4B_5.cpp,WRONG_ANSWER,0,9.09%,0.250,0.00390625,0,0,0,0,0,0,0,0,0,0,0
silver_Deforestation_Qwen3-4B_6.cpp,ACCEPTED,333,100.00%,0.290,8.4609375,0,33.33333333333333,33.33333333333333,33.33333333333333,33.33333333333333,33.33333333333333,33.33333333333333,33.33333333333333,33.33333333333333,33.33333333333333,33.33333333333333
silver_Deforestation_Qwen3-4B_7.cpp,WRONG_ANSWER,0,9.09%,0.240,1.81640625,0,0,0,0,0,0,0,0,0,0,0
