solution,status,score,%test passed,time,memory,subtask_0,subtask_1,subtask_10,subtask_11,subtask_12,subtask_13,subtask_2,subtask_3,subtask_4,subtask_5,subtask_6,subtask_7,subtask_8,subtask_9
bronze_Stamp_Grid_deepseek-chat_0.cpp,WRONG_ANSWER,0,0.00%,0.050,0.00390625,0,0,0,0,0,0,0,0,0,0,0,0,0,0
bronze_Stamp_Grid_deepseek-chat_1.cpp,ACCEPTED,333,100.00%,0.040,0.00390625,0,25.64102564102564,25.64102564102564,25.64102564102564,25.64102564102564,25.64102564102564,25.64102564102564,25.64102564102564,25.64102564102564,25.64102564102564,25.64102564102564,25.64102564102564,25.64102564102564,25.64102564102564
bronze_Stamp_Grid_deepseek-chat_2.cpp,ACCEPTED,333,100.00%,0.040,0.00390625,0,25.64102564102564,25.64102564102564,25.64102564102564,25.64102564102564,25.64102564102564,25.64102564102564,25.64102564102564,25.64102564102564,25.64102564102564,25.64102564102564,25.64102564102564,25.64102564102564,25.64102564102564
bronze_Stamp_Grid_deepseek-chat_3.cpp,ACCEPTED,333,100.00%,0.040,0.00390625,0,25.64102564102564,25.64102564102564,25.64102564102564,25.64102564102564,25.64102564102564,25.64102564102564,25.64102564102564,25.64102564102564,25.64102564102564,25.64102564102564,25.64102564102564,25.64102564102564,25.64102564102564
bronze_Stamp_Grid_deepseek-chat_4.cpp,WRONG_ANSWER,0,7.14%,0.040,0.00390625,0,0,0,0,0,0,0,0,0,0,0,0,0,0
bronze_Stamp_Grid_deepseek-chat_5.cpp,ACCEPTED,333,100.00%,0.040,0.00390625,0,25.64102564102564,25.64102564102564,25.64102564102564,25.64102564102564,25.64102564102564,25.64102564102564,25.64102564102564,25.64102564102564,25.64102564102564,25.64102564102564,25.64102564102564,25.64102564102564,25.64102564102564
bronze_Stamp_Grid_deepseek-chat_6.cpp,WRONG_ANSWER,0,7.14%,0.040,1.51171875,0,0,0,0,0,0,0,0,0,0,0,0,0,0
bronze_Stamp_Grid_deepseek-chat_7.cpp,WRONG_ANSWER,0,0.00%,0.040,0.00390625,0,0,0,0,0,0,0,0,0,0,0,0,0,0
