solution,status,score,%test passed,time,memory,subtask_0,subtask_1,subtask_10,subtask_2,subtask_3,subtask_4,subtask_5,subtask_6,subtask_7,subtask_8,subtask_9
silver_Cow-libi_deepseek-chat_0.cpp,ACCEPTED,333,100.00%,0.110,2.5859375,0,33.33333333333333,33.33333333333333,33.33333333333333,33.33333333333333,33.33333333333333,33.33333333333333,33.33333333333333,33.33333333333333,33.33333333333333,33.33333333333333
silver_Cow-libi_deepseek-chat_1.cpp,ACCEPTED,333,100.00%,0.110,2.5859375,0,33.33333333333333,33.33333333333333,33.33333333333333,33.33333333333333,33.33333333333333,33.33333333333333,33.33333333333333,33.33333333333333,33.33333333333333,33.33333333333333
silver_Cow-libi_deepseek-chat_2.cpp,ACCEPTED,333,100.00%,0.110,2.5859375,0,33.33333333333333,33.33333333333333,33.33333333333333,33.33333333333333,33.33333333333333,33.33333333333333,33.33333333333333,33.33333333333333,33.33333333333333,33.33333333333333
silver_Cow-libi_deepseek-chat_3.cpp,ACCEPTED,333,100.00%,0.090,3.6171875,0,33.33333333333333,33.33333333333333,33.33333333333333,33.33333333333333,33.33333333333333,33.33333333333333,33.33333333333333,33.33333333333333,33.33333333333333,33.33333333333333
silver_Cow-libi_deepseek-chat_4.cpp,ACCEPTED,333,100.00%,0.090,2.5859375,0,33.33333333333333,33.33333333333333,33.33333333333333,33.33333333333333,33.33333333333333,33.33333333333333,33.33333333333333,33.33333333333333,33.33333333333333,33.33333333333333
silver_Cow-libi_deepseek-chat_5.cpp,ACCEPTED,333,100.00%,0.090,2.5859375,0,33.33333333333333,33.33333333333333,33.33333333333333,33.33333333333333,33.33333333333333,33.33333333333333,33.33333333333333,33.33333333333333,33.33333333333333,33.33333333333333
silver_Cow-libi_deepseek-chat_6.cpp,WRONG_ANSWER,0,9.09%,0.100,3.6171875,0,0,0,0,0,0,0,0,0,0,0
silver_Cow-libi_deepseek-chat_7.cpp,WRONG_ANSWER,0,0.00%,0.100,3.6171875,0,0,0,0,0,0,0,0,0,0,0
