solution,status,score,%test passed,time,memory,subtask_0,subtask_1,subtask_10,subtask_11,subtask_12,subtask_13,subtask_14,subtask_15,subtask_16,subtask_17,subtask_18,subtask_19,subtask_2,subtask_20,subtask_3,subtask_4,subtask_5,subtask_6,subtask_7,subtask_8,subtask_9
gold_Cowreography_gemini-2.5-pro_0.cpp,WRONG_ANSWER,67,30.43%,0.050,3.85546875,0,16.666666666666664,0,0,0,0,0,0,16.666666666666664,0,0,0,16.666666666666664,0,16.666666666666664,0,0,0,0,0,0
gold_Cowreography_gemini-2.5-pro_1.cpp,WRONG_ANSWER,67,30.43%,0.120,4.29296875,0,16.666666666666664,0,0,0,0,0,0,16.666666666666664,0,0,0,16.666666666666664,0,16.666666666666664,0,0,0,0,0,0
gold_Cowreography_gemini-2.5-pro_2.cpp,WRONG_ANSWER,100,39.13%,0.110,4.16015625,0,16.666666666666664,0,0,0,16.666666666666664,0,0,16.666666666666664,0,16.666666666666664,16.666666666666664,16.666666666666664,0,0,0,0,0,0,0,0
gold_Cowreography_gemini-2.5-pro_3.cpp,TIME_LIMIT_EXCEEDED,17,8.70%,2.410,35.1796875,0,16.666666666666664,0,0,0,0,0,0,0,0,0,0,0,0,0,0,0,0,0,0,0
gold_Cowreography_gemini-2.5-pro_4.cpp,MEMORY_LIMIT_EXCEEDED,67,30.43%,0.200,245.0234375,0,16.666666666666664,0,0,0,0,0,0,0,0,0,0,16.666666666666664,0,16.666666666666664,16.666666666666664,0,0,0,0,0
gold_Cowreography_gemini-2.5-pro_5.cpp,WRONG_ANSWER,100,39.13%,0.120,3.64453125,0,16.666666666666664,0,0,0,16.666666666666664,0,0,16.666666666666664,0,16.666666666666664,16.666666666666664,16.666666666666664,0,0,0,0,0,0,0,0
gold_Cowreography_gemini-2.5-pro_6.cpp,TIME_LIMIT_EXCEEDED,33,8.70%,2.330,11.765625,0,0,0,0,0,0,0,0,0,0,0,0,0,0,16.666666666666664,16.666666666666664,0,0,0,0,0
gold_Cowreography_gemini-2.5-pro_7.cpp,WRONG_ANSWER,67,30.43%,0.120,4.31640625,0,16.666666666666664,0,0,0,0,0,0,16.666666666666664,0,0,0,16.666666666666664,0,16.666666666666664,0,0,0,0,0,0
