solution,status,score,%test passed,time,memory,subtask_0,subtask_1,subtask_10,subtask_11,subtask_12,subtask_13,subtask_14,subtask_15,subtask_16,subtask_17,subtask_18,subtask_19,subtask_2,subtask_20,subtask_3,subtask_4,subtask_5,subtask_6,subtask_7,subtask_8,subtask_9
platinum_Activating_Robots_gemini-2.5-pro_0.cpp,MEMORY_LIMIT_EXCEEDED,133,50.00%,0.160,275.86328125,0,16.666666666666664,0,0,0,0,0,0,0,0,0,0,16.666666666666664,0,16.666666666666664,16.666666666666664,16.666666666666664,16.666666666666664,16.666666666666664,16.666666666666664,0
platinum_Activating_Robots_gemini-2.5-pro_1.cpp,TIME_LIMIT_EXCEEDED,100,41.67%,2.330,86.11328125,0,0,0,0,0,0,0,0,0,0,0,0,0,0,16.666666666666664,16.666666666666664,16.666666666666664,16.666666666666664,16.666666666666664,16.666666666666664,0
platinum_Activating_Robots_gemini-2.5-pro_2.cpp,MEMORY_LIMIT_EXCEEDED,133,50.00%,1.240,276.37890625,0,16.666666666666664,0,0,0,0,0,0,0,0,0,0,16.666666666666664,0,16.666666666666664,16.666666666666664,16.666666666666664,16.666666666666664,16.666666666666664,16.666666666666664,0
platinum_Activating_Robots_gemini-2.5-pro_3.cpp,MEMORY_LIMIT_EXCEEDED,133,45.83%,1.460,280.609375,0,16.666666666666664,0,0,0,0,0,0,0,0,0,0,16.666666666666664,0,16.666666666666664,16.666666666666664,16.666666666666664,16.666666666666664,16.666666666666664,16.666666666666664,0
platinum_Activating_Robots_gemini-2.5-pro_4.cpp,MEMORY_LIMIT_EXCEEDED,133,50.00%,0.250,277.8984375,0,16.666666666666664,0,0,0,0,0,0,0,0,0,0,16.666666666666664,0,16.666666666666664,16.666666666666664,16.666666666666664,16.666666666666664,16.666666666666664,16.666666666666664,0
platinum_Activating_Robots_gemini-2.5-pro_5.cpp,MEMORY_LIMIT_EXCEEDED,133,45.83%,0.220,278.10546875,0,16.666666666666664,0,0,0,0,0,0,0,0,0,0,16.666666666666664,0,16.666666666666664,16.666666666666664,16.666666666666664,16.666666666666664,16.666666666666664,16.666666666666664,0
platinum_Activating_Robots_gemini-2.5-pro_6.cpp,MEMORY_LIMIT_EXCEEDED,133,50.00%,0.250,278.1875,0,16.666666666666664,0,0,0,0,0,0,0,0,0,0,16.666666666666664,0,16.666666666666664,16.666666666666664,16.666666666666664,16.666666666666664,16.666666666666664,16.666666666666664,0
platinum_Activating_Robots_gemini-2.5-pro_7.cpp,MEMORY_LIMIT_EXCEEDED,0,8.33%,0.360,279.9375,0,0,0,0,0,0,0,0,0,0,0,0,0,0,0,0,0,0,0,0,0
