solution,status,score,%test passed,time,memory,subtask_0,subtask_1,subtask_10,subtask_11,subtask_12,subtask_13,subtask_14,subtask_15,subtask_2,subtask_3,subtask_4,subtask_5,subtask_6,subtask_7,subtask_8,subtask_9
silver_The_Winning_Gene_gemini-2.5-pro_0.cpp,ACCEPTED,333,100.00%,0.140,1.60546875,0,22.22222222222222,22.22222222222222,22.22222222222222,22.22222222222222,22.22222222222222,22.22222222222222,22.22222222222222,22.22222222222222,22.22222222222222,22.22222222222222,22.22222222222222,22.22222222222222,22.22222222222222,22.22222222222222,22.22222222222222
silver_The_Winning_Gene_gemini-2.5-pro_1.cpp,TIME_LIMIT_EXCEEDED,133,43.75%,2.280,1.703125,0,22.22222222222222,0,0,0,0,0,0,22.22222222222222,22.22222222222222,22.22222222222222,22.22222222222222,22.22222222222222,0,0,0
silver_The_Winning_Gene_gemini-2.5-pro_2.cpp,WRONG_ANSWER,222,68.75%,0.220,1.55078125,0,0,22.22222222222222,0,22.22222222222222,22.22222222222222,22.22222222222222,22.22222222222222,22.22222222222222,22.22222222222222,0,22.22222222222222,22.22222222222222,0,0,22.22222222222222
silver_The_Winning_Gene_gemini-2.5-pro_3.cpp,WRONG_ANSWER,267,81.25%,0.240,1.921875,0,22.22222222222222,22.22222222222222,0,22.22222222222222,22.22222222222222,22.22222222222222,22.22222222222222,22.22222222222222,22.22222222222222,0,22.22222222222222,22.22222222222222,22.22222222222222,0,22.22222222222222
silver_The_Winning_Gene_gemini-2.5-pro_4.cpp,TIME_LIMIT_EXCEEDED,133,43.75%,2.270,1.60546875,0,22.22222222222222,0,0,0,0,0,0,22.22222222222222,22.22222222222222,22.22222222222222,22.22222222222222,22.22222222222222,0,0,0
silver_The_Winning_Gene_gemini-2.5-pro_5.cpp,WRONG_ANSWER,0,0.00%,0.250,1.78515625,0,0,0,0,0,0,0,0,0,0,0,0,0,0,0,0
silver_The_Winning_Gene_gemini-2.5-pro_6.cpp,TIME_LIMIT_EXCEEDED,133,43.75%,2.220,2.4375,0,22.22222222222222,0,0,0,0,0,0,22.22222222222222,22.22222222222222,22.22222222222222,22.22222222222222,22.22222222222222,0,0,0
silver_The_Winning_Gene_gemini-2.5-pro_7.cpp,COMPILATION_ERROR,0,0.00%,0.000,0,0,0,0,0,0,0,0,0,0,0,0,0,0,0,0,0
