solution,status,score,%test passed,time,memory,subtask_0,subtask_1,subtask_10,subtask_11,subtask_12,subtask_13,subtask_14,subtask_15,subtask_16,subtask_17,subtask_18,subtask_19,subtask_2,subtask_20,subtask_21,subtask_22,subtask_23,subtask_24,subtask_3,subtask_4,subtask_5,subtask_6,subtask_7,subtask_8,subtask_9
bronze_Logical_Moos_gemini-2.5-flash_0.cpp,TIME_LIMIT_EXCEEDED,83,26.92%,2.210,9.0546875,0,0,13.888888888888888,0,0,13.888888888888888,13.888888888888888,13.888888888888888,13.888888888888888,13.888888888888888,0,0,0,0,0,0,0,0,0,0,0,0,0,0,0
bronze_Logical_Moos_gemini-2.5-flash_1.cpp,TIME_LIMIT_EXCEEDED,0,0.00%,2.260,3.671875,0,0,0,0,0,0,0,0,0,0,0,0,0,0,0,0,0,0,0,0,0,0,0,0,0
bronze_Logical_Moos_gemini-2.5-flash_2.cpp,WRONG_ANSWER,69,23.08%,0.140,10.296875,0,0,13.888888888888888,0,0,0,13.888888888888888,13.888888888888888,0,13.888888888888888,0,0,0,0,0,0,13.888888888888888,0,0,0,0,0,0,0,0
bronze_Logical_Moos_gemini-2.5-flash_3.cpp,ACCEPTED,333,100.00%,0.150,17.93359375,0,13.888888888888888,13.888888888888888,13.888888888888888,13.888888888888888,13.888888888888888,13.888888888888888,13.888888888888888,13.888888888888888,13.888888888888888,13.888888888888888,13.888888888888888,13.888888888888888,13.888888888888888,13.888888888888888,13.888888888888888,13.888888888888888,13.888888888888888,13.888888888888888,13.888888888888888,13.888888888888888,13.888888888888888,13.888888888888888,13.888888888888888,13.888888888888888
bronze_Logical_Moos_gemini-2.5-flash_4.cpp,RUNTIME_ERROR,0,0.00%,0.040,7.58984375,0,0,0,0,0,0,0,0,0,0,0,0,0,0,0,0,0,0,0,0,0,0,0,0,0
bronze_Logical_Moos_gemini-2.5-flash_5.cpp,ACCEPTED,333,100.00%,0.180,12.2421875,0,13.888888888888888,13.888888888888888,13.888888888888888,13.888888888888888,13.888888888888888,13.888888888888888,13.888888888888888,13.888888888888888,13.888888888888888,13.888888888888888,13.888888888888888,13.888888888888888,13.888888888888888,13.888888888888888,13.888888888888888,13.888888888888888,13.888888888888888,13.888888888888888,13.888888888888888,13.888888888888888,13.888888888888888,13.888888888888888,13.888888888888888,13.888888888888888
bronze_Logical_Moos_gemini-2.5-flash_6.cpp,RUNTIME_ERROR,0,0.00%,0.040,7.48046875,0,0,0,0,0,0,0,0,0,0,0,0,0,0,0,0,0,0,0,0,0,0,0,0,0
bronze_Logical_Moos_gemini-2.5-flash_7.cpp,MEMORY_LIMIT_EXCEEDED,42,11.54%,0.150,11.9609375,0,0,13.888888888888888,0,0,0,0,13.888888888888888,0,13.888888888888888,0,0,0,0,0,0,0,0,0,0,0,0,0,0,0
