solution,status,score,%test passed,time,memory,subtask_0,subtask_1,subtask_10,subtask_11,subtask_12,subtask_13,subtask_14,subtask_15,subtask_16,subtask_17,subtask_18,subtask_19,subtask_2,subtask_20,subtask_3,subtask_4,subtask_5,subtask_6,subtask_7,subtask_8,subtask_9
platinum_Activating_Robots_gemini-2.5-flash_0.cpp,RUNTIME_ERROR,0,0.00%,0.210,112.671875,0,0,0,0,0,0,0,0,0,0,0,0,0,0,0,0,0,0,0,0,0
platinum_Activating_Robots_gemini-2.5-flash_1.cpp,RUNTIME_ERROR,117,37.50%,0.450,108.546875,0,16.666666666666664,0,0,0,0,0,0,0,0,0,0,16.666666666666664,0,0,16.666666666666664,16.666666666666664,16.666666666666664,16.666666666666664,16.666666666666664,0
platinum_Activating_Robots_gemini-2.5-flash_2.cpp,MEMORY_LIMIT_EXCEEDED,133,50.00%,0.350,278.95703125,0,16.666666666666664,0,0,0,0,0,0,0,0,0,0,16.666666666666664,0,16.666666666666664,16.666666666666664,16.666666666666664,16.666666666666664,16.666666666666664,16.666666666666664,0
platinum_Activating_Robots_gemini-2.5-flash_3.cpp,RUNTIME_ERROR,200,58.33%,0.290,2.64453125,0,16.666666666666664,0,0,16.666666666666664,0,0,16.666666666666664,16.666666666666664,0,0,16.666666666666664,16.666666666666664,16.666666666666664,0,16.666666666666664,16.666666666666664,16.666666666666664,16.666666666666664,16.666666666666664,0
platinum_Activating_Robots_gemini-2.5-flash_4.cpp,WRONG_ANSWER,33,25.00%,0.060,2.1328125,0,16.666666666666664,0,0,0,0,0,0,0,0,0,0,16.666666666666664,0,0,0,0,0,0,0,0
platinum_Activating_Robots_gemini-2.5-flash_5.cpp,RUNTIME_ERROR,200,58.33%,0.680,8.75,0,16.666666666666664,0,0,16.666666666666664,0,0,16.666666666666664,16.666666666666664,0,0,16.666666666666664,16.666666666666664,16.666666666666664,0,16.666666666666664,16.666666666666664,16.666666666666664,16.666666666666664,16.666666666666664,0
platinum_Activating_Robots_gemini-2.5-flash_6.cpp,RUNTIME_ERROR,200,58.33%,0.200,41.83984375,0,16.666666666666664,0,0,16.666666666666664,0,0,16.666666666666664,16.666666666666664,0,0,16.666666666666664,16.666666666666664,16.666666666666664,0,16.666666666666664,16.666666666666664,16.666666666666664,16.666666666666664,16.666666666666664,0
platinum_Activating_Robots_gemini-2.5-flash_7.cpp,TIME_LIMIT_EXCEEDED,200,58.33%,2.220,131.79296875,0,16.666666666666664,0,0,16.666666666666664,0,0,16.666666666666664,16.666666666666664,0,0,16.666666666666664,16.666666666666664,16.666666666666664,0,16.666666666666664,16.666666666666664,16.666666666666664,16.666666666666664,16.666666666666664,0
