solution,status,score,%test passed,time,memory,subtask_0,subtask_1,subtask_10,subtask_2,subtask_3,subtask_4,subtask_5,subtask_6,subtask_7,subtask_8,subtask_9
bronze_Cow_Checkups_gpt-4.1_0.cpp,TIME_LIMIT_EXCEEDED,100,46.15%,2.330,1.6015625,0,33.33333333333333,0,33.33333333333333,33.33333333333333,0,0,0,0,0,0
bronze_Cow_Checkups_gpt-4.1_1.cpp,TIME_LIMIT_EXCEEDED,100,46.15%,2.260,1.55859375,0,33.33333333333333,0,33.33333333333333,33.33333333333333,0,0,0,0,0,0
bronze_Cow_Checkups_gpt-4.1_2.cpp,TIME_LIMIT_EXCEEDED,100,46.15%,2.260,1.55859375,0,33.33333333333333,0,33.33333333333333,33.33333333333333,0,0,0,0,0,0
bronze_Cow_Checkups_gpt-4.1_3.cpp,TIME_LIMIT_EXCEEDED,100,46.15%,2.260,1.55859375,0,33.33333333333333,0,33.33333333333333,33.33333333333333,0,0,0,0,0,0
bronze_Cow_Checkups_gpt-4.1_4.cpp,TIME_LIMIT_EXCEEDED,100,46.15%,2.220,1.55859375,0,33.33333333333333,0,33.33333333333333,33.33333333333333,0,0,0,0,0,0
bronze_Cow_Checkups_gpt-4.1_5.cpp,TIME_LIMIT_EXCEEDED,100,46.15%,2.300,1.55859375,0,33.33333333333333,0,33.33333333333333,33.33333333333333,0,0,0,0,0,0
bronze_Cow_Checkups_gpt-4.1_6.cpp,TIME_LIMIT_EXCEEDED,100,46.15%,2.240,1.55859375,0,33.33333333333333,0,33.33333333333333,33.33333333333333,0,0,0,0,0,0
bronze_Cow_Checkups_gpt-4.1_7.cpp,TIME_LIMIT_EXCEEDED,0,0.00%,2.270,1.6015625,0,0,0,0,0,0,0,0,0,0,0
