solution,status,score,%test passed,time,memory,subtask_0,subtask_1,subtask_10,subtask_11,subtask_12,subtask_13,subtask_14,subtask_2,subtask_3,subtask_4,subtask_5,subtask_6,subtask_7,subtask_8,subtask_9
silver_Following_Directions_gpt-4.1_0.cpp,TIME_LIMIT_EXCEEDED,214,66.67%,8.880,35.6953125,0,23.809523809523807,0,0,0,0,0,23.809523809523807,23.809523809523807,23.809523809523807,23.809523809523807,23.809523809523807,23.809523809523807,23.809523809523807,23.809523809523807
silver_Following_Directions_gpt-4.1_1.cpp,TIME_LIMIT_EXCEEDED,0,0.00%,8.810,39.94140625,0,0,0,0,0,0,0,0,0,0,0,0,0,0,0
silver_Following_Directions_gpt-4.1_2.cpp,WRONG_ANSWER,0,0.00%,7.890,104.38671875,0,0,0,0,0,0,0,0,0,0,0,0,0,0,0
silver_Following_Directions_gpt-4.1_3.cpp,TIME_LIMIT_EXCEEDED,143,46.67%,8.830,46.921875,0,23.809523809523807,0,0,0,0,0,23.809523809523807,23.809523809523807,23.809523809523807,23.809523809523807,23.809523809523807,0,0,0
silver_Following_Directions_gpt-4.1_4.cpp,TIME_LIMIT_EXCEEDED,143,46.67%,8.830,138.7109375,0,23.809523809523807,0,0,0,0,0,23.809523809523807,23.809523809523807,23.809523809523807,23.809523809523807,23.809523809523807,0,0,0
silver_Following_Directions_gpt-4.1_5.cpp,TIME_LIMIT_EXCEEDED,0,0.00%,8.860,230.8515625,0,0,0,0,0,0,0,0,0,0,0,0,0,0,0
silver_Following_Directions_gpt-4.1_6.cpp,WRONG_ANSWER,0,0.00%,0.160,44.140625,0,0,0,0,0,0,0,0,0,0,0,0,0,0,0
silver_Following_Directions_gpt-4.1_7.cpp,TIME_LIMIT_EXCEEDED,143,46.67%,8.820,163.21875,0,23.809523809523807,0,0,0,0,0,23.809523809523807,23.809523809523807,23.809523809523807,23.809523809523807,23.809523809523807,0,0,0
