solution,status,score,%test passed,time,memory,subtask_0,subtask_1,subtask_10,subtask_2,subtask_3,subtask_4,subtask_5,subtask_6,subtask_7,subtask_8,subtask_9
silver_Cow-libi_gpt-oss-20b-low_0.cpp,ACCEPTED,333,100.00%,0.070,4.390625,0,33.33333333333333,33.33333333333333,33.33333333333333,33.33333333333333,33.33333333333333,33.33333333333333,33.33333333333333,33.33333333333333,33.33333333333333,33.33333333333333
silver_Cow-libi_gpt-oss-20b-low_1.cpp,ACCEPTED,333,100.00%,0.080,7.7421875,0,33.33333333333333,33.33333333333333,33.33333333333333,33.33333333333333,33.33333333333333,33.33333333333333,33.33333333333333,33.33333333333333,33.33333333333333,33.33333333333333
silver_Cow-libi_gpt-oss-20b-low_2.cpp,TIME_LIMIT_EXCEEDED,0,9.09%,4.840,3.6171875,0,0,0,0,0,0,0,0,0,0,0
silver_Cow-libi_gpt-oss-20b-low_3.cpp,ACCEPTED,333,100.00%,0.080,4.390625,0,33.33333333333333,33.33333333333333,33.33333333333333,33.33333333333333,33.33333333333333,33.33333333333333,33.33333333333333,33.33333333333333,33.33333333333333,33.33333333333333
silver_Cow-libi_gpt-oss-20b-low_4.cpp,WRONG_ANSWER,0,9.09%,0.080,3.62109375,0,0,0,0,0,0,0,0,0,0,0
silver_Cow-libi_gpt-oss-20b-low_5.cpp,WRONG_ANSWER,0,9.09%,0.090,3.62109375,0,0,0,0,0,0,0,0,0,0,0
silver_Cow-libi_gpt-oss-20b-low_6.cpp,ACCEPTED,333,100.00%,0.080,3.6171875,0,33.33333333333333,33.33333333333333,33.33333333333333,33.33333333333333,33.33333333333333,33.33333333333333,33.33333333333333,33.33333333333333,33.33333333333333,33.33333333333333
silver_Cow-libi_gpt-oss-20b-low_7.cpp,ACCEPTED,333,100.00%,0.070,6.1953125,0,33.33333333333333,33.33333333333333,33.33333333333333,33.33333333333333,33.33333333333333,33.33333333333333,33.33333333333333,33.33333333333333,33.33333333333333,33.33333333333333
