solution,status,score,%test passed,time,memory,subtask_0,subtask_1,subtask_10,subtask_11,subtask_12,subtask_13,subtask_14,subtask_15,subtask_16,subtask_17,subtask_18,subtask_2,subtask_3,subtask_4,subtask_5,subtask_6,subtask_7,subtask_8,subtask_9
silver_Moo_Route_II_gpt-oss-20b-low_0.cpp,RUNTIME_ERROR,0,0.00%,0.100,10.578125,0,0,0,0,0,0,0,0,0,0,0,0,0,0,0,0,0,0,0
silver_Moo_Route_II_gpt-oss-20b-low_1.cpp,RUNTIME_ERROR,37,10.00%,0.130,15.9921875,0,0,18.51851851851852,0,0,0,0,0,0,0,0,0,0,0,0,0,0,0,18.51851851851852
silver_Moo_Route_II_gpt-oss-20b-low_2.cpp,RUNTIME_ERROR,37,10.00%,0.100,14.18359375,0,0,18.51851851851852,0,0,0,0,0,0,0,0,0,0,0,0,0,0,0,18.51851851851852
silver_Moo_Route_II_gpt-oss-20b-low_3.cpp,RUNTIME_ERROR,37,10.00%,0.110,23.46875,0,0,18.51851851851852,0,0,0,0,0,0,0,0,0,0,0,0,0,0,0,18.51851851851852
silver_Moo_Route_II_gpt-oss-20b-low_4.cpp,RUNTIME_ERROR,37,10.00%,0.110,13.671875,0,0,18.51851851851852,0,0,0,0,0,0,0,0,0,0,0,0,0,0,0,18.51851851851852
silver_Moo_Route_II_gpt-oss-20b-low_5.cpp,RUNTIME_ERROR,130,35.00%,0.110,15.21875,0,0,18.51851851851852,0,0,0,0,0,0,0,0,0,0,18.51851851851852,18.51851851851852,18.51851851851852,18.51851851851852,18.51851851851852,18.51851851851852
silver_Moo_Route_II_gpt-oss-20b-low_6.cpp,RUNTIME_ERROR,56,15.00%,0.100,9.03125,0,18.51851851851852,0,0,0,0,0,0,0,0,0,18.51851851851852,18.51851851851852,0,0,0,0,0,0
silver_Moo_Route_II_gpt-oss-20b-low_7.cpp,RUNTIME_ERROR,37,10.00%,0.120,15.9921875,0,0,18.51851851851852,0,0,0,0,0,0,0,0,0,0,0,0,0,0,0,18.51851851851852
