solution,status,score,%test passed,time,memory,subtask_0,subtask_1,subtask_10,subtask_2,subtask_3,subtask_4,subtask_5,subtask_6,subtask_7,subtask_8,subtask_9
bronze_Astral_Superposition_gpt-oss-120b-high_0.cpp,ACCEPTED,333,100.00%,0.110,3.49609375,0,33.33333333333333,33.33333333333333,33.33333333333333,33.33333333333333,33.33333333333333,33.33333333333333,33.33333333333333,33.33333333333333,33.33333333333333,33.33333333333333
bronze_Astral_Superposition_gpt-oss-120b-high_1.cpp,ACCEPTED,333,100.00%,0.110,3.51953125,0,33.33333333333333,33.33333333333333,33.33333333333333,33.33333333333333,33.33333333333333,33.33333333333333,33.33333333333333,33.33333333333333,33.33333333333333,33.33333333333333
bronze_Astral_Superposition_gpt-oss-120b-high_2.cpp,ACCEPTED,333,100.00%,0.200,4.390625,0,33.33333333333333,33.33333333333333,33.33333333333333,33.33333333333333,33.33333333333333,33.33333333333333,33.33333333333333,33.33333333333333,33.33333333333333,33.33333333333333
bronze_Astral_Superposition_gpt-oss-120b-high_3.cpp,ACCEPTED,333,100.00%,0.170,3.48828125,0,33.33333333333333,33.33333333333333,33.33333333333333,33.33333333333333,33.33333333333333,33.33333333333333,33.33333333333333,33.33333333333333,33.33333333333333,33.33333333333333
bronze_Astral_Superposition_gpt-oss-120b-high_4.cpp,ACCEPTED,333,100.00%,0.100,3.34375,0,33.33333333333333,33.33333333333333,33.33333333333333,33.33333333333333,33.33333333333333,33.33333333333333,33.33333333333333,33.33333333333333,33.33333333333333,33.33333333333333
bronze_Astral_Superposition_gpt-oss-120b-high_6.cpp,ACCEPTED,333,100.00%,0.160,4.5,0,33.33333333333333,33.33333333333333,33.33333333333333,33.33333333333333,33.33333333333333,33.33333333333333,33.33333333333333,33.33333333333333,33.33333333333333,33.33333333333333
bronze_Astral_Superposition_gpt-oss-120b-high_7.cpp,ACCEPTED,333,100.00%,0.120,3.359375,0,33.33333333333333,33.33333333333333,33.33333333333333,33.33333333333333,33.33333333333333,33.33333333333333,33.33333333333333,33.33333333333333,33.33333333333333,33.33333333333333
