solution,status,score,%test passed,time,memory,subtask_0,subtask_1,subtask_10,subtask_11,subtask_12,subtask_2,subtask_3,subtask_4,subtask_5,subtask_6,subtask_7,subtask_8,subtask_9
silver_Table_Recovery_gpt-oss-120b-high_0.cpp,ACCEPTED,333,100.00%,0.180,16.765625,0,27.777777777777775,27.777777777777775,27.777777777777775,27.777777777777775,27.777777777777775,27.777777777777775,27.777777777777775,27.777777777777775,27.777777777777775,27.777777777777775,27.777777777777775,27.777777777777775
silver_Table_Recovery_gpt-oss-120b-high_2.cpp,RUNTIME_ERROR,0,6.67%,0.170,12.89453125,0,0,0,0,0,0,0,0,0,0,0,0,0
silver_Table_Recovery_gpt-oss-120b-high_3.cpp,WRONG_ANSWER,0,13.33%,0.130,9.03125,0,0,0,0,0,0,0,0,0,0,0,0,0
silver_Table_Recovery_gpt-oss-120b-high_4.cpp,WRONG_ANSWER,56,26.67%,0.170,11.0859375,0,27.777777777777775,0,0,0,27.777777777777775,0,0,0,0,0,0,0
silver_Table_Recovery_gpt-oss-120b-high_5.cpp,ACCEPTED,333,100.00%,0.200,17.29296875,0,27.777777777777775,27.777777777777775,27.777777777777775,27.777777777777775,27.777777777777775,27.777777777777775,27.777777777777775,27.777777777777775,27.777777777777775,27.777777777777775,27.777777777777775,27.777777777777775
silver_Table_Recovery_gpt-oss-120b-high_6.cpp,ACCEPTED,333,100.00%,0.130,12.8984375,0,27.777777777777775,27.777777777777775,27.777777777777775,27.777777777777775,27.777777777777775,27.777777777777775,27.777777777777775,27.777777777777775,27.777777777777775,27.777777777777775,27.777777777777775,27.777777777777775
