solution,status,score,%test passed,time,memory,subtask_0,subtask_1,subtask_2,subtask_3
an2dl_Qwen3-4B_0.cpp,ACCEPTED,110,100.00%,2.650,99.00390625,12,17,25,56
an2dl_Qwen3-4B_1.cpp,ACCEPTED,110,100.00%,2.580,99.00390625,12,17,25,56
an2dl_Qwen3-4B_2.cpp,ACCEPTED,110,100.00%,2.610,99.0078125,12,17,25,56
an2dl_Qwen3-4B_3.cpp,ACCEPTED,110,100.00%,2.630,99.0078125,12,17,25,56
an2dl_Qwen3-4B_4.cpp,ACCEPTED,110,100.00%,1.130,99.0078125,12,17,25,56
an2dl_Qwen3-4B_5.cpp,ACCEPTED,110,100.00%,2.730,99.00390625,12,17,25,56
an2dl_Qwen3-4B_6.cpp,ACCEPTED,110,100.00%,2.590,99.0078125,12,17,25,56
an2dl_Qwen3-4B_7.cpp,ACCEPTED,110,100.00%,2.690,99.0078125,12,17,25,56
