solution,status,score,%test passed,time,memory,subtask_0,subtask_1,subtask_10,subtask_11,subtask_12,subtask_13,subtask_2,subtask_3,subtask_4,subtask_5,subtask_6,subtask_7,subtask_8,subtask_9
bronze_Milk_Exchange_gpt-oss-20b-low_0.cpp,TIME_LIMIT_EXCEEDED,0,6.25%,2.440,6.3671875,0,0,0,0,0,0,0,0,0,0,0,0,0,0
bronze_Milk_Exchange_gpt-oss-20b-low_3.cpp,RUNTIME_ERROR,103,25.00%,0.030,3.28125,0,0,25.64102564102564,0,0,25.64102564102564,0,0,25.64102564102564,25.64102564102564,0,0,0,0
bronze_Milk_Exchange_gpt-oss-20b-low_4.cpp,RUNTIME_ERROR,103,25.00%,0.030,3.27734375,0,0,25.64102564102564,0,0,25.64102564102564,0,0,25.64102564102564,25.64102564102564,0,0,0,0
bronze_Milk_Exchange_gpt-oss-20b-low_5.cpp,WRONG_ANSWER,103,37.50%,0.030,3.27734375,0,0,25.64102564102564,0,0,25.64102564102564,0,0,25.64102564102564,25.64102564102564,0,0,0,0
