solution,status,score,%test passed,time,memory,subtask_0,subtask_1,subtask_10,subtask_11,subtask_12,subtask_2,subtask_3,subtask_4,subtask_5,subtask_6,subtask_7,subtask_8,subtask_9
gold_Bessla_Motors_gpt-oss-20b-low_0.cpp,RUNTIME_ERROR,0,6.67%,0.040,10.0390625,0,0,0,0,0,0,0,0,0,0,0,0,0
gold_Bessla_Motors_gpt-oss-20b-low_1.cpp,TIME_LIMIT_EXCEEDED,139,53.33%,3.620,8.515625,0,27.777777777777775,0,0,0,27.777777777777775,27.777777777777775,27.777777777777775,27.777777777777775,0,0,0,0
gold_Bessla_Motors_gpt-oss-20b-low_2.cpp,MEMORY_LIMIT_EXCEEDED,111,46.67%,2.290,156.58203125,0,27.777777777777775,0,0,0,27.777777777777775,27.777777777777775,0,27.777777777777775,0,0,0,0
gold_Bessla_Motors_gpt-oss-20b-low_3.cpp,TIME_LIMIT_EXCEEDED,139,53.33%,3.640,8.58203125,0,27.777777777777775,0,0,0,27.777777777777775,27.777777777777775,27.777777777777775,27.777777777777775,0,0,0,0
gold_Bessla_Motors_gpt-oss-20b-low_4.cpp,MEMORY_LIMIT_EXCEEDED,111,46.67%,3.330,157.18359375,0,27.777777777777775,0,0,0,27.777777777777775,27.777777777777775,0,27.777777777777775,0,0,0,0
gold_Bessla_Motors_gpt-oss-20b-low_5.cpp,TIME_LIMIT_EXCEEDED,139,53.33%,3.650,8.515625,0,27.777777777777775,0,0,0,27.777777777777775,27.777777777777775,27.777777777777775,27.777777777777775,0,0,0,0
gold_Bessla_Motors_gpt-oss-20b-low_6.cpp,MEMORY_LIMIT_EXCEEDED,111,46.67%,0.560,152.34765625,0,27.777777777777775,0,0,0,27.777777777777775,27.777777777777775,0,27.777777777777775,0,0,0,0
gold_Bessla_Motors_gpt-oss-20b-low_7.cpp,WRONG_ANSWER,278,86.67%,0.340,27.79296875,0,27.777777777777775,27.777777777777775,27.777777777777775,27.777777777777775,0,27.777777777777775,27.777777777777775,0,27.777777777777775,27.777777777777775,27.777777777777775,27.777777777777775
