solution,status,score,%test passed,time,memory,subtask_0,subtask_1,subtask_10,subtask_11,subtask_12,subtask_13,subtask_14,subtask_15,subtask_16,subtask_17,subtask_18,subtask_2,subtask_3,subtask_4,subtask_5,subtask_6,subtask_7,subtask_8,subtask_9
bronze_Cannonball_DeepSeek-R1-Distill-Qwen-14B_0.cpp,COMPILATION_ERROR,0,0.00%,0.000,0,0,0,0,0,0,0,0,0,0,0,0,0,0,0,0,0,0,0,0
bronze_Cannonball_DeepSeek-R1-Distill-Qwen-14B_1.cpp,RUNTIME_ERROR,37,10.00%,0.140,3.6171875,0,0,0,0,0,0,0,0,0,0,0,0,0,0,18.51851851851852,0,18.51851851851852,0,0
bronze_Cannonball_DeepSeek-R1-Distill-Qwen-14B_2.cpp,COMPILATION_ERROR,0,0.00%,0.000,0,0,0,0,0,0,0,0,0,0,0,0,0,0,0,0,0,0,0,0
bronze_Cannonball_DeepSeek-R1-Distill-Qwen-14B_3.cpp,RUNTIME_ERROR,37,10.00%,0.230,15.48828125,0,0,0,0,0,0,0,0,0,0,0,0,0,0,18.51851851851852,0,18.51851851851852,0,0
bronze_Cannonball_DeepSeek-R1-Distill-Qwen-14B_4.cpp,WRONG_ANSWER,315,95.00%,0.140,2.1328125,0,18.51851851851852,18.51851851851852,18.51851851851852,18.51851851851852,0,18.51851851851852,18.51851851851852,18.51851851851852,18.51851851851852,18.51851851851852,18.51851851851852,18.51851851851852,18.51851851851852,18.51851851851852,18.51851851851852,18.51851851851852,18.51851851851852,18.51851851851852
bronze_Cannonball_DeepSeek-R1-Distill-Qwen-14B_5.cpp,TIME_LIMIT_EXCEEDED,241,75.00%,2.290,2.07421875,0,0,18.51851851851852,18.51851851851852,0,18.51851851851852,18.51851851851852,18.51851851851852,0,0,0,18.51851851851852,18.51851851851852,18.51851851851852,18.51851851851852,18.51851851851852,18.51851851851852,18.51851851851852,18.51851851851852
bronze_Cannonball_DeepSeek-R1-Distill-Qwen-14B_6.cpp,TIME_LIMIT_EXCEEDED,241,75.00%,2.330,2.07421875,0,0,18.51851851851852,18.51851851851852,0,18.51851851851852,18.51851851851852,18.51851851851852,0,0,0,18.51851851851852,18.51851851851852,18.51851851851852,18.51851851851852,18.51851851851852,18.51851851851852,18.51851851851852,18.51851851851852
bronze_Cannonball_DeepSeek-R1-Distill-Qwen-14B_7.cpp,TIME_LIMIT_EXCEEDED,241,75.00%,2.310,2.07421875,0,0,18.51851851851852,18.51851851851852,0,18.51851851851852,18.51851851851852,18.51851851851852,0,0,0,18.51851851851852,18.51851851851852,18.51851851851852,18.51851851851852,18.51851851851852,18.51851851851852,18.51851851851852,18.51851851851852
