solution,status,score,%test passed,time,memory,subtask_0,subtask_1,subtask_10,subtask_11,subtask_12,subtask_13,subtask_14,subtask_15,subtask_16,subtask_2,subtask_3,subtask_4,subtask_5,subtask_6,subtask_7,subtask_8,subtask_9
bronze_Maximizing_Productivity_Llama-4-Scout_0.cpp,TIME_LIMIT_EXCEEDED,62,23.53%,2.420,4.39453125,0,20.833333333333332,0,0,0,0,0,0,0,20.833333333333332,20.833333333333332,0,0,0,0,0,0
bronze_Maximizing_Productivity_Llama-4-Scout_1.cpp,WRONG_ANSWER,0,0.00%,0.080,5.1640625,0,0,0,0,0,0,0,0,0,0,0,0,0,0,0,0,0
bronze_Maximizing_Productivity_Llama-4-Scout_2.cpp,TIME_LIMIT_EXCEEDED,62,23.53%,2.420,6.20703125,0,20.833333333333332,0,0,0,0,0,0,0,20.833333333333332,20.833333333333332,0,0,0,0,0,0
bronze_Maximizing_Productivity_Llama-4-Scout_3.cpp,TIME_LIMIT_EXCEEDED,167,52.94%,2.420,4.390625,0,20.833333333333332,0,0,0,0,20.833333333333332,20.833333333333332,20.833333333333332,20.833333333333332,20.833333333333332,0,0,0,20.833333333333332,20.833333333333332,0
bronze_Maximizing_Productivity_Llama-4-Scout_4.cpp,TIME_LIMIT_EXCEEDED,0,0.00%,2.420,6.9375,0,0,0,0,0,0,0,0,0,0,0,0,0,0,0,0,0
bronze_Maximizing_Productivity_Llama-4-Scout_5.cpp,WRONG_ANSWER,0,0.00%,0.080,5.17578125,0,0,0,0,0,0,0,0,0,0,0,0,0,0,0,0,0
bronze_Maximizing_Productivity_Llama-4-Scout_6.cpp,TIME_LIMIT_EXCEEDED,62,23.53%,2.420,5.1640625,0,20.833333333333332,0,0,0,0,0,0,0,20.833333333333332,20.833333333333332,0,0,0,0,0,0
bronze_Maximizing_Productivity_Llama-4-Scout_7.cpp,TIME_LIMIT_EXCEEDED,62,23.53%,2.450,5.1640625,0,20.833333333333332,0,0,0,0,0,0,0,20.833333333333332,20.833333333333332,0,0,0,0,0,0
