solution,status,score,%test passed,time,memory,subtask_0,subtask_1,subtask_10,subtask_11,subtask_12,subtask_13,subtask_14,subtask_2,subtask_3,subtask_4,subtask_5,subtask_6,subtask_7,subtask_8,subtask_9
silver_Following_Directions_seed-oss_0.cpp,WRONG_ANSWER,0,6.67%,0.120,43.83203125,0,0,0,0,0,0,0,0,0,0,0,0,0,0,0
silver_Following_Directions_seed-oss_1.cpp,WRONG_ANSWER,0,6.67%,4.210,43.53515625,0,0,0,0,0,0,0,0,0,0,0,0,0,0,0
silver_Following_Directions_seed-oss_2.cpp,WRONG_ANSWER,0,6.67%,0.240,167.32421875,0,0,0,0,0,0,0,0,0,0,0,0,0,0,0
silver_Following_Directions_seed-oss_3.cpp,WRONG_ANSWER,0,6.67%,0.090,29.6953125,0,0,0,0,0,0,0,0,0,0,0,0,0,0,0
silver_Following_Directions_seed-oss_4.cpp,ACCEPTED,333,100.00%,8.660,23.20703125,0,23.809523809523807,23.809523809523807,23.809523809523807,23.809523809523807,23.809523809523807,23.809523809523807,23.809523809523807,23.809523809523807,23.809523809523807,23.809523809523807,23.809523809523807,23.809523809523807,23.809523809523807,23.809523809523807
silver_Following_Directions_seed-oss_5.cpp,WRONG_ANSWER,0,6.67%,0.130,46.92578125,0,0,0,0,0,0,0,0,0,0,0,0,0,0,0
silver_Following_Directions_seed-oss_6.cpp,ACCEPTED,333,100.00%,7.540,45.13671875,0,23.809523809523807,23.809523809523807,23.809523809523807,23.809523809523807,23.809523809523807,23.809523809523807,23.809523809523807,23.809523809523807,23.809523809523807,23.809523809523807,23.809523809523807,23.809523809523807,23.809523809523807,23.809523809523807
silver_Following_Directions_seed-oss_7.cpp,WRONG_ANSWER,0,6.67%,0.040,12.3828125,0,0,0,0,0,0,0,0,0,0,0,0,0,0,0
