solution,status,score,%test passed,time,memory,subtask_0,subtask_1,subtask_2
s2_Qwen3-32B_0.cpp,ACCEPTED,15,100.00%,0.170,115.4296875,5,5,5
s2_Qwen3-32B_1.cpp,ACCEPTED,15,100.00%,0.140,96.94921875,5,5,5
s2_Qwen3-32B_2.cpp,ACCEPTED,15,100.00%,0.130,96.94921875,5,5,5
s2_Qwen3-32B_3.cpp,ACCEPTED,15,100.00%,0.170,96.94921875,5,5,5
s2_Qwen3-32B_4.cpp,ACCEPTED,15,100.00%,0.140,96.94921875,5,5,5
s2_Qwen3-32B_5.cpp,ACCEPTED,15,100.00%,0.040,1.55859375,5,5,5
s2_Qwen3-32B_6.cpp,ACCEPTED,15,100.00%,0.140,96.94921875,5,5,5
s2_Qwen3-32B_7.cpp,ACCEPTED,15,100.00%,0.110,96.94921875,5,5,5
