solution,status,score,%test passed,time,memory,subtask_0,subtask_1,subtask_10,subtask_11,subtask_12,subtask_13,subtask_14,subtask_15,subtask_16,subtask_17,subtask_18,subtask_19,subtask_2,subtask_20,subtask_3,subtask_4,subtask_5,subtask_6,subtask_7,subtask_8,subtask_9
gold_Fertilizing_Pastures_gpt-oss-20b-medium_1.cpp,COMPILATION_ERROR,0,0.00%,0.000,0,0,0,0,0,0,0,0,0,0,0,0,0,0,0,0,0,0,0,0,0,0
gold_Fertilizing_Pastures_gpt-oss-20b-medium_2.cpp,ACCEPTED,333,100.00%,0.080,24.6953125,0,16.666666666666664,16.666666666666664,16.666666666666664,16.666666666666664,16.666666666666664,16.666666666666664,16.666666666666664,16.666666666666664,16.666666666666664,16.666666666666664,16.666666666666664,16.666666666666664,16.666666666666664,16.666666666666664,16.666666666666664,16.666666666666664,16.666666666666664,16.666666666666664,16.666666666666664,16.666666666666664
gold_Fertilizing_Pastures_gpt-oss-20b-medium_3.cpp,WRONG_ANSWER,133,40.91%,0.140,20.6328125,0,16.666666666666664,0,0,0,0,0,0,0,0,0,0,16.666666666666664,0,16.666666666666664,16.666666666666664,16.666666666666664,16.666666666666664,16.666666666666664,16.666666666666664,0
gold_Fertilizing_Pastures_gpt-oss-20b-medium_4.cpp,ACCEPTED,333,100.00%,0.090,24.7109375,0,16.666666666666664,16.666666666666664,16.666666666666664,16.666666666666664,16.666666666666664,16.666666666666664,16.666666666666664,16.666666666666664,16.666666666666664,16.666666666666664,16.666666666666664,16.666666666666664,16.666666666666664,16.666666666666664,16.666666666666664,16.666666666666664,16.666666666666664,16.666666666666664,16.666666666666664,16.666666666666664
gold_Fertilizing_Pastures_gpt-oss-20b-medium_5.cpp,ACCEPTED,333,100.00%,0.150,38.625,0,16.666666666666664,16.666666666666664,16.666666666666664,16.666666666666664,16.666666666666664,16.666666666666664,16.666666666666664,16.666666666666664,16.666666666666664,16.666666666666664,16.666666666666664,16.666666666666664,16.666666666666664,16.666666666666664,16.666666666666664,16.666666666666664,16.666666666666664,16.666666666666664,16.666666666666664,16.666666666666664
gold_Fertilizing_Pastures_gpt-oss-20b-medium_6.cpp,TIME_LIMIT_EXCEEDED,0,9.09%,2.420,31.7890625,0,0,0,0,0,0,0,0,0,0,0,0,0,0,0,0,0,0,0,0,0
gold_Fertilizing_Pastures_gpt-oss-20b-medium_7.cpp,RUNTIME_ERROR,0,0.00%,0.160,39.609375,0,0,0,0,0,0,0,0,0,0,0,0,0,0,0,0,0,0,0,0,0
