solution,status,score,%test passed,time,memory,subtask_0,subtask_1,subtask_10,subtask_11,subtask_12,subtask_13,subtask_14,subtask_15,subtask_16,subtask_17,subtask_2,subtask_3,subtask_4,subtask_5,subtask_6,subtask_7,subtask_8,subtask_9
bronze_FEB_Mistral-Large-Instruct-2411_0.cpp,MEMORY_LIMIT_EXCEEDED,98,40.00%,0.200,280.65625,0,19.6078431372549,0,0,0,0,0,0,0,0,19.6078431372549,19.6078431372549,19.6078431372549,19.6078431372549,0,0,0,0
bronze_FEB_Mistral-Large-Instruct-2411_1.cpp,MEMORY_LIMIT_EXCEEDED,98,40.00%,0.200,280.65625,0,19.6078431372549,0,0,0,0,0,0,0,0,19.6078431372549,19.6078431372549,19.6078431372549,19.6078431372549,0,0,0,0
bronze_FEB_Mistral-Large-Instruct-2411_2.cpp,WRONG_ANSWER,118,45.00%,0.110,1.95703125,0,19.6078431372549,0,0,19.6078431372549,0,0,0,0,0,19.6078431372549,19.6078431372549,19.6078431372549,19.6078431372549,0,0,0,0
bronze_FEB_Mistral-Large-Instruct-2411_3.cpp,MEMORY_LIMIT_EXCEEDED,98,40.00%,0.210,280.9140625,0,19.6078431372549,0,0,0,0,0,0,0,0,19.6078431372549,19.6078431372549,19.6078431372549,19.6078431372549,0,0,0,0
bronze_FEB_Mistral-Large-Instruct-2411_4.cpp,TIME_LIMIT_EXCEEDED,0,0.00%,2.330,15.36328125,0,0,0,0,0,0,0,0,0,0,0,0,0,0,0,0,0,0
bronze_FEB_Mistral-Large-Instruct-2411_5.cpp,TIME_LIMIT_EXCEEDED,20,5.00%,2.320,7.44140625,0,0,0,0,19.6078431372549,0,0,0,0,0,0,0,0,0,0,0,0,0
bronze_FEB_Mistral-Large-Instruct-2411_6.cpp,MEMORY_LIMIT_EXCEEDED,98,40.00%,0.210,280.91015625,0,19.6078431372549,0,0,0,0,0,0,0,0,19.6078431372549,19.6078431372549,19.6078431372549,19.6078431372549,0,0,0,0
bronze_FEB_Mistral-Large-Instruct-2411_7.cpp,MEMORY_LIMIT_EXCEEDED,98,40.00%,0.210,280.9140625,0,19.6078431372549,0,0,0,0,0,0,0,0,19.6078431372549,19.6078431372549,19.6078431372549,19.6078431372549,0,0,0,0
