solution,status,score,%test passed,time,memory,subtask_0,subtask_1,subtask_10,subtask_11,subtask_12,subtask_13,subtask_14,subtask_15,subtask_16,subtask_17,subtask_2,subtask_3,subtask_4,subtask_5,subtask_6,subtask_7,subtask_8,subtask_9
bronze_FEB_Qwen2.5-Coder-32B-Instruct_0.cpp,TIME_LIMIT_EXCEEDED,20,10.00%,2.240,2.05078125,0,0,0,0,19.6078431372549,0,0,0,0,0,0,0,0,0,0,0,0,0
bronze_FEB_Qwen2.5-Coder-32B-Instruct_1.cpp,RUNTIME_ERROR,39,10.00%,0.110,1.73046875,0,0,0,0,19.6078431372549,0,0,0,0,0,0,0,0,19.6078431372549,0,0,0,0
bronze_FEB_Qwen2.5-Coder-32B-Instruct_2.cpp,RUNTIME_ERROR,20,10.00%,0.110,1.734375,0,0,0,0,19.6078431372549,0,0,0,0,0,0,0,0,0,0,0,0,0
bronze_FEB_Qwen2.5-Coder-32B-Instruct_3.cpp,TIME_LIMIT_EXCEEDED,118,45.00%,2.250,2.171875,0,19.6078431372549,0,0,19.6078431372549,0,0,0,0,0,19.6078431372549,19.6078431372549,19.6078431372549,19.6078431372549,0,0,0,0
bronze_FEB_Qwen2.5-Coder-32B-Instruct_4.cpp,RUNTIME_ERROR,39,10.00%,0.110,1.734375,0,0,0,0,19.6078431372549,0,0,0,0,0,0,0,0,19.6078431372549,0,0,0,0
bronze_FEB_Qwen2.5-Coder-32B-Instruct_5.cpp,RUNTIME_ERROR,20,5.00%,0.110,1.73046875,0,0,0,0,19.6078431372549,0,0,0,0,0,0,0,0,0,0,0,0,0
bronze_FEB_Qwen2.5-Coder-32B-Instruct_6.cpp,RUNTIME_ERROR,20,10.00%,0.110,1.80859375,0,0,0,0,19.6078431372549,0,0,0,0,0,0,0,0,0,0,0,0,0
bronze_FEB_Qwen2.5-Coder-32B-Instruct_7.cpp,RUNTIME_ERROR,39,10.00%,0.110,3.53515625,0,0,0,0,19.6078431372549,0,0,0,0,0,0,0,19.6078431372549,0,0,0,0,0
