solution,status,score,%test passed,time,memory,subtask_0,subtask_1,subtask_10,subtask_11,subtask_12,subtask_13,subtask_2,subtask_3,subtask_4,subtask_5,subtask_6,subtask_7,subtask_8,subtask_9
bronze_Milk_Exchange_seed-oss_0.cpp,WRONG_ANSWER,77,31.25%,0.050,18.53515625,0,0,0,0,25.64102564102564,25.64102564102564,0,0,0,25.64102564102564,0,0,0,0
bronze_Milk_Exchange_seed-oss_1.cpp,TIME_LIMIT_EXCEEDED,128,50.00%,2.430,18.3671875,0,25.64102564102564,0,0,0,0,25.64102564102564,25.64102564102564,25.64102564102564,25.64102564102564,0,0,0,0
bronze_Milk_Exchange_seed-oss_2.cpp,TIME_LIMIT_EXCEEDED,154,56.25%,2.410,8.3046875,0,25.64102564102564,0,0,0,25.64102564102564,25.64102564102564,25.64102564102564,25.64102564102564,25.64102564102564,0,0,0,0
bronze_Milk_Exchange_seed-oss_3.cpp,WRONG_ANSWER,103,37.50%,0.030,3.28125,0,0,25.64102564102564,0,0,25.64102564102564,0,0,25.64102564102564,25.64102564102564,0,0,0,0
bronze_Milk_Exchange_seed-oss_4.cpp,TIME_LIMIT_EXCEEDED,154,56.25%,2.420,7.68359375,0,25.64102564102564,0,0,0,25.64102564102564,25.64102564102564,25.64102564102564,25.64102564102564,25.64102564102564,0,0,0,0
bronze_Milk_Exchange_seed-oss_5.cpp,TIME_LIMIT_EXCEEDED,154,56.25%,2.420,9.0703125,0,25.64102564102564,0,0,0,25.64102564102564,25.64102564102564,25.64102564102564,25.64102564102564,25.64102564102564,0,0,0,0
bronze_Milk_Exchange_seed-oss_6.cpp,WRONG_ANSWER,103,43.75%,0.070,19.0,0,0,25.64102564102564,0,0,25.64102564102564,0,0,25.64102564102564,25.64102564102564,0,0,0,0
bronze_Milk_Exchange_seed-oss_7.cpp,WRONG_ANSWER,103,37.50%,0.030,9.30078125,0,0,25.64102564102564,0,0,25.64102564102564,0,0,25.64102564102564,25.64102564102564,0,0,0,0
