solution,status,score,%test passed,time,memory,subtask_0,subtask_1,subtask_10,subtask_2,subtask_3,subtask_4,subtask_5,subtask_6,subtask_7,subtask_8,subtask_9
silver_Moorbles_seed-oss_0.cpp,COMPILATION_ERROR,0,0.00%,0.000,0,0,0,0,0,0,0,0,0,0,0,0
silver_Moorbles_seed-oss_1.cpp,ACCEPTED,333,100.00%,0.100,26.6640625,0,33.33333333333333,33.33333333333333,33.33333333333333,33.33333333333333,33.33333333333333,33.33333333333333,33.33333333333333,33.33333333333333,33.33333333333333,33.33333333333333
silver_Moorbles_seed-oss_2.cpp,WRONG_ANSWER,0,8.33%,0.080,22.0859375,0,0,0,0,0,0,0,0,0,0,0
silver_Moorbles_seed-oss_3.cpp,ACCEPTED,333,100.00%,0.100,17.515625,0,33.33333333333333,33.33333333333333,33.33333333333333,33.33333333333333,33.33333333333333,33.33333333333333,33.33333333333333,33.33333333333333,33.33333333333333,33.33333333333333
silver_Moorbles_seed-oss_4.cpp,WRONG_ANSWER,67,33.33%,0.080,9.6171875,0,0,0,0,0,0,0,0,33.33333333333333,33.33333333333333,0
silver_Moorbles_seed-oss_5.cpp,WRONG_ANSWER,67,33.33%,0.090,21.45703125,0,0,0,0,0,0,0,0,33.33333333333333,33.33333333333333,0
silver_Moorbles_seed-oss_6.cpp,TIME_LIMIT_EXCEEDED,0,0.00%,2.440,17.27734375,0,0,0,0,0,0,0,0,0,0,0
silver_Moorbles_seed-oss_7.cpp,MEMORY_LIMIT_EXCEEDED,33,8.33%,0.730,50.53515625,0,0,0,0,0,0,0,0,0,33.33333333333333,0
