solution,status,score,%test passed,time,memory,subtask_0,subtask_1,subtask_10,subtask_2,subtask_3,subtask_4,subtask_5,subtask_6,subtask_7,subtask_8,subtask_9
bronze_Cowntact_Tracing_2_Llama-4-Scout_0.cpp,WRONG_ANSWER,100,33.33%,0.020,1.55078125,0,33.33333333333333,0,33.33333333333333,0,33.33333333333333,0,0,0,0,0
bronze_Cowntact_Tracing_2_Llama-4-Scout_1.cpp,WRONG_ANSWER,100,33.33%,0.020,1.5546875,0,33.33333333333333,0,33.33333333333333,0,33.33333333333333,0,0,0,0,0
bronze_Cowntact_Tracing_2_Llama-4-Scout_2.cpp,WRONG_ANSWER,100,33.33%,0.020,1.5546875,0,33.33333333333333,0,33.33333333333333,0,33.33333333333333,0,0,0,0,0
bronze_Cowntact_Tracing_2_Llama-4-Scout_3.cpp,WRONG_ANSWER,100,33.33%,0.020,1.5546875,0,33.33333333333333,0,33.33333333333333,0,33.33333333333333,0,0,0,0,0
bronze_Cowntact_Tracing_2_Llama-4-Scout_4.cpp,WRONG_ANSWER,100,33.33%,0.020,1.828125,0,33.33333333333333,0,33.33333333333333,0,33.33333333333333,0,0,0,0,0
bronze_Cowntact_Tracing_2_Llama-4-Scout_4.cpp,WRONG_ANSWER,100,33.33%,0.020,1.828125,0,33.33333333333333,0,33.33333333333333,0,33.33333333333333,0,0,0,0,0
bronze_Cowntact_Tracing_2_Llama-4-Scout_5.cpp,WRONG_ANSWER,100,33.33%,0.020,1.5546875,0,33.33333333333333,0,33.33333333333333,0,33.33333333333333,0,0,0,0,0
bronze_Cowntact_Tracing_2_Llama-4-Scout_6.cpp,WRONG_ANSWER,100,33.33%,0.020,0.00390625,0,33.33333333333333,0,33.33333333333333,0,33.33333333333333,0,0,0,0,0
