solution,status,score,%test passed,time,memory,subtask_0,subtask_1,subtask_10,subtask_11,subtask_12,subtask_2,subtask_3,subtask_4,subtask_5,subtask_6,subtask_7,subtask_8,subtask_9
silver_Target_Practice_Llama-4-Scout_0.cpp,TIME_LIMIT_EXCEEDED,83,40.00%,2.420,4.12890625,0,27.777777777777775,0,0,0,27.777777777777775,27.777777777777775,0,0,0,0,0,0
silver_Target_Practice_Llama-4-Scout_1.cpp,TIME_LIMIT_EXCEEDED,83,40.00%,2.420,4.1328125,0,27.777777777777775,0,0,0,27.777777777777775,27.777777777777775,0,0,0,0,0,0
silver_Target_Practice_Llama-4-Scout_2.cpp,TIME_LIMIT_EXCEEDED,83,40.00%,2.410,7.4140625,0,27.777777777777775,0,0,0,27.777777777777775,27.777777777777775,0,0,0,0,0,0
silver_Target_Practice_Llama-4-Scout_3.cpp,TIME_LIMIT_EXCEEDED,83,40.00%,2.420,4.1328125,0,27.777777777777775,0,0,0,27.777777777777775,27.777777777777775,0,0,0,0,0,0
silver_Target_Practice_Llama-4-Scout_4.cpp,COMPILATION_ERROR,0,0.00%,0.000,0,0,0,0,0,0,0,0,0,0,0,0,0,0
silver_Target_Practice_Llama-4-Scout_5.cpp,TIME_LIMIT_EXCEEDED,83,40.00%,2.420,4.12890625,0,27.777777777777775,0,0,0,27.777777777777775,27.777777777777775,0,0,0,0,0,0
silver_Target_Practice_Llama-4-Scout_6.cpp,TIME_LIMIT_EXCEEDED,83,40.00%,2.420,7.78515625,0,27.777777777777775,0,0,0,27.777777777777775,27.777777777777775,0,0,0,0,0,0
silver_Target_Practice_Llama-4-Scout_7.cpp,TIME_LIMIT_EXCEEDED,83,40.00%,2.420,8.79296875,0,27.777777777777775,0,0,0,27.777777777777775,27.777777777777775,0,0,0,0,0,0
