solution,status,score,%test passed,time,memory,subtask_0,subtask_1,subtask_10,subtask_11,subtask_12,subtask_13,subtask_14,subtask_2,subtask_3,subtask_4,subtask_5,subtask_6,subtask_7,subtask_8,subtask_9
silver_Potion_Farming_gpt-4.1_0.cpp,TIME_LIMIT_EXCEEDED,24,6.67%,2.300,224.96484375,0,0,0,0,0,0,0,23.809523809523807,0,0,0,0,0,0,0
silver_Potion_Farming_gpt-4.1_1.cpp,MEMORY_LIMIT_EXCEEDED,24,6.67%,1.500,232.55078125,0,0,0,0,0,0,0,23.809523809523807,0,0,0,0,0,0,0
silver_Potion_Farming_gpt-4.1_2.cpp,TIME_LIMIT_EXCEEDED,143,46.67%,2.210,280.51953125,0,23.809523809523807,0,0,0,0,0,23.809523809523807,23.809523809523807,23.809523809523807,23.809523809523807,23.809523809523807,0,0,0
silver_Potion_Farming_gpt-4.1_3.cpp,TIME_LIMIT_EXCEEDED,24,6.67%,2.340,15.54296875,0,0,0,0,0,0,0,23.809523809523807,0,0,0,0,0,0,0
silver_Potion_Farming_gpt-4.1_4.cpp,MEMORY_LIMIT_EXCEEDED,24,13.33%,0.440,223.44921875,0,0,0,0,0,0,0,23.809523809523807,0,0,0,0,0,0,0
silver_Potion_Farming_gpt-4.1_5.cpp,MEMORY_LIMIT_EXCEEDED,143,46.67%,0.560,280.66015625,0,23.809523809523807,0,0,0,0,0,23.809523809523807,23.809523809523807,23.809523809523807,23.809523809523807,23.809523809523807,0,0,0
silver_Potion_Farming_gpt-4.1_6.cpp,WRONG_ANSWER,167,53.33%,0.150,23.08203125,0,0,23.809523809523807,23.809523809523807,23.809523809523807,23.809523809523807,23.809523809523807,23.809523809523807,0,0,0,0,23.809523809523807,0,0
silver_Potion_Farming_gpt-4.1_7.cpp,WRONG_ANSWER,48,13.33%,0.130,7.4765625,0,0,23.809523809523807,0,0,0,0,23.809523809523807,0,0,0,0,0,0,0
