solution,status,score,%test passed,time,memory,subtask_0,subtask_1,subtask_10,subtask_11,subtask_12,subtask_2,subtask_3,subtask_4,subtask_5,subtask_6,subtask_7,subtask_8,subtask_9
silver_Cowlendar_gpt-4.1_0.cpp,TIME_LIMIT_EXCEEDED,111,42.86%,2.300,28.3671875,0,0,0,0,27.777777777777775,27.777777777777775,0,27.777777777777775,0,0,27.777777777777775,0,0
silver_Cowlendar_gpt-4.1_1.cpp,TIME_LIMIT_EXCEEDED,56,28.57%,2.210,280.765625,0,0,0,0,0,27.777777777777775,0,0,0,0,0,0,27.777777777777775
silver_Cowlendar_gpt-4.1_2.cpp,TIME_LIMIT_EXCEEDED,139,50.00%,2.330,12.8984375,0,0,0,27.777777777777775,27.777777777777775,0,0,27.777777777777775,27.777777777777775,0,27.777777777777775,0,0
silver_Cowlendar_gpt-4.1_3.cpp,RUNTIME_ERROR,0,0.00%,0.110,1.75,0,0,0,0,0,0,0,0,0,0,0,0,0
silver_Cowlendar_gpt-4.1_4.cpp,RUNTIME_ERROR,0,0.00%,0.580,1.5546875,0,0,0,0,0,0,0,0,0,0,0,0,0
silver_Cowlendar_gpt-4.1_5.cpp,TIME_LIMIT_EXCEEDED,56,28.57%,2.250,15.73828125,0,0,0,0,0,27.777777777777775,0,0,0,0,27.777777777777775,0,0
silver_Cowlendar_gpt-4.1_6.cpp,WRONG_ANSWER,28,21.43%,0.750,1.80859375,0,0,0,0,0,27.777777777777775,0,0,0,0,0,0,0
silver_Cowlendar_gpt-4.1_7.cpp,TIME_LIMIT_EXCEEDED,167,57.14%,2.210,5.79296875,0,0,0,27.777777777777775,27.777777777777775,27.777777777777775,0,27.777777777777775,27.777777777777775,0,27.777777777777775,0,0
