solution,status,score,%test passed,time,memory,subtask_0,subtask_1,subtask_10,subtask_11,subtask_12,subtask_13,subtask_14,subtask_15,subtask_16,subtask_17,subtask_2,subtask_3,subtask_4,subtask_5,subtask_6,subtask_7,subtask_8,subtask_9
bronze_FEB_Qwen3-30B_0.cpp,TIME_LIMIT_EXCEEDED,118,45.00%,2.260,2.46484375,0,19.6078431372549,0,0,19.6078431372549,0,0,0,0,0,19.6078431372549,19.6078431372549,19.6078431372549,19.6078431372549,0,0,0,0
bronze_FEB_Qwen3-30B_1.cpp,WRONG_ANSWER,118,40.00%,0.160,1.7109375,0,19.6078431372549,0,0,19.6078431372549,0,0,19.6078431372549,0,19.6078431372549,19.6078431372549,0,0,19.6078431372549,0,0,0,0
bronze_FEB_Qwen3-30B_2.cpp,TIME_LIMIT_EXCEEDED,118,45.00%,2.310,2.21484375,0,19.6078431372549,0,0,19.6078431372549,0,0,0,0,0,19.6078431372549,19.6078431372549,19.6078431372549,19.6078431372549,0,0,0,0
bronze_FEB_Qwen3-30B_3.cpp,TIME_LIMIT_EXCEEDED,118,45.00%,2.300,2.515625,0,19.6078431372549,0,0,19.6078431372549,0,0,0,0,0,19.6078431372549,19.6078431372549,19.6078431372549,19.6078431372549,0,0,0,0
bronze_FEB_Qwen3-30B_4.cpp,TIME_LIMIT_EXCEEDED,118,45.00%,2.270,2.21484375,0,19.6078431372549,0,0,19.6078431372549,0,0,0,0,0,19.6078431372549,19.6078431372549,19.6078431372549,19.6078431372549,0,0,0,0
bronze_FEB_Qwen3-30B_5.cpp,WRONG_ANSWER,118,40.00%,0.160,2.28515625,0,19.6078431372549,0,0,19.6078431372549,0,0,19.6078431372549,0,19.6078431372549,19.6078431372549,0,0,19.6078431372549,0,0,0,0
bronze_FEB_Qwen3-30B_6.cpp,TIME_LIMIT_EXCEEDED,118,45.00%,2.320,2.20703125,0,19.6078431372549,0,0,19.6078431372549,0,0,0,0,0,19.6078431372549,19.6078431372549,19.6078431372549,19.6078431372549,0,0,0,0
bronze_FEB_Qwen3-30B_7.cpp,TIME_LIMIT_EXCEEDED,118,45.00%,2.250,8.3125,0,19.6078431372549,0,0,19.6078431372549,0,0,0,0,0,19.6078431372549,19.6078431372549,19.6078431372549,19.6078431372549,0,0,0,0
