solution,status,score,%test passed,time,memory,subtask_0,subtask_1,subtask_10,subtask_11,subtask_12,subtask_13,subtask_14,subtask_15,subtask_16,subtask_17,subtask_18,subtask_2,subtask_3,subtask_4,subtask_5,subtask_6,subtask_7,subtask_8,subtask_9
bronze_Cannonball_Qwen3-14B-Non-Thinking_0.cpp,WRONG_ANSWER,259,80.00%,0.140,11.09375,0,18.51851851851852,18.51851851851852,18.51851851851852,18.51851851851852,18.51851851851852,0,0,18.51851851851852,18.51851851851852,18.51851851851852,0,18.51851851851852,18.51851851851852,18.51851851851852,18.51851851851852,0,18.51851851851852,18.51851851851852
bronze_Cannonball_Qwen3-14B-Non-Thinking_1.cpp,WRONG_ANSWER,74,30.00%,0.120,2.328125,0,18.51851851851852,0,0,0,0,0,0,0,0,0,0,18.51851851851852,0,18.51851851851852,0,18.51851851851852,0,0
bronze_Cannonball_Qwen3-14B-Non-Thinking_2.cpp,WRONG_ANSWER,130,45.00%,0.120,4.1328125,0,18.51851851851852,0,0,18.51851851851852,0,0,0,18.51851851851852,18.51851851851852,18.51851851851852,0,0,0,18.51851851851852,0,18.51851851851852,0,0
bronze_Cannonball_Qwen3-14B-Non-Thinking_3.cpp,WRONG_ANSWER,74,30.00%,0.120,4.6484375,0,18.51851851851852,0,0,0,0,0,0,0,0,0,0,18.51851851851852,0,18.51851851851852,0,18.51851851851852,0,0
bronze_Cannonball_Qwen3-14B-Non-Thinking_4.cpp,WRONG_ANSWER,74,30.00%,0.110,3.359375,0,18.51851851851852,0,0,0,0,0,0,0,0,0,0,18.51851851851852,0,18.51851851851852,0,18.51851851851852,0,0
bronze_Cannonball_Qwen3-14B-Non-Thinking_5.cpp,WRONG_ANSWER,74,30.00%,0.120,3.359375,0,18.51851851851852,0,0,0,0,0,0,0,0,0,0,18.51851851851852,0,18.51851851851852,0,18.51851851851852,0,0
bronze_Cannonball_Qwen3-14B-Non-Thinking_6.cpp,WRONG_ANSWER,0,5.00%,0.110,2.0703125,0,0,0,0,0,0,0,0,0,0,0,0,0,0,0,0,0,0,0
bronze_Cannonball_Qwen3-14B-Non-Thinking_7.cpp,RUNTIME_ERROR,37,10.00%,0.130,6.1953125,0,0,0,0,0,0,0,0,0,0,0,0,0,0,18.51851851851852,0,18.51851851851852,0,0
