solution,status,score,%test passed,time,memory,subtask_0,subtask_1,subtask_10,subtask_11,subtask_12,subtask_13,subtask_14,subtask_2,subtask_3,subtask_4,subtask_5,subtask_6,subtask_7,subtask_8,subtask_9
gold_Equal_Sum_Subarrays_gpt-4.1_0.cpp,TIME_LIMIT_EXCEEDED,238,75.00%,3.310,5.3984375,0,23.809523809523807,23.809523809523807,23.809523809523807,0,0,23.809523809523807,23.809523809523807,23.809523809523807,23.809523809523807,23.809523809523807,0,0,23.809523809523807,23.809523809523807
gold_Equal_Sum_Subarrays_gpt-4.1_1.cpp,TIME_LIMIT_EXCEEDED,190,62.50%,3.340,20.3125,0,23.809523809523807,0,0,0,0,23.809523809523807,23.809523809523807,23.809523809523807,23.809523809523807,23.809523809523807,0,0,23.809523809523807,23.809523809523807
gold_Equal_Sum_Subarrays_gpt-4.1_2.cpp,TIME_LIMIT_EXCEEDED,0,0.00%,3.340,0.00390625,0,0,0,0,0,0,0,0,0,0,0,0,0,0,0
gold_Equal_Sum_Subarrays_gpt-4.1_3.cpp,TIME_LIMIT_EXCEEDED,119,43.75%,3.320,8.140625,0,23.809523809523807,0,0,0,0,0,23.809523809523807,23.809523809523807,23.809523809523807,23.809523809523807,0,0,0,0
gold_Equal_Sum_Subarrays_gpt-4.1_4.cpp,TIME_LIMIT_EXCEEDED,48,25.00%,3.350,104.45703125,0,23.809523809523807,0,0,0,0,0,23.809523809523807,0,0,0,0,0,0,0
gold_Equal_Sum_Subarrays_gpt-4.1_5.cpp,TIME_LIMIT_EXCEEDED,48,25.00%,3.360,0.00390625,0,23.809523809523807,0,0,0,0,0,23.809523809523807,0,0,0,0,0,0,0
gold_Equal_Sum_Subarrays_gpt-4.1_6.cpp,TIME_LIMIT_EXCEEDED,48,25.00%,3.350,3.45703125,0,23.809523809523807,0,0,0,0,0,23.809523809523807,0,0,0,0,0,0,0
gold_Equal_Sum_Subarrays_gpt-4.1_7.cpp,TIME_LIMIT_EXCEEDED,48,25.00%,3.320,94.59765625,0,23.809523809523807,0,0,0,0,0,23.809523809523807,0,0,0,0,0,0,0
