solution,status,score,%test passed,time,memory,subtask_0,subtask_1,subtask_10,subtask_11,subtask_12,subtask_13,subtask_14,subtask_15,subtask_16,subtask_17,subtask_2,subtask_3,subtask_4,subtask_5,subtask_6,subtask_7,subtask_8,subtask_9
bronze_FEB_DeepSeek-R1-Distill-Qwen-32B_0.cpp,WRONG_ANSWER,118,40.00%,0.190,4.91796875,0,19.6078431372549,0,0,19.6078431372549,0,0,19.6078431372549,0,19.6078431372549,19.6078431372549,0,0,19.6078431372549,0,0,0,0
bronze_FEB_DeepSeek-R1-Distill-Qwen-32B_1.cpp,COMPILATION_ERROR,0,0.00%,0.000,0,0,0,0,0,0,0,0,0,0,0,0,0,0,0,0,0,0,0
bronze_FEB_DeepSeek-R1-Distill-Qwen-32B_2.cpp,WRONG_ANSWER,118,40.00%,0.180,2.28125,0,19.6078431372549,0,0,19.6078431372549,0,0,19.6078431372549,0,19.6078431372549,19.6078431372549,0,0,19.6078431372549,0,0,0,0
bronze_FEB_DeepSeek-R1-Distill-Qwen-32B_3.cpp,COMPILATION_ERROR,0,0.00%,0.000,0,0,0,0,0,0,0,0,0,0,0,0,0,0,0,0,0,0,0
bronze_FEB_DeepSeek-R1-Distill-Qwen-32B_4.cpp,TIME_LIMIT_EXCEEDED,98,35.00%,2.260,4.65625,0,19.6078431372549,0,0,19.6078431372549,0,0,0,0,19.6078431372549,19.6078431372549,0,0,19.6078431372549,0,0,0,0
bronze_FEB_DeepSeek-R1-Distill-Qwen-32B_5.cpp,COMPILATION_ERROR,0,0.00%,0.000,0,0,0,0,0,0,0,0,0,0,0,0,0,0,0,0,0,0,0
bronze_FEB_DeepSeek-R1-Distill-Qwen-32B_6.cpp,TIME_LIMIT_EXCEEDED,137,50.00%,2.250,4.91015625,0,19.6078431372549,0,0,19.6078431372549,0,0,0,0,19.6078431372549,19.6078431372549,19.6078431372549,19.6078431372549,19.6078431372549,0,0,0,0
bronze_FEB_DeepSeek-R1-Distill-Qwen-32B_7.cpp,RUNTIME_ERROR,39,10.00%,0.190,2.9296875,0,0,0,0,19.6078431372549,0,0,0,0,0,0,0,0,19.6078431372549,0,0,0,0
