solution,status,score,%test passed,time,memory,subtask_0,subtask_1,subtask_10,subtask_11,subtask_12,subtask_13,subtask_14,subtask_15,subtask_16,subtask_17,subtask_18,subtask_19,subtask_2,subtask_3,subtask_4,subtask_5,subtask_6,subtask_7,subtask_8,subtask_9
silver_Field_Day_DeepSeek-R1-Distill-Qwen-32B_0.cpp,TIME_LIMIT_EXCEEDED,211,65.00%,2.230,5.70703125,0,17.543859649122805,17.543859649122805,17.543859649122805,17.543859649122805,17.543859649122805,17.543859649122805,17.543859649122805,0,17.543859649122805,0,0,17.543859649122805,17.543859649122805,17.543859649122805,0,0,0,0,17.543859649122805
silver_Field_Day_DeepSeek-R1-Distill-Qwen-32B_2.cpp,WRONG_ANSWER,175,55.00%,0.230,10.8359375,0,17.543859649122805,0,17.543859649122805,17.543859649122805,0,17.543859649122805,17.543859649122805,0,17.543859649122805,0,0,17.543859649122805,17.543859649122805,17.543859649122805,0,0,0,0,17.543859649122805
silver_Field_Day_DeepSeek-R1-Distill-Qwen-32B_3.cpp,TIME_LIMIT_EXCEEDED,158,50.00%,2.360,6.11328125,0,17.543859649122805,17.543859649122805,17.543859649122805,17.543859649122805,0,0,0,0,17.543859649122805,0,0,17.543859649122805,17.543859649122805,17.543859649122805,0,0,0,0,17.543859649122805
silver_Field_Day_DeepSeek-R1-Distill-Qwen-32B_4.cpp,COMPILATION_ERROR,0,0.00%,0.000,0,0,0,0,0,0,0,0,0,0,0,0,0,0,0,0,0,0,0,0,0
silver_Field_Day_DeepSeek-R1-Distill-Qwen-32B_5.cpp,WRONG_ANSWER,70,20.00%,0.240,5.70703125,0,17.543859649122805,0,0,0,0,0,0,0,0,0,0,17.543859649122805,17.543859649122805,17.543859649122805,0,0,0,0,0
silver_Field_Day_DeepSeek-R1-Distill-Qwen-32B_6.cpp,WRONG_ANSWER,246,75.00%,0.240,4.74609375,0,17.543859649122805,17.543859649122805,17.543859649122805,17.543859649122805,17.543859649122805,17.543859649122805,17.543859649122805,0,17.543859649122805,17.543859649122805,17.543859649122805,17.543859649122805,17.543859649122805,17.543859649122805,0,0,0,0,17.543859649122805
silver_Field_Day_DeepSeek-R1-Distill-Qwen-32B_7.cpp,WRONG_ANSWER,70,25.00%,0.250,15.7578125,0,17.543859649122805,0,0,0,0,0,0,0,0,0,0,17.543859649122805,17.543859649122805,17.543859649122805,0,0,0,0,0
