solution,status,score,%test passed,time,memory,subtask_0,subtask_1,subtask_10,subtask_11,subtask_12,subtask_13,subtask_2,subtask_3,subtask_4,subtask_5,subtask_6,subtask_7,subtask_8,subtask_9
bronze_Candy_Cane_Feast_seed-oss_0.cpp,ACCEPTED,333,100.00%,0.070,4.39453125,0,25.64102564102564,25.64102564102564,25.64102564102564,25.64102564102564,25.64102564102564,25.64102564102564,25.64102564102564,25.64102564102564,25.64102564102564,25.64102564102564,25.64102564102564,25.64102564102564,25.64102564102564
bronze_Candy_Cane_Feast_seed-oss_1.cpp,TIME_LIMIT_EXCEEDED,308,92.86%,2.420,4.39453125,0,25.64102564102564,25.64102564102564,25.64102564102564,25.64102564102564,0,25.64102564102564,25.64102564102564,25.64102564102564,25.64102564102564,25.64102564102564,25.64102564102564,25.64102564102564,25.64102564102564
bronze_Candy_Cane_Feast_seed-oss_2.cpp,TIME_LIMIT_EXCEEDED,0,7.14%,2.420,7.3515625,0,0,0,0,0,0,0,0,0,0,0,0,0,0
bronze_Candy_Cane_Feast_seed-oss_3.cpp,COMPILATION_ERROR,0,0.00%,0.000,0,0,0,0,0,0,0,0,0,0,0,0,0,0,0
bronze_Candy_Cane_Feast_seed-oss_4.cpp,TIME_LIMIT_EXCEEDED,231,71.43%,2.450,4.39453125,0,25.64102564102564,0,0,0,0,25.64102564102564,25.64102564102564,25.64102564102564,25.64102564102564,25.64102564102564,25.64102564102564,25.64102564102564,25.64102564102564
bronze_Candy_Cane_Feast_seed-oss_5.cpp,TIME_LIMIT_EXCEEDED,231,71.43%,2.410,4.39453125,0,25.64102564102564,0,0,0,0,25.64102564102564,25.64102564102564,25.64102564102564,25.64102564102564,25.64102564102564,25.64102564102564,25.64102564102564,25.64102564102564
bronze_Candy_Cane_Feast_seed-oss_6.cpp,TIME_LIMIT_EXCEEDED,231,71.43%,2.420,5.94140625,0,25.64102564102564,0,0,0,0,25.64102564102564,25.64102564102564,25.64102564102564,25.64102564102564,25.64102564102564,25.64102564102564,25.64102564102564,25.64102564102564
bronze_Candy_Cane_Feast_seed-oss_7.cpp,WRONG_ANSWER,0,0.00%,0.070,5.9375,0,0,0,0,0,0,0,0,0,0,0,0,0,0
