solution,status,score,%test passed,time,memory,subtask_0,subtask_1,subtask_10,subtask_11,subtask_12,subtask_2,subtask_3,subtask_4,subtask_5,subtask_6,subtask_7,subtask_8,subtask_9
silver_Cycle_Correspondence_seed-oss_0.cpp,COMPILATION_ERROR,0,0.00%,0.000,0,0,0,0,0,0,0,0,0,0,0,0,0,0
silver_Cycle_Correspondence_seed-oss_1.cpp,WRONG_ANSWER,56,33.33%,0.090,3.87890625,0,27.777777777777775,0,0,0,27.777777777777775,0,0,0,0,0,0,0
silver_Cycle_Correspondence_seed-oss_2.cpp,ACCEPTED,333,100.00%,0.060,8.26171875,0,27.777777777777775,27.777777777777775,27.777777777777775,27.777777777777775,27.777777777777775,27.777777777777775,27.777777777777775,27.777777777777775,27.777777777777775,27.777777777777775,27.777777777777775,27.777777777777775
silver_Cycle_Correspondence_seed-oss_3.cpp,ACCEPTED,333,100.00%,0.060,8.50390625,0,27.777777777777775,27.777777777777775,27.777777777777775,27.777777777777775,27.777777777777775,27.777777777777775,27.777777777777775,27.777777777777775,27.777777777777775,27.777777777777775,27.777777777777775,27.777777777777775
silver_Cycle_Correspondence_seed-oss_4.cpp,COMPILATION_ERROR,0,0.00%,0.000,0,0,0,0,0,0,0,0,0,0,0,0,0,0
silver_Cycle_Correspondence_seed-oss_5.cpp,ACCEPTED,333,100.00%,0.060,8.00390625,0,27.777777777777775,27.777777777777775,27.777777777777775,27.777777777777775,27.777777777777775,27.777777777777775,27.777777777777775,27.777777777777775,27.777777777777775,27.777777777777775,27.777777777777775,27.777777777777775
silver_Cycle_Correspondence_seed-oss_6.cpp,ACCEPTED,333,100.00%,0.050,9.29296875,0,27.777777777777775,27.777777777777775,27.777777777777775,27.777777777777775,27.777777777777775,27.777777777777775,27.777777777777775,27.777777777777775,27.777777777777775,27.777777777777775,27.777777777777775,27.777777777777775
silver_Cycle_Correspondence_seed-oss_7.cpp,ACCEPTED,333,100.00%,0.200,33.99609375,0,27.777777777777775,27.777777777777775,27.777777777777775,27.777777777777775,27.777777777777775,27.777777777777775,27.777777777777775,27.777777777777775,27.777777777777775,27.777777777777775,27.777777777777775,27.777777777777775
