solution,status,score,%test passed,time,memory,subtask_0,subtask_1,subtask_10,subtask_11,subtask_12,subtask_13,subtask_14,subtask_15,subtask_16,subtask_2,subtask_3,subtask_4,subtask_5,subtask_6,subtask_7,subtask_8,subtask_9
gold_Minimum_Longest_Trip_gemini-2.5-flash_0.cpp,ACCEPTED,333,100.00%,0.340,44.34765625,0,20.833333333333332,20.833333333333332,20.833333333333332,20.833333333333332,20.833333333333332,20.833333333333332,20.833333333333332,20.833333333333332,20.833333333333332,20.833333333333332,20.833333333333332,20.833333333333332,20.833333333333332,20.833333333333332,20.833333333333332,20.833333333333332
gold_Minimum_Longest_Trip_gemini-2.5-flash_1.cpp,COMPILATION_ERROR,0,0.00%,0.000,0,0,0,0,0,0,0,0,0,0,0,0,0,0,0,0,0,0
gold_Minimum_Longest_Trip_gemini-2.5-flash_2.cpp,WRONG_ANSWER,83,35.00%,0.330,36.72265625,0,20.833333333333332,0,0,0,0,0,0,0,20.833333333333332,20.833333333333332,20.833333333333332,0,0,0,0,0
gold_Minimum_Longest_Trip_gemini-2.5-flash_3.cpp,RUNTIME_ERROR,0,0.00%,0.250,28.6640625,0,0,0,0,0,0,0,0,0,0,0,0,0,0,0,0,0
gold_Minimum_Longest_Trip_gemini-2.5-flash_4.cpp,WRONG_ANSWER,271,85.00%,0.220,24.24609375,0,20.833333333333332,0,0,20.833333333333332,20.833333333333332,20.833333333333332,0,20.833333333333332,20.833333333333332,20.833333333333332,20.833333333333332,20.833333333333332,20.833333333333332,20.833333333333332,20.833333333333332,20.833333333333332
gold_Minimum_Longest_Trip_gemini-2.5-flash_5.cpp,ACCEPTED,333,100.00%,0.320,36.23828125,0,20.833333333333332,20.833333333333332,20.833333333333332,20.833333333333332,20.833333333333332,20.833333333333332,20.833333333333332,20.833333333333332,20.833333333333332,20.833333333333332,20.833333333333332,20.833333333333332,20.833333333333332,20.833333333333332,20.833333333333332,20.833333333333332
gold_Minimum_Longest_Trip_gemini-2.5-flash_6.cpp,ACCEPTED,333,100.00%,0.250,27.2578125,0,20.833333333333332,20.833333333333332,20.833333333333332,20.833333333333332,20.833333333333332,20.833333333333332,20.833333333333332,20.833333333333332,20.833333333333332,20.833333333333332,20.833333333333332,20.833333333333332,20.833333333333332,20.833333333333332,20.833333333333332,20.833333333333332
gold_Minimum_Longest_Trip_gemini-2.5-flash_7.cpp,WRONG_ANSWER,83,35.00%,0.410,108.65234375,0,20.833333333333332,0,0,0,0,0,0,0,20.833333333333332,20.833333333333332,20.833333333333332,0,0,0,0,0
