solution,status,score,%test passed,time,memory,subtask_0,subtask_1,subtask_10,subtask_11,subtask_12,subtask_13,subtask_14,subtask_15,subtask_2,subtask_3,subtask_4,subtask_5,subtask_6,subtask_7,subtask_8,subtask_9
silver_Bovine_Acrobatics_gemini-2.5-flash_0.cpp,ACCEPTED,333,100.00%,2.090,14.95703125,0,22.22222222222222,22.22222222222222,22.22222222222222,22.22222222222222,22.22222222222222,22.22222222222222,22.22222222222222,22.22222222222222,22.22222222222222,22.22222222222222,22.22222222222222,22.22222222222222,22.22222222222222,22.22222222222222,22.22222222222222
silver_Bovine_Acrobatics_gemini-2.5-flash_1.cpp,WRONG_ANSWER,89,35.29%,0.090,6.7109375,0,0,22.22222222222222,0,0,0,0,0,22.22222222222222,0,0,0,0,0,22.22222222222222,22.22222222222222
silver_Bovine_Acrobatics_gemini-2.5-flash_2.cpp,WRONG_ANSWER,133,47.06%,0.100,8.2578125,0,0,22.22222222222222,0,0,0,0,0,22.22222222222222,0,0,0,22.22222222222222,22.22222222222222,22.22222222222222,22.22222222222222
silver_Bovine_Acrobatics_gemini-2.5-flash_3.cpp,WRONG_ANSWER,89,35.29%,0.080,5.9375,0,0,22.22222222222222,0,0,0,0,0,22.22222222222222,0,0,0,0,0,22.22222222222222,22.22222222222222
silver_Bovine_Acrobatics_gemini-2.5-flash_4.cpp,ACCEPTED,333,100.00%,0.180,25.26171875,0,22.22222222222222,22.22222222222222,22.22222222222222,22.22222222222222,22.22222222222222,22.22222222222222,22.22222222222222,22.22222222222222,22.22222222222222,22.22222222222222,22.22222222222222,22.22222222222222,22.22222222222222,22.22222222222222,22.22222222222222
silver_Bovine_Acrobatics_gemini-2.5-flash_5.cpp,ACCEPTED,333,100.00%,2.050,12.640625,0,22.22222222222222,22.22222222222222,22.22222222222222,22.22222222222222,22.22222222222222,22.22222222222222,22.22222222222222,22.22222222222222,22.22222222222222,22.22222222222222,22.22222222222222,22.22222222222222,22.22222222222222,22.22222222222222,22.22222222222222
silver_Bovine_Acrobatics_gemini-2.5-flash_6.cpp,WRONG_ANSWER,89,35.29%,0.090,15.98828125,0,0,22.22222222222222,0,0,0,0,0,22.22222222222222,0,0,0,0,0,22.22222222222222,22.22222222222222
silver_Bovine_Acrobatics_gemini-2.5-flash_7.cpp,MEMORY_LIMIT_EXCEEDED,67,17.65%,0.220,132.6015625,0,0,0,0,0,0,0,0,22.22222222222222,0,0,0,0,0,22.22222222222222,22.22222222222222
