solution,status,score,%test passed,time,memory,subtask_0,subtask_1,subtask_10,subtask_11,subtask_12,subtask_2,subtask_3,subtask_4,subtask_5,subtask_6,subtask_7,subtask_8,subtask_9
silver_Cowlendar_gpt-oss-20b-medium_1.cpp,WRONG_ANSWER,139,50.00%,0.250,7.9375,0,27.777777777777775,27.777777777777775,0,0,0,27.777777777777775,0,0,27.777777777777775,0,27.777777777777775,0
silver_Cowlendar_gpt-oss-20b-medium_2.cpp,TIME_LIMIT_EXCEEDED,0,0.00%,2.410,5.44921875,0,0,0,0,0,0,0,0,0,0,0,0,0
silver_Cowlendar_gpt-oss-20b-medium_3.cpp,TIME_LIMIT_EXCEEDED,28,7.14%,2.420,1.55078125,0,0,0,0,0,0,0,0,0,0,0,0,27.777777777777775
silver_Cowlendar_gpt-oss-20b-medium_4.cpp,ACCEPTED,333,100.00%,0.230,1.80859375,0,27.777777777777775,27.777777777777775,27.777777777777775,27.777777777777775,27.777777777777775,27.777777777777775,27.777777777777775,27.777777777777775,27.777777777777775,27.777777777777775,27.777777777777775,27.777777777777775
silver_Cowlendar_gpt-oss-20b-medium_5.cpp,TIME_LIMIT_EXCEEDED,111,42.86%,2.420,1.55859375,0,0,0,27.777777777777775,0,27.777777777777775,0,0,27.777777777777775,0,0,0,27.777777777777775
silver_Cowlendar_gpt-oss-20b-medium_6.cpp,TIME_LIMIT_EXCEEDED,56,28.57%,2.420,1.5546875,0,0,0,0,0,27.777777777777775,0,0,0,0,0,0,27.777777777777775
silver_Cowlendar_gpt-oss-20b-medium_7.cpp,RUNTIME_ERROR,194,50.00%,0.130,1.5546875,0,0,0,27.777777777777775,27.777777777777775,27.777777777777775,0,27.777777777777775,27.777777777777775,0,27.777777777777775,0,27.777777777777775
