solution,status,score,%test passed,time,memory,subtask_0,subtask_1,subtask_10,subtask_11,subtask_12,subtask_13,subtask_14,subtask_15,subtask_16,subtask_2,subtask_3,subtask_4,subtask_5,subtask_6,subtask_7,subtask_8,subtask_9
gold_Custodial_Cleanup_gpt-oss-120b-high_0.cpp,WRONG_ANSWER,83,33.33%,0.080,7.00390625,0,0,0,0,0,0,0,0,0,0,0,0,20.833333333333332,20.833333333333332,20.833333333333332,20.833333333333332,0
gold_Custodial_Cleanup_gpt-oss-120b-high_1.cpp,WRONG_ANSWER,0,11.11%,0.100,11.6484375,0,0,0,0,0,0,0,0,0,0,0,0,0,0,0,0,0
gold_Custodial_Cleanup_gpt-oss-120b-high_2.cpp,WRONG_ANSWER,83,33.33%,0.080,6.70703125,0,0,0,0,0,0,0,0,0,0,0,0,20.833333333333332,20.833333333333332,20.833333333333332,20.833333333333332,0
gold_Custodial_Cleanup_gpt-oss-120b-high_4.cpp,WRONG_ANSWER,83,33.33%,0.090,10.31640625,0,0,0,0,0,0,0,0,0,0,0,0,20.833333333333332,20.833333333333332,20.833333333333332,20.833333333333332,0
gold_Custodial_Cleanup_gpt-oss-120b-high_5.cpp,WRONG_ANSWER,83,27.78%,0.080,5.9375,0,0,0,0,0,0,0,0,0,0,0,0,20.833333333333332,20.833333333333332,20.833333333333332,20.833333333333332,0
gold_Custodial_Cleanup_gpt-oss-120b-high_6.cpp,WRONG_ANSWER,83,33.33%,0.100,9.80078125,0,0,0,0,0,0,0,0,0,0,0,0,20.833333333333332,20.833333333333332,20.833333333333332,20.833333333333332,0
gold_Custodial_Cleanup_gpt-oss-120b-high_7.cpp,WRONG_ANSWER,83,27.78%,0.090,12.12109375,0,0,0,0,0,0,0,0,0,0,0,0,20.833333333333332,20.833333333333332,20.833333333333332,20.833333333333332,0
