solution,status,score,%test passed,time,memory,subtask_0,subtask_1,subtask_10,subtask_2,subtask_3,subtask_4,subtask_5,subtask_6,subtask_7,subtask_8,subtask_9
gold_Nap_Sort_gpt-oss-120b-high_0.cpp,ACCEPTED,333,100.00%,0.070,2.84765625,0,33.33333333333333,33.33333333333333,33.33333333333333,33.33333333333333,33.33333333333333,33.33333333333333,33.33333333333333,33.33333333333333,33.33333333333333,33.33333333333333
gold_Nap_Sort_gpt-oss-120b-high_1.cpp,ACCEPTED,333,100.00%,0.070,2.84765625,0,33.33333333333333,33.33333333333333,33.33333333333333,33.33333333333333,33.33333333333333,33.33333333333333,33.33333333333333,33.33333333333333,33.33333333333333,33.33333333333333
gold_Nap_Sort_gpt-oss-120b-high_2.cpp,WRONG_ANSWER,0,0.00%,0.070,2.84375,0,0,0,0,0,0,0,0,0,0,0
gold_Nap_Sort_gpt-oss-120b-high_3.cpp,WRONG_ANSWER,0,9.09%,0.060,2.84375,0,0,0,0,0,0,0,0,0,0,0
gold_Nap_Sort_gpt-oss-120b-high_4.cpp,WRONG_ANSWER,0,0.00%,0.360,2.84375,0,0,0,0,0,0,0,0,0,0,0
gold_Nap_Sort_gpt-oss-120b-high_5.cpp,ACCEPTED,333,100.00%,0.090,2.84375,0,33.33333333333333,33.33333333333333,33.33333333333333,33.33333333333333,33.33333333333333,33.33333333333333,33.33333333333333,33.33333333333333,33.33333333333333,33.33333333333333
gold_Nap_Sort_gpt-oss-120b-high_6.cpp,WRONG_ANSWER,0,0.00%,0.070,2.84375,0,0,0,0,0,0,0,0,0,0,0
gold_Nap_Sort_gpt-oss-120b-high_7.cpp,TIME_LIMIT_EXCEEDED,100,27.27%,2.460,3.6171875,0,0,0,33.33333333333333,0,33.33333333333333,0,0,0,33.33333333333333,0
