solution,status,score,%test passed,time,memory,subtask_0,subtask_1,subtask_10,subtask_11,subtask_12,subtask_13,subtask_14,subtask_15,subtask_16,subtask_17,subtask_18,subtask_19,subtask_2,subtask_3,subtask_4,subtask_5,subtask_6,subtask_7,subtask_8,subtask_9
gold_Walking_in_Manhattan_gpt-oss-120b-high_0.cpp,ACCEPTED,333,100.00%,0.280,6.484375,0,17.543859649122805,17.543859649122805,17.543859649122805,17.543859649122805,17.543859649122805,17.543859649122805,17.543859649122805,17.543859649122805,17.543859649122805,17.543859649122805,17.543859649122805,17.543859649122805,17.543859649122805,17.543859649122805,17.543859649122805,17.543859649122805,17.543859649122805,17.543859649122805,17.543859649122805
gold_Walking_in_Manhattan_gpt-oss-120b-high_1.cpp,WRONG_ANSWER,0,5.00%,0.280,5.015625,0,0,0,0,0,0,0,0,0,0,0,0,0,0,0,0,0,0,0,0
gold_Walking_in_Manhattan_gpt-oss-120b-high_2.cpp,ACCEPTED,333,100.00%,0.270,5.73828125,0,17.543859649122805,17.543859649122805,17.543859649122805,17.543859649122805,17.543859649122805,17.543859649122805,17.543859649122805,17.543859649122805,17.543859649122805,17.543859649122805,17.543859649122805,17.543859649122805,17.543859649122805,17.543859649122805,17.543859649122805,17.543859649122805,17.543859649122805,17.543859649122805,17.543859649122805
gold_Walking_in_Manhattan_gpt-oss-120b-high_3.cpp,ACCEPTED,333,100.00%,0.270,5.73828125,0,17.543859649122805,17.543859649122805,17.543859649122805,17.543859649122805,17.543859649122805,17.543859649122805,17.543859649122805,17.543859649122805,17.543859649122805,17.543859649122805,17.543859649122805,17.543859649122805,17.543859649122805,17.543859649122805,17.543859649122805,17.543859649122805,17.543859649122805,17.543859649122805,17.543859649122805
gold_Walking_in_Manhattan_gpt-oss-120b-high_5.cpp,WRONG_ANSWER,0,5.00%,0.210,7.45703125,0,0,0,0,0,0,0,0,0,0,0,0,0,0,0,0,0,0,0,0
gold_Walking_in_Manhattan_gpt-oss-120b-high_6.cpp,ACCEPTED,333,100.00%,0.440,46.62109375,0,17.543859649122805,17.543859649122805,17.543859649122805,17.543859649122805,17.543859649122805,17.543859649122805,17.543859649122805,17.543859649122805,17.543859649122805,17.543859649122805,17.543859649122805,17.543859649122805,17.543859649122805,17.543859649122805,17.543859649122805,17.543859649122805,17.543859649122805,17.543859649122805,17.543859649122805
gold_Walking_in_Manhattan_gpt-oss-120b-high_7.cpp,WRONG_ANSWER,0,0.00%,0.280,3.44921875,0,0,0,0,0,0,0,0,0,0,0,0,0,0,0,0,0,0,0,0
