solution,status,score,%test passed,time,memory,subtask_0,subtask_1,subtask_10,subtask_11,subtask_12,subtask_13,subtask_14,subtask_15,subtask_16,subtask_17,subtask_18,subtask_19,subtask_2,subtask_20,subtask_3,subtask_4,subtask_5,subtask_6,subtask_7,subtask_8,subtask_9
platinum_Merging_Cells_gpt-oss-120b-high_0.cpp,RUNTIME_ERROR,0,0.00%,0.850,479.5390625,0,0,0,0,0,0,0,0,0,0,0,0,0,0,0,0,0,0,0,0,0
platinum_Merging_Cells_gpt-oss-120b-high_1.cpp,RUNTIME_ERROR,0,0.00%,0.580,287.7265625,0,0,0,0,0,0,0,0,0,0,0,0,0,0,0,0,0,0,0,0,0
platinum_Merging_Cells_gpt-oss-120b-high_2.cpp,TIME_LIMIT_EXCEEDED,0,0.00%,2.410,383.890625,0,0,0,0,0,0,0,0,0,0,0,0,0,0,0,0,0,0,0,0,0
platinum_Merging_Cells_gpt-oss-120b-high_4.cpp,TIME_LIMIT_EXCEEDED,200,63.64%,2.450,287.7265625,0,16.666666666666664,16.666666666666664,16.666666666666664,16.666666666666664,0,0,0,0,0,0,0,16.666666666666664,0,16.666666666666664,16.666666666666664,16.666666666666664,16.666666666666664,16.666666666666664,16.666666666666664,16.666666666666664
platinum_Merging_Cells_gpt-oss-120b-high_6.cpp,ACCEPTED,333,100.00%,0.620,192.5078125,0,16.666666666666664,16.666666666666664,16.666666666666664,16.666666666666664,16.666666666666664,16.666666666666664,16.666666666666664,16.666666666666664,16.666666666666664,16.666666666666664,16.666666666666664,16.666666666666664,16.666666666666664,16.666666666666664,16.666666666666664,16.666666666666664,16.666666666666664,16.666666666666664,16.666666666666664,16.666666666666664
