solution,status,score,%test passed,time,memory,subtask_0,subtask_1,subtask_10,subtask_2,subtask_3,subtask_4,subtask_5,subtask_6,subtask_7,subtask_8,subtask_9
silver_Cowmpetency_gpt-oss-120b-high_0.cpp,WRONG_ANSWER,167,58.33%,0.100,6.453125,0,0,33.33333333333333,33.33333333333333,0,0,0,0,33.33333333333333,33.33333333333333,33.33333333333333
silver_Cowmpetency_gpt-oss-120b-high_1.cpp,WRONG_ANSWER,167,58.33%,0.090,3.28125,0,0,33.33333333333333,33.33333333333333,0,0,0,0,33.33333333333333,33.33333333333333,33.33333333333333
silver_Cowmpetency_gpt-oss-120b-high_2.cpp,WRONG_ANSWER,167,58.33%,0.100,11.70703125,0,0,33.33333333333333,33.33333333333333,0,0,0,0,33.33333333333333,33.33333333333333,33.33333333333333
silver_Cowmpetency_gpt-oss-120b-high_3.cpp,WRONG_ANSWER,167,58.33%,0.090,7.48046875,0,0,33.33333333333333,33.33333333333333,0,0,0,0,33.33333333333333,33.33333333333333,33.33333333333333
silver_Cowmpetency_gpt-oss-120b-high_5.cpp,WRONG_ANSWER,33,25.00%,0.080,5.9375,0,0,0,0,0,0,0,0,0,33.33333333333333,0
silver_Cowmpetency_gpt-oss-120b-high_6.cpp,ACCEPTED,333,100.00%,0.080,4.50390625,0,33.33333333333333,33.33333333333333,33.33333333333333,33.33333333333333,33.33333333333333,33.33333333333333,33.33333333333333,33.33333333333333,33.33333333333333,33.33333333333333
silver_Cowmpetency_gpt-oss-120b-high_7.cpp,WRONG_ANSWER,0,8.33%,0.070,3.16015625,0,0,0,0,0,0,0,0,0,0,0
