solution,status,score,%test passed,time,memory,subtask_0,subtask_1,subtask_10,subtask_2,subtask_3,subtask_4,subtask_5,subtask_6,subtask_7,subtask_8,subtask_9
bronze_Air_Cownditioning_II_Qwen3-14B_0.cpp,ACCEPTED,333,100.00%,0.000,0,0,33.33333333333333,33.33333333333333,33.33333333333333,33.33333333333333,33.33333333333333,33.33333333333333,33.33333333333333,33.33333333333333,33.33333333333333,33.33333333333333
bronze_Air_Cownditioning_II_Qwen3-14B_1.cpp,ACCEPTED,333,100.00%,0.000,0,0,33.33333333333333,33.33333333333333,33.33333333333333,33.33333333333333,33.33333333333333,33.33333333333333,33.33333333333333,33.33333333333333,33.33333333333333,33.33333333333333
bronze_Air_Cownditioning_II_Qwen3-14B_2.cpp,ACCEPTED,333,100.00%,0.060,0,0,33.33333333333333,33.33333333333333,33.33333333333333,33.33333333333333,33.33333333333333,33.33333333333333,33.33333333333333,33.33333333333333,33.33333333333333,33.33333333333333
bronze_Air_Cownditioning_II_Qwen3-14B_3.cpp,ACCEPTED,333,100.00%,0.000,0,0,33.33333333333333,33.33333333333333,33.33333333333333,33.33333333333333,33.33333333333333,33.33333333333333,33.33333333333333,33.33333333333333,33.33333333333333,33.33333333333333
bronze_Air_Cownditioning_II_Qwen3-14B_4.cpp,ACCEPTED,333,100.00%,0.000,0,0,33.33333333333333,33.33333333333333,33.33333333333333,33.33333333333333,33.33333333333333,33.33333333333333,33.33333333333333,33.33333333333333,33.33333333333333,33.33333333333333
bronze_Air_Cownditioning_II_Qwen3-14B_5.cpp,ACCEPTED,333,100.00%,0.000,0,0,33.33333333333333,33.33333333333333,33.33333333333333,33.33333333333333,33.33333333333333,33.33333333333333,33.33333333333333,33.33333333333333,33.33333333333333,33.33333333333333
bronze_Air_Cownditioning_II_Qwen3-14B_6.cpp,ACCEPTED,333,100.00%,0.000,0,0,33.33333333333333,33.33333333333333,33.33333333333333,33.33333333333333,33.33333333333333,33.33333333333333,33.33333333333333,33.33333333333333,33.33333333333333,33.33333333333333
bronze_Air_Cownditioning_II_Qwen3-14B_7.cpp,ACCEPTED,333,100.00%,0.100,0,0,33.33333333333333,33.33333333333333,33.33333333333333,33.33333333333333,33.33333333333333,33.33333333333333,33.33333333333333,33.33333333333333,33.33333333333333,33.33333333333333
