solution,status,score,%test passed,time,memory,subtask_0,subtask_1,subtask_2,subtask_3,subtask_4,subtask_5,subtask_6,subtask_7,subtask_8,subtask_9
ones_DeepSeek-R1-Distill-Qwen-32B_0.cpp,WRONG_ANSWER,22,0.00%,0.130,1.80859375,4.01524,3.5388599999999997,2.98108,2.6019799999999997,2.26193,1.86006,1.58846,1.33879,1.0335,0.8180700000000001
ones_DeepSeek-R1-Distill-Qwen-32B_1.cpp,WRONG_ANSWER,25,0.00%,0.200,1.953125,4.70929,4.06906,3.35974,2.8991499999999997,2.49801,2.0357600000000002,1.72931,1.45111,1.1148099999999999,0.87959
ones_DeepSeek-R1-Distill-Qwen-32B_2.cpp,WRONG_ANSWER,25,0.00%,0.190,1.953125,4.70929,4.06906,3.35974,2.8991499999999997,2.49801,2.0357600000000002,1.72931,1.45111,1.1148099999999999,0.87959
ones_DeepSeek-R1-Distill-Qwen-32B_3.cpp,WRONG_ANSWER,25,0.00%,0.150,1.953125,4.70929,4.06906,3.35974,2.8991499999999997,2.49801,2.0357600000000002,1.72931,1.45111,1.1148099999999999,0.87959
ones_DeepSeek-R1-Distill-Qwen-32B_4.cpp,WRONG_ANSWER,25,0.00%,0.180,1.95703125,4.72823,4.07686,3.3626899999999997,2.89704,2.49904,2.03989,1.73442,1.4582600000000001,1.1255,0.8935700000000001
ones_DeepSeek-R1-Distill-Qwen-32B_5.cpp,WRONG_ANSWER,25,0.00%,0.230,1.95703125,4.72823,4.07686,3.3626899999999997,2.89704,2.49904,2.03989,1.73442,1.4582600000000001,1.1255,0.8935700000000001
ones_DeepSeek-R1-Distill-Qwen-32B_6.cpp,WRONG_ANSWER,0,0.00%,0.120,0,0.0,0.0,0.0,0.0,0.0,0.0,0.0,0.0,0.0,0.0
ones_DeepSeek-R1-Distill-Qwen-32B_7.cpp,WRONG_ANSWER,25,0.00%,0.250,1.953125,4.72823,4.07686,3.3626899999999997,2.89704,2.49904,2.03989,1.73442,1.4582600000000001,1.1255,0.8935700000000001
