solution,status,score,%test passed,time,memory,subtask_0,subtask_1,subtask_10,subtask_11,subtask_12,subtask_13,subtask_14,subtask_15,subtask_16,subtask_17,subtask_18,subtask_2,subtask_3,subtask_4,subtask_5,subtask_6,subtask_7,subtask_8,subtask_9
bronze_Cannonball_Qwen2.5-72B_0.cpp,TIME_LIMIT_EXCEEDED,167,55.00%,2.390,2.07421875,0,0,18.51851851851852,18.51851851851852,0,18.51851851851852,0,0,0,0,0,0,18.51851851851852,18.51851851851852,18.51851851851852,18.51851851851852,0,18.51851851851852,18.51851851851852
bronze_Cannonball_Qwen2.5-72B_1.cpp,WRONG_ANSWER,37,20.00%,0.130,2.07421875,0,18.51851851851852,0,0,0,0,0,0,0,0,0,0,0,0,0,0,18.51851851851852,0,0
bronze_Cannonball_Qwen2.5-72B_2.cpp,TIME_LIMIT_EXCEEDED,241,75.00%,2.270,2.0703125,0,0,18.51851851851852,18.51851851851852,0,18.51851851851852,18.51851851851852,18.51851851851852,0,0,0,18.51851851851852,18.51851851851852,18.51851851851852,18.51851851851852,18.51851851851852,18.51851851851852,18.51851851851852,18.51851851851852
bronze_Cannonball_Qwen2.5-72B_3.cpp,TIME_LIMIT_EXCEEDED,241,75.00%,2.300,2.07421875,0,0,18.51851851851852,18.51851851851852,0,18.51851851851852,18.51851851851852,18.51851851851852,0,0,0,18.51851851851852,18.51851851851852,18.51851851851852,18.51851851851852,18.51851851851852,18.51851851851852,18.51851851851852,18.51851851851852
bronze_Cannonball_Qwen2.5-72B_4.cpp,WRONG_ANSWER,37,20.00%,0.140,2.07421875,0,18.51851851851852,0,0,0,0,0,0,0,0,0,0,0,0,0,0,18.51851851851852,0,0
bronze_Cannonball_Qwen2.5-72B_5.cpp,TIME_LIMIT_EXCEEDED,241,75.00%,2.340,2.07421875,0,0,18.51851851851852,18.51851851851852,0,18.51851851851852,18.51851851851852,18.51851851851852,0,0,0,18.51851851851852,18.51851851851852,18.51851851851852,18.51851851851852,18.51851851851852,18.51851851851852,18.51851851851852,18.51851851851852
bronze_Cannonball_Qwen2.5-72B_6.cpp,TIME_LIMIT_EXCEEDED,241,75.00%,2.340,2.0703125,0,0,18.51851851851852,18.51851851851852,0,18.51851851851852,18.51851851851852,18.51851851851852,0,0,0,18.51851851851852,18.51851851851852,18.51851851851852,18.51851851851852,18.51851851851852,18.51851851851852,18.51851851851852,18.51851851851852
bronze_Cannonball_Qwen2.5-72B_7.cpp,WRONG_ANSWER,37,20.00%,0.130,2.07421875,0,18.51851851851852,0,0,0,0,0,0,0,0,0,0,0,0,0,0,18.51851851851852,0,0
