solution,status,score,%test passed,time,memory,subtask_0,subtask_1,subtask_10,subtask_11,subtask_12,subtask_13,subtask_14,subtask_2,subtask_3,subtask_4,subtask_5,subtask_6,subtask_7,subtask_8,subtask_9
silver_Following_Directions_Qwen3-14B-Non-Thinking_0.cpp,TIME_LIMIT_EXCEEDED,143,46.67%,8.870,26.5625,0,23.809523809523807,0,0,0,0,0,23.809523809523807,23.809523809523807,23.809523809523807,23.809523809523807,23.809523809523807,0,0,0
silver_Following_Directions_Qwen3-14B-Non-Thinking_1.cpp,TIME_LIMIT_EXCEEDED,143,46.67%,8.830,29.40234375,0,23.809523809523807,0,0,0,0,0,23.809523809523807,23.809523809523807,23.809523809523807,23.809523809523807,23.809523809523807,0,0,0
silver_Following_Directions_Qwen3-14B-Non-Thinking_2.cpp,TIME_LIMIT_EXCEEDED,143,46.67%,8.850,35.33203125,0,23.809523809523807,0,0,0,0,0,23.809523809523807,23.809523809523807,23.809523809523807,23.809523809523807,23.809523809523807,0,0,0
silver_Following_Directions_Qwen3-14B-Non-Thinking_3.cpp,TIME_LIMIT_EXCEEDED,0,0.00%,8.810,21.65625,0,0,0,0,0,0,0,0,0,0,0,0,0,0,0
silver_Following_Directions_Qwen3-14B-Non-Thinking_4.cpp,TIME_LIMIT_EXCEEDED,143,46.67%,8.820,26.5625,0,23.809523809523807,0,0,0,0,0,23.809523809523807,23.809523809523807,23.809523809523807,23.809523809523807,23.809523809523807,0,0,0
silver_Following_Directions_Qwen3-14B-Non-Thinking_5.cpp,TIME_LIMIT_EXCEEDED,71,26.67%,8.810,164.23046875,0,23.809523809523807,0,0,0,0,0,23.809523809523807,23.809523809523807,0,0,0,0,0,0
silver_Following_Directions_Qwen3-14B-Non-Thinking_6.cpp,TIME_LIMIT_EXCEEDED,143,46.67%,8.860,26.5625,0,23.809523809523807,0,0,0,0,0,23.809523809523807,23.809523809523807,23.809523809523807,23.809523809523807,23.809523809523807,0,0,0
silver_Following_Directions_Qwen3-14B-Non-Thinking_7.cpp,WRONG_ANSWER,0,0.00%,5.120,35.34765625,0,0,0,0,0,0,0,0,0,0,0,0,0,0,0
