solution,status,score,%test passed,time,memory,subtask_0,subtask_1,subtask_10,subtask_2,subtask_3,subtask_4,subtask_5,subtask_6,subtask_7,subtask_8,subtask_9
bronze_Its_Mooin_Time_II_seed-oss_0.cpp,ACCEPTED,333,100.00%,0.170,39.19921875,0,33.33333333333333,33.33333333333333,33.33333333333333,33.33333333333333,33.33333333333333,33.33333333333333,33.33333333333333,33.33333333333333,33.33333333333333,33.33333333333333
bronze_Its_Mooin_Time_II_seed-oss_1.cpp,ACCEPTED,333,100.00%,0.090,28.109375,0,33.33333333333333,33.33333333333333,33.33333333333333,33.33333333333333,33.33333333333333,33.33333333333333,33.33333333333333,33.33333333333333,33.33333333333333,33.33333333333333
bronze_Its_Mooin_Time_II_seed-oss_2.cpp,WRONG_ANSWER,0,9.09%,0.090,20.63671875,0,0,0,0,0,0,0,0,0,0,0
bronze_Its_Mooin_Time_II_seed-oss_3.cpp,ACCEPTED,333,100.00%,0.180,45.64453125,0,33.33333333333333,33.33333333333333,33.33333333333333,33.33333333333333,33.33333333333333,33.33333333333333,33.33333333333333,33.33333333333333,33.33333333333333,33.33333333333333
bronze_Its_Mooin_Time_II_seed-oss_4.cpp,ACCEPTED,333,100.00%,0.240,30.63671875,0,33.33333333333333,33.33333333333333,33.33333333333333,33.33333333333333,33.33333333333333,33.33333333333333,33.33333333333333,33.33333333333333,33.33333333333333,33.33333333333333
bronze_Its_Mooin_Time_II_seed-oss_5.cpp,ACCEPTED,333,100.00%,0.140,41.77734375,0,33.33333333333333,33.33333333333333,33.33333333333333,33.33333333333333,33.33333333333333,33.33333333333333,33.33333333333333,33.33333333333333,33.33333333333333,33.33333333333333
bronze_Its_Mooin_Time_II_seed-oss_6.cpp,ACCEPTED,333,100.00%,0.130,41.77734375,0,33.33333333333333,33.33333333333333,33.33333333333333,33.33333333333333,33.33333333333333,33.33333333333333,33.33333333333333,33.33333333333333,33.33333333333333,33.33333333333333
bronze_Its_Mooin_Time_II_seed-oss_7.cpp,ACCEPTED,333,100.00%,0.090,23.71484375,0,33.33333333333333,33.33333333333333,33.33333333333333,33.33333333333333,33.33333333333333,33.33333333333333,33.33333333333333,33.33333333333333,33.33333333333333,33.33333333333333
