solution,status,score,%test passed,time,memory,subtask_0,subtask_1,subtask_10,subtask_11,subtask_12,subtask_13,subtask_14,subtask_15,subtask_16,subtask_17,subtask_18,subtask_19,subtask_2,subtask_20,subtask_3,subtask_4,subtask_5,subtask_6,subtask_7,subtask_8,subtask_9
silver_Cow_Checkups_seed-oss_0.cpp,COMPILATION_ERROR,0,0.00%,0.000,0,0,0,0,0,0,0,0,0,0,0,0,0,0,0,0,0,0,0,0,0,0
silver_Cow_Checkups_seed-oss_1.cpp,TIME_LIMIT_EXCEEDED,0,0.00%,2.420,60.59375,0,0,0,0,0,0,0,0,0,0,0,0,0,0,0,0,0,0,0,0,0
silver_Cow_Checkups_seed-oss_2.cpp,WRONG_ANSWER,0,8.70%,0.180,53.6328125,0,0,0,0,0,0,0,0,0,0,0,0,0,0,0,0,0,0,0,0,0
silver_Cow_Checkups_seed-oss_3.cpp,TIME_LIMIT_EXCEEDED,183,47.83%,2.420,49.765625,0,0,16.666666666666664,16.666666666666664,16.666666666666664,16.666666666666664,16.666666666666664,16.666666666666664,16.666666666666664,16.666666666666664,16.666666666666664,16.666666666666664,0,16.666666666666664,0,0,0,0,0,0,0
silver_Cow_Checkups_seed-oss_4.cpp,TIME_LIMIT_EXCEEDED,233,73.91%,2.420,50.0234375,0,16.666666666666664,0,0,0,16.666666666666664,16.666666666666664,16.666666666666664,16.666666666666664,16.666666666666664,16.666666666666664,16.666666666666664,16.666666666666664,16.666666666666664,16.666666666666664,16.666666666666664,16.666666666666664,16.666666666666664,0,0,0
silver_Cow_Checkups_seed-oss_5.cpp,TIME_LIMIT_EXCEEDED,133,34.78%,2.420,34.8125,0,0,0,0,0,16.666666666666664,16.666666666666664,16.666666666666664,16.666666666666664,16.666666666666664,16.666666666666664,16.666666666666664,0,16.666666666666664,0,0,0,0,0,0,0
silver_Cow_Checkups_seed-oss_6.cpp,COMPILATION_ERROR,0,0.00%,0.000,0,0,0,0,0,0,0,0,0,0,0,0,0,0,0,0,0,0,0,0,0,0
silver_Cow_Checkups_seed-oss_7.cpp,TIME_LIMIT_EXCEEDED,67,26.09%,2.410,69.0,0,0,0,0,0,0,0,0,0,16.666666666666664,16.666666666666664,16.666666666666664,0,16.666666666666664,0,0,0,0,0,0,0
