solution,status,score,%test passed,time,memory,subtask_0,subtask_1,subtask_10,subtask_11,subtask_2,subtask_3,subtask_4,subtask_5,subtask_6,subtask_7,subtask_8,subtask_9
bronze_Farmer_John_Actually_Farms_seed-oss_0.cpp,RUNTIME_ERROR,0,0.00%,0.060,4.953125,0,0,0,0,0,0,0,0,0,0,0,0
bronze_Farmer_John_Actually_Farms_seed-oss_1.cpp,ACCEPTED,333,100.00%,0.040,4.44140625,0,30.3030303030303,30.3030303030303,30.3030303030303,30.3030303030303,30.3030303030303,30.3030303030303,30.3030303030303,30.3030303030303,30.3030303030303,30.3030303030303,30.3030303030303
bronze_Farmer_John_Actually_Farms_seed-oss_2.cpp,RUNTIME_ERROR,30,7.69%,0.670,9.671875,0,0,0,30.3030303030303,0,0,0,0,0,0,0,0
bronze_Farmer_John_Actually_Farms_seed-oss_3.cpp,ACCEPTED,333,100.00%,0.060,4.44140625,0,30.3030303030303,30.3030303030303,30.3030303030303,30.3030303030303,30.3030303030303,30.3030303030303,30.3030303030303,30.3030303030303,30.3030303030303,30.3030303030303,30.3030303030303
bronze_Farmer_John_Actually_Farms_seed-oss_4.cpp,ACCEPTED,333,100.00%,0.050,4.95703125,0,30.3030303030303,30.3030303030303,30.3030303030303,30.3030303030303,30.3030303030303,30.3030303030303,30.3030303030303,30.3030303030303,30.3030303030303,30.3030303030303,30.3030303030303
bronze_Farmer_John_Actually_Farms_seed-oss_5.cpp,RUNTIME_ERROR,0,0.00%,0.050,6.66015625,0,0,0,0,0,0,0,0,0,0,0,0
bronze_Farmer_John_Actually_Farms_seed-oss_6.cpp,RUNTIME_ERROR,0,0.00%,0.040,4.95703125,0,0,0,0,0,0,0,0,0,0,0,0
bronze_Farmer_John_Actually_Farms_seed-oss_7.cpp,ACCEPTED,333,100.00%,0.060,4.95703125,0,30.3030303030303,30.3030303030303,30.3030303030303,30.3030303030303,30.3030303030303,30.3030303030303,30.3030303030303,30.3030303030303,30.3030303030303,30.3030303030303,30.3030303030303
