solution,status,score,%test passed,time,memory,subtask_0,subtask_1,subtask_10,subtask_2,subtask_3,subtask_4,subtask_5,subtask_6,subtask_7,subtask_8,subtask_9
bronze_Cowntact_Tracing_2_seed-oss_0.cpp,COMPILATION_ERROR,0,0.00%,0.000,0,0,0,0,0,0,0,0,0,0,0,0
bronze_Cowntact_Tracing_2_seed-oss_1.cpp,WRONG_ANSWER,100,33.33%,0.020,1.703125,0,33.33333333333333,0,33.33333333333333,0,33.33333333333333,0,0,0,0,0
bronze_Cowntact_Tracing_2_seed-oss_2.cpp,WRONG_ANSWER,133,41.67%,0.020,1.80859375,0,33.33333333333333,33.33333333333333,33.33333333333333,33.33333333333333,0,0,0,0,0,0
bronze_Cowntact_Tracing_2_seed-oss_3.cpp,WRONG_ANSWER,167,58.33%,0.020,1.5546875,0,33.33333333333333,33.33333333333333,0,33.33333333333333,0,0,0,0,33.33333333333333,33.33333333333333
bronze_Cowntact_Tracing_2_seed-oss_4.cpp,RUNTIME_ERROR,33,8.33%,0.020,1.55078125,0,33.33333333333333,0,0,0,0,0,0,0,0,0
bronze_Cowntact_Tracing_2_seed-oss_5.cpp,RUNTIME_ERROR,0,8.33%,0.020,1.5546875,0,0,0,0,0,0,0,0,0,0,0
bronze_Cowntact_Tracing_2_seed-oss_6.cpp,RUNTIME_ERROR,100,25.00%,0.020,1.5546875,0,33.33333333333333,0,0,33.33333333333333,0,0,0,33.33333333333333,0,0
bronze_Cowntact_Tracing_2_seed-oss_7.cpp,RUNTIME_ERROR,100,25.00%,0.020,1.5546875,0,33.33333333333333,0,0,33.33333333333333,0,0,0,33.33333333333333,0,0
