solution,status,score,%test passed,time,memory,subtask_0,subtask_1,subtask_10,subtask_11,subtask_12,subtask_13,subtask_14,subtask_15,subtask_2,subtask_3,subtask_4,subtask_5,subtask_6,subtask_7,subtask_8,subtask_9
gold_Haybale_Distribution_seed-oss_0.cpp,ACCEPTED,333,100.00%,0.100,3.62109375,0,22.22222222222222,22.22222222222222,22.22222222222222,22.22222222222222,22.22222222222222,22.22222222222222,22.22222222222222,22.22222222222222,22.22222222222222,22.22222222222222,22.22222222222222,22.22222222222222,22.22222222222222,22.22222222222222,22.22222222222222
gold_Haybale_Distribution_seed-oss_1.cpp,ACCEPTED,333,100.00%,0.080,4.39453125,0,22.22222222222222,22.22222222222222,22.22222222222222,22.22222222222222,22.22222222222222,22.22222222222222,22.22222222222222,22.22222222222222,22.22222222222222,22.22222222222222,22.22222222222222,22.22222222222222,22.22222222222222,22.22222222222222,22.22222222222222
gold_Haybale_Distribution_seed-oss_2.cpp,ACCEPTED,333,100.00%,0.080,4.39453125,0,22.22222222222222,22.22222222222222,22.22222222222222,22.22222222222222,22.22222222222222,22.22222222222222,22.22222222222222,22.22222222222222,22.22222222222222,22.22222222222222,22.22222222222222,22.22222222222222,22.22222222222222,22.22222222222222,22.22222222222222
gold_Haybale_Distribution_seed-oss_3.cpp,ACCEPTED,333,100.00%,0.090,3.62109375,0,22.22222222222222,22.22222222222222,22.22222222222222,22.22222222222222,22.22222222222222,22.22222222222222,22.22222222222222,22.22222222222222,22.22222222222222,22.22222222222222,22.22222222222222,22.22222222222222,22.22222222222222,22.22222222222222,22.22222222222222
gold_Haybale_Distribution_seed-oss_4.cpp,WRONG_ANSWER,0,0.00%,0.080,4.39453125,0,0,0,0,0,0,0,0,0,0,0,0,0,0,0,0
gold_Haybale_Distribution_seed-oss_5.cpp,ACCEPTED,333,100.00%,0.080,3.62109375,0,22.22222222222222,22.22222222222222,22.22222222222222,22.22222222222222,22.22222222222222,22.22222222222222,22.22222222222222,22.22222222222222,22.22222222222222,22.22222222222222,22.22222222222222,22.22222222222222,22.22222222222222,22.22222222222222,22.22222222222222
gold_Haybale_Distribution_seed-oss_6.cpp,WRONG_ANSWER,0,0.00%,0.080,4.39453125,0,0,0,0,0,0,0,0,0,0,0,0,0,0,0,0
gold_Haybale_Distribution_seed-oss_7.cpp,WRONG_ANSWER,0,6.25%,0.080,3.62109375,0,0,0,0,0,0,0,0,0,0,0,0,0,0,0,0
