solution,status,score,%test passed,time,memory,subtask_0,subtask_1,subtask_10,subtask_11,subtask_12,subtask_13,subtask_14,subtask_15,subtask_16,subtask_2,subtask_3,subtask_4,subtask_5,subtask_6,subtask_7,subtask_8,subtask_9
gold_Minimum_Longest_Trip_seed-oss_0.cpp,ACCEPTED,333,100.00%,0.180,24.6640625,0,20.833333333333332,20.833333333333332,20.833333333333332,20.833333333333332,20.833333333333332,20.833333333333332,20.833333333333332,20.833333333333332,20.833333333333332,20.833333333333332,20.833333333333332,20.833333333333332,20.833333333333332,20.833333333333332,20.833333333333332,20.833333333333332
gold_Minimum_Longest_Trip_seed-oss_1.cpp,ACCEPTED,333,100.00%,0.240,32.74609375,0,20.833333333333332,20.833333333333332,20.833333333333332,20.833333333333332,20.833333333333332,20.833333333333332,20.833333333333332,20.833333333333332,20.833333333333332,20.833333333333332,20.833333333333332,20.833333333333332,20.833333333333332,20.833333333333332,20.833333333333332,20.833333333333332
gold_Minimum_Longest_Trip_seed-oss_2.cpp,RUNTIME_ERROR,0,0.00%,0.230,60.19140625,0,0,0,0,0,0,0,0,0,0,0,0,0,0,0,0,0
gold_Minimum_Longest_Trip_seed-oss_3.cpp,WRONG_ANSWER,83,35.00%,0.180,26.875,0,20.833333333333332,0,0,0,0,0,0,0,20.833333333333332,20.833333333333332,20.833333333333332,0,0,0,0,0
gold_Minimum_Longest_Trip_seed-oss_4.cpp,RUNTIME_ERROR,0,0.00%,0.220,34.91015625,0,0,0,0,0,0,0,0,0,0,0,0,0,0,0,0,0
gold_Minimum_Longest_Trip_seed-oss_5.cpp,COMPILATION_ERROR,0,0.00%,0.000,0,0,0,0,0,0,0,0,0,0,0,0,0,0,0,0,0,0
gold_Minimum_Longest_Trip_seed-oss_6.cpp,RUNTIME_ERROR,0,0.00%,0.220,33.1953125,0,0,0,0,0,0,0,0,0,0,0,0,0,0,0,0,0
gold_Minimum_Longest_Trip_seed-oss_7.cpp,RUNTIME_ERROR,0,0.00%,0.220,36.37109375,0,0,0,0,0,0,0,0,0,0,0,0,0,0,0,0,0
