solution,status,score,%test passed,time,memory,subtask_0,subtask_1,subtask_10,subtask_11,subtask_12,subtask_2,subtask_3,subtask_4,subtask_5,subtask_6,subtask_7,subtask_8,subtask_9
silver_Cycle_Correspondence_seed-oss_0.cpp,RUNTIME_ERROR,0,0.00%,0.060,6.97265625,0,0,0,0,0,0,0,0,0,0,0,0,0
silver_Cycle_Correspondence_seed-oss_1.cpp,MEMORY_LIMIT_EXCEEDED,56,20.00%,0.100,28.1015625,0,27.777777777777775,0,0,0,27.777777777777775,0,0,0,0,0,0,0
silver_Cycle_Correspondence_seed-oss_2.cpp,COMPILATION_ERROR,0,0.00%,0.000,0,0,0,0,0,0,0,0,0,0,0,0,0,0
silver_Cycle_Correspondence_seed-oss_3.cpp,COMPILATION_ERROR,0,0.00%,0.000,0,0,0,0,0,0,0,0,0,0,0,0,0,0
silver_Cycle_Correspondence_seed-oss_4.cpp,RUNTIME_ERROR,0,6.67%,0.100,33.58203125,0,0,0,0,0,0,0,0,0,0,0,0,0
silver_Cycle_Correspondence_seed-oss_5.cpp,RUNTIME_ERROR,0,0.00%,0.110,24.3828125,0,0,0,0,0,0,0,0,0,0,0,0,0
silver_Cycle_Correspondence_seed-oss_6.cpp,ACCEPTED,333,100.00%,0.050,7.23046875,0,27.777777777777775,27.777777777777775,27.777777777777775,27.777777777777775,27.777777777777775,27.777777777777775,27.777777777777775,27.777777777777775,27.777777777777775,27.777777777777775,27.777777777777775,27.777777777777775
silver_Cycle_Correspondence_seed-oss_7.cpp,TIME_LIMIT_EXCEEDED,167,40.00%,2.410,33.99609375,0,0,27.777777777777775,27.777777777777775,27.777777777777775,0,0,0,0,0,27.777777777777775,27.777777777777775,27.777777777777775
