solution,status,score,%test passed,time,memory,subtask_0,subtask_1,subtask_10,subtask_2,subtask_3,subtask_4,subtask_5,subtask_6,subtask_7,subtask_8,subtask_9
bronze_Its_Mooin_Time_III_gpt-oss-120b-low_0.cpp,TIME_LIMIT_EXCEEDED,0,0.00%,2.430,84.16015625,0,0,0,0,0,0,0,0,0,0,0
bronze_Its_Mooin_Time_III_gpt-oss-120b-low_1.cpp,TIME_LIMIT_EXCEEDED,167,54.55%,2.430,1.94921875,0,33.33333333333333,0,33.33333333333333,33.33333333333333,33.33333333333333,33.33333333333333,0,0,0,0
bronze_Its_Mooin_Time_III_gpt-oss-120b-low_2.cpp,TIME_LIMIT_EXCEEDED,167,54.55%,2.440,11.75,0,33.33333333333333,0,33.33333333333333,33.33333333333333,33.33333333333333,33.33333333333333,0,0,0,0
bronze_Its_Mooin_Time_III_gpt-oss-120b-low_3.cpp,WRONG_ANSWER,33,18.18%,0.430,21.2890625,0,0,0,0,0,0,33.33333333333333,0,0,0,0
bronze_Its_Mooin_Time_III_gpt-oss-120b-low_4.cpp,TIME_LIMIT_EXCEEDED,167,54.55%,2.430,21.2890625,0,33.33333333333333,0,33.33333333333333,33.33333333333333,33.33333333333333,33.33333333333333,0,0,0,0
bronze_Its_Mooin_Time_III_gpt-oss-120b-low_5.cpp,WRONG_ANSWER,100,27.27%,0.160,53.515625,0,0,0,0,33.33333333333333,33.33333333333333,33.33333333333333,0,0,0,0
bronze_Its_Mooin_Time_III_gpt-oss-120b-low_6.cpp,MEMORY_LIMIT_EXCEEDED,0,0.00%,0.250,303.3984375,0,0,0,0,0,0,0,0,0,0,0
bronze_Its_Mooin_Time_III_gpt-oss-120b-low_7.cpp,WRONG_ANSWER,0,0.00%,0.060,5.046875,0,0,0,0,0,0,0,0,0,0,0
