solution,status,score,%test passed,time,memory,subtask_0,subtask_1,subtask_10,subtask_2,subtask_3,subtask_4,subtask_5,subtask_6,subtask_7,subtask_8,subtask_9
silver_Deforestation_gpt-oss-120b-high_0.cpp,ACCEPTED,333,100.00%,0.200,5.203125,0,33.33333333333333,33.33333333333333,33.33333333333333,33.33333333333333,33.33333333333333,33.33333333333333,33.33333333333333,33.33333333333333,33.33333333333333,33.33333333333333
silver_Deforestation_gpt-oss-120b-high_1.cpp,ACCEPTED,333,100.00%,0.200,3.96875,0,33.33333333333333,33.33333333333333,33.33333333333333,33.33333333333333,33.33333333333333,33.33333333333333,33.33333333333333,33.33333333333333,33.33333333333333,33.33333333333333
silver_Deforestation_gpt-oss-120b-high_2.cpp,ACCEPTED,333,100.00%,0.230,3.96875,0,33.33333333333333,33.33333333333333,33.33333333333333,33.33333333333333,33.33333333333333,33.33333333333333,33.33333333333333,33.33333333333333,33.33333333333333,33.33333333333333
silver_Deforestation_gpt-oss-120b-high_3.cpp,ACCEPTED,333,100.00%,0.230,3.96875,0,33.33333333333333,33.33333333333333,33.33333333333333,33.33333333333333,33.33333333333333,33.33333333333333,33.33333333333333,33.33333333333333,33.33333333333333,33.33333333333333
silver_Deforestation_gpt-oss-120b-high_4.cpp,ACCEPTED,333,100.00%,0.240,3.97265625,0,33.33333333333333,33.33333333333333,33.33333333333333,33.33333333333333,33.33333333333333,33.33333333333333,33.33333333333333,33.33333333333333,33.33333333333333,33.33333333333333
silver_Deforestation_gpt-oss-120b-high_5.cpp,ACCEPTED,333,100.00%,0.250,3.96875,0,33.33333333333333,33.33333333333333,33.33333333333333,33.33333333333333,33.33333333333333,33.33333333333333,33.33333333333333,33.33333333333333,33.33333333333333,33.33333333333333
silver_Deforestation_gpt-oss-120b-high_6.cpp,ACCEPTED,333,100.00%,0.260,8.24609375,0,33.33333333333333,33.33333333333333,33.33333333333333,33.33333333333333,33.33333333333333,33.33333333333333,33.33333333333333,33.33333333333333,33.33333333333333,33.33333333333333
silver_Deforestation_gpt-oss-120b-high_7.cpp,ACCEPTED,333,100.00%,0.220,3.96875,0,33.33333333333333,33.33333333333333,33.33333333333333,33.33333333333333,33.33333333333333,33.33333333333333,33.33333333333333,33.33333333333333,33.33333333333333,33.33333333333333
