solution,status,score,%test passed,time,memory,subtask_0,subtask_1,subtask_10,subtask_2,subtask_3,subtask_4,subtask_5,subtask_6,subtask_7,subtask_8,subtask_9
silver_Cake_Game_gpt-oss-120b-high_0.cpp,WRONG_ANSWER,33,18.18%,0.130,7.15234375,0,33.33333333333333,0,0,0,0,0,0,0,0,0
silver_Cake_Game_gpt-oss-120b-high_1.cpp,ACCEPTED,333,100.00%,0.130,6.12109375,0,33.33333333333333,33.33333333333333,33.33333333333333,33.33333333333333,33.33333333333333,33.33333333333333,33.33333333333333,33.33333333333333,33.33333333333333,33.33333333333333
silver_Cake_Game_gpt-oss-120b-high_2.cpp,WRONG_ANSWER,33,9.09%,0.210,26.84765625,0,33.33333333333333,0,0,0,0,0,0,0,0,0
silver_Cake_Game_gpt-oss-120b-high_3.cpp,WRONG_ANSWER,33,18.18%,0.130,6.05859375,0,33.33333333333333,0,0,0,0,0,0,0,0,0
silver_Cake_Game_gpt-oss-120b-high_4.cpp,WRONG_ANSWER,0,9.09%,0.170,9.43359375,0,0,0,0,0,0,0,0,0,0,0
silver_Cake_Game_gpt-oss-120b-high_5.cpp,ACCEPTED,333,100.00%,0.130,9.73046875,0,33.33333333333333,33.33333333333333,33.33333333333333,33.33333333333333,33.33333333333333,33.33333333333333,33.33333333333333,33.33333333333333,33.33333333333333,33.33333333333333
silver_Cake_Game_gpt-oss-120b-high_6.cpp,ACCEPTED,333,100.00%,0.130,13.5390625,0,33.33333333333333,33.33333333333333,33.33333333333333,33.33333333333333,33.33333333333333,33.33333333333333,33.33333333333333,33.33333333333333,33.33333333333333,33.33333333333333
silver_Cake_Game_gpt-oss-120b-high_7.cpp,ACCEPTED,333,100.00%,0.130,6.125,0,33.33333333333333,33.33333333333333,33.33333333333333,33.33333333333333,33.33333333333333,33.33333333333333,33.33333333333333,33.33333333333333,33.33333333333333,33.33333333333333
