solution,status,score,%test passed,time,memory,subtask_0,subtask_1,subtask_10,subtask_2,subtask_3,subtask_4,subtask_5,subtask_6,subtask_7,subtask_8,subtask_9
silver_2D_Conveyor_Belt_gpt-oss-120b-high_1.cpp,ACCEPTED,333,100.00%,0.100,12.125,0,33.33333333333333,33.33333333333333,33.33333333333333,33.33333333333333,33.33333333333333,33.33333333333333,33.33333333333333,33.33333333333333,33.33333333333333,33.33333333333333
silver_2D_Conveyor_Belt_gpt-oss-120b-high_2.cpp,WRONG_ANSWER,0,15.38%,0.140,27.078125,0,0,0,0,0,0,0,0,0,0,0
silver_2D_Conveyor_Belt_gpt-oss-120b-high_3.cpp,ACCEPTED,333,100.00%,0.260,59.1015625,0,33.33333333333333,33.33333333333333,33.33333333333333,33.33333333333333,33.33333333333333,33.33333333333333,33.33333333333333,33.33333333333333,33.33333333333333,33.33333333333333
silver_2D_Conveyor_Belt_gpt-oss-120b-high_4.cpp,WRONG_ANSWER,0,15.38%,0.180,59.8203125,0,0,0,0,0,0,0,0,0,0,0
silver_2D_Conveyor_Belt_gpt-oss-120b-high_5.cpp,ACCEPTED,333,100.00%,0.220,78.125,0,33.33333333333333,33.33333333333333,33.33333333333333,33.33333333333333,33.33333333333333,33.33333333333333,33.33333333333333,33.33333333333333,33.33333333333333,33.33333333333333
silver_2D_Conveyor_Belt_gpt-oss-120b-high_6.cpp,ACCEPTED,333,100.00%,0.180,58.015625,0,33.33333333333333,33.33333333333333,33.33333333333333,33.33333333333333,33.33333333333333,33.33333333333333,33.33333333333333,33.33333333333333,33.33333333333333,33.33333333333333
