solution,status,score,%test passed,time,memory,subtask_0,subtask_1,subtask_10,subtask_2,subtask_3,subtask_4,subtask_5,subtask_6,subtask_7,subtask_8,subtask_9
bronze_Hungry_Cow_Qwen2.5-Coder-14B-Instruct_0.cpp,TIME_LIMIT_EXCEEDED,0,7.69%,2.370,2.7890625,0,0,0,0,0,0,0,0,0,0,0
bronze_Hungry_Cow_Qwen2.5-Coder-14B-Instruct_1.cpp,RUNTIME_ERROR,200,53.85%,0.160,2.84765625,0,0,33.33333333333333,0,0,0,33.33333333333333,33.33333333333333,33.33333333333333,33.33333333333333,33.33333333333333
bronze_Hungry_Cow_Qwen2.5-Coder-14B-Instruct_2.cpp,TIME_LIMIT_EXCEEDED,133,53.85%,2.410,2.84765625,0,33.33333333333333,0,33.33333333333333,33.33333333333333,33.33333333333333,0,0,0,0,0
bronze_Hungry_Cow_Qwen2.5-Coder-14B-Instruct_3.cpp,TIME_LIMIT_EXCEEDED,133,53.85%,2.260,2.84765625,0,33.33333333333333,0,33.33333333333333,33.33333333333333,33.33333333333333,0,0,0,0,0
bronze_Hungry_Cow_Qwen2.5-Coder-14B-Instruct_4.cpp,ACCEPTED,333,100.00%,0.170,2.84765625,0,33.33333333333333,33.33333333333333,33.33333333333333,33.33333333333333,33.33333333333333,33.33333333333333,33.33333333333333,33.33333333333333,33.33333333333333,33.33333333333333
bronze_Hungry_Cow_Qwen2.5-Coder-14B-Instruct_5.cpp,RUNTIME_ERROR,200,53.85%,0.180,2.84765625,0,0,33.33333333333333,0,0,0,33.33333333333333,33.33333333333333,33.33333333333333,33.33333333333333,33.33333333333333
bronze_Hungry_Cow_Qwen2.5-Coder-14B-Instruct_6.cpp,TIME_LIMIT_EXCEEDED,133,53.85%,2.390,2.84765625,0,33.33333333333333,0,33.33333333333333,33.33333333333333,33.33333333333333,0,0,0,0,0
bronze_Hungry_Cow_Qwen2.5-Coder-14B-Instruct_7.cpp,TIME_LIMIT_EXCEEDED,133,53.85%,2.370,2.7890625,0,33.33333333333333,0,33.33333333333333,33.33333333333333,33.33333333333333,0,0,0,0,0
