solution,status,score,%test passed,time,memory,subtask_0
j2_gpt-5_0.cpp,ACCEPTED,15,100.00%,0.010,0.00390625,15
j2_gpt-5_1.cpp,ACCEPTED,15,100.00%,0.040,0.00390625,15
j2_gpt-5_2.cpp,ACCEPTED,15,100.00%,0.040,0.00390625,15
j2_gpt-5_3.cpp,ACCEPTED,15,100.00%,0.040,0.00390625,15
j2_gpt-5_4.cpp,ACCEPTED,15,100.00%,0.050,0.00390625,15
j2_gpt-5_5.cpp,ACCEPTED,15,100.00%,0.040,0.00390625,15
j2_gpt-5_6.cpp,ACCEPTED,15,100.00%,0.040,0.00390625,15
j2_gpt-5_7.cpp,ACCEPTED,15,100.00%,0.040,0.00390625,15
