solution,status,score,%test passed,time,memory,subtask_0,subtask_1,subtask_10,subtask_2,subtask_3,subtask_4,subtask_5,subtask_6,subtask_7,subtask_8,subtask_9
bronze_Moo_Operations_deepseek-chat_0.cpp,ACCEPTED,333,100.00%,0.040,0,0,33.33333333333333,33.33333333333333,33.33333333333333,33.33333333333333,33.33333333333333,33.33333333333333,33.33333333333333,33.33333333333333,33.33333333333333,33.33333333333333
bronze_Moo_Operations_deepseek-chat_1.cpp,ACCEPTED,333,100.00%,0.000,0,0,33.33333333333333,33.33333333333333,33.33333333333333,33.33333333333333,33.33333333333333,33.33333333333333,33.33333333333333,33.33333333333333,33.33333333333333,33.33333333333333
bronze_Moo_Operations_deepseek-chat_2.cpp,WRONG_ANSWER,0,0.00%,0.000,0,0,0,0,0,0,0,0,0,0,0,0
bronze_Moo_Operations_deepseek-chat_3.cpp,ACCEPTED,333,100.00%,0.000,0,0,33.33333333333333,33.33333333333333,33.33333333333333,33.33333333333333,33.33333333333333,33.33333333333333,33.33333333333333,33.33333333333333,33.33333333333333,33.33333333333333
bronze_Moo_Operations_deepseek-chat_4.cpp,WRONG_ANSWER,233,72.73%,0.040,0,0,0,33.33333333333333,0,0,33.33333333333333,33.33333333333333,33.33333333333333,33.33333333333333,33.33333333333333,33.33333333333333
bronze_Moo_Operations_deepseek-chat_5.cpp,WRONG_ANSWER,0,0.00%,0.000,0,0,0,0,0,0,0,0,0,0,0,0
bronze_Moo_Operations_deepseek-chat_6.cpp,WRONG_ANSWER,0,0.00%,0.000,0,0,0,0,0,0,0,0,0,0,0,0
bronze_Moo_Operations_deepseek-chat_7.cpp,WRONG_ANSWER,0,0.00%,0.000,0,0,0,0,0,0,0,0,0,0,0,0
