solution,status,score,%test passed,time,memory,subtask_0,subtask_1,subtask_10,subtask_11,subtask_12,subtask_13,subtask_14,subtask_2,subtask_3,subtask_4,subtask_5,subtask_6,subtask_7,subtask_8,subtask_9
silver_Following_Directions_deepseek-chat_0.cpp,TIME_LIMIT_EXCEEDED,214,66.67%,8.810,29.65234375,0,23.809523809523807,0,0,0,0,0,23.809523809523807,23.809523809523807,23.809523809523807,23.809523809523807,23.809523809523807,23.809523809523807,23.809523809523807,23.809523809523807
silver_Following_Directions_deepseek-chat_1.cpp,WRONG_ANSWER,0,0.00%,3.350,46.92578125,0,0,0,0,0,0,0,0,0,0,0,0,0,0,0
silver_Following_Directions_deepseek-chat_2.cpp,TIME_LIMIT_EXCEEDED,214,66.67%,8.810,29.65234375,0,23.809523809523807,0,0,0,0,0,23.809523809523807,23.809523809523807,23.809523809523807,23.809523809523807,23.809523809523807,23.809523809523807,23.809523809523807,23.809523809523807
silver_Following_Directions_deepseek-chat_3.cpp,TIME_LIMIT_EXCEEDED,238,73.33%,8.810,38.16015625,0,23.809523809523807,0,0,23.809523809523807,0,0,23.809523809523807,23.809523809523807,23.809523809523807,23.809523809523807,23.809523809523807,23.809523809523807,23.809523809523807,23.809523809523807
silver_Following_Directions_deepseek-chat_4.cpp,TIME_LIMIT_EXCEEDED,0,0.00%,8.830,53.64453125,0,0,0,0,0,0,0,0,0,0,0,0,0,0,0
silver_Following_Directions_deepseek-chat_5.cpp,WRONG_ANSWER,0,0.00%,3.300,38.16015625,0,0,0,0,0,0,0,0,0,0,0,0,0,0,0
silver_Following_Directions_deepseek-chat_6.cpp,WRONG_ANSWER,0,0.00%,0.070,20.890625,0,0,0,0,0,0,0,0,0,0,0,0,0,0,0
silver_Following_Directions_deepseek-chat_7.cpp,WRONG_ANSWER,0,0.00%,3.040,21.03125,0,0,0,0,0,0,0,0,0,0,0,0,0,0,0
