solution,status,score,%test passed,time,memory,subtask_0,subtask_1,subtask_10,subtask_11,subtask_12,subtask_13,subtask_2,subtask_3,subtask_4,subtask_5,subtask_6,subtask_7,subtask_8,subtask_9
bronze_Milk_Exchange_Llama-3.3-70B-Instruct_0.cpp,TIME_LIMIT_EXCEEDED,51,12.50%,2.520,6.34375,0,0,0,0,0,0,0,0,25.64102564102564,25.64102564102564,0,0,0,0
bronze_Milk_Exchange_Llama-3.3-70B-Instruct_1.cpp,RUNTIME_ERROR,103,25.00%,0.120,7.65625,0,0,25.64102564102564,0,0,25.64102564102564,0,0,25.64102564102564,25.64102564102564,0,0,0,0
bronze_Milk_Exchange_Llama-3.3-70B-Instruct_2.cpp,COMPILATION_ERROR,0,0.00%,0.000,0,0,0,0,0,0,0,0,0,0,0,0,0,0,0
bronze_Milk_Exchange_Llama-3.3-70B-Instruct_3.cpp,COMPILATION_ERROR,0,0.00%,0.000,0,0,0,0,0,0,0,0,0,0,0,0,0,0,0
bronze_Milk_Exchange_Llama-3.3-70B-Instruct_4.cpp,RUNTIME_ERROR,103,25.00%,0.120,6.3671875,0,0,25.64102564102564,0,0,25.64102564102564,0,0,25.64102564102564,25.64102564102564,0,0,0,0
bronze_Milk_Exchange_Llama-3.3-70B-Instruct_5.cpp,TIME_LIMIT_EXCEEDED,51,12.50%,2.260,4.89453125,0,0,0,0,0,0,0,0,25.64102564102564,25.64102564102564,0,0,0,0
bronze_Milk_Exchange_Llama-3.3-70B-Instruct_6.cpp,TIME_LIMIT_EXCEEDED,51,12.50%,2.350,4.890625,0,0,0,0,0,0,0,0,25.64102564102564,25.64102564102564,0,0,0,0
bronze_Milk_Exchange_Llama-3.3-70B-Instruct_7.cpp,TIME_LIMIT_EXCEEDED,128,50.00%,2.390,7.65234375,0,25.64102564102564,0,0,0,0,25.64102564102564,25.64102564102564,25.64102564102564,25.64102564102564,0,0,0,0
