solution,status,score,%test passed,time,memory,subtask_0,subtask_1,subtask_2
sah_Qwen3-14B_0.cpp,ACCEPTED,50,100.00%,0.100,0.00390625,13,19,18
sah_Qwen3-14B_1.cpp,ACCEPTED,50,100.00%,0.100,0.00390625,13,19,18
sah_Qwen3-14B_2.cpp,ACCEPTED,50,100.00%,0.090,0.00390625,13,19,18
sah_Qwen3-14B_3.cpp,ACCEPTED,50,100.00%,0.100,0.00390625,13,19,18
sah_Qwen3-14B_4.cpp,ACCEPTED,50,100.00%,0.110,0.00390625,13,19,18
sah_Qwen3-14B_5.cpp,ACCEPTED,50,100.00%,0.100,0.00390625,13,19,18
sah_Qwen3-14B_6.cpp,ACCEPTED,50,100.00%,0.100,0.00390625,13,19,18
sah_Qwen3-14B_7.cpp,ACCEPTED,50,100.00%,0.100,0.00390625,13,19,18
