solution,status,score,%test passed,time,memory,subtask_0,subtask_1,subtask_2,subtask_3,subtask_4
s1_Qwen2.5-72B_0.cpp,ACCEPTED,15,100.00%,0.300,5.16796875,2,1,2,5,5
s1_Qwen2.5-72B_1.cpp,ACCEPTED,15,100.00%,0.290,5.16796875,2,1,2,5,5
s1_Qwen2.5-72B_2.cpp,ACCEPTED,15,100.00%,0.280,5.16796875,2,1,2,5,5
s1_Qwen2.5-72B_3.cpp,ACCEPTED,15,100.00%,0.280,5.16796875,2,1,2,5,5
s1_Qwen2.5-72B_4.cpp,ACCEPTED,15,100.00%,0.270,5.16796875,2,1,2,5,5
s1_Qwen2.5-72B_4.cpp,ACCEPTED,15,100.00%,0.270,5.16796875,2,1,2,5,5
s1_Qwen2.5-72B_5.cpp,ACCEPTED,15,100.00%,0.300,5.16796875,2,1,2,5,5
s1_Qwen2.5-72B_6.cpp,ACCEPTED,15,100.00%,0.280,5.16796875,2,1,2,5,5
