solution,status,score,%test passed,time,memory,subtask_0,subtask_1,subtask_10,subtask_11,subtask_12,subtask_13,subtask_14,subtask_15,subtask_16,subtask_2,subtask_3,subtask_4,subtask_5,subtask_6,subtask_7,subtask_8,subtask_9
gold_Smaller_Averages_gemini-2.5-flash_0.cpp,TIME_LIMIT_EXCEEDED,104,45.00%,2.230,2.33203125,0,20.833333333333332,0,0,0,0,0,0,0,20.833333333333332,20.833333333333332,20.833333333333332,20.833333333333332,0,0,0,0
gold_Smaller_Averages_gemini-2.5-flash_1.cpp,RUNTIME_ERROR,0,5.00%,0.040,0.00390625,0,0,0,0,0,0,0,0,0,0,0,0,0,0,0,0,0
gold_Smaller_Averages_gemini-2.5-flash_2.cpp,RUNTIME_ERROR,0,10.00%,1.750,3.42578125,0,0,0,0,0,0,0,0,0,0,0,0,0,0,0,0,0
gold_Smaller_Averages_gemini-2.5-flash_3.cpp,WRONG_ANSWER,0,15.00%,0.180,3.359375,0,0,0,0,0,0,0,0,0,0,0,0,0,0,0,0,0
gold_Smaller_Averages_gemini-2.5-flash_4.cpp,TIME_LIMIT_EXCEEDED,104,45.00%,2.220,2.33203125,0,20.833333333333332,0,0,0,0,0,0,0,20.833333333333332,20.833333333333332,20.833333333333332,20.833333333333332,0,0,0,0
gold_Smaller_Averages_gemini-2.5-flash_5.cpp,TIME_LIMIT_EXCEEDED,104,45.00%,2.230,2.33203125,0,20.833333333333332,0,0,0,0,0,0,0,20.833333333333332,20.833333333333332,20.833333333333332,20.833333333333332,0,0,0,0
gold_Smaller_Averages_gemini-2.5-flash_6.cpp,TIME_LIMIT_EXCEEDED,104,45.00%,2.250,2.33203125,0,20.833333333333332,0,0,0,0,0,0,0,20.833333333333332,20.833333333333332,20.833333333333332,20.833333333333332,0,0,0,0
gold_Smaller_Averages_gemini-2.5-flash_7.cpp,TIME_LIMIT_EXCEEDED,104,45.00%,2.230,2.33203125,0,20.833333333333332,0,0,0,0,0,0,0,20.833333333333332,20.833333333333332,20.833333333333332,20.833333333333332,0,0,0,0
