solution,status,score,%test passed,time,memory,subtask_0,subtask_1,subtask_10,subtask_11,subtask_12,subtask_13,subtask_14,subtask_15,subtask_16,subtask_17,subtask_2,subtask_3,subtask_4,subtask_5,subtask_6,subtask_7,subtask_8,subtask_9
gold_Grass_Segments_gemini-2.5-flash_0.cpp,COMPILATION_ERROR,0,0.00%,0.000,0,0,0,0,0,0,0,0,0,0,0,0,0,0,0,0,0,0,0
gold_Grass_Segments_gemini-2.5-flash_1.cpp,WRONG_ANSWER,118,45.00%,0.200,14.18359375,0,0,0,0,0,0,0,0,0,0,0,19.6078431372549,19.6078431372549,19.6078431372549,19.6078431372549,19.6078431372549,19.6078431372549,0
gold_Grass_Segments_gemini-2.5-flash_2.cpp,ACCEPTED,333,100.00%,1.870,115.2890625,0,19.6078431372549,19.6078431372549,19.6078431372549,19.6078431372549,19.6078431372549,19.6078431372549,19.6078431372549,19.6078431372549,19.6078431372549,19.6078431372549,19.6078431372549,19.6078431372549,19.6078431372549,19.6078431372549,19.6078431372549,19.6078431372549,19.6078431372549
gold_Grass_Segments_gemini-2.5-flash_3.cpp,COMPILATION_ERROR,0,0.00%,0.000,0,0,0,0,0,0,0,0,0,0,0,0,0,0,0,0,0,0,0
gold_Grass_Segments_gemini-2.5-flash_4.cpp,TIME_LIMIT_EXCEEDED,0,0.00%,2.280,209.6171875,0,0,0,0,0,0,0,0,0,0,0,0,0,0,0,0,0,0
gold_Grass_Segments_gemini-2.5-flash_5.cpp,WRONG_ANSWER,118,45.00%,0.610,53.88671875,0,0,0,0,0,0,0,0,0,0,0,19.6078431372549,19.6078431372549,19.6078431372549,19.6078431372549,19.6078431372549,19.6078431372549,0
gold_Grass_Segments_gemini-2.5-flash_6.cpp,MEMORY_LIMIT_EXCEEDED,0,0.00%,0.310,280.3828125,0,0,0,0,0,0,0,0,0,0,0,0,0,0,0,0,0,0
gold_Grass_Segments_gemini-2.5-flash_7.cpp,RUNTIME_ERROR,0,0.00%,0.370,26.7421875,0,0,0,0,0,0,0,0,0,0,0,0,0,0,0,0,0,0
