solution,status,score,relative_score,%test passed,time,memory,subtask_0,subtask_1,subtask_10,subtask_11,subtask_12,subtask_13,subtask_2,subtask_3,subtask_4,subtask_5,subtask_6,subtask_7,subtask_8,subtask_9
bronze_Milk_Exchange_gpt-oss-120b-medium_1.cpp,ACCEPTED,333,102.46%,100.00%,0.070,4.56640625,0,25.64102564102564,25.64102564102564,25.64102564102564,25.64102564102564,25.64102564102564,25.64102564102564,25.64102564102564,25.64102564102564,25.64102564102564,25.64102564102564,25.64102564102564,25.64102564102564,25.64102564102564
bronze_Milk_Exchange_gpt-oss-120b-medium_2.cpp,RUNTIME_ERROR,103,31.69%,25.00%,0.080,25.29296875,0,0,25.64102564102564,0,0,25.64102564102564,0,0,25.64102564102564,25.64102564102564,0,0,0,0
bronze_Milk_Exchange_gpt-oss-120b-medium_3.cpp,ACCEPTED,333,102.46%,100.00%,0.060,3.28125,0,25.64102564102564,25.64102564102564,25.64102564102564,25.64102564102564,25.64102564102564,25.64102564102564,25.64102564102564,25.64102564102564,25.64102564102564,25.64102564102564,25.64102564102564,25.64102564102564,25.64102564102564
bronze_Milk_Exchange_gpt-oss-120b-medium_4.cpp,WRONG_ANSWER,154,47.38%,56.25%,0.070,17.7109375,0,25.64102564102564,25.64102564102564,0,0,25.64102564102564,0,0,25.64102564102564,25.64102564102564,0,0,25.64102564102564,0
bronze_Milk_Exchange_gpt-oss-120b-medium_5.cpp,WRONG_ANSWER,77,23.69%,31.25%,0.060,3.27734375,0,0,25.64102564102564,0,0,0,0,0,25.64102564102564,25.64102564102564,0,0,0,0
bronze_Milk_Exchange_gpt-oss-120b-medium_6.cpp,WRONG_ANSWER,154,47.38%,50.00%,0.070,5.08203125,0,25.64102564102564,25.64102564102564,0,0,25.64102564102564,0,0,25.64102564102564,25.64102564102564,0,0,25.64102564102564,0
bronze_Milk_Exchange_gpt-oss-120b-medium_7.cpp,ACCEPTED,333,102.46%,100.00%,0.060,11.5234375,0,25.64102564102564,25.64102564102564,25.64102564102564,25.64102564102564,25.64102564102564,25.64102564102564,25.64102564102564,25.64102564102564,25.64102564102564,25.64102564102564,25.64102564102564,25.64102564102564,25.64102564102564
