solution,status,score,relative_score,%test passed,time,memory,subtask_0,subtask_1,subtask_10,subtask_11,subtask_12,subtask_13,subtask_14,subtask_15,subtask_16,subtask_17,subtask_18,subtask_19,subtask_2,subtask_20,subtask_3,subtask_4,subtask_5,subtask_6,subtask_7,subtask_8,subtask_9
gold_Milk_Exchange_gpt-oss-120b-medium_0.cpp,ACCEPTED,333,104.06%,100.00%,0.170,46.625,0,16.666666666666664,16.666666666666664,16.666666666666664,16.666666666666664,16.666666666666664,16.666666666666664,16.666666666666664,16.666666666666664,16.666666666666664,16.666666666666664,16.666666666666664,16.666666666666664,16.666666666666664,16.666666666666664,16.666666666666664,16.666666666666664,16.666666666666664,16.666666666666664,16.666666666666664,16.666666666666664
gold_Milk_Exchange_gpt-oss-120b-medium_1.cpp,RUNTIME_ERROR,0,0.00%,0.00%,0.140,25.27734375,0,0,0,0,0,0,0,0,0,0,0,0,0,0,0,0,0,0,0,0,0
gold_Milk_Exchange_gpt-oss-120b-medium_2.cpp,ACCEPTED,333,104.06%,100.00%,0.130,33.0078125,0,16.666666666666664,16.666666666666664,16.666666666666664,16.666666666666664,16.666666666666664,16.666666666666664,16.666666666666664,16.666666666666664,16.666666666666664,16.666666666666664,16.666666666666664,16.666666666666664,16.666666666666664,16.666666666666664,16.666666666666664,16.666666666666664,16.666666666666664,16.666666666666664,16.666666666666664,16.666666666666664
gold_Milk_Exchange_gpt-oss-120b-medium_3.cpp,RUNTIME_ERROR,0,0.00%,0.00%,0.150,40.73828125,0,0,0,0,0,0,0,0,0,0,0,0,0,0,0,0,0,0,0,0,0
gold_Milk_Exchange_gpt-oss-120b-medium_4.cpp,RUNTIME_ERROR,0,0.00%,0.00%,0.140,33.0078125,0,0,0,0,0,0,0,0,0,0,0,0,0,0,0,0,0,0,0,0,0
gold_Milk_Exchange_gpt-oss-120b-medium_5.cpp,RUNTIME_ERROR,0,0.00%,0.00%,0.100,9.546875,0,0,0,0,0,0,0,0,0,0,0,0,0,0,0,0,0,0,0,0,0
gold_Milk_Exchange_gpt-oss-120b-medium_6.cpp,RUNTIME_ERROR,0,0.00%,0.00%,0.160,33.0078125,0,0,0,0,0,0,0,0,0,0,0,0,0,0,0,0,0,0,0,0,0
gold_Milk_Exchange_gpt-oss-120b-medium_7.cpp,ACCEPTED,333,104.06%,100.00%,0.150,40.7421875,0,16.666666666666664,16.666666666666664,16.666666666666664,16.666666666666664,16.666666666666664,16.666666666666664,16.666666666666664,16.666666666666664,16.666666666666664,16.666666666666664,16.666666666666664,16.666666666666664,16.666666666666664,16.666666666666664,16.666666666666664,16.666666666666664,16.666666666666664,16.666666666666664,16.666666666666664,16.666666666666664
