solution,status,score,relative_score,%test passed,time,memory,subtask_0,subtask_1,subtask_10,subtask_2,subtask_3,subtask_4,subtask_5,subtask_6,subtask_7,subtask_8,subtask_9
gold_Quantum_Moochanics_gpt-oss-120b-medium_0.cpp,ACCEPTED,333,100.91%,100.00%,0.110,9.9453125,0,33.33333333333333,33.33333333333333,33.33333333333333,33.33333333333333,33.33333333333333,33.33333333333333,33.33333333333333,33.33333333333333,33.33333333333333,33.33333333333333
gold_Quantum_Moochanics_gpt-oss-120b-medium_1.cpp,WRONG_ANSWER,33,10.00%,16.67%,0.100,7.62890625,0,33.33333333333333,0,0,0,0,0,0,0,0,0
gold_Quantum_Moochanics_gpt-oss-120b-medium_2.cpp,WRONG_ANSWER,33,10.00%,16.67%,0.110,4.91015625,0,33.33333333333333,0,0,0,0,0,0,0,0,0
gold_Quantum_Moochanics_gpt-oss-120b-medium_3.cpp,WRONG_ANSWER,33,10.00%,25.00%,0.090,4.91015625,0,33.33333333333333,0,0,0,0,0,0,0,0,0
gold_Quantum_Moochanics_gpt-oss-120b-medium_4.cpp,ACCEPTED,333,100.91%,100.00%,0.110,9.33984375,0,33.33333333333333,33.33333333333333,33.33333333333333,33.33333333333333,33.33333333333333,33.33333333333333,33.33333333333333,33.33333333333333,33.33333333333333,33.33333333333333
gold_Quantum_Moochanics_gpt-oss-120b-medium_5.cpp,WRONG_ANSWER,33,10.00%,16.67%,0.110,7.62890625,0,33.33333333333333,0,0,0,0,0,0,0,0,0
gold_Quantum_Moochanics_gpt-oss-120b-medium_6.cpp,ACCEPTED,333,100.91%,100.00%,0.110,9.6875,0,33.33333333333333,33.33333333333333,33.33333333333333,33.33333333333333,33.33333333333333,33.33333333333333,33.33333333333333,33.33333333333333,33.33333333333333,33.33333333333333
gold_Quantum_Moochanics_gpt-oss-120b-medium_7.cpp,ACCEPTED,333,100.91%,100.00%,0.120,8.8828125,0,33.33333333333333,33.33333333333333,33.33333333333333,33.33333333333333,33.33333333333333,33.33333333333333,33.33333333333333,33.33333333333333,33.33333333333333,33.33333333333333
