solution,status,score,relative_score,%test passed,time,memory,subtask_0,subtask_1,subtask_10,subtask_11,subtask_12,subtask_2,subtask_3,subtask_4,subtask_5,subtask_6,subtask_7,subtask_8,subtask_9
gold_Bessla_Motors_gpt-oss-120b-medium_0.cpp,ACCEPTED,333,102.78%,100.00%,0.400,24.94921875,0,27.777777777777775,27.777777777777775,27.777777777777775,27.777777777777775,27.777777777777775,27.777777777777775,27.777777777777775,27.777777777777775,27.777777777777775,27.777777777777775,27.777777777777775,27.777777777777775
gold_Bessla_Motors_gpt-oss-120b-medium_1.cpp,ACCEPTED,333,102.78%,100.00%,0.550,28.00390625,0,27.777777777777775,27.777777777777775,27.777777777777775,27.777777777777775,27.777777777777775,27.777777777777775,27.777777777777775,27.777777777777775,27.777777777777775,27.777777777777775,27.777777777777775,27.777777777777775
gold_Bessla_Motors_gpt-oss-120b-medium_2.cpp,ACCEPTED,333,102.78%,100.00%,0.730,37.69921875,0,27.777777777777775,27.777777777777775,27.777777777777775,27.777777777777775,27.777777777777775,27.777777777777775,27.777777777777775,27.777777777777775,27.777777777777775,27.777777777777775,27.777777777777775,27.777777777777775
gold_Bessla_Motors_gpt-oss-120b-medium_3.cpp,RUNTIME_ERROR,0,0.00%,0.00%,0.070,8.515625,0,0,0,0,0,0,0,0,0,0,0,0,0
gold_Bessla_Motors_gpt-oss-120b-medium_4.cpp,RUNTIME_ERROR,0,0.00%,0.00%,0.080,11.5078125,0,0,0,0,0,0,0,0,0,0,0,0,0
gold_Bessla_Motors_gpt-oss-120b-medium_5.cpp,ACCEPTED,333,102.78%,100.00%,0.600,37.95703125,0,27.777777777777775,27.777777777777775,27.777777777777775,27.777777777777775,27.777777777777775,27.777777777777775,27.777777777777775,27.777777777777775,27.777777777777775,27.777777777777775,27.777777777777775,27.777777777777775
gold_Bessla_Motors_gpt-oss-120b-medium_6.cpp,MEMORY_LIMIT_EXCEEDED,111,34.26%,46.67%,3.530,156.98828125,0,27.777777777777775,0,0,0,27.777777777777775,27.777777777777775,0,27.777777777777775,0,0,0,0
gold_Bessla_Motors_gpt-oss-120b-medium_7.cpp,ACCEPTED,333,102.78%,100.00%,0.680,37.703125,0,27.777777777777775,27.777777777777775,27.777777777777775,27.777777777777775,27.777777777777775,27.777777777777775,27.777777777777775,27.777777777777775,27.777777777777775,27.777777777777775,27.777777777777775,27.777777777777775
