solution,status,score,relative_score,%test passed,time,memory,subtask_0,subtask_1,subtask_10,subtask_11,subtask_12,subtask_13,subtask_14,subtask_15,subtask_16,subtask_2,subtask_3,subtask_4,subtask_5,subtask_6,subtask_7,subtask_8,subtask_9
platinum_Infinite_Adventure_gpt-oss-120b-medium_0.cpp,RUNTIME_ERROR,42,13.12%,11.11%,0.270,88.1796875,0,0,20.833333333333332,0,0,0,0,0,0,0,0,0,0,0,0,0,20.833333333333332
platinum_Infinite_Adventure_gpt-oss-120b-medium_1.cpp,RUNTIME_ERROR,83,25.94%,22.22%,0.100,25.3828125,0,0,20.833333333333332,0,0,0,0,0,0,0,0,0,0,0,20.833333333333332,20.833333333333332,20.833333333333332
platinum_Infinite_Adventure_gpt-oss-120b-medium_2.cpp,TIME_LIMIT_EXCEEDED,125,39.06%,44.44%,2.420,613.5234375,0,20.833333333333332,20.833333333333332,0,0,0,0,0,0,20.833333333333332,20.833333333333332,20.833333333333332,0,0,0,0,20.833333333333332
platinum_Infinite_Adventure_gpt-oss-120b-medium_3.cpp,TIME_LIMIT_EXCEEDED,125,39.06%,44.44%,2.430,613.51953125,0,20.833333333333332,20.833333333333332,0,0,0,0,0,0,20.833333333333332,20.833333333333332,20.833333333333332,0,0,0,0,20.833333333333332
platinum_Infinite_Adventure_gpt-oss-120b-medium_4.cpp,COMPILATION_ERROR,0,0.00%,0.00%,0.000,0,0,0,0,0,0,0,0,0,0,0,0,0,0,0,0,0,0
platinum_Infinite_Adventure_gpt-oss-120b-medium_5.cpp,MEMORY_LIMIT_EXCEEDED,0,0.00%,0.00%,1.200,613.6015625,0,0,0,0,0,0,0,0,0,0,0,0,0,0,0,0,0
platinum_Infinite_Adventure_gpt-oss-120b-medium_6.cpp,MEMORY_LIMIT_EXCEEDED,125,39.06%,44.44%,1.980,613.65625,0,0,20.833333333333332,0,0,0,0,0,0,20.833333333333332,20.833333333333332,20.833333333333332,0,20.833333333333332,0,0,20.833333333333332
platinum_Infinite_Adventure_gpt-oss-120b-medium_7.cpp,TIME_LIMIT_EXCEEDED,0,0.00%,0.00%,2.420,577.55078125,0,0,0,0,0,0,0,0,0,0,0,0,0,0,0,0,0
