solution,status,score,relative_score,%test passed,time,memory,subtask_0,subtask_1,subtask_10,subtask_2,subtask_3,subtask_4,subtask_5,subtask_6,subtask_7,subtask_8,subtask_9
silver_Moorbles_gpt-oss-120b-medium_0.cpp,ACCEPTED,333,100.91%,100.00%,0.110,26.55859375,0,33.33333333333333,33.33333333333333,33.33333333333333,33.33333333333333,33.33333333333333,33.33333333333333,33.33333333333333,33.33333333333333,33.33333333333333,33.33333333333333
silver_Moorbles_gpt-oss-120b-medium_1.cpp,ACCEPTED,333,100.91%,100.00%,0.120,33.265625,0,33.33333333333333,33.33333333333333,33.33333333333333,33.33333333333333,33.33333333333333,33.33333333333333,33.33333333333333,33.33333333333333,33.33333333333333,33.33333333333333
silver_Moorbles_gpt-oss-120b-medium_2.cpp,ACCEPTED,333,100.91%,100.00%,0.110,17.51171875,0,33.33333333333333,33.33333333333333,33.33333333333333,33.33333333333333,33.33333333333333,33.33333333333333,33.33333333333333,33.33333333333333,33.33333333333333,33.33333333333333
silver_Moorbles_gpt-oss-120b-medium_3.cpp,ACCEPTED,333,100.91%,100.00%,0.110,17.51171875,0,33.33333333333333,33.33333333333333,33.33333333333333,33.33333333333333,33.33333333333333,33.33333333333333,33.33333333333333,33.33333333333333,33.33333333333333,33.33333333333333
silver_Moorbles_gpt-oss-120b-medium_4.cpp,ACCEPTED,333,100.91%,100.00%,0.110,26.5625,0,33.33333333333333,33.33333333333333,33.33333333333333,33.33333333333333,33.33333333333333,33.33333333333333,33.33333333333333,33.33333333333333,33.33333333333333,33.33333333333333
silver_Moorbles_gpt-oss-120b-medium_5.cpp,ACCEPTED,333,100.91%,100.00%,0.110,17.51171875,0,33.33333333333333,33.33333333333333,33.33333333333333,33.33333333333333,33.33333333333333,33.33333333333333,33.33333333333333,33.33333333333333,33.33333333333333,33.33333333333333
silver_Moorbles_gpt-oss-120b-medium_6.cpp,WRONG_ANSWER,67,20.30%,33.33%,0.110,14.15625,0,0,0,0,0,0,0,0,33.33333333333333,33.33333333333333,0
silver_Moorbles_gpt-oss-120b-medium_7.cpp,ACCEPTED,333,100.91%,100.00%,0.120,18.65234375,0,33.33333333333333,33.33333333333333,33.33333333333333,33.33333333333333,33.33333333333333,33.33333333333333,33.33333333333333,33.33333333333333,33.33333333333333,33.33333333333333
