solution,status,score,%test passed,time,memory,subtask_0,subtask_1,subtask_10,subtask_2,subtask_3,subtask_4,subtask_5,subtask_6,subtask_7,subtask_8,subtask_9
bronze_Walking_Along_a_Fence_gpt-oss-120b-low_0.cpp,ACCEPTED,333,100.00%,0.130,10.83203125,0,33.33333333333333,33.33333333333333,33.33333333333333,33.33333333333333,33.33333333333333,33.33333333333333,33.33333333333333,33.33333333333333,33.33333333333333,33.33333333333333
bronze_Walking_Along_a_Fence_gpt-oss-120b-low_1.cpp,WRONG_ANSWER,0,0.00%,0.120,14.95703125,0,0,0,0,0,0,0,0,0,0,0
bronze_Walking_Along_a_Fence_gpt-oss-120b-low_2.cpp,ACCEPTED,333,100.00%,0.140,20.11328125,0,33.33333333333333,33.33333333333333,33.33333333333333,33.33333333333333,33.33333333333333,33.33333333333333,33.33333333333333,33.33333333333333,33.33333333333333,33.33333333333333
bronze_Walking_Along_a_Fence_gpt-oss-120b-low_3.cpp,WRONG_ANSWER,0,0.00%,0.140,16.390625,0,0,0,0,0,0,0,0,0,0,0
bronze_Walking_Along_a_Fence_gpt-oss-120b-low_4.cpp,ACCEPTED,333,100.00%,0.130,16.76171875,0,33.33333333333333,33.33333333333333,33.33333333333333,33.33333333333333,33.33333333333333,33.33333333333333,33.33333333333333,33.33333333333333,33.33333333333333,33.33333333333333
bronze_Walking_Along_a_Fence_gpt-oss-120b-low_5.cpp,WRONG_ANSWER,0,0.00%,0.130,23.2109375,0,0,0,0,0,0,0,0,0,0,0
bronze_Walking_Along_a_Fence_gpt-oss-120b-low_6.cpp,ACCEPTED,333,100.00%,0.150,21.65625,0,33.33333333333333,33.33333333333333,33.33333333333333,33.33333333333333,33.33333333333333,33.33333333333333,33.33333333333333,33.33333333333333,33.33333333333333,33.33333333333333
bronze_Walking_Along_a_Fence_gpt-oss-120b-low_7.cpp,ACCEPTED,333,100.00%,0.140,16.76171875,0,33.33333333333333,33.33333333333333,33.33333333333333,33.33333333333333,33.33333333333333,33.33333333333333,33.33333333333333,33.33333333333333,33.33333333333333,33.33333333333333
