solution,status,score,%test passed,time,memory,subtask_0,subtask_1,subtask_10,subtask_11,subtask_12,subtask_13,subtask_14,subtask_15,subtask_16,subtask_17,subtask_2,subtask_3,subtask_4,subtask_5,subtask_6,subtask_7,subtask_8,subtask_9
bronze_FEB_deepseek-chat_0.cpp,TIME_LIMIT_EXCEEDED,118,45.00%,2.230,2.21875,0,19.6078431372549,0,0,19.6078431372549,0,0,0,0,0,19.6078431372549,19.6078431372549,19.6078431372549,19.6078431372549,0,0,0,0
bronze_FEB_deepseek-chat_1.cpp,RUNTIME_ERROR,98,30.00%,0.050,2.29296875,0,19.6078431372549,0,0,19.6078431372549,0,0,19.6078431372549,0,0,19.6078431372549,0,0,19.6078431372549,0,0,0,0
bronze_FEB_deepseek-chat_2.cpp,RUNTIME_ERROR,78,25.00%,0.040,1.73828125,0,19.6078431372549,0,0,19.6078431372549,0,0,19.6078431372549,0,0,19.6078431372549,0,0,0,0,0,0,0
bronze_FEB_deepseek-chat_3.cpp,WRONG_ANSWER,118,40.00%,0.060,22.93359375,0,19.6078431372549,0,0,19.6078431372549,0,0,19.6078431372549,0,19.6078431372549,19.6078431372549,0,0,19.6078431372549,0,0,0,0
bronze_FEB_deepseek-chat_4.cpp,RUNTIME_ERROR,20,10.00%,0.040,1.703125,0,0,0,0,19.6078431372549,0,0,0,0,0,0,0,0,0,0,0,0,0
bronze_FEB_deepseek-chat_5.cpp,RUNTIME_ERROR,20,10.00%,0.040,2.10546875,0,0,0,0,19.6078431372549,0,0,0,0,0,0,0,0,0,0,0,0,0
bronze_FEB_deepseek-chat_6.cpp,RUNTIME_ERROR,0,0.00%,0.040,1.73046875,0,0,0,0,0,0,0,0,0,0,0,0,0,0,0,0,0,0
bronze_FEB_deepseek-chat_7.cpp,RUNTIME_ERROR,98,30.00%,0.050,1.70703125,0,19.6078431372549,0,0,19.6078431372549,0,0,19.6078431372549,0,0,19.6078431372549,0,0,19.6078431372549,0,0,0,0
