solution,status,score,%test passed,time,memory,subtask_0,subtask_1,subtask_10,subtask_11,subtask_12,subtask_13,subtask_14,subtask_15,subtask_16,subtask_17,subtask_18,subtask_19,subtask_2,subtask_3,subtask_4,subtask_5,subtask_6,subtask_7,subtask_8,subtask_9
silver_Field_Day_deepseek-chat_0.cpp,TIME_LIMIT_EXCEEDED,70,20.00%,2.230,6.01171875,0,17.543859649122805,0,0,0,0,0,0,0,0,0,0,17.543859649122805,17.543859649122805,17.543859649122805,0,0,0,0,0
silver_Field_Day_deepseek-chat_1.cpp,TIME_LIMIT_EXCEEDED,211,65.00%,2.250,5.76171875,0,17.543859649122805,17.543859649122805,17.543859649122805,17.543859649122805,17.543859649122805,17.543859649122805,17.543859649122805,0,17.543859649122805,0,0,17.543859649122805,17.543859649122805,17.543859649122805,0,0,0,0,17.543859649122805
silver_Field_Day_deepseek-chat_2.cpp,MEMORY_LIMIT_EXCEEDED,70,20.00%,0.060,2.84375,0,17.543859649122805,0,0,0,0,0,0,0,0,0,0,17.543859649122805,17.543859649122805,17.543859649122805,0,0,0,0,0
silver_Field_Day_deepseek-chat_3.cpp,WRONG_ANSWER,0,0.00%,0.110,47.703125,0,0,0,0,0,0,0,0,0,0,0,0,0,0,0,0,0,0,0,0
silver_Field_Day_deepseek-chat_4.cpp,TIME_LIMIT_EXCEEDED,35,10.00%,2.240,6.26953125,0,0,0,0,0,0,0,0,0,0,17.543859649122805,17.543859649122805,0,0,0,0,0,0,0,0
silver_Field_Day_deepseek-chat_5.cpp,TIME_LIMIT_EXCEEDED,88,30.00%,2.270,6.265625,0,17.543859649122805,0,0,0,0,0,0,0,17.543859649122805,0,0,17.543859649122805,17.543859649122805,17.543859649122805,0,0,0,0,0
silver_Field_Day_deepseek-chat_6.cpp,TIME_LIMIT_EXCEEDED,70,25.00%,2.230,6.015625,0,17.543859649122805,0,0,0,0,0,0,0,0,0,0,17.543859649122805,17.543859649122805,17.543859649122805,0,0,0,0,0
silver_Field_Day_deepseek-chat_7.cpp,TIME_LIMIT_EXCEEDED,70,20.00%,2.210,5.76171875,0,17.543859649122805,0,0,0,0,0,0,0,0,0,0,17.543859649122805,17.543859649122805,17.543859649122805,0,0,0,0,0
