solution,status,score,%test passed,time,memory,subtask_0,subtask_1,subtask_2,subtask_3
milano_QwQ-32B_0.cpp,ACCEPTED,110,100.00%,0.100,5.42578125,21,18,31,40
milano_QwQ-32B_1.cpp,ACCEPTED,110,100.00%,0.100,6.20703125,21,18,31,40
milano_QwQ-32B_2.cpp,ACCEPTED,110,100.00%,0.100,6.72265625,21,18,31,40
milano_QwQ-32B_3.cpp,ACCEPTED,110,100.00%,0.110,5.42578125,21,18,31,40
milano_QwQ-32B_4.cpp,ACCEPTED,110,100.00%,0.100,6.20703125,21,18,31,40
milano_QwQ-32B_5.cpp,ACCEPTED,110,100.00%,0.100,5.4296875,21,18,31,40
milano_QwQ-32B_6.cpp,ACCEPTED,110,100.00%,0.100,5.1640625,21,18,31,40
milano_QwQ-32B_7.cpp,ACCEPTED,110,100.00%,0.100,5.94140625,21,18,31,40
