solution,status,score,%test passed,time,memory,subtask_0,subtask_1,subtask_10,subtask_11,subtask_12,subtask_13,subtask_14,subtask_2,subtask_3,subtask_4,subtask_5,subtask_6,subtask_7,subtask_8,subtask_9
gold_Equal_Sum_Subarrays_Qwen3-4B_0.cpp,ACCEPTED,333,100.00%,3.260,3.3984375,0,23.809523809523807,23.809523809523807,23.809523809523807,23.809523809523807,23.809523809523807,23.809523809523807,23.809523809523807,23.809523809523807,23.809523809523807,23.809523809523807,23.809523809523807,23.809523809523807,23.809523809523807,23.809523809523807
gold_Equal_Sum_Subarrays_Qwen3-4B_1.cpp,COMPILATION_ERROR,0,0.00%,0.000,0,0,0,0,0,0,0,0,0,0,0,0,0,0,0,0
gold_Equal_Sum_Subarrays_Qwen3-4B_2.cpp,TIME_LIMIT_EXCEEDED,214,68.75%,3.620,3.40234375,0,23.809523809523807,23.809523809523807,0,0,0,23.809523809523807,23.809523809523807,23.809523809523807,23.809523809523807,23.809523809523807,0,0,23.809523809523807,23.809523809523807
gold_Equal_Sum_Subarrays_Qwen3-4B_3.cpp,ACCEPTED,333,100.00%,2.860,3.42578125,0,23.809523809523807,23.809523809523807,23.809523809523807,23.809523809523807,23.809523809523807,23.809523809523807,23.809523809523807,23.809523809523807,23.809523809523807,23.809523809523807,23.809523809523807,23.809523809523807,23.809523809523807,23.809523809523807
gold_Equal_Sum_Subarrays_Qwen3-4B_4.cpp,TIME_LIMIT_EXCEEDED,48,25.00%,3.610,6.96875,0,23.809523809523807,0,0,0,0,0,23.809523809523807,0,0,0,0,0,0,0
gold_Equal_Sum_Subarrays_Qwen3-4B_5.cpp,ACCEPTED,333,100.00%,3.300,3.453125,0,23.809523809523807,23.809523809523807,23.809523809523807,23.809523809523807,23.809523809523807,23.809523809523807,23.809523809523807,23.809523809523807,23.809523809523807,23.809523809523807,23.809523809523807,23.809523809523807,23.809523809523807,23.809523809523807
gold_Equal_Sum_Subarrays_Qwen3-4B_6.cpp,TIME_LIMIT_EXCEEDED,48,25.00%,3.620,3.453125,0,23.809523809523807,0,0,0,0,0,23.809523809523807,0,0,0,0,0,0,0
gold_Equal_Sum_Subarrays_Qwen3-4B_7.cpp,ACCEPTED,333,100.00%,3.310,3.453125,0,23.809523809523807,23.809523809523807,23.809523809523807,23.809523809523807,23.809523809523807,23.809523809523807,23.809523809523807,23.809523809523807,23.809523809523807,23.809523809523807,23.809523809523807,23.809523809523807,23.809523809523807,23.809523809523807
