solution,status,score,%test passed,time,memory,subtask_0,subtask_1,subtask_10,subtask_11,subtask_12,subtask_2,subtask_3,subtask_4,subtask_5,subtask_6,subtask_7,subtask_8,subtask_9
gold_Piling_Papers_gpt-5_0.cpp,RUNTIME_ERROR,0,0.00%,0.020,2.32421875,0,0,0,0,0,0,0,0,0,0,0,0,0
gold_Piling_Papers_gpt-5_1.cpp,TIME_LIMIT_EXCEEDED,0,0.00%,2.410,0.00390625,0,0,0,0,0,0,0,0,0,0,0,0,0
gold_Piling_Papers_gpt-5_2.cpp,TIME_LIMIT_EXCEEDED,0,0.00%,2.530,2.5859375,0,0,0,0,0,0,0,0,0,0,0,0,0
gold_Piling_Papers_gpt-5_3.cpp,WRONG_ANSWER,0,0.00%,0.620,3.25390625,0,0,0,0,0,0,0,0,0,0,0,0,0
gold_Piling_Papers_gpt-5_4.cpp,ACCEPTED,333,100.00%,0.990,29.765625,0,27.777777777777775,27.777777777777775,27.777777777777775,27.777777777777775,27.777777777777775,27.777777777777775,27.777777777777775,27.777777777777775,27.777777777777775,27.777777777777775,27.777777777777775,27.777777777777775
gold_Piling_Papers_gpt-5_5.cpp,ACCEPTED,333,100.00%,0.410,2.58203125,0,27.777777777777775,27.777777777777775,27.777777777777775,27.777777777777775,27.777777777777775,27.777777777777775,27.777777777777775,27.777777777777775,27.777777777777775,27.777777777777775,27.777777777777775,27.777777777777775
gold_Piling_Papers_gpt-5_6.cpp,TIME_LIMIT_EXCEEDED,56,23.08%,2.460,2.328125,0,27.777777777777775,0,0,0,27.777777777777775,0,0,0,0,0,0,0
gold_Piling_Papers_gpt-5_7.cpp,TIME_LIMIT_EXCEEDED,56,15.38%,2.440,0.00390625,0,27.777777777777775,0,0,0,27.777777777777775,0,0,0,0,0,0,0
