solution,status,score,%test passed,time,memory,subtask_0,subtask_1,subtask_10,subtask_11,subtask_12,subtask_13,subtask_14,subtask_15,subtask_16,subtask_17,subtask_18,subtask_19,subtask_2,subtask_20,subtask_21,subtask_22,subtask_3,subtask_4,subtask_5,subtask_6,subtask_7,subtask_8,subtask_9
platinum_Watching_Cowflix_gpt-5_0.cpp,RUNTIME_ERROR,0,0.00%,0.090,31.3828125,0,0,0,0,0,0,0,0,0,0,0,0,0,0,0,0,0,0,0,0,0,0,0
platinum_Watching_Cowflix_gpt-5_1.cpp,TIME_LIMIT_EXCEEDED,0,0.00%,3.660,23.08984375,0,0,0,0,0,0,0,0,0,0,0,0,0,0,0,0,0,0,0,0,0,0,0
platinum_Watching_Cowflix_gpt-5_2.cpp,RUNTIME_ERROR,0,0.00%,0.160,45.07421875,0,0,0,0,0,0,0,0,0,0,0,0,0,0,0,0,0,0,0,0,0,0,0
platinum_Watching_Cowflix_gpt-5_3.cpp,ACCEPTED,333,100.00%,1.580,35.515625,0,15.15151515151515,15.15151515151515,15.15151515151515,15.15151515151515,15.15151515151515,15.15151515151515,15.15151515151515,15.15151515151515,15.15151515151515,15.15151515151515,15.15151515151515,15.15151515151515,15.15151515151515,15.15151515151515,15.15151515151515,15.15151515151515,15.15151515151515,15.15151515151515,15.15151515151515,15.15151515151515,15.15151515151515,15.15151515151515
platinum_Watching_Cowflix_gpt-5_4.cpp,ACCEPTED,333,100.00%,0.460,54.34765625,0,15.15151515151515,15.15151515151515,15.15151515151515,15.15151515151515,15.15151515151515,15.15151515151515,15.15151515151515,15.15151515151515,15.15151515151515,15.15151515151515,15.15151515151515,15.15151515151515,15.15151515151515,15.15151515151515,15.15151515151515,15.15151515151515,15.15151515151515,15.15151515151515,15.15151515151515,15.15151515151515,15.15151515151515,15.15151515151515
platinum_Watching_Cowflix_gpt-5_5.cpp,TIME_LIMIT_EXCEEDED,45,20.83%,3.630,61.02734375,0,15.15151515151515,0,0,0,0,0,0,0,0,0,0,15.15151515151515,0,0,0,15.15151515151515,0,0,0,0,0,0
platinum_Watching_Cowflix_gpt-5_6.cpp,RUNTIME_ERROR,0,0.00%,0.160,20.4765625,0,0,0,0,0,0,0,0,0,0,0,0,0,0,0,0,0,0,0,0,0,0,0
platinum_Watching_Cowflix_gpt-5_7.cpp,WRONG_ANSWER,91,33.33%,0.770,14.73046875,0,15.15151515151515,0,0,0,0,0,0,0,0,0,0,15.15151515151515,0,0,0,15.15151515151515,15.15151515151515,15.15151515151515,15.15151515151515,0,0,0
