solution,status,score,%test passed,time,memory,subtask_0,subtask_1,subtask_10,subtask_11,subtask_12,subtask_13,subtask_14,subtask_15,subtask_16,subtask_17,subtask_18,subtask_19,subtask_2,subtask_20,subtask_3,subtask_4,subtask_5,subtask_6,subtask_7,subtask_8,subtask_9
platinum_Hungry_Cow_gpt-5_0.cpp,TIME_LIMIT_EXCEEDED,133,45.45%,7.220,21.953125,0,16.666666666666664,0,0,0,0,0,0,0,0,0,0,16.666666666666664,0,16.666666666666664,16.666666666666664,16.666666666666664,16.666666666666664,16.666666666666664,16.666666666666664,0
platinum_Hungry_Cow_gpt-5_1.cpp,ACCEPTED,333,100.00%,2.660,9.08203125,0,16.666666666666664,16.666666666666664,16.666666666666664,16.666666666666664,16.666666666666664,16.666666666666664,16.666666666666664,16.666666666666664,16.666666666666664,16.666666666666664,16.666666666666664,16.666666666666664,16.666666666666664,16.666666666666664,16.666666666666664,16.666666666666664,16.666666666666664,16.666666666666664,16.666666666666664,16.666666666666664
platinum_Hungry_Cow_gpt-5_2.cpp,ACCEPTED,333,100.00%,0.510,15.47265625,0,16.666666666666664,16.666666666666664,16.666666666666664,16.666666666666664,16.666666666666664,16.666666666666664,16.666666666666664,16.666666666666664,16.666666666666664,16.666666666666664,16.666666666666664,16.666666666666664,16.666666666666664,16.666666666666664,16.666666666666664,16.666666666666664,16.666666666666664,16.666666666666664,16.666666666666664,16.666666666666664
platinum_Hungry_Cow_gpt-5_3.cpp,RUNTIME_ERROR,17,4.55%,0.210,34.65625,0,0,0,0,0,0,0,0,0,0,0,0,16.666666666666664,0,0,0,0,0,0,0,0
platinum_Hungry_Cow_gpt-5_4.cpp,TIME_LIMIT_EXCEEDED,17,13.64%,7.250,18.15234375,0,16.666666666666664,0,0,0,0,0,0,0,0,0,0,0,0,0,0,0,0,0,0,0
platinum_Hungry_Cow_gpt-5_5.cpp,TIME_LIMIT_EXCEEDED,133,45.45%,7.240,22.7890625,0,16.666666666666664,0,0,0,0,0,0,0,0,0,0,16.666666666666664,0,16.666666666666664,16.666666666666664,16.666666666666664,16.666666666666664,16.666666666666664,16.666666666666664,0
platinum_Hungry_Cow_gpt-5_6.cpp,TIME_LIMIT_EXCEEDED,133,45.45%,7.210,24.60546875,0,16.666666666666664,0,0,0,0,0,0,0,0,0,0,16.666666666666664,0,16.666666666666664,16.666666666666664,16.666666666666664,16.666666666666664,16.666666666666664,16.666666666666664,0
platinum_Hungry_Cow_gpt-5_7.cpp,WRONG_ANSWER,17,13.64%,0.190,20.453125,0,0,0,0,0,0,0,0,0,0,0,0,16.666666666666664,0,0,0,0,0,0,0,0
