solution,status,score,%test passed,time,memory,subtask_0,subtask_1,subtask_10,subtask_2,subtask_3,subtask_4,subtask_5,subtask_6,subtask_7,subtask_8,subtask_9
bronze_Its_Mooin_Time_deepseek-chat_0.cpp,RUNTIME_ERROR,0,0.00%,0.040,0.00390625,0,0,0,0,0,0,0,0,0,0,0
bronze_Its_Mooin_Time_deepseek-chat_1.cpp,RUNTIME_ERROR,0,0.00%,0.070,1.546875,0,0,0,0,0,0,0,0,0,0,0
bronze_Its_Mooin_Time_deepseek-chat_2.cpp,TIME_LIMIT_EXCEEDED,0,7.69%,2.280,0.00390625,0,0,0,0,0,0,0,0,0,0,0
bronze_Its_Mooin_Time_deepseek-chat_3.cpp,RUNTIME_ERROR,33,7.69%,0.060,0.00390625,0,0,0,0,0,33.33333333333333,0,0,0,0,0
bronze_Its_Mooin_Time_deepseek-chat_4.cpp,RUNTIME_ERROR,33,7.69%,0.060,0.00390625,0,0,0,0,0,33.33333333333333,0,0,0,0,0
bronze_Its_Mooin_Time_deepseek-chat_5.cpp,RUNTIME_ERROR,33,7.69%,0.040,0.00390625,0,0,0,0,0,33.33333333333333,0,0,0,0,0
bronze_Its_Mooin_Time_deepseek-chat_6.cpp,ACCEPTED,333,100.00%,0.290,0.00390625,0,33.33333333333333,33.33333333333333,33.33333333333333,33.33333333333333,33.33333333333333,33.33333333333333,33.33333333333333,33.33333333333333,33.33333333333333,33.33333333333333
bronze_Its_Mooin_Time_deepseek-chat_7.cpp,ACCEPTED,333,100.00%,0.090,0.00390625,0,33.33333333333333,33.33333333333333,33.33333333333333,33.33333333333333,33.33333333333333,33.33333333333333,33.33333333333333,33.33333333333333,33.33333333333333,33.33333333333333
