solution,status,score,%test passed,time,memory,subtask_0,subtask_1,subtask_10,subtask_2,subtask_3,subtask_4,subtask_5,subtask_6,subtask_7,subtask_8,subtask_9
silver_Deforestation_deepseek-chat_0.cpp,TIME_LIMIT_EXCEEDED,133,45.45%,2.230,4.18359375,0,33.33333333333333,0,33.33333333333333,33.33333333333333,33.33333333333333,0,0,0,0,0
silver_Deforestation_deepseek-chat_1.cpp,TIME_LIMIT_EXCEEDED,133,45.45%,2.230,2.84375,0,33.33333333333333,0,33.33333333333333,33.33333333333333,33.33333333333333,0,0,0,0,0
silver_Deforestation_deepseek-chat_2.cpp,WRONG_ANSWER,67,18.18%,0.190,5.15234375,0,0,0,0,0,0,33.33333333333333,33.33333333333333,0,0,0
silver_Deforestation_deepseek-chat_3.cpp,MEMORY_LIMIT_EXCEEDED,0,0.00%,0.150,5.2265625,0,0,0,0,0,0,0,0,0,0,0
silver_Deforestation_deepseek-chat_4.cpp,TIME_LIMIT_EXCEEDED,0,0.00%,2.210,4.5625,0,0,0,0,0,0,0,0,0,0,0
silver_Deforestation_deepseek-chat_5.cpp,ACCEPTED,333,100.00%,0.850,4.29296875,0,33.33333333333333,33.33333333333333,33.33333333333333,33.33333333333333,33.33333333333333,33.33333333333333,33.33333333333333,33.33333333333333,33.33333333333333,33.33333333333333
silver_Deforestation_deepseek-chat_6.cpp,TIME_LIMIT_EXCEEDED,133,45.45%,2.230,4.18359375,0,33.33333333333333,0,33.33333333333333,33.33333333333333,33.33333333333333,0,0,0,0,0
silver_Deforestation_deepseek-chat_7.cpp,TIME_LIMIT_EXCEEDED,133,45.45%,2.220,4.18359375,0,33.33333333333333,0,33.33333333333333,33.33333333333333,33.33333333333333,0,0,0,0,0
