solution,status,score,%test passed,time,memory,subtask_0,subtask_1,subtask_10,subtask_11,subtask_12,subtask_2,subtask_3,subtask_4,subtask_5,subtask_6,subtask_7,subtask_8,subtask_9
silver_Target_Practice_seed-oss_0.cpp,RUNTIME_ERROR,28,6.67%,0.040,6.0703125,0,27.777777777777775,0,0,0,0,0,0,0,0,0,0,0
silver_Target_Practice_seed-oss_1.cpp,WRONG_ANSWER,56,26.67%,0.050,7.67578125,0,27.777777777777775,0,0,0,27.777777777777775,0,0,0,0,0,0,0
silver_Target_Practice_seed-oss_2.cpp,WRONG_ANSWER,83,40.00%,0.030,4.28125,0,27.777777777777775,0,0,0,0,0,27.777777777777775,0,0,0,0,27.777777777777775
silver_Target_Practice_seed-oss_3.cpp,WRONG_ANSWER,83,40.00%,0.030,6.515625,0,27.777777777777775,0,0,0,0,0,27.777777777777775,0,0,0,0,27.777777777777775
silver_Target_Practice_seed-oss_4.cpp,WRONG_ANSWER,250,73.33%,0.050,10.87890625,0,27.777777777777775,27.777777777777775,27.777777777777775,27.777777777777775,27.777777777777775,27.777777777777775,0,0,27.777777777777775,27.777777777777775,27.777777777777775,0
silver_Target_Practice_seed-oss_5.cpp,WRONG_ANSWER,56,26.67%,0.040,12.703125,0,27.777777777777775,0,0,0,27.777777777777775,0,0,0,0,0,0,0
silver_Target_Practice_seed-oss_6.cpp,RUNTIME_ERROR,28,26.67%,0.030,10.4296875,0,0,0,0,0,0,0,27.777777777777775,0,0,0,0,0
silver_Target_Practice_seed-oss_7.cpp,ACCEPTED,333,100.00%,0.050,17.96484375,0,27.777777777777775,27.777777777777775,27.777777777777775,27.777777777777775,27.777777777777775,27.777777777777775,27.777777777777775,27.777777777777775,27.777777777777775,27.777777777777775,27.777777777777775,27.777777777777775
