solution,status,score,%test passed,time,memory,subtask_0,subtask_1,subtask_10,subtask_11,subtask_12,subtask_13,subtask_14,subtask_15,subtask_2,subtask_3,subtask_4,subtask_5,subtask_6,subtask_7,subtask_8,subtask_9
silver_Bovine_Acrobatics_seed-oss_0.cpp,ACCEPTED,333,100.00%,0.080,17.28125,0,22.22222222222222,22.22222222222222,22.22222222222222,22.22222222222222,22.22222222222222,22.22222222222222,22.22222222222222,22.22222222222222,22.22222222222222,22.22222222222222,22.22222222222222,22.22222222222222,22.22222222222222,22.22222222222222,22.22222222222222
silver_Bovine_Acrobatics_seed-oss_1.cpp,ACCEPTED,333,100.00%,0.070,8.2578125,0,22.22222222222222,22.22222222222222,22.22222222222222,22.22222222222222,22.22222222222222,22.22222222222222,22.22222222222222,22.22222222222222,22.22222222222222,22.22222222222222,22.22222222222222,22.22222222222222,22.22222222222222,22.22222222222222,22.22222222222222
silver_Bovine_Acrobatics_seed-oss_2.cpp,TIME_LIMIT_EXCEEDED,89,35.29%,2.410,10.578125,0,0,22.22222222222222,0,0,0,0,0,22.22222222222222,0,0,0,0,0,22.22222222222222,22.22222222222222
silver_Bovine_Acrobatics_seed-oss_3.cpp,TIME_LIMIT_EXCEEDED,200,64.71%,2.420,7.796875,0,22.22222222222222,22.22222222222222,0,0,0,0,0,22.22222222222222,22.22222222222222,22.22222222222222,22.22222222222222,0,22.22222222222222,22.22222222222222,22.22222222222222
silver_Bovine_Acrobatics_seed-oss_4.cpp,RUNTIME_ERROR,89,23.53%,0.440,12.125,0,0,22.22222222222222,0,0,0,0,0,22.22222222222222,0,0,0,0,0,22.22222222222222,22.22222222222222
silver_Bovine_Acrobatics_seed-oss_5.cpp,WRONG_ANSWER,89,35.29%,0.130,20.37109375,0,0,22.22222222222222,0,0,0,0,0,22.22222222222222,0,0,0,0,0,22.22222222222222,22.22222222222222
silver_Bovine_Acrobatics_seed-oss_6.cpp,WRONG_ANSWER,89,35.29%,0.070,9.8046875,0,0,22.22222222222222,0,0,0,0,0,22.22222222222222,0,0,0,0,0,22.22222222222222,22.22222222222222
silver_Bovine_Acrobatics_seed-oss_7.cpp,ACCEPTED,333,100.00%,0.070,6.6953125,0,22.22222222222222,22.22222222222222,22.22222222222222,22.22222222222222,22.22222222222222,22.22222222222222,22.22222222222222,22.22222222222222,22.22222222222222,22.22222222222222,22.22222222222222,22.22222222222222,22.22222222222222,22.22222222222222,22.22222222222222
