solution,status,score,%test passed,time,memory,subtask_0,subtask_1,subtask_2,subtask_3,subtask_4,subtask_5,subtask_6,subtask_7,subtask_8,subtask_9
ones_Mistral-Large-Instruct-2411_0.cpp,WRONG_ANSWER,3,0.00%,0.140,1.953125,0.00403,0.00719,0.015809999999999998,0.02895,0.052890000000000006,0.11624000000000001,0.20967,0.37653,0.81424,1.4774
ones_Mistral-Large-Instruct-2411_1.cpp,WRONG_ANSWER,3,0.00%,0.220,1.95703125,0.00362,0.00681,0.015510000000000001,0.02866,0.05259,0.11599,0.20944000000000002,0.37631,0.81403,1.47723
ones_Mistral-Large-Instruct-2411_2.cpp,WRONG_ANSWER,9,0.00%,0.260,1.95703125,1.3750299999999998,1.28998,1.1627999999999998,1.05952,0.9554,0.81851,0.71762,0.61903,0.49101,0.39582
ones_Mistral-Large-Instruct-2411_3.cpp,WRONG_ANSWER,0,0.00%,0.120,1.80859375,0.0,0.0,0.0,0.0,0.0,0.0,0.0,0.0,0.0,0.0
ones_Mistral-Large-Instruct-2411_4.cpp,WRONG_ANSWER,3,0.00%,0.200,1.953125,0.00362,0.00681,0.015510000000000001,0.02866,0.05259,0.11599,0.20944000000000002,0.37631,0.81403,1.47723
ones_Mistral-Large-Instruct-2411_5.cpp,WRONG_ANSWER,3,0.00%,0.200,1.953125,0.00403,0.00719,0.015809999999999998,0.02895,0.052890000000000006,0.11624000000000001,0.20967,0.37653,0.81424,1.4774
ones_Mistral-Large-Instruct-2411_6.cpp,WRONG_ANSWER,0,0.00%,0.120,1.80859375,0.0,0.0,0.0,0.0,0.0,0.0,0.0,0.0,0.0,0.0
ones_Mistral-Large-Instruct-2411_7.cpp,WRONG_ANSWER,3,0.00%,0.210,1.953125,0.00441,0.00761,0.01623,0.029220000000000003,0.05314,0.11643,0.20984,0.37670000000000003,0.81429,1.47729
