solution,status,score,%test passed,time,memory,subtask_0,subtask_1,subtask_10,subtask_11,subtask_12,subtask_2,subtask_3,subtask_4,subtask_5,subtask_6,subtask_7,subtask_8,subtask_9
silver_Cowlendar_QwQ-32B_0.cpp,TIME_LIMIT_EXCEEDED,139,50.00%,2.380,129.625,0,0,0,27.777777777777775,0,27.777777777777775,0,27.777777777777775,27.777777777777775,0,0,0,27.777777777777775
silver_Cowlendar_QwQ-32B_1.cpp,WRONG_ANSWER,139,50.00%,0.110,1.55078125,0,27.777777777777775,27.777777777777775,0,0,0,27.777777777777775,0,0,27.777777777777775,0,27.777777777777775,0
silver_Cowlendar_QwQ-32B_2.cpp,TIME_LIMIT_EXCEEDED,306,78.57%,2.270,2.01171875,0,0,27.777777777777775,27.777777777777775,27.777777777777775,27.777777777777775,27.777777777777775,27.777777777777775,27.777777777777775,27.777777777777775,27.777777777777775,27.777777777777775,27.777777777777775
silver_Cowlendar_QwQ-32B_3.cpp,COMPILATION_ERROR,0,0.00%,0.000,0,0,0,0,0,0,0,0,0,0,0,0,0,0
silver_Cowlendar_QwQ-32B_4.cpp,RUNTIME_ERROR,194,50.00%,1.080,4.69140625,0,0,0,27.777777777777775,27.777777777777775,27.777777777777775,0,27.777777777777775,27.777777777777775,0,27.777777777777775,0,27.777777777777775
silver_Cowlendar_QwQ-32B_5.cpp,TIME_LIMIT_EXCEEDED,194,64.29%,2.250,5.53125,0,0,0,27.777777777777775,27.777777777777775,27.777777777777775,0,27.777777777777775,27.777777777777775,0,27.777777777777775,0,27.777777777777775
silver_Cowlendar_QwQ-32B_6.cpp,COMPILATION_ERROR,0,0.00%,0.000,0,0,0,0,0,0,0,0,0,0,0,0,0,0
silver_Cowlendar_QwQ-32B_7.cpp,TIME_LIMIT_EXCEEDED,111,42.86%,2.270,280.9765625,0,0,0,27.777777777777775,0,27.777777777777775,0,0,27.777777777777775,0,0,0,27.777777777777775
