solution,status,score,%test passed,time,memory,subtask_0,subtask_1,subtask_10,subtask_11,subtask_12,subtask_13,subtask_14,subtask_15,subtask_2,subtask_3,subtask_4,subtask_5,subtask_6,subtask_7,subtask_8,subtask_9
bronze_Leaders_seed-oss_0.cpp,ACCEPTED,333,100.00%,0.020,2.3359375,0,22.22222222222222,22.22222222222222,22.22222222222222,22.22222222222222,22.22222222222222,22.22222222222222,22.22222222222222,22.22222222222222,22.22222222222222,22.22222222222222,22.22222222222222,22.22222222222222,22.22222222222222,22.22222222222222,22.22222222222222
bronze_Leaders_seed-oss_1.cpp,ACCEPTED,333,100.00%,0.020,1.5546875,0,22.22222222222222,22.22222222222222,22.22222222222222,22.22222222222222,22.22222222222222,22.22222222222222,22.22222222222222,22.22222222222222,22.22222222222222,22.22222222222222,22.22222222222222,22.22222222222222,22.22222222222222,22.22222222222222,22.22222222222222
bronze_Leaders_seed-oss_2.cpp,WRONG_ANSWER,200,58.82%,0.020,2.06640625,0,0,22.22222222222222,0,22.22222222222222,0,0,22.22222222222222,0,0,22.22222222222222,22.22222222222222,22.22222222222222,22.22222222222222,22.22222222222222,22.22222222222222
bronze_Leaders_seed-oss_3.cpp,ACCEPTED,333,100.00%,0.020,1.5546875,0,22.22222222222222,22.22222222222222,22.22222222222222,22.22222222222222,22.22222222222222,22.22222222222222,22.22222222222222,22.22222222222222,22.22222222222222,22.22222222222222,22.22222222222222,22.22222222222222,22.22222222222222,22.22222222222222,22.22222222222222
bronze_Leaders_seed-oss_4.cpp,ACCEPTED,333,100.00%,0.020,2.0703125,0,22.22222222222222,22.22222222222222,22.22222222222222,22.22222222222222,22.22222222222222,22.22222222222222,22.22222222222222,22.22222222222222,22.22222222222222,22.22222222222222,22.22222222222222,22.22222222222222,22.22222222222222,22.22222222222222,22.22222222222222
bronze_Leaders_seed-oss_5.cpp,RUNTIME_ERROR,67,23.53%,0.450,3.3671875,0,22.22222222222222,0,0,22.22222222222222,0,0,22.22222222222222,0,0,0,0,0,0,0,0
bronze_Leaders_seed-oss_6.cpp,WRONG_ANSWER,133,47.06%,0.020,4.05078125,0,22.22222222222222,0,22.22222222222222,0,22.22222222222222,22.22222222222222,0,22.22222222222222,22.22222222222222,0,0,0,0,0,0
bronze_Leaders_seed-oss_7.cpp,COMPILATION_ERROR,0,0.00%,0.000,0,0,0,0,0,0,0,0,0,0,0,0,0,0,0,0,0
