solution,status,score,%test passed,time,memory,subtask_0,subtask_1,subtask_10,subtask_2,subtask_3,subtask_4,subtask_5,subtask_6,subtask_7,subtask_8,subtask_9
bronze_Walking_Along_a_Fence_DeepSeek-R1-Distill-Llama-70B_0.cpp,ACCEPTED,333,100.00%,0.340,9.2890625,0,33.33333333333333,33.33333333333333,33.33333333333333,33.33333333333333,33.33333333333333,33.33333333333333,33.33333333333333,33.33333333333333,33.33333333333333,33.33333333333333
bronze_Walking_Along_a_Fence_DeepSeek-R1-Distill-Llama-70B_1.cpp,COMPILATION_ERROR,0,0.00%,0.000,0,0,0,0,0,0,0,0,0,0,0,0
bronze_Walking_Along_a_Fence_DeepSeek-R1-Distill-Llama-70B_2.cpp,ACCEPTED,333,100.00%,0.350,7.22265625,0,33.33333333333333,33.33333333333333,33.33333333333333,33.33333333333333,33.33333333333333,33.33333333333333,33.33333333333333,33.33333333333333,33.33333333333333,33.33333333333333
bronze_Walking_Along_a_Fence_DeepSeek-R1-Distill-Llama-70B_3.cpp,WRONG_ANSWER,0,9.09%,0.350,8.25390625,0,0,0,0,0,0,0,0,0,0,0
bronze_Walking_Along_a_Fence_DeepSeek-R1-Distill-Llama-70B_4.cpp,ACCEPTED,333,100.00%,0.380,12.62109375,0,33.33333333333333,33.33333333333333,33.33333333333333,33.33333333333333,33.33333333333333,33.33333333333333,33.33333333333333,33.33333333333333,33.33333333333333,33.33333333333333
bronze_Walking_Along_a_Fence_DeepSeek-R1-Distill-Llama-70B_5.cpp,ACCEPTED,333,100.00%,0.350,7.73828125,0,33.33333333333333,33.33333333333333,33.33333333333333,33.33333333333333,33.33333333333333,33.33333333333333,33.33333333333333,33.33333333333333,33.33333333333333,33.33333333333333
bronze_Walking_Along_a_Fence_DeepSeek-R1-Distill-Llama-70B_6.cpp,COMPILATION_ERROR,0,0.00%,0.000,0,0,0,0,0,0,0,0,0,0,0,0
bronze_Walking_Along_a_Fence_DeepSeek-R1-Distill-Llama-70B_7.cpp,ACCEPTED,333,100.00%,0.370,10.83203125,0,33.33333333333333,33.33333333333333,33.33333333333333,33.33333333333333,33.33333333333333,33.33333333333333,33.33333333333333,33.33333333333333,33.33333333333333,33.33333333333333
