solution,status,score,%test passed,time,memory,subtask_0,subtask_1,subtask_10,subtask_11,subtask_12,subtask_13,subtask_14,subtask_15,subtask_16,subtask_17,subtask_2,subtask_3,subtask_4,subtask_5,subtask_6,subtask_7,subtask_8,subtask_9
gold_Grass_Segments_Qwen3-30B_0.cpp,ACCEPTED,333,100.00%,1.170,60.50390625,0,19.6078431372549,19.6078431372549,19.6078431372549,19.6078431372549,19.6078431372549,19.6078431372549,19.6078431372549,19.6078431372549,19.6078431372549,19.6078431372549,19.6078431372549,19.6078431372549,19.6078431372549,19.6078431372549,19.6078431372549,19.6078431372549,19.6078431372549
gold_Grass_Segments_Qwen3-30B_1.cpp,RUNTIME_ERROR,20,10.00%,0.770,58.92578125,0,19.6078431372549,0,0,0,0,0,0,0,0,0,0,0,0,0,0,0,0
gold_Grass_Segments_Qwen3-30B_2.cpp,WRONG_ANSWER,20,20.00%,0.790,54.91015625,0,19.6078431372549,0,0,0,0,0,0,0,0,0,0,0,0,0,0,0,0
gold_Grass_Segments_Qwen3-30B_3.cpp,ACCEPTED,333,100.00%,1.030,91.0859375,0,19.6078431372549,19.6078431372549,19.6078431372549,19.6078431372549,19.6078431372549,19.6078431372549,19.6078431372549,19.6078431372549,19.6078431372549,19.6078431372549,19.6078431372549,19.6078431372549,19.6078431372549,19.6078431372549,19.6078431372549,19.6078431372549,19.6078431372549
gold_Grass_Segments_Qwen3-30B_4.cpp,ACCEPTED,333,100.00%,0.930,75.69140625,0,19.6078431372549,19.6078431372549,19.6078431372549,19.6078431372549,19.6078431372549,19.6078431372549,19.6078431372549,19.6078431372549,19.6078431372549,19.6078431372549,19.6078431372549,19.6078431372549,19.6078431372549,19.6078431372549,19.6078431372549,19.6078431372549,19.6078431372549
gold_Grass_Segments_Qwen3-30B_5.cpp,WRONG_ANSWER,118,45.00%,0.270,27.29296875,0,0,0,0,0,0,0,0,0,0,0,19.6078431372549,19.6078431372549,19.6078431372549,19.6078431372549,19.6078431372549,19.6078431372549,0
gold_Grass_Segments_Qwen3-30B_6.cpp,RUNTIME_ERROR,0,5.00%,0.420,16.0390625,0,0,0,0,0,0,0,0,0,0,0,0,0,0,0,0,0,0
gold_Grass_Segments_Qwen3-30B_7.cpp,WRONG_ANSWER,20,20.00%,0.740,75.54296875,0,19.6078431372549,0,0,0,0,0,0,0,0,0,0,0,0,0,0,0,0
