solution,status,score,%test passed,time,memory,subtask_0,subtask_1,subtask_10,subtask_2,subtask_3,subtask_4,subtask_5,subtask_6,subtask_7,subtask_8,subtask_9
bronze_Walking_Along_a_Fence_deepseek-chat_0.cpp,TIME_LIMIT_EXCEEDED,167,54.55%,2.270,10.71875,0,33.33333333333333,0,33.33333333333333,33.33333333333333,33.33333333333333,33.33333333333333,0,0,0,0
bronze_Walking_Along_a_Fence_deepseek-chat_1.cpp,TIME_LIMIT_EXCEEDED,167,54.55%,2.230,10.71875,0,33.33333333333333,0,33.33333333333333,33.33333333333333,33.33333333333333,33.33333333333333,0,0,0,0
bronze_Walking_Along_a_Fence_deepseek-chat_2.cpp,TIME_LIMIT_EXCEEDED,167,54.55%,2.290,10.58203125,0,33.33333333333333,0,33.33333333333333,33.33333333333333,33.33333333333333,33.33333333333333,0,0,0,0
bronze_Walking_Along_a_Fence_deepseek-chat_3.cpp,TIME_LIMIT_EXCEEDED,167,54.55%,2.300,10.4921875,0,33.33333333333333,0,33.33333333333333,33.33333333333333,33.33333333333333,33.33333333333333,0,0,0,0
bronze_Walking_Along_a_Fence_deepseek-chat_4.cpp,COMPILATION_ERROR,0,0.00%,0.000,0,0,0,0,0,0,0,0,0,0,0,0
bronze_Walking_Along_a_Fence_deepseek-chat_5.cpp,TIME_LIMIT_EXCEEDED,167,54.55%,2.250,7.6953125,0,33.33333333333333,0,33.33333333333333,33.33333333333333,33.33333333333333,33.33333333333333,0,0,0,0
bronze_Walking_Along_a_Fence_deepseek-chat_6.cpp,TIME_LIMIT_EXCEEDED,167,54.55%,2.310,4.39453125,0,33.33333333333333,0,33.33333333333333,33.33333333333333,33.33333333333333,33.33333333333333,0,0,0,0
bronze_Walking_Along_a_Fence_deepseek-chat_7.cpp,TIME_LIMIT_EXCEEDED,167,54.55%,2.270,4.39453125,0,33.33333333333333,0,33.33333333333333,33.33333333333333,33.33333333333333,33.33333333333333,0,0,0,0
