solution,status,score,relative_score,%test passed,time,memory,subtask_0,subtask_1,subtask_10,subtask_2,subtask_3,subtask_4,subtask_5,subtask_6,subtask_7,subtask_8,subtask_9
bronze_Cowntact_Tracing_2_gpt-oss-120b-medium_0.cpp,WRONG_ANSWER,167,50.61%,58.33%,0.050,1.734375,0,33.33333333333333,33.33333333333333,0,33.33333333333333,0,0,0,0,33.33333333333333,33.33333333333333
bronze_Cowntact_Tracing_2_gpt-oss-120b-medium_1.cpp,ACCEPTED,333,100.91%,100.00%,0.050,1.5546875,0,33.33333333333333,33.33333333333333,33.33333333333333,33.33333333333333,33.33333333333333,33.33333333333333,33.33333333333333,33.33333333333333,33.33333333333333,33.33333333333333
bronze_Cowntact_Tracing_2_gpt-oss-120b-medium_2.cpp,WRONG_ANSWER,167,50.61%,58.33%,0.050,1.703125,0,33.33333333333333,33.33333333333333,0,33.33333333333333,0,0,0,0,33.33333333333333,33.33333333333333
bronze_Cowntact_Tracing_2_gpt-oss-120b-medium_3.cpp,WRONG_ANSWER,167,50.61%,58.33%,0.050,1.5546875,0,33.33333333333333,33.33333333333333,0,33.33333333333333,0,0,0,0,33.33333333333333,33.33333333333333
bronze_Cowntact_Tracing_2_gpt-oss-120b-medium_4.cpp,ACCEPTED,333,100.91%,100.00%,0.050,1.734375,0,33.33333333333333,33.33333333333333,33.33333333333333,33.33333333333333,33.33333333333333,33.33333333333333,33.33333333333333,33.33333333333333,33.33333333333333,33.33333333333333
bronze_Cowntact_Tracing_2_gpt-oss-120b-medium_5.cpp,ACCEPTED,333,100.91%,100.00%,0.050,1.70703125,0,33.33333333333333,33.33333333333333,33.33333333333333,33.33333333333333,33.33333333333333,33.33333333333333,33.33333333333333,33.33333333333333,33.33333333333333,33.33333333333333
bronze_Cowntact_Tracing_2_gpt-oss-120b-medium_6.cpp,WRONG_ANSWER,167,50.61%,58.33%,0.050,1.5546875,0,33.33333333333333,33.33333333333333,0,33.33333333333333,0,0,0,0,33.33333333333333,33.33333333333333
bronze_Cowntact_Tracing_2_gpt-oss-120b-medium_7.cpp,WRONG_ANSWER,167,50.61%,58.33%,0.050,1.703125,0,33.33333333333333,33.33333333333333,0,33.33333333333333,0,0,0,0,33.33333333333333,33.33333333333333
