solution,status,score,relative_score,%test passed,time,memory,subtask_0,subtask_1,subtask_10,subtask_11,subtask_12,subtask_2,subtask_3,subtask_4,subtask_5,subtask_6,subtask_7,subtask_8,subtask_9
silver_Target_Practice_gpt-oss-120b-medium_0.cpp,WRONG_ANSWER,56,17.28%,33.33%,0.060,2.7578125,0,27.777777777777775,0,0,0,0,0,27.777777777777775,0,0,0,0,0
silver_Target_Practice_gpt-oss-120b-medium_1.cpp,ACCEPTED,333,102.78%,100.00%,0.060,4.1328125,0,27.777777777777775,27.777777777777775,27.777777777777775,27.777777777777775,27.777777777777775,27.777777777777775,27.777777777777775,27.777777777777775,27.777777777777775,27.777777777777775,27.777777777777775,27.777777777777775
silver_Target_Practice_gpt-oss-120b-medium_2.cpp,WRONG_ANSWER,83,25.62%,40.00%,0.060,9.9140625,0,27.777777777777775,0,0,0,0,0,27.777777777777775,0,0,0,0,27.777777777777775
silver_Target_Practice_gpt-oss-120b-medium_3.cpp,WRONG_ANSWER,28,8.64%,20.00%,0.050,8.0,0,27.777777777777775,0,0,0,0,0,0,0,0,0,0,0
silver_Target_Practice_gpt-oss-120b-medium_4.cpp,ACCEPTED,333,102.78%,100.00%,0.060,8.49609375,0,27.777777777777775,27.777777777777775,27.777777777777775,27.777777777777775,27.777777777777775,27.777777777777775,27.777777777777775,27.777777777777775,27.777777777777775,27.777777777777775,27.777777777777775,27.777777777777775
silver_Target_Practice_gpt-oss-120b-medium_5.cpp,RUNTIME_ERROR,56,17.28%,13.33%,0.070,13.87890625,0,27.777777777777775,0,0,0,0,27.777777777777775,0,0,0,0,0,0
silver_Target_Practice_gpt-oss-120b-medium_6.cpp,WRONG_ANSWER,306,94.44%,93.33%,0.080,14.78125,0,0,27.777777777777775,27.777777777777775,27.777777777777775,27.777777777777775,27.777777777777775,27.777777777777775,27.777777777777775,27.777777777777775,27.777777777777775,27.777777777777775,27.777777777777775
silver_Target_Practice_gpt-oss-120b-medium_7.cpp,RUNTIME_ERROR,83,25.62%,20.00%,0.060,11.171875,0,27.777777777777775,0,0,0,0,0,27.777777777777775,0,0,0,0,27.777777777777775
