solution,status,score,%test passed,time,memory,subtask_0,subtask_1,subtask_10,subtask_2,subtask_3,subtask_4,subtask_5,subtask_6,subtask_7,subtask_8,subtask_9
bronze_Its_Mooin_Time_deepseek-reasoner_0.cpp,ACCEPTED,333,100.00%,0.040,0.00390625,0,33.33333333333333,33.33333333333333,33.33333333333333,33.33333333333333,33.33333333333333,33.33333333333333,33.33333333333333,33.33333333333333,33.33333333333333,33.33333333333333
bronze_Its_Mooin_Time_deepseek-reasoner_1.cpp,RUNTIME_ERROR,33,7.69%,0.060,1.71875,0,0,0,0,0,33.33333333333333,0,0,0,0,0
bronze_Its_Mooin_Time_deepseek-reasoner_2.cpp,RUNTIME_ERROR,33,7.69%,0.100,0.00390625,0,0,0,0,0,33.33333333333333,0,0,0,0,0
bronze_Its_Mooin_Time_deepseek-reasoner_3.cpp,ACCEPTED,333,100.00%,0.810,0.00390625,0,33.33333333333333,33.33333333333333,33.33333333333333,33.33333333333333,33.33333333333333,33.33333333333333,33.33333333333333,33.33333333333333,33.33333333333333,33.33333333333333
bronze_Its_Mooin_Time_deepseek-reasoner_4.cpp,ACCEPTED,333,100.00%,0.240,0.00390625,0,33.33333333333333,33.33333333333333,33.33333333333333,33.33333333333333,33.33333333333333,33.33333333333333,33.33333333333333,33.33333333333333,33.33333333333333,33.33333333333333
bronze_Its_Mooin_Time_deepseek-reasoner_5.cpp,COMPILATION_ERROR,0,0.00%,0.000,0,0,0,0,0,0,0,0,0,0,0,0
bronze_Its_Mooin_Time_deepseek-reasoner_6.cpp,RUNTIME_ERROR,33,7.69%,0.040,0.00390625,0,0,0,0,0,33.33333333333333,0,0,0,0,0
bronze_Its_Mooin_Time_deepseek-reasoner_7.cpp,RUNTIME_ERROR,33,7.69%,0.100,0.00390625,0,0,0,0,0,33.33333333333333,0,0,0,0,0
