solution,status,score,%test passed,time,memory,subtask_0,subtask_1,subtask_10,subtask_11,subtask_12,subtask_13,subtask_14,subtask_15,subtask_2,subtask_3,subtask_4,subtask_5,subtask_6,subtask_7,subtask_8,subtask_9
gold_Job_Completion_deepseek-reasoner_0.cpp,WRONG_ANSWER,22,12.50%,0.140,4.5859375,0,22.22222222222222,0,0,0,0,0,0,0,0,0,0,0,0,0,0
gold_Job_Completion_deepseek-reasoner_1.cpp,WRONG_ANSWER,22,12.50%,0.130,4.58203125,0,22.22222222222222,0,0,0,0,0,0,0,0,0,0,0,0,0,0
gold_Job_Completion_deepseek-reasoner_2.cpp,WRONG_ANSWER,22,12.50%,0.120,4.58203125,0,22.22222222222222,0,0,0,0,0,0,0,0,0,0,0,0,0,0
gold_Job_Completion_deepseek-reasoner_3.cpp,WRONG_ANSWER,22,12.50%,0.130,4.5859375,0,22.22222222222222,0,0,0,0,0,0,0,0,0,0,0,0,0,0
gold_Job_Completion_deepseek-reasoner_4.cpp,ACCEPTED,333,100.00%,0.120,5.9296875,0,22.22222222222222,22.22222222222222,22.22222222222222,22.22222222222222,22.22222222222222,22.22222222222222,22.22222222222222,22.22222222222222,22.22222222222222,22.22222222222222,22.22222222222222,22.22222222222222,22.22222222222222,22.22222222222222,22.22222222222222
gold_Job_Completion_deepseek-reasoner_5.cpp,WRONG_ANSWER,22,12.50%,0.140,4.58203125,0,22.22222222222222,0,0,0,0,0,0,0,0,0,0,0,0,0,0
gold_Job_Completion_deepseek-reasoner_6.cpp,WRONG_ANSWER,22,12.50%,0.150,4.9921875,0,22.22222222222222,0,0,0,0,0,0,0,0,0,0,0,0,0,0
gold_Job_Completion_deepseek-reasoner_7.cpp,WRONG_ANSWER,22,12.50%,0.140,4.5859375,0,22.22222222222222,0,0,0,0,0,0,0,0,0,0,0,0,0,0
