solution,status,score,%test passed,time,memory,subtask_0,subtask_1,subtask_10,subtask_11,subtask_12,subtask_13,subtask_2,subtask_3,subtask_4,subtask_5,subtask_6,subtask_7,subtask_8,subtask_9
bronze_Milk_Exchange_Qwen2.5-Coder-32B-Instruct_0.cpp,WRONG_ANSWER,128,43.75%,0.130,4.8203125,0,0,25.64102564102564,0,25.64102564102564,25.64102564102564,0,0,25.64102564102564,25.64102564102564,0,0,0,0
bronze_Milk_Exchange_Qwen2.5-Coder-32B-Instruct_1.cpp,WRONG_ANSWER,128,43.75%,0.130,3.28125,0,0,25.64102564102564,0,25.64102564102564,25.64102564102564,0,0,25.64102564102564,25.64102564102564,0,0,0,0
bronze_Milk_Exchange_Qwen2.5-Coder-32B-Instruct_2.cpp,WRONG_ANSWER,128,43.75%,0.130,4.8203125,0,0,25.64102564102564,0,25.64102564102564,25.64102564102564,0,0,25.64102564102564,25.64102564102564,0,0,0,0
bronze_Milk_Exchange_Qwen2.5-Coder-32B-Instruct_3.cpp,WRONG_ANSWER,128,43.75%,0.120,6.3671875,0,0,25.64102564102564,0,25.64102564102564,25.64102564102564,0,0,25.64102564102564,25.64102564102564,0,0,0,0
bronze_Milk_Exchange_Qwen2.5-Coder-32B-Instruct_4.cpp,WRONG_ANSWER,103,37.50%,0.120,3.27734375,0,0,25.64102564102564,0,0,25.64102564102564,0,0,25.64102564102564,25.64102564102564,0,0,0,0
bronze_Milk_Exchange_Qwen2.5-Coder-32B-Instruct_5.cpp,WRONG_ANSWER,103,37.50%,0.130,4.82421875,0,0,25.64102564102564,0,0,25.64102564102564,0,0,25.64102564102564,25.64102564102564,0,0,0,0
bronze_Milk_Exchange_Qwen2.5-Coder-32B-Instruct_6.cpp,WRONG_ANSWER,128,43.75%,0.120,3.28125,0,0,25.64102564102564,0,25.64102564102564,25.64102564102564,0,0,25.64102564102564,25.64102564102564,0,0,0,0
bronze_Milk_Exchange_Qwen2.5-Coder-32B-Instruct_7.cpp,WRONG_ANSWER,128,43.75%,0.120,3.27734375,0,0,25.64102564102564,0,25.64102564102564,25.64102564102564,0,0,25.64102564102564,25.64102564102564,0,0,0,0
