solution,status,score,%test passed,time,memory,subtask_0,subtask_1,subtask_10,subtask_11,subtask_12,subtask_13,subtask_2,subtask_3,subtask_4,subtask_5,subtask_6,subtask_7,subtask_8,subtask_9
bronze_Milk_Exchange_DeepSeek-R1-Distill-Llama-70B_0.cpp,COMPILATION_ERROR,0,0.00%,0.000,0,0,0,0,0,0,0,0,0,0,0,0,0,0,0
bronze_Milk_Exchange_DeepSeek-R1-Distill-Llama-70B_1.cpp,WRONG_ANSWER,128,50.00%,0.170,4.0234375,0,0,25.64102564102564,0,25.64102564102564,25.64102564102564,0,0,25.64102564102564,25.64102564102564,0,0,0,0
bronze_Milk_Exchange_DeepSeek-R1-Distill-Llama-70B_2.cpp,WRONG_ANSWER,128,43.75%,0.160,2.48046875,0,0,25.64102564102564,0,25.64102564102564,25.64102564102564,0,0,25.64102564102564,25.64102564102564,0,0,0,0
bronze_Milk_Exchange_DeepSeek-R1-Distill-Llama-70B_3.cpp,RUNTIME_ERROR,0,6.25%,0.170,3.234375,0,0,0,0,0,0,0,0,0,0,0,0,0,0
bronze_Milk_Exchange_DeepSeek-R1-Distill-Llama-70B_4.cpp,WRONG_ANSWER,128,43.75%,0.160,2.48046875,0,0,25.64102564102564,0,25.64102564102564,25.64102564102564,0,0,25.64102564102564,25.64102564102564,0,0,0,0
bronze_Milk_Exchange_DeepSeek-R1-Distill-Llama-70B_5.cpp,WRONG_ANSWER,128,43.75%,0.160,2.48046875,0,0,25.64102564102564,0,25.64102564102564,25.64102564102564,0,0,25.64102564102564,25.64102564102564,0,0,0,0
bronze_Milk_Exchange_DeepSeek-R1-Distill-Llama-70B_6.cpp,WRONG_ANSWER,128,50.00%,0.180,4.02734375,0,0,25.64102564102564,0,25.64102564102564,25.64102564102564,0,0,25.64102564102564,25.64102564102564,0,0,0,0
bronze_Milk_Exchange_DeepSeek-R1-Distill-Llama-70B_7.cpp,TIME_LIMIT_EXCEEDED,77,31.25%,2.310,6.34375,0,0,0,0,0,25.64102564102564,0,0,25.64102564102564,25.64102564102564,0,0,0,0
