solution,status,score,%test passed,time,memory,subtask_0,subtask_1,subtask_10,subtask_11,subtask_12,subtask_13,subtask_14,subtask_15,subtask_16,subtask_17,subtask_2,subtask_3,subtask_4,subtask_5,subtask_6,subtask_7,subtask_8,subtask_9
bronze_FEB_Qwen3-8B_0.cpp,TIME_LIMIT_EXCEEDED,118,45.00%,2.420,2.21484375,0,19.6078431372549,0,0,19.6078431372549,0,0,0,0,0,19.6078431372549,19.6078431372549,19.6078431372549,19.6078431372549,0,0,0,0
bronze_FEB_Qwen3-8B_1.cpp,TIME_LIMIT_EXCEEDED,118,45.00%,2.420,2.21484375,0,19.6078431372549,0,0,19.6078431372549,0,0,0,0,0,19.6078431372549,19.6078431372549,19.6078431372549,19.6078431372549,0,0,0,0
bronze_FEB_Qwen3-8B_2.cpp,TIME_LIMIT_EXCEEDED,118,45.00%,2.420,2.21484375,0,19.6078431372549,0,0,19.6078431372549,0,0,0,0,0,19.6078431372549,19.6078431372549,19.6078431372549,19.6078431372549,0,0,0,0
bronze_FEB_Qwen3-8B_3.cpp,TIME_LIMIT_EXCEEDED,118,45.00%,2.430,2.21484375,0,19.6078431372549,0,0,19.6078431372549,0,0,0,0,0,19.6078431372549,19.6078431372549,19.6078431372549,19.6078431372549,0,0,0,0
bronze_FEB_Qwen3-8B_4.cpp,MEMORY_LIMIT_EXCEEDED,39,10.00%,0.120,129.86328125,0,0,0,0,0,0,0,0,0,19.6078431372549,0,0,0,19.6078431372549,0,0,0,0
bronze_FEB_Qwen3-8B_5.cpp,TIME_LIMIT_EXCEEDED,39,10.00%,2.430,2.49609375,0,0,0,0,19.6078431372549,0,0,0,0,0,0,0,19.6078431372549,0,0,0,0,0
bronze_FEB_Qwen3-8B_6.cpp,RUNTIME_ERROR,20,5.00%,0.020,1.55078125,0,0,0,0,19.6078431372549,0,0,0,0,0,0,0,0,0,0,0,0,0
bronze_FEB_Qwen3-8B_7.cpp,TIME_LIMIT_EXCEEDED,118,45.00%,2.420,2.21484375,0,19.6078431372549,0,0,19.6078431372549,0,0,0,0,0,19.6078431372549,19.6078431372549,19.6078431372549,19.6078431372549,0,0,0,0
