solution,status,score,%test passed,time,memory,subtask_0,subtask_1,subtask_10,subtask_11,subtask_12,subtask_13,subtask_14,subtask_2,subtask_3,subtask_4,subtask_5,subtask_6,subtask_7,subtask_8,subtask_9
bronze_Majority_Opinion_Qwen3-32B_0.cpp,ACCEPTED,333,100.00%,0.090,9.6640625,0,23.809523809523807,23.809523809523807,23.809523809523807,23.809523809523807,23.809523809523807,23.809523809523807,23.809523809523807,23.809523809523807,23.809523809523807,23.809523809523807,23.809523809523807,23.809523809523807,23.809523809523807,23.809523809523807
bronze_Majority_Opinion_Qwen3-32B_1.cpp,WRONG_ANSWER,71,26.67%,0.080,8.12109375,0,23.809523809523807,0,0,0,0,0,0,0,23.809523809523807,23.809523809523807,0,0,0,0
bronze_Majority_Opinion_Qwen3-32B_2.cpp,ACCEPTED,333,100.00%,0.060,8.03515625,0,23.809523809523807,23.809523809523807,23.809523809523807,23.809523809523807,23.809523809523807,23.809523809523807,23.809523809523807,23.809523809523807,23.809523809523807,23.809523809523807,23.809523809523807,23.809523809523807,23.809523809523807,23.809523809523807
bronze_Majority_Opinion_Qwen3-32B_3.cpp,WRONG_ANSWER,24,6.67%,0.100,4.03125,0,23.809523809523807,0,0,0,0,0,0,0,0,0,0,0,0,0
bronze_Majority_Opinion_Qwen3-32B_4.cpp,WRONG_ANSWER,71,26.67%,0.100,8.62109375,0,23.809523809523807,0,0,0,0,0,0,0,23.809523809523807,23.809523809523807,0,0,0,0
bronze_Majority_Opinion_Qwen3-32B_5.cpp,ACCEPTED,333,100.00%,0.060,8.0,0,23.809523809523807,23.809523809523807,23.809523809523807,23.809523809523807,23.809523809523807,23.809523809523807,23.809523809523807,23.809523809523807,23.809523809523807,23.809523809523807,23.809523809523807,23.809523809523807,23.809523809523807,23.809523809523807
bronze_Majority_Opinion_Qwen3-32B_6.cpp,TIME_LIMIT_EXCEEDED,48,20.00%,2.230,4.765625,0,23.809523809523807,0,0,0,0,0,0,0,23.809523809523807,0,0,0,0,0
bronze_Majority_Opinion_Qwen3-32B_7.cpp,ACCEPTED,333,100.00%,0.070,8.04296875,0,23.809523809523807,23.809523809523807,23.809523809523807,23.809523809523807,23.809523809523807,23.809523809523807,23.809523809523807,23.809523809523807,23.809523809523807,23.809523809523807,23.809523809523807,23.809523809523807,23.809523809523807,23.809523809523807
