solution,status,score,%test passed,time,memory,subtask_0,subtask_1,subtask_10,subtask_11,subtask_12,subtask_2,subtask_3,subtask_4,subtask_5,subtask_6,subtask_7,subtask_8,subtask_9
silver_Cowlendar_Qwen3-32B_0.cpp,RUNTIME_ERROR,194,50.00%,0.210,2.328125,0,0,0,27.777777777777775,27.777777777777775,27.777777777777775,0,27.777777777777775,27.777777777777775,0,27.777777777777775,0,27.777777777777775
silver_Cowlendar_Qwen3-32B_1.cpp,TIME_LIMIT_EXCEEDED,167,57.14%,2.210,280.765625,0,0,0,27.777777777777775,0,27.777777777777775,27.777777777777775,27.777777777777775,27.777777777777775,0,0,0,27.777777777777775
silver_Cowlendar_Qwen3-32B_2.cpp,TIME_LIMIT_EXCEEDED,139,50.00%,2.210,280.765625,0,0,0,27.777777777777775,0,27.777777777777775,0,27.777777777777775,27.777777777777775,0,0,0,27.777777777777775
silver_Cowlendar_Qwen3-32B_3.cpp,WRONG_ANSWER,194,64.29%,0.180,1.5546875,0,0,0,27.777777777777775,27.777777777777775,27.777777777777775,0,27.777777777777775,27.777777777777775,0,27.777777777777775,0,27.777777777777775
silver_Cowlendar_Qwen3-32B_4.cpp,ACCEPTED,333,100.00%,0.070,1.8125,0,27.777777777777775,27.777777777777775,27.777777777777775,27.777777777777775,27.777777777777775,27.777777777777775,27.777777777777775,27.777777777777775,27.777777777777775,27.777777777777775,27.777777777777775,27.777777777777775
silver_Cowlendar_Qwen3-32B_5.cpp,COMPILATION_ERROR,0,0.00%,0.000,0,0,0,0,0,0,0,0,0,0,0,0,0,0
silver_Cowlendar_Qwen3-32B_6.cpp,ACCEPTED,333,100.00%,0.050,1.8125,0,27.777777777777775,27.777777777777775,27.777777777777775,27.777777777777775,27.777777777777775,27.777777777777775,27.777777777777775,27.777777777777775,27.777777777777775,27.777777777777775,27.777777777777775,27.777777777777775
silver_Cowlendar_Qwen3-32B_7.cpp,WRONG_ANSWER,194,64.29%,0.180,1.5546875,0,0,0,27.777777777777775,27.777777777777775,27.777777777777775,0,27.777777777777775,27.777777777777775,0,27.777777777777775,0,27.777777777777775
