solution,status,score,%test passed,time,memory,subtask_0,subtask_1,subtask_10,subtask_11,subtask_12,subtask_13,subtask_14,subtask_15,subtask_16,subtask_17,subtask_2,subtask_3,subtask_4,subtask_5,subtask_6,subtask_7,subtask_8,subtask_9
bronze_FEB_gpt-o3-mini-high_0.cpp,RUNTIME_ERROR,59,20.00%,0.400,5.140625,0,0,0,0,19.6078431372549,0,0,0,0,0,0,0,19.6078431372549,19.6078431372549,0,0,0,0
bronze_FEB_gpt-o3-mini-high_1.cpp,RUNTIME_ERROR,235,60.00%,0.090,1.9140625,0,0,19.6078431372549,19.6078431372549,19.6078431372549,19.6078431372549,19.6078431372549,0,19.6078431372549,0,0,19.6078431372549,19.6078431372549,0,19.6078431372549,19.6078431372549,19.6078431372549,19.6078431372549
bronze_FEB_gpt-o3-mini-high_2.cpp,COMPILATION_ERROR,0,0.00%,0.000,0,0,0,0,0,0,0,0,0,0,0,0,0,0,0,0,0,0,0
bronze_FEB_gpt-o3-mini-high_3.cpp,TIME_LIMIT_EXCEEDED,137,50.00%,2.220,2.09375,0,19.6078431372549,0,0,19.6078431372549,0,0,0,0,19.6078431372549,19.6078431372549,19.6078431372549,19.6078431372549,19.6078431372549,0,0,0,0
bronze_FEB_gpt-o3-mini-high_4.cpp,COMPILATION_ERROR,0,0.00%,0.000,0,0,0,0,0,0,0,0,0,0,0,0,0,0,0,0,0,0,0
bronze_FEB_gpt-o3-mini-high_5.cpp,WRONG_ANSWER,118,40.00%,0.270,5.6015625,0,19.6078431372549,0,0,19.6078431372549,0,0,0,0,0,19.6078431372549,19.6078431372549,19.6078431372549,19.6078431372549,0,0,0,0
bronze_FEB_gpt-o3-mini-high_6.cpp,ACCEPTED,333,100.00%,0.050,1.921875,0,19.6078431372549,19.6078431372549,19.6078431372549,19.6078431372549,19.6078431372549,19.6078431372549,19.6078431372549,19.6078431372549,19.6078431372549,19.6078431372549,19.6078431372549,19.6078431372549,19.6078431372549,19.6078431372549,19.6078431372549,19.6078431372549,19.6078431372549
bronze_FEB_gpt-o3-mini-high_7.cpp,TIME_LIMIT_EXCEEDED,137,50.00%,2.230,1.9609375,0,19.6078431372549,0,0,19.6078431372549,0,0,0,0,19.6078431372549,19.6078431372549,19.6078431372549,19.6078431372549,19.6078431372549,0,0,0,0
