solution,status,score,%test passed,time,memory,subtask_0,subtask_1,subtask_10,subtask_2,subtask_3,subtask_4,subtask_5,subtask_6,subtask_7,subtask_8,subtask_9
silver_Milk_Sum_gpt-o3-mini-high_0.cpp,ACCEPTED,333,100.00%,0.190,16.32421875,0,33.33333333333333,33.33333333333333,33.33333333333333,33.33333333333333,33.33333333333333,33.33333333333333,33.33333333333333,33.33333333333333,33.33333333333333,33.33333333333333
silver_Milk_Sum_gpt-o3-mini-high_1.cpp,ACCEPTED,333,100.00%,0.220,4.90625,0,33.33333333333333,33.33333333333333,33.33333333333333,33.33333333333333,33.33333333333333,33.33333333333333,33.33333333333333,33.33333333333333,33.33333333333333,33.33333333333333
silver_Milk_Sum_gpt-o3-mini-high_2.cpp,ACCEPTED,333,100.00%,0.250,36.80859375,0,33.33333333333333,33.33333333333333,33.33333333333333,33.33333333333333,33.33333333333333,33.33333333333333,33.33333333333333,33.33333333333333,33.33333333333333,33.33333333333333
silver_Milk_Sum_gpt-o3-mini-high_3.cpp,ACCEPTED,333,100.00%,0.150,13.05078125,0,33.33333333333333,33.33333333333333,33.33333333333333,33.33333333333333,33.33333333333333,33.33333333333333,33.33333333333333,33.33333333333333,33.33333333333333,33.33333333333333
silver_Milk_Sum_gpt-o3-mini-high_4.cpp,ACCEPTED,333,100.00%,0.150,4.90625,0,33.33333333333333,33.33333333333333,33.33333333333333,33.33333333333333,33.33333333333333,33.33333333333333,33.33333333333333,33.33333333333333,33.33333333333333,33.33333333333333
silver_Milk_Sum_gpt-o3-mini-high_5.cpp,ACCEPTED,333,100.00%,0.120,8.7734375,0,33.33333333333333,33.33333333333333,33.33333333333333,33.33333333333333,33.33333333333333,33.33333333333333,33.33333333333333,33.33333333333333,33.33333333333333,33.33333333333333
silver_Milk_Sum_gpt-o3-mini-high_6.cpp,WRONG_ANSWER,0,0.00%,0.230,25.8671875,0,0,0,0,0,0,0,0,0,0,0
silver_Milk_Sum_gpt-o3-mini-high_7.cpp,ACCEPTED,333,100.00%,0.140,4.90625,0,33.33333333333333,33.33333333333333,33.33333333333333,33.33333333333333,33.33333333333333,33.33333333333333,33.33333333333333,33.33333333333333,33.33333333333333,33.33333333333333
