solution,status,score,%test passed,time,memory,subtask_0,subtask_1,subtask_2,subtask_3
milano_Qwen3-30B_0.cpp,ACCEPTED,110,100.00%,0.150,5.3984375,21,18,31,40
milano_Qwen3-30B_1.cpp,ACCEPTED,110,100.00%,0.160,4.64453125,21,18,31,40
milano_Qwen3-30B_2.cpp,ACCEPTED,110,100.00%,0.170,5.40234375,21,18,31,40
milano_Qwen3-30B_3.cpp,ACCEPTED,110,100.00%,0.150,5.3984375,21,18,31,40
milano_Qwen3-30B_4.cpp,ACCEPTED,110,100.00%,0.150,5.91796875,21,18,31,40
milano_Qwen3-30B_5.cpp,ACCEPTED,110,100.00%,0.150,5.1640625,21,18,31,40
milano_Qwen3-30B_6.cpp,ACCEPTED,110,100.00%,0.160,4.8984375,21,18,31,40
milano_Qwen3-30B_7.cpp,ACCEPTED,110,100.00%,0.160,6.171875,21,18,31,40
