solution,status,score,%test passed,time,memory,subtask_0,subtask_1,subtask_10,subtask_11,subtask_2,subtask_3,subtask_4,subtask_5,subtask_6,subtask_7,subtask_8,subtask_9
bronze_Hoof_Paper_Scissors_Minus_One_QwQ-32B_0.cpp,ACCEPTED,333,100.00%,0.170,18.5703125,0,30.3030303030303,30.3030303030303,30.3030303030303,30.3030303030303,30.3030303030303,30.3030303030303,30.3030303030303,30.3030303030303,30.3030303030303,30.3030303030303,30.3030303030303
bronze_Hoof_Paper_Scissors_Minus_One_QwQ-32B_1.cpp,WRONG_ANSWER,0,8.33%,0.140,2.5859375,0,0,0,0,0,0,0,0,0,0,0,0
bronze_Hoof_Paper_Scissors_Minus_One_QwQ-32B_2.cpp,ACCEPTED,333,100.00%,0.150,9.8046875,0,30.3030303030303,30.3030303030303,30.3030303030303,30.3030303030303,30.3030303030303,30.3030303030303,30.3030303030303,30.3030303030303,30.3030303030303,30.3030303030303,30.3030303030303
bronze_Hoof_Paper_Scissors_Minus_One_QwQ-32B_3.cpp,WRONG_ANSWER,0,0.00%,0.140,7.3125,0,0,0,0,0,0,0,0,0,0,0,0
bronze_Hoof_Paper_Scissors_Minus_One_QwQ-32B_4.cpp,WRONG_ANSWER,0,0.00%,0.210,28.88671875,0,0,0,0,0,0,0,0,0,0,0,0
bronze_Hoof_Paper_Scissors_Minus_One_QwQ-32B_5.cpp,WRONG_ANSWER,0,0.00%,0.170,7.484375,0,0,0,0,0,0,0,0,0,0,0,0
bronze_Hoof_Paper_Scissors_Minus_One_QwQ-32B_6.cpp,ACCEPTED,333,100.00%,0.160,7.2265625,0,30.3030303030303,30.3030303030303,30.3030303030303,30.3030303030303,30.3030303030303,30.3030303030303,30.3030303030303,30.3030303030303,30.3030303030303,30.3030303030303,30.3030303030303
bronze_Hoof_Paper_Scissors_Minus_One_QwQ-32B_7.cpp,ACCEPTED,333,100.00%,0.180,14.703125,0,30.3030303030303,30.3030303030303,30.3030303030303,30.3030303030303,30.3030303030303,30.3030303030303,30.3030303030303,30.3030303030303,30.3030303030303,30.3030303030303,30.3030303030303
