solution,status,score,%test passed,time,memory,subtask_0,subtask_1,subtask_10,subtask_2,subtask_3,subtask_4,subtask_5,subtask_6,subtask_7,subtask_8,subtask_9
silver_Compatible_Pairs_QwQ-32B_0.cpp,WRONG_ANSWER,67,33.33%,0.210,12.7109375,0,33.33333333333333,0,33.33333333333333,0,0,0,0,0,0,0
silver_Compatible_Pairs_QwQ-32B_1.cpp,WRONG_ANSWER,67,33.33%,0.360,39.44140625,0,33.33333333333333,0,33.33333333333333,0,0,0,0,0,0,0
silver_Compatible_Pairs_QwQ-32B_2.cpp,WRONG_ANSWER,67,33.33%,0.280,34.21484375,0,33.33333333333333,0,33.33333333333333,0,0,0,0,0,0,0
silver_Compatible_Pairs_QwQ-32B_3.cpp,WRONG_ANSWER,67,33.33%,0.310,21.02734375,0,33.33333333333333,0,33.33333333333333,0,0,0,0,0,0,0
silver_Compatible_Pairs_QwQ-32B_4.cpp,WRONG_ANSWER,67,33.33%,0.350,30.91796875,0,33.33333333333333,0,33.33333333333333,0,0,0,0,0,0,0
silver_Compatible_Pairs_QwQ-32B_5.cpp,WRONG_ANSWER,67,33.33%,0.210,22.03515625,0,33.33333333333333,0,33.33333333333333,0,0,0,0,0,0,0
silver_Compatible_Pairs_QwQ-32B_6.cpp,WRONG_ANSWER,67,33.33%,0.210,12.0625,0,33.33333333333333,0,33.33333333333333,0,0,0,0,0,0,0
silver_Compatible_Pairs_QwQ-32B_7.cpp,WRONG_ANSWER,67,33.33%,0.270,21.46875,0,33.33333333333333,0,33.33333333333333,0,0,0,0,0,0,0
