solution,status,score,%test passed,time,memory,subtask_0,subtask_1,subtask_10,subtask_11,subtask_12,subtask_13,subtask_14,subtask_15,subtask_16,subtask_2,subtask_3,subtask_4,subtask_5,subtask_6,subtask_7,subtask_8,subtask_9
silver_Ski_Slope_QwQ-32B_0.cpp,ACCEPTED,333,100.00%,0.310,38.41796875,0,20.833333333333332,20.833333333333332,20.833333333333332,20.833333333333332,20.833333333333332,20.833333333333332,20.833333333333332,20.833333333333332,20.833333333333332,20.833333333333332,20.833333333333332,20.833333333333332,20.833333333333332,20.833333333333332,20.833333333333332,20.833333333333332
silver_Ski_Slope_QwQ-32B_1.cpp,COMPILATION_ERROR,0,0.00%,0.000,0,0,0,0,0,0,0,0,0,0,0,0,0,0,0,0,0,0
silver_Ski_Slope_QwQ-32B_2.cpp,ACCEPTED,333,100.00%,0.240,38.5859375,0,20.833333333333332,20.833333333333332,20.833333333333332,20.833333333333332,20.833333333333332,20.833333333333332,20.833333333333332,20.833333333333332,20.833333333333332,20.833333333333332,20.833333333333332,20.833333333333332,20.833333333333332,20.833333333333332,20.833333333333332,20.833333333333332
silver_Ski_Slope_QwQ-32B_3.cpp,TIME_LIMIT_EXCEEDED,0,0.00%,2.280,280.9375,0,0,0,0,0,0,0,0,0,0,0,0,0,0,0,0,0
silver_Ski_Slope_QwQ-32B_4.cpp,WRONG_ANSWER,0,0.00%,0.200,73.453125,0,0,0,0,0,0,0,0,0,0,0,0,0,0,0,0,0
silver_Ski_Slope_QwQ-32B_5.cpp,ACCEPTED,333,100.00%,0.320,35.35546875,0,20.833333333333332,20.833333333333332,20.833333333333332,20.833333333333332,20.833333333333332,20.833333333333332,20.833333333333332,20.833333333333332,20.833333333333332,20.833333333333332,20.833333333333332,20.833333333333332,20.833333333333332,20.833333333333332,20.833333333333332,20.833333333333332
silver_Ski_Slope_QwQ-32B_6.cpp,WRONG_ANSWER,125,35.29%,0.220,38.984375,0,20.833333333333332,0,0,0,0,0,0,0,20.833333333333332,20.833333333333332,20.833333333333332,0,0,20.833333333333332,20.833333333333332,0
silver_Ski_Slope_QwQ-32B_7.cpp,TIME_LIMIT_EXCEEDED,104,35.29%,2.300,58.62109375,0,20.833333333333332,0,0,0,0,0,0,0,20.833333333333332,20.833333333333332,20.833333333333332,0,0,20.833333333333332,0,0
