solution,status,score,%test passed,time,memory,subtask_0,subtask_1,subtask_10,subtask_11,subtask_12,subtask_13,subtask_14,subtask_15,subtask_16,subtask_17,subtask_18,subtask_19,subtask_2,subtask_20,subtask_3,subtask_4,subtask_5,subtask_6,subtask_7,subtask_8,subtask_9
gold_Flight_Routes_deepseek-reasoner_0.cpp,WRONG_ANSWER,17,9.09%,0.090,5.68359375,0,16.666666666666664,0,0,0,0,0,0,0,0,0,0,0,0,0,0,0,0,0,0,0
gold_Flight_Routes_deepseek-reasoner_1.cpp,ACCEPTED,333,100.00%,0.090,5.6796875,0,16.666666666666664,16.666666666666664,16.666666666666664,16.666666666666664,16.666666666666664,16.666666666666664,16.666666666666664,16.666666666666664,16.666666666666664,16.666666666666664,16.666666666666664,16.666666666666664,16.666666666666664,16.666666666666664,16.666666666666664,16.666666666666664,16.666666666666664,16.666666666666664,16.666666666666664,16.666666666666664
gold_Flight_Routes_deepseek-reasoner_2.cpp,RUNTIME_ERROR,0,0.00%,0.090,5.68359375,0,0,0,0,0,0,0,0,0,0,0,0,0,0,0,0,0,0,0,0,0
gold_Flight_Routes_deepseek-reasoner_3.cpp,WRONG_ANSWER,17,9.09%,0.040,0.00390625,0,16.666666666666664,0,0,0,0,0,0,0,0,0,0,0,0,0,0,0,0,0,0,0
gold_Flight_Routes_deepseek-reasoner_4.cpp,RUNTIME_ERROR,0,0.00%,0.080,5.68359375,0,0,0,0,0,0,0,0,0,0,0,0,0,0,0,0,0,0,0,0,0
gold_Flight_Routes_deepseek-reasoner_5.cpp,ACCEPTED,333,100.00%,0.080,5.6796875,0,16.666666666666664,16.666666666666664,16.666666666666664,16.666666666666664,16.666666666666664,16.666666666666664,16.666666666666664,16.666666666666664,16.666666666666664,16.666666666666664,16.666666666666664,16.666666666666664,16.666666666666664,16.666666666666664,16.666666666666664,16.666666666666664,16.666666666666664,16.666666666666664,16.666666666666664,16.666666666666664
gold_Flight_Routes_deepseek-reasoner_6.cpp,RUNTIME_ERROR,0,0.00%,0.110,5.68359375,0,0,0,0,0,0,0,0,0,0,0,0,0,0,0,0,0,0,0,0,0
gold_Flight_Routes_deepseek-reasoner_7.cpp,WRONG_ANSWER,0,4.55%,0.100,5.68359375,0,0,0,0,0,0,0,0,0,0,0,0,0,0,0,0,0,0,0,0,0
