solution,status,score,%test passed,time,memory,subtask_0,subtask_1,subtask_10,subtask_11,subtask_12,subtask_2,subtask_3,subtask_4,subtask_5,subtask_6,subtask_7,subtask_8,subtask_9
silver_Cycle_Correspondence_deepseek-reasoner_0.cpp,ACCEPTED,333,100.00%,0.370,61.06640625,0,27.777777777777775,27.777777777777775,27.777777777777775,27.777777777777775,27.777777777777775,27.777777777777775,27.777777777777775,27.777777777777775,27.777777777777775,27.777777777777775,27.777777777777775,27.777777777777775
silver_Cycle_Correspondence_deepseek-reasoner_1.cpp,ACCEPTED,333,100.00%,0.270,35.80078125,0,27.777777777777775,27.777777777777775,27.777777777777775,27.777777777777775,27.777777777777775,27.777777777777775,27.777777777777775,27.777777777777775,27.777777777777775,27.777777777777775,27.777777777777775,27.777777777777775
silver_Cycle_Correspondence_deepseek-reasoner_2.cpp,ACCEPTED,333,100.00%,0.220,35.8671875,0,27.777777777777775,27.777777777777775,27.777777777777775,27.777777777777775,27.777777777777775,27.777777777777775,27.777777777777775,27.777777777777775,27.777777777777775,27.777777777777775,27.777777777777775,27.777777777777775
silver_Cycle_Correspondence_deepseek-reasoner_3.cpp,TIME_LIMIT_EXCEEDED,139,33.33%,2.210,92.98828125,0,27.777777777777775,27.777777777777775,0,0,0,0,27.777777777777775,27.777777777777775,27.777777777777775,0,0,0
silver_Cycle_Correspondence_deepseek-reasoner_4.cpp,WRONG_ANSWER,56,33.33%,0.220,28.8828125,0,27.777777777777775,0,0,0,27.777777777777775,0,0,0,0,0,0,0
silver_Cycle_Correspondence_deepseek-reasoner_5.cpp,ACCEPTED,333,100.00%,0.410,53.64453125,0,27.777777777777775,27.777777777777775,27.777777777777775,27.777777777777775,27.777777777777775,27.777777777777775,27.777777777777775,27.777777777777775,27.777777777777775,27.777777777777775,27.777777777777775,27.777777777777775
silver_Cycle_Correspondence_deepseek-reasoner_6.cpp,ACCEPTED,333,100.00%,0.310,47.76953125,0,27.777777777777775,27.777777777777775,27.777777777777775,27.777777777777775,27.777777777777775,27.777777777777775,27.777777777777775,27.777777777777775,27.777777777777775,27.777777777777775,27.777777777777775,27.777777777777775
silver_Cycle_Correspondence_deepseek-reasoner_7.cpp,ACCEPTED,333,100.00%,0.230,53.640625,0,27.777777777777775,27.777777777777775,27.777777777777775,27.777777777777775,27.777777777777775,27.777777777777775,27.777777777777775,27.777777777777775,27.777777777777775,27.777777777777775,27.777777777777775,27.777777777777775
