solution,status,score,%test passed,time,memory,subtask_0,subtask_1,subtask_10,subtask_11,subtask_12,subtask_2,subtask_3,subtask_4,subtask_5,subtask_6,subtask_7,subtask_8,subtask_9
silver_Cowlendar_deepseek-reasoner_0.cpp,TIME_LIMIT_EXCEEDED,28,21.43%,2.220,3.4609375,0,0,0,0,0,27.777777777777775,0,0,0,0,0,0,0
silver_Cowlendar_deepseek-reasoner_1.cpp,RUNTIME_ERROR,222,57.14%,0.260,1.55078125,0,0,0,27.777777777777775,27.777777777777775,27.777777777777775,27.777777777777775,27.777777777777775,27.777777777777775,0,27.777777777777775,0,27.777777777777775
silver_Cowlendar_deepseek-reasoner_2.cpp,TIME_LIMIT_EXCEEDED,139,50.00%,2.210,280.76171875,0,0,0,27.777777777777775,0,27.777777777777775,0,27.777777777777775,27.777777777777775,0,0,0,27.777777777777775
silver_Cowlendar_deepseek-reasoner_3.cpp,TIME_LIMIT_EXCEEDED,56,28.57%,2.230,0.00390625,0,0,0,0,0,27.777777777777775,0,0,0,0,0,0,27.777777777777775
silver_Cowlendar_deepseek-reasoner_4.cpp,WRONG_ANSWER,194,64.29%,1.130,4.90234375,0,0,0,27.777777777777775,27.777777777777775,27.777777777777775,0,27.777777777777775,27.777777777777775,0,27.777777777777775,0,27.777777777777775
silver_Cowlendar_deepseek-reasoner_5.cpp,TIME_LIMIT_EXCEEDED,28,21.43%,2.240,3.875,0,0,0,0,0,27.777777777777775,0,0,0,0,0,0,0
silver_Cowlendar_deepseek-reasoner_6.cpp,TIME_LIMIT_EXCEEDED,56,28.57%,2.230,0.00390625,0,0,0,0,0,27.777777777777775,0,0,0,0,0,0,27.777777777777775
silver_Cowlendar_deepseek-reasoner_7.cpp,TIME_LIMIT_EXCEEDED,28,21.43%,2.220,3.5,0,0,0,0,0,27.777777777777775,0,0,0,0,0,0,0
