solution,status,score,%test passed,time,memory,subtask_0,subtask_1,subtask_10,subtask_11,subtask_2,subtask_3,subtask_4,subtask_5,subtask_6,subtask_7,subtask_8,subtask_9
bronze_Hoof_Paper_Scissors_Minus_One_gpt-oss-120b-low_0.cpp,ACCEPTED,333,100.00%,0.100,10.05859375,0,30.3030303030303,30.3030303030303,30.3030303030303,30.3030303030303,30.3030303030303,30.3030303030303,30.3030303030303,30.3030303030303,30.3030303030303,30.3030303030303,30.3030303030303
bronze_Hoof_Paper_Scissors_Minus_One_gpt-oss-120b-low_1.cpp,ACCEPTED,333,100.00%,0.090,10.0625,0,30.3030303030303,30.3030303030303,30.3030303030303,30.3030303030303,30.3030303030303,30.3030303030303,30.3030303030303,30.3030303030303,30.3030303030303,30.3030303030303,30.3030303030303
bronze_Hoof_Paper_Scissors_Minus_One_gpt-oss-120b-low_2.cpp,ACCEPTED,333,100.00%,0.070,2.5859375,0,30.3030303030303,30.3030303030303,30.3030303030303,30.3030303030303,30.3030303030303,30.3030303030303,30.3030303030303,30.3030303030303,30.3030303030303,30.3030303030303,30.3030303030303
bronze_Hoof_Paper_Scissors_Minus_One_gpt-oss-120b-low_3.cpp,ACCEPTED,333,100.00%,0.090,10.05859375,0,30.3030303030303,30.3030303030303,30.3030303030303,30.3030303030303,30.3030303030303,30.3030303030303,30.3030303030303,30.3030303030303,30.3030303030303,30.3030303030303,30.3030303030303
bronze_Hoof_Paper_Scissors_Minus_One_gpt-oss-120b-low_4.cpp,ACCEPTED,333,100.00%,0.090,10.0625,0,30.3030303030303,30.3030303030303,30.3030303030303,30.3030303030303,30.3030303030303,30.3030303030303,30.3030303030303,30.3030303030303,30.3030303030303,30.3030303030303,30.3030303030303
bronze_Hoof_Paper_Scissors_Minus_One_gpt-oss-120b-low_5.cpp,ACCEPTED,333,100.00%,0.060,2.328125,0,30.3030303030303,30.3030303030303,30.3030303030303,30.3030303030303,30.3030303030303,30.3030303030303,30.3030303030303,30.3030303030303,30.3030303030303,30.3030303030303,30.3030303030303
bronze_Hoof_Paper_Scissors_Minus_One_gpt-oss-120b-low_6.cpp,ACCEPTED,333,100.00%,0.090,10.0625,0,30.3030303030303,30.3030303030303,30.3030303030303,30.3030303030303,30.3030303030303,30.3030303030303,30.3030303030303,30.3030303030303,30.3030303030303,30.3030303030303,30.3030303030303
bronze_Hoof_Paper_Scissors_Minus_One_gpt-oss-120b-low_7.cpp,ACCEPTED,333,100.00%,0.120,10.0625,0,30.3030303030303,30.3030303030303,30.3030303030303,30.3030303030303,30.3030303030303,30.3030303030303,30.3030303030303,30.3030303030303,30.3030303030303,30.3030303030303,30.3030303030303
