solution,status,score,%test passed,time,memory,subtask_0,subtask_1,subtask_10,subtask_2,subtask_3,subtask_4,subtask_5,subtask_6,subtask_7,subtask_8,subtask_9
bronze_More_Cow_Photos_gpt-oss-120b-low_0.cpp,WRONG_ANSWER,0,0.00%,0.100,1.7578125,0,0,0,0,0,0,0,0,0,0,0
bronze_More_Cow_Photos_gpt-oss-120b-low_1.cpp,ACCEPTED,333,100.00%,0.140,5.81640625,0,33.33333333333333,33.33333333333333,33.33333333333333,33.33333333333333,33.33333333333333,33.33333333333333,33.33333333333333,33.33333333333333,33.33333333333333,33.33333333333333
bronze_More_Cow_Photos_gpt-oss-120b-low_2.cpp,WRONG_ANSWER,0,0.00%,0.100,1.75390625,0,0,0,0,0,0,0,0,0,0,0
bronze_More_Cow_Photos_gpt-oss-120b-low_3.cpp,ACCEPTED,333,100.00%,0.100,1.8671875,0,33.33333333333333,33.33333333333333,33.33333333333333,33.33333333333333,33.33333333333333,33.33333333333333,33.33333333333333,33.33333333333333,33.33333333333333,33.33333333333333
bronze_More_Cow_Photos_gpt-oss-120b-low_4.cpp,ACCEPTED,333,100.00%,0.100,1.7578125,0,33.33333333333333,33.33333333333333,33.33333333333333,33.33333333333333,33.33333333333333,33.33333333333333,33.33333333333333,33.33333333333333,33.33333333333333,33.33333333333333
bronze_More_Cow_Photos_gpt-oss-120b-low_5.cpp,WRONG_ANSWER,0,0.00%,0.100,1.75390625,0,0,0,0,0,0,0,0,0,0,0
bronze_More_Cow_Photos_gpt-oss-120b-low_6.cpp,ACCEPTED,333,100.00%,0.100,1.7578125,0,33.33333333333333,33.33333333333333,33.33333333333333,33.33333333333333,33.33333333333333,33.33333333333333,33.33333333333333,33.33333333333333,33.33333333333333,33.33333333333333
bronze_More_Cow_Photos_gpt-oss-120b-low_7.cpp,WRONG_ANSWER,0,0.00%,0.100,1.7578125,0,0,0,0,0,0,0,0,0,0,0
