solution,status,score,relative_score,%test passed,time,memory,subtask_0,subtask_1,subtask_10,subtask_2,subtask_3,subtask_4,subtask_5,subtask_6,subtask_7,subtask_8,subtask_9
bronze_Cow_Checkups_gpt-oss-120b-medium_0.cpp,ACCEPTED,333,100.91%,100.00%,0.530,109.32421875,0,33.33333333333333,33.33333333333333,33.33333333333333,33.33333333333333,33.33333333333333,33.33333333333333,33.33333333333333,33.33333333333333,33.33333333333333,33.33333333333333
bronze_Cow_Checkups_gpt-oss-120b-medium_1.cpp,ACCEPTED,333,100.91%,100.00%,0.100,1.55859375,0,33.33333333333333,33.33333333333333,33.33333333333333,33.33333333333333,33.33333333333333,33.33333333333333,33.33333333333333,33.33333333333333,33.33333333333333,33.33333333333333
bronze_Cow_Checkups_gpt-oss-120b-medium_2.cpp,ACCEPTED,333,100.91%,100.00%,0.290,1.55859375,0,33.33333333333333,33.33333333333333,33.33333333333333,33.33333333333333,33.33333333333333,33.33333333333333,33.33333333333333,33.33333333333333,33.33333333333333,33.33333333333333
bronze_Cow_Checkups_gpt-oss-120b-medium_3.cpp,ACCEPTED,333,100.91%,100.00%,0.160,1.55859375,0,33.33333333333333,33.33333333333333,33.33333333333333,33.33333333333333,33.33333333333333,33.33333333333333,33.33333333333333,33.33333333333333,33.33333333333333,33.33333333333333
bronze_Cow_Checkups_gpt-oss-120b-medium_4.cpp,ACCEPTED,333,100.91%,100.00%,0.300,1.55859375,0,33.33333333333333,33.33333333333333,33.33333333333333,33.33333333333333,33.33333333333333,33.33333333333333,33.33333333333333,33.33333333333333,33.33333333333333,33.33333333333333
bronze_Cow_Checkups_gpt-oss-120b-medium_5.cpp,MEMORY_LIMIT_EXCEEDED,0,0.00%,0.00%,0.280,109.06640625,0,0,0,0,0,0,0,0,0,0,0
bronze_Cow_Checkups_gpt-oss-120b-medium_6.cpp,ACCEPTED,333,100.91%,100.00%,0.170,1.55859375,0,33.33333333333333,33.33333333333333,33.33333333333333,33.33333333333333,33.33333333333333,33.33333333333333,33.33333333333333,33.33333333333333,33.33333333333333,33.33333333333333
bronze_Cow_Checkups_gpt-oss-120b-medium_7.cpp,ACCEPTED,333,100.91%,100.00%,0.130,1.55859375,0,33.33333333333333,33.33333333333333,33.33333333333333,33.33333333333333,33.33333333333333,33.33333333333333,33.33333333333333,33.33333333333333,33.33333333333333,33.33333333333333
