solution,status,score,relative_score,%test passed,time,memory,subtask_0,subtask_1,subtask_10,subtask_11,subtask_12,subtask_13,subtask_14,subtask_15,subtask_2,subtask_3,subtask_4,subtask_5,subtask_6,subtask_7,subtask_8,subtask_9
gold_Median_Heap_gpt-oss-120b-medium_1.cpp,WRONG_ANSWER,0,0.00%,0.00%,0.180,15.73046875,0,0,0,0,0,0,0,0,0,0,0,0,0,0,0,0
gold_Median_Heap_gpt-oss-120b-medium_2.cpp,WRONG_ANSWER,0,0.00%,0.00%,0.230,25.52734375,0,0,0,0,0,0,0,0,0,0,0,0,0,0,0,0
gold_Median_Heap_gpt-oss-120b-medium_3.cpp,TIME_LIMIT_EXCEEDED,0,0.00%,0.00%,4.830,6.0,0,0,0,0,0,0,0,0,0,0,0,0,0,0,0,0
gold_Median_Heap_gpt-oss-120b-medium_4.cpp,WRONG_ANSWER,0,0.00%,0.00%,0.170,11.19140625,0,0,0,0,0,0,0,0,0,0,0,0,0,0,0,0
gold_Median_Heap_gpt-oss-120b-medium_5.cpp,WRONG_ANSWER,0,0.00%,0.00%,0.090,5.94140625,0,0,0,0,0,0,0,0,0,0,0,0,0,0,0,0
gold_Median_Heap_gpt-oss-120b-medium_6.cpp,ACCEPTED,333,100.91%,100.00%,0.590,45.89453125,0,22.22222222222222,22.22222222222222,22.22222222222222,22.22222222222222,22.22222222222222,22.22222222222222,22.22222222222222,22.22222222222222,22.22222222222222,22.22222222222222,22.22222222222222,22.22222222222222,22.22222222222222,22.22222222222222,22.22222222222222
