solution,status,score,relative_score,%test passed,time,memory,subtask_0,subtask_1,subtask_10,subtask_11,subtask_12,subtask_2,subtask_3,subtask_4,subtask_5,subtask_6,subtask_7,subtask_8,subtask_9
silver_Table_Recovery_gpt-oss-120b-medium_0.cpp,MEMORY_LIMIT_EXCEEDED,0,0.00%,6.67%,0.510,261.9375,0,0,0,0,0,0,0,0,0,0,0,0,0
silver_Table_Recovery_gpt-oss-120b-medium_1.cpp,WRONG_ANSWER,0,0.00%,13.33%,0.150,5.421875,0,0,0,0,0,0,0,0,0,0,0,0,0
silver_Table_Recovery_gpt-oss-120b-medium_2.cpp,WRONG_ANSWER,0,0.00%,13.33%,0.160,5.421875,0,0,0,0,0,0,0,0,0,0,0,0,0
silver_Table_Recovery_gpt-oss-120b-medium_3.cpp,RUNTIME_ERROR,0,0.00%,6.67%,0.130,9.03515625,0,0,0,0,0,0,0,0,0,0,0,0,0
silver_Table_Recovery_gpt-oss-120b-medium_4.cpp,WRONG_ANSWER,0,0.00%,13.33%,0.150,5.421875,0,0,0,0,0,0,0,0,0,0,0,0,0
silver_Table_Recovery_gpt-oss-120b-medium_5.cpp,ACCEPTED,333,102.78%,100.00%,0.170,16.765625,0,27.777777777777775,27.777777777777775,27.777777777777775,27.777777777777775,27.777777777777775,27.777777777777775,27.777777777777775,27.777777777777775,27.777777777777775,27.777777777777775,27.777777777777775,27.777777777777775
silver_Table_Recovery_gpt-oss-120b-medium_6.cpp,ACCEPTED,333,102.78%,100.00%,0.170,29.4140625,0,27.777777777777775,27.777777777777775,27.777777777777775,27.777777777777775,27.777777777777775,27.777777777777775,27.777777777777775,27.777777777777775,27.777777777777775,27.777777777777775,27.777777777777775,27.777777777777775
silver_Table_Recovery_gpt-oss-120b-medium_7.cpp,WRONG_ANSWER,0,0.00%,13.33%,0.180,9.03125,0,0,0,0,0,0,0,0,0,0,0,0,0
