solution,status,score,%test passed,time,memory,subtask_0,subtask_1,subtask_10,subtask_11,subtask_12,subtask_13,subtask_14,subtask_15,subtask_16,subtask_17,subtask_18,subtask_2,subtask_3,subtask_4,subtask_5,subtask_6,subtask_7,subtask_8,subtask_9
platinum_Transforming_Pairs_gpt-5_0.cpp,WRONG_ANSWER,0,5.26%,0.180,0.00390625,0,0,0,0,0,0,0,0,0,0,0,0,0,0,0,0,0,0,0
platinum_Transforming_Pairs_gpt-5_1.cpp,WRONG_ANSWER,0,0.00%,0.190,0.00390625,0,0,0,0,0,0,0,0,0,0,0,0,0,0,0,0,0,0,0
platinum_Transforming_Pairs_gpt-5_2.cpp,TIME_LIMIT_EXCEEDED,0,5.26%,2.540,0.00390625,0,0,0,0,0,0,0,0,0,0,0,0,0,0,0,0,0,0,0
platinum_Transforming_Pairs_gpt-5_3.cpp,WRONG_ANSWER,37,10.53%,0.190,0.00390625,0,0,0,0,0,0,0,0,0,0,0,18.51851851851852,0,0,18.51851851851852,0,0,0,0
platinum_Transforming_Pairs_gpt-5_4.cpp,ACCEPTED,333,100.00%,0.570,0.00390625,0,18.51851851851852,18.51851851851852,18.51851851851852,18.51851851851852,18.51851851851852,18.51851851851852,18.51851851851852,18.51851851851852,18.51851851851852,18.51851851851852,18.51851851851852,18.51851851851852,18.51851851851852,18.51851851851852,18.51851851851852,18.51851851851852,18.51851851851852,18.51851851851852
platinum_Transforming_Pairs_gpt-5_5.cpp,ACCEPTED,333,100.00%,0.920,0.00390625,0,18.51851851851852,18.51851851851852,18.51851851851852,18.51851851851852,18.51851851851852,18.51851851851852,18.51851851851852,18.51851851851852,18.51851851851852,18.51851851851852,18.51851851851852,18.51851851851852,18.51851851851852,18.51851851851852,18.51851851851852,18.51851851851852,18.51851851851852,18.51851851851852
platinum_Transforming_Pairs_gpt-5_6.cpp,TIME_LIMIT_EXCEEDED,37,15.79%,2.480,0.00390625,0,0,0,0,0,0,0,0,0,0,0,18.51851851851852,0,0,18.51851851851852,0,0,0,0
platinum_Transforming_Pairs_gpt-5_7.cpp,WRONG_ANSWER,37,10.53%,0.200,0.00390625,0,0,0,0,0,0,0,0,0,0,0,18.51851851851852,0,0,18.51851851851852,0,0,0,0
