solution,status,score,%test passed,time,memory,subtask_0,subtask_1,subtask_2,subtask_3
karte_Qwen3-14B_0.cpp,ACCEPTED,70,100.00%,0.150,0.00390625,18,11,24,17
karte_Qwen3-14B_1.cpp,ACCEPTED,70,100.00%,0.150,0.00390625,18,11,24,17
karte_Qwen3-14B_2.cpp,ACCEPTED,70,100.00%,0.160,0.00390625,18,11,24,17
karte_Qwen3-14B_3.cpp,ACCEPTED,70,100.00%,0.110,0.00390625,18,11,24,17
karte_Qwen3-14B_4.cpp,ACCEPTED,70,100.00%,0.150,0.00390625,18,11,24,17
karte_Qwen3-14B_5.cpp,ACCEPTED,70,100.00%,0.120,0.00390625,18,11,24,17
karte_Qwen3-14B_6.cpp,ACCEPTED,70,100.00%,0.150,0.00390625,18,11,24,17
karte_Qwen3-14B_7.cpp,ACCEPTED,70,100.00%,0.150,0.00390625,18,11,24,17
