solution,status,score,%test passed,time,memory,subtask_0,subtask_1,subtask_10,subtask_11,subtask_12,subtask_13,subtask_14,subtask_15,subtask_16,subtask_2,subtask_3,subtask_4,subtask_5,subtask_6,subtask_7,subtask_8,subtask_9
silver_Ski_Slope_seed-oss_0.cpp,COMPILATION_ERROR,0,0.00%,0.000,0,0,0,0,0,0,0,0,0,0,0,0,0,0,0,0,0,0
silver_Ski_Slope_seed-oss_1.cpp,ACCEPTED,333,100.00%,0.250,27.59375,0,20.833333333333332,20.833333333333332,20.833333333333332,20.833333333333332,20.833333333333332,20.833333333333332,20.833333333333332,20.833333333333332,20.833333333333332,20.833333333333332,20.833333333333332,20.833333333333332,20.833333333333332,20.833333333333332,20.833333333333332,20.833333333333332
silver_Ski_Slope_seed-oss_2.cpp,WRONG_ANSWER,125,41.18%,0.150,60.90625,0,20.833333333333332,0,0,0,0,0,0,0,20.833333333333332,20.833333333333332,20.833333333333332,20.833333333333332,20.833333333333332,0,0,0
silver_Ski_Slope_seed-oss_3.cpp,WRONG_ANSWER,0,0.00%,0.170,55.59375,0,0,0,0,0,0,0,0,0,0,0,0,0,0,0,0,0
silver_Ski_Slope_seed-oss_4.cpp,ACCEPTED,333,100.00%,0.230,36.8515625,0,20.833333333333332,20.833333333333332,20.833333333333332,20.833333333333332,20.833333333333332,20.833333333333332,20.833333333333332,20.833333333333332,20.833333333333332,20.833333333333332,20.833333333333332,20.833333333333332,20.833333333333332,20.833333333333332,20.833333333333332,20.833333333333332
silver_Ski_Slope_seed-oss_5.cpp,ACCEPTED,333,100.00%,0.160,40.6640625,0,20.833333333333332,20.833333333333332,20.833333333333332,20.833333333333332,20.833333333333332,20.833333333333332,20.833333333333332,20.833333333333332,20.833333333333332,20.833333333333332,20.833333333333332,20.833333333333332,20.833333333333332,20.833333333333332,20.833333333333332,20.833333333333332
silver_Ski_Slope_seed-oss_6.cpp,ACCEPTED,333,100.00%,0.160,40.65625,0,20.833333333333332,20.833333333333332,20.833333333333332,20.833333333333332,20.833333333333332,20.833333333333332,20.833333333333332,20.833333333333332,20.833333333333332,20.833333333333332,20.833333333333332,20.833333333333332,20.833333333333332,20.833333333333332,20.833333333333332,20.833333333333332
silver_Ski_Slope_seed-oss_7.cpp,RUNTIME_ERROR,0,0.00%,0.170,265.64453125,0,0,0,0,0,0,0,0,0,0,0,0,0,0,0,0,0
