solution,status,score,%test passed,time,memory,subtask_0,subtask_1,subtask_10,subtask_2,subtask_3,subtask_4,subtask_5,subtask_6,subtask_7,subtask_8,subtask_9
bronze_Cow_Checkups_DeepSeek-Coder-V2-Lite-Instruct_0.cpp,TIME_LIMIT_EXCEEDED,100,46.15%,2.390,1.55859375,0,33.33333333333333,0,33.33333333333333,33.33333333333333,0,0,0,0,0,0
bronze_Cow_Checkups_DeepSeek-Coder-V2-Lite-Instruct_0.cpp,TIME_LIMIT_EXCEEDED,100,46.15%,2.390,1.55859375,0,33.33333333333333,0,33.33333333333333,33.33333333333333,0,0,0,0,0,0
bronze_Cow_Checkups_DeepSeek-Coder-V2-Lite-Instruct_0.cpp,TIME_LIMIT_EXCEEDED,100,46.15%,2.390,1.55859375,0,33.33333333333333,0,33.33333333333333,33.33333333333333,0,0,0,0,0,0
bronze_Cow_Checkups_DeepSeek-Coder-V2-Lite-Instruct_2.cpp,TIME_LIMIT_EXCEEDED,100,46.15%,2.280,1.55859375,0,33.33333333333333,0,33.33333333333333,33.33333333333333,0,0,0,0,0,0
bronze_Cow_Checkups_DeepSeek-Coder-V2-Lite-Instruct_4.cpp,TIME_LIMIT_EXCEEDED,100,46.15%,2.290,1.55859375,0,33.33333333333333,0,33.33333333333333,33.33333333333333,0,0,0,0,0,0
bronze_Cow_Checkups_DeepSeek-Coder-V2-Lite-Instruct_4.cpp,TIME_LIMIT_EXCEEDED,100,46.15%,2.290,1.55859375,0,33.33333333333333,0,33.33333333333333,33.33333333333333,0,0,0,0,0,0
bronze_Cow_Checkups_DeepSeek-Coder-V2-Lite-Instruct_4.cpp,TIME_LIMIT_EXCEEDED,100,46.15%,2.290,1.55859375,0,33.33333333333333,0,33.33333333333333,33.33333333333333,0,0,0,0,0,0
