solution,status,score,%test passed,time,memory,subtask_0,subtask_1,subtask_2,subtask_3
an2dl_Qwen3-32B_0.cpp,ACCEPTED,110,100.00%,1.180,99.0078125,12,17,25,56
an2dl_Qwen3-32B_1.cpp,ACCEPTED,110,100.00%,1.210,98.82421875,12,17,25,56
an2dl_Qwen3-32B_2.cpp,ACCEPTED,110,100.00%,1.180,99.0078125,12,17,25,56
an2dl_Qwen3-32B_3.cpp,ACCEPTED,110,100.00%,1.190,98.828125,12,17,25,56
an2dl_Qwen3-32B_4.cpp,ACCEPTED,110,100.00%,1.230,99.0078125,12,17,25,56
an2dl_Qwen3-32B_5.cpp,ACCEPTED,110,100.00%,1.160,122.20703125,12,17,25,56
an2dl_Qwen3-32B_6.cpp,ACCEPTED,110,100.00%,1.210,114.4765625,12,17,25,56
an2dl_Qwen3-32B_7.cpp,ACCEPTED,110,100.00%,1.210,122.2109375,12,17,25,56
