problem,status,score,%test passed,time,memory,pass_rate,subtask_0,subtask_1,subtask_10,subtask_11,subtask_12,subtask_2,subtask_3,subtask_4,subtask_5,subtask_6,subtask_7,subtask_8,subtask_9
bronze_Palindrome_Game,ACCEPTED,333,100.00%,0.050,1.69921875,,0,27.777777777777775,27.777777777777775,27.777777777777775,27.777777777777775,27.777777777777775,27.777777777777775,27.777777777777775,27.777777777777775,27.777777777777775,27.777777777777775,27.777777777777775,27.777777777777775
TOTAL,,333,100.00%,,,100.00%,,,,,,,,,,,,,
