solution,status,score,%test passed,time,memory,subtask_0,subtask_1,subtask_10,subtask_11,subtask_12,subtask_2,subtask_3,subtask_4,subtask_5,subtask_6,subtask_7,subtask_8,subtask_9
bronze_Rotate_and_Shift_gemini-2.5-flash_0.cpp,ACCEPTED,333,100.00%,0.050,13.9765625,0,27.777777777777775,27.777777777777775,27.777777777777775,27.777777777777775,27.777777777777775,27.777777777777775,27.777777777777775,27.777777777777775,27.777777777777775,27.777777777777775,27.777777777777775,27.777777777777775
bronze_Rotate_and_Shift_gemini-2.5-flash_1.cpp,ACCEPTED,333,100.00%,0.050,3.640625,0,27.777777777777775,27.777777777777775,27.777777777777775,27.777777777777775,27.777777777777775,27.777777777777775,27.777777777777775,27.777777777777775,27.777777777777775,27.777777777777775,27.777777777777775,27.777777777777775
bronze_Rotate_and_Shift_gemini-2.5-flash_2.cpp,ACCEPTED,333,100.00%,0.050,3.2578125,0,27.777777777777775,27.777777777777775,27.777777777777775,27.777777777777775,27.777777777777775,27.777777777777775,27.777777777777775,27.777777777777775,27.777777777777775,27.777777777777775,27.777777777777775,27.777777777777775
bronze_Rotate_and_Shift_gemini-2.5-flash_3.cpp,TIME_LIMIT_EXCEEDED,0,0.00%,4.420,4.02734375,0,0,0,0,0,0,0,0,0,0,0,0,0
bronze_Rotate_and_Shift_gemini-2.5-flash_4.cpp,TIME_LIMIT_EXCEEDED,167,53.85%,4.410,3.25,0,27.777777777777775,0,0,0,27.777777777777775,27.777777777777775,27.777777777777775,27.777777777777775,27.777777777777775,0,0,0
bronze_Rotate_and_Shift_gemini-2.5-flash_5.cpp,ACCEPTED,333,100.00%,0.070,8.72265625,0,27.777777777777775,27.777777777777775,27.777777777777775,27.777777777777775,27.777777777777775,27.777777777777775,27.777777777777775,27.777777777777775,27.777777777777775,27.777777777777775,27.777777777777775,27.777777777777775
bronze_Rotate_and_Shift_gemini-2.5-flash_6.cpp,TIME_LIMIT_EXCEEDED,0,0.00%,4.420,7.328125,0,0,0,0,0,0,0,0,0,0,0,0,0
bronze_Rotate_and_Shift_gemini-2.5-flash_7.cpp,TIME_LIMIT_EXCEEDED,0,0.00%,4.430,3.62890625,0,0,0,0,0,0,0,0,0,0,0,0,0
