solution,status,score,%test passed,time,memory,subtask_0,subtask_1,subtask_10,subtask_2,subtask_3,subtask_4,subtask_5,subtask_6,subtask_7,subtask_8,subtask_9
silver_Pareidolia_gemini-2.5-flash_0.cpp,ACCEPTED,333,100.00%,0.120,110.43359375,0,33.33333333333333,33.33333333333333,33.33333333333333,33.33333333333333,33.33333333333333,33.33333333333333,33.33333333333333,33.33333333333333,33.33333333333333,33.33333333333333
silver_Pareidolia_gemini-2.5-flash_1.cpp,ACCEPTED,333,100.00%,0.090,90.48828125,0,33.33333333333333,33.33333333333333,33.33333333333333,33.33333333333333,33.33333333333333,33.33333333333333,33.33333333333333,33.33333333333333,33.33333333333333,33.33333333333333
silver_Pareidolia_gemini-2.5-flash_2.cpp,RUNTIME_ERROR,0,0.00%,0.060,32.67578125,0,0,0,0,0,0,0,0,0,0,0
silver_Pareidolia_gemini-2.5-flash_3.cpp,ACCEPTED,333,100.00%,0.070,43.046875,0,33.33333333333333,33.33333333333333,33.33333333333333,33.33333333333333,33.33333333333333,33.33333333333333,33.33333333333333,33.33333333333333,33.33333333333333,33.33333333333333
silver_Pareidolia_gemini-2.5-flash_4.cpp,COMPILATION_ERROR,0,0.00%,0.000,0,0,0,0,0,0,0,0,0,0,0,0
silver_Pareidolia_gemini-2.5-flash_5.cpp,WRONG_ANSWER,0,16.67%,0.060,42.98828125,0,0,0,0,0,0,0,0,0,0,0
silver_Pareidolia_gemini-2.5-flash_6.cpp,RUNTIME_ERROR,0,0.00%,0.070,42.7265625,0,0,0,0,0,0,0,0,0,0,0
silver_Pareidolia_gemini-2.5-flash_7.cpp,TIME_LIMIT_EXCEEDED,0,0.00%,4.420,34.68359375,0,0,0,0,0,0,0,0,0,0,0
