solution,status,score,%test passed,time,memory,subtask_0,subtask_1,subtask_2,subtask_3,subtask_4,subtask_5,subtask_6,subtask_7,subtask_8,subtask_9
ones_Qwen2.5-Coder-32B-Instruct_0.cpp,WRONG_ANSWER,25,0.00%,0.230,1.95703125,4.70929,4.06906,3.35974,2.8991499999999997,2.49801,2.0357600000000002,1.72931,1.45111,1.1148099999999999,0.87959
ones_Qwen2.5-Coder-32B-Instruct_1.cpp,UNKNOWN,0,0.00%,0.000,0,0,0,0,0,0,0,0,0,0,0
ones_Qwen2.5-Coder-32B-Instruct_2.cpp,WRONG_ANSWER,25,0.00%,0.230,1.953125,4.70929,4.06906,3.35974,2.8991499999999997,2.49801,2.0357600000000002,1.72931,1.45111,1.1148099999999999,0.87959
ones_Qwen2.5-Coder-32B-Instruct_3.cpp,WRONG_ANSWER,25,0.00%,0.230,1.953125,4.70929,4.06906,3.35974,2.8991499999999997,2.49801,2.0357600000000002,1.72931,1.45111,1.1148099999999999,0.87959
ones_Qwen2.5-Coder-32B-Instruct_4.cpp,WRONG_ANSWER,25,0.00%,0.190,1.95703125,4.70929,4.06906,3.35974,2.8991499999999997,2.49801,2.0357600000000002,1.72931,1.45111,1.1148099999999999,0.87959
ones_Qwen2.5-Coder-32B-Instruct_5.cpp,WRONG_ANSWER,0,0.00%,0.120,1.80859375,0.0,0.0,0.0,0.0,0.0,0.0,0.0,0.0,0.0,0.0
ones_Qwen2.5-Coder-32B-Instruct_6.cpp,WRONG_ANSWER,0,0.00%,0.130,1.80859375,0.0,0.0,0.0,0.0,0.0,0.0,0.0,0.0,0.0,0.0
ones_Qwen2.5-Coder-32B-Instruct_7.cpp,WRONG_ANSWER,25,0.00%,0.230,1.953125,4.70929,4.06906,3.35974,2.8991499999999997,2.49801,2.0357600000000002,1.72931,1.45111,1.1148099999999999,0.87959
