solution,status,score,%test passed,time,memory,subtask_0,subtask_1,subtask_2,subtask_3,subtask_4,subtask_5,subtask_6,subtask_7,subtask_8,subtask_9
ones_seed-oss_0.cpp,WRONG_ANSWER,20,0.00%,0.470,3.73828125,3.42385,3.10535,2.67444,2.35967,2.06754,1.7136,1.47039,1.24465,0.96661,0.7696400000000001
ones_seed-oss_1.cpp,WRONG_ANSWER,22,0.00%,0.140,1.953125,3.8977899999999996,3.49316,2.9677599999999997,2.59668,2.2598,1.85943,1.5881999999999998,1.33869,1.0334699999999999,0.81806
ones_seed-oss_2.cpp,WRONG_ANSWER,25,0.00%,0.130,1.953125,4.72823,4.07686,3.3626899999999997,2.89704,2.49904,2.03989,1.73442,1.4582600000000001,1.1255,0.8935700000000001
ones_seed-oss_3.cpp,WRONG_ANSWER,25,0.00%,0.110,1.953125,4.72823,4.07686,3.3626899999999997,2.89704,2.49904,2.03989,1.73442,1.4582600000000001,1.1255,0.8935700000000001
ones_seed-oss_4.cpp,UNKNOWN,0,0.00%,0.000,0,0,0,0,0,0,0,0,0,0,0
ones_seed-oss_5.cpp,WRONG_ANSWER,22,0.00%,0.120,1.953125,3.96591,3.52384,2.9749999999999996,2.60307,2.2717,1.87628,1.6134899999999999,1.3775399999999998,1.10377,0.92971
ones_seed-oss_6.cpp,WRONG_ANSWER,29,0.00%,0.110,2.07421875,2.5802799999999997,2.5615300000000003,2.6297900000000003,2.67411,2.72949,2.81882,2.93263,3.0942999999999996,3.40576,3.75162
ones_seed-oss_7.cpp,WRONG_ANSWER,20,0.00%,0.190,2.0,1.76675,1.7993899999999998,1.87666,1.9145699999999999,1.95476,1.99279,2.05142,2.124,2.23879,2.3438600000000003
