solution,status,score,%test passed,time,memory,subtask_0,subtask_1,subtask_10,subtask_11,subtask_12,subtask_2,subtask_3,subtask_4,subtask_5,subtask_6,subtask_7,subtask_8,subtask_9
bronze_Palindrome_Game_Qwen3-32B-Non-Thinking_0.cpp,WRONG_ANSWER,0,0.00%,0.050,1.58984375,0,0,0,0,0,0,0,0,0,0,0,0,0
bronze_Palindrome_Game_Qwen3-32B-Non-Thinking_1.cpp,TIME_LIMIT_EXCEEDED,167,53.85%,2.260,115.765625,0,27.777777777777775,0,0,0,27.777777777777775,27.777777777777775,27.777777777777775,27.777777777777775,27.777777777777775,0,0,0
bronze_Palindrome_Game_Qwen3-32B-Non-Thinking_2.cpp,WRONG_ANSWER,0,0.00%,0.050,2.4375,0,0,0,0,0,0,0,0,0,0,0,0,0
bronze_Palindrome_Game_Qwen3-32B-Non-Thinking_3.cpp,TIME_LIMIT_EXCEEDED,0,0.00%,2.240,1.58984375,0,0,0,0,0,0,0,0,0,0,0,0,0
bronze_Palindrome_Game_Qwen3-32B-Non-Thinking_4.cpp,WRONG_ANSWER,0,0.00%,0.040,1.60546875,0,0,0,0,0,0,0,0,0,0,0,0,0
bronze_Palindrome_Game_Qwen3-32B-Non-Thinking_5.cpp,MEMORY_LIMIT_EXCEEDED,0,0.00%,0.320,251.37109375,0,0,0,0,0,0,0,0,0,0,0,0,0
bronze_Palindrome_Game_Qwen3-32B-Non-Thinking_6.cpp,ACCEPTED,333,100.00%,0.050,1.59375,0,27.777777777777775,27.777777777777775,27.777777777777775,27.777777777777775,27.777777777777775,27.777777777777775,27.777777777777775,27.777777777777775,27.777777777777775,27.777777777777775,27.777777777777775,27.777777777777775
bronze_Palindrome_Game_Qwen3-32B-Non-Thinking_7.cpp,WRONG_ANSWER,167,53.85%,0.230,2.5859375,0,27.777777777777775,0,0,0,27.777777777777775,27.777777777777775,27.777777777777775,27.777777777777775,27.777777777777775,0,0,0
