solution,status,score,%test passed,time,memory,subtask_0,subtask_1,subtask_10,subtask_11,subtask_2,subtask_3,subtask_4,subtask_5,subtask_6,subtask_7,subtask_8,subtask_9
bronze_Printing_Sequences_Qwen3-32B_0.cpp,ACCEPTED,333,100.00%,0.120,1.55859375,0,30.3030303030303,30.3030303030303,30.3030303030303,30.3030303030303,30.3030303030303,30.3030303030303,30.3030303030303,30.3030303030303,30.3030303030303,30.3030303030303,30.3030303030303
bronze_Printing_Sequences_Qwen3-32B_1.cpp,WRONG_ANSWER,212,69.23%,0.660,1.53515625,0,30.3030303030303,0,0,30.3030303030303,30.3030303030303,30.3030303030303,30.3030303030303,30.3030303030303,0,30.3030303030303,0
bronze_Printing_Sequences_Qwen3-32B_2.cpp,ACCEPTED,333,100.00%,0.140,1.5234375,0,30.3030303030303,30.3030303030303,30.3030303030303,30.3030303030303,30.3030303030303,30.3030303030303,30.3030303030303,30.3030303030303,30.3030303030303,30.3030303030303,30.3030303030303
bronze_Printing_Sequences_Qwen3-32B_3.cpp,WRONG_ANSWER,30,15.38%,0.040,0.00390625,0,30.3030303030303,0,0,0,0,0,0,0,0,0,0
bronze_Printing_Sequences_Qwen3-32B_4.cpp,ACCEPTED,333,100.00%,0.240,2.0703125,0,30.3030303030303,30.3030303030303,30.3030303030303,30.3030303030303,30.3030303030303,30.3030303030303,30.3030303030303,30.3030303030303,30.3030303030303,30.3030303030303,30.3030303030303
bronze_Printing_Sequences_Qwen3-32B_5.cpp,WRONG_ANSWER,0,7.69%,0.180,16.96875,0,0,0,0,0,0,0,0,0,0,0,0
bronze_Printing_Sequences_Qwen3-32B_6.cpp,WRONG_ANSWER,30,15.38%,0.040,0.00390625,0,30.3030303030303,0,0,0,0,0,0,0,0,0,0
bronze_Printing_Sequences_Qwen3-32B_7.cpp,WRONG_ANSWER,30,15.38%,0.040,0.00390625,0,30.3030303030303,0,0,0,0,0,0,0,0,0,0
