solution,status,score,%test passed,time,memory,subtask_0,subtask_1,subtask_10,subtask_2,subtask_3,subtask_4,subtask_5,subtask_6,subtask_7,subtask_8,subtask_9
silver_Transforming_Pairs_Qwen3-32B_0.cpp,WRONG_ANSWER,0,16.67%,0.040,0.00390625,0,0,0,0,0,0,0,0,0,0,0
silver_Transforming_Pairs_Qwen3-32B_1.cpp,TIME_LIMIT_EXCEEDED,100,41.67%,2.260,0.00390625,0,0,0,0,33.33333333333333,33.33333333333333,33.33333333333333,0,0,0,0
silver_Transforming_Pairs_Qwen3-32B_2.cpp,ACCEPTED,333,100.00%,0.040,0.00390625,0,33.33333333333333,33.33333333333333,33.33333333333333,33.33333333333333,33.33333333333333,33.33333333333333,33.33333333333333,33.33333333333333,33.33333333333333,33.33333333333333
silver_Transforming_Pairs_Qwen3-32B_3.cpp,ACCEPTED,333,100.00%,0.040,0.00390625,0,33.33333333333333,33.33333333333333,33.33333333333333,33.33333333333333,33.33333333333333,33.33333333333333,33.33333333333333,33.33333333333333,33.33333333333333,33.33333333333333
silver_Transforming_Pairs_Qwen3-32B_4.cpp,RUNTIME_ERROR,0,0.00%,0.040,0.00390625,0,0,0,0,0,0,0,0,0,0,0
silver_Transforming_Pairs_Qwen3-32B_5.cpp,ACCEPTED,333,100.00%,0.040,0.00390625,0,33.33333333333333,33.33333333333333,33.33333333333333,33.33333333333333,33.33333333333333,33.33333333333333,33.33333333333333,33.33333333333333,33.33333333333333,33.33333333333333
silver_Transforming_Pairs_Qwen3-32B_6.cpp,TIME_LIMIT_EXCEEDED,0,0.00%,2.250,0.00390625,0,0,0,0,0,0,0,0,0,0,0
silver_Transforming_Pairs_Qwen3-32B_7.cpp,TIME_LIMIT_EXCEEDED,0,0.00%,2.210,251.4375,0,0,0,0,0,0,0,0,0,0,0
