solution,status,score,%test passed,time,memory,subtask_0,subtask_1,subtask_10,subtask_2,subtask_3,subtask_4,subtask_5,subtask_6,subtask_7,subtask_8,subtask_9
silver_Cow-libi_deepseek-reasoner_0.cpp,ACCEPTED,333,100.00%,0.090,2.5859375,0,33.33333333333333,33.33333333333333,33.33333333333333,33.33333333333333,33.33333333333333,33.33333333333333,33.33333333333333,33.33333333333333,33.33333333333333,33.33333333333333
silver_Cow-libi_deepseek-reasoner_1.cpp,ACCEPTED,333,100.00%,0.100,3.6171875,0,33.33333333333333,33.33333333333333,33.33333333333333,33.33333333333333,33.33333333333333,33.33333333333333,33.33333333333333,33.33333333333333,33.33333333333333,33.33333333333333
silver_Cow-libi_deepseek-reasoner_2.cpp,ACCEPTED,333,100.00%,0.090,3.6171875,0,33.33333333333333,33.33333333333333,33.33333333333333,33.33333333333333,33.33333333333333,33.33333333333333,33.33333333333333,33.33333333333333,33.33333333333333,33.33333333333333
silver_Cow-libi_deepseek-reasoner_3.cpp,ACCEPTED,333,100.00%,0.090,3.6171875,0,33.33333333333333,33.33333333333333,33.33333333333333,33.33333333333333,33.33333333333333,33.33333333333333,33.33333333333333,33.33333333333333,33.33333333333333,33.33333333333333
silver_Cow-libi_deepseek-reasoner_4.cpp,TIME_LIMIT_EXCEEDED,100,36.36%,4.490,3.5625,0,33.33333333333333,0,33.33333333333333,33.33333333333333,0,0,0,0,0,0
silver_Cow-libi_deepseek-reasoner_5.cpp,ACCEPTED,333,100.00%,0.100,3.6171875,0,33.33333333333333,33.33333333333333,33.33333333333333,33.33333333333333,33.33333333333333,33.33333333333333,33.33333333333333,33.33333333333333,33.33333333333333,33.33333333333333
silver_Cow-libi_deepseek-reasoner_6.cpp,TIME_LIMIT_EXCEEDED,100,36.36%,4.460,2.58984375,0,33.33333333333333,0,33.33333333333333,33.33333333333333,0,0,0,0,0,0
silver_Cow-libi_deepseek-reasoner_7.cpp,TIME_LIMIT_EXCEEDED,100,36.36%,4.460,3.5625,0,33.33333333333333,0,33.33333333333333,33.33333333333333,0,0,0,0,0,0
