solution,status,score,%test passed,time,memory,subtask_0,subtask_1,subtask_10,subtask_11,subtask_12,subtask_2,subtask_3,subtask_4,subtask_5,subtask_6,subtask_7,subtask_8,subtask_9
gold_Bessla_Motors_Codestral-22B-v0.1_0.cpp,COMPILATION_ERROR,0,0.00%,0.000,0,0,0,0,0,0,0,0,0,0,0,0,0,0
gold_Bessla_Motors_Codestral-22B-v0.1_1.cpp,RUNTIME_ERROR,0,0.00%,0.120,8.0390625,0,0,0,0,0,0,0,0,0,0,0,0,0
gold_Bessla_Motors_Codestral-22B-v0.1_2.cpp,TIME_LIMIT_EXCEEDED,0,0.00%,3.430,6.5859375,0,0,0,0,0,0,0,0,0,0,0,0,0
gold_Bessla_Motors_Codestral-22B-v0.1_3.cpp,RUNTIME_ERROR,0,0.00%,0.170,2.83984375,0,0,0,0,0,0,0,0,0,0,0,0,0
gold_Bessla_Motors_Codestral-22B-v0.1_4.cpp,WRONG_ANSWER,250,80.00%,2.880,6.3203125,0,27.777777777777775,27.777777777777775,0,27.777777777777775,27.777777777777775,27.777777777777775,27.777777777777775,0,0,27.777777777777775,27.777777777777775,27.777777777777775
gold_Bessla_Motors_Codestral-22B-v0.1_5.cpp,COMPILATION_ERROR,0,0.00%,0.000,0,0,0,0,0,0,0,0,0,0,0,0,0,0
gold_Bessla_Motors_Codestral-22B-v0.1_6.cpp,TIME_LIMIT_EXCEEDED,83,40.00%,3.360,9.53515625,0,27.777777777777775,0,0,0,27.777777777777775,0,0,27.777777777777775,0,0,0,0
gold_Bessla_Motors_Codestral-22B-v0.1_7.cpp,TIME_LIMIT_EXCEEDED,83,40.00%,3.370,8.89453125,0,27.777777777777775,0,0,0,27.777777777777775,0,0,27.777777777777775,0,0,0,0
