solution,status,score,%test passed,time,memory,subtask_0,subtask_1,subtask_10,subtask_11,subtask_12,subtask_13,subtask_14,subtask_15,subtask_16,subtask_17,subtask_18,subtask_19,subtask_2,subtask_20,subtask_3,subtask_4,subtask_5,subtask_6,subtask_7,subtask_8,subtask_9
gold_Flight_Routes_gemini-2.5-pro_0.cpp,ACCEPTED,333,100.00%,0.040,3.6171875,0,16.666666666666664,16.666666666666664,16.666666666666664,16.666666666666664,16.666666666666664,16.666666666666664,16.666666666666664,16.666666666666664,16.666666666666664,16.666666666666664,16.666666666666664,16.666666666666664,16.666666666666664,16.666666666666664,16.666666666666664,16.666666666666664,16.666666666666664,16.666666666666664,16.666666666666664,16.666666666666664
gold_Flight_Routes_gemini-2.5-pro_1.cpp,WRONG_ANSWER,17,9.09%,0.110,1.55859375,0,16.666666666666664,0,0,0,0,0,0,0,0,0,0,0,0,0,0,0,0,0,0,0
gold_Flight_Routes_gemini-2.5-pro_2.cpp,RUNTIME_ERROR,0,0.00%,0.140,1.8125,0,0,0,0,0,0,0,0,0,0,0,0,0,0,0,0,0,0,0,0,0
gold_Flight_Routes_gemini-2.5-pro_3.cpp,WRONG_ANSWER,17,9.09%,0.110,2.08984375,0,16.666666666666664,0,0,0,0,0,0,0,0,0,0,0,0,0,0,0,0,0,0,0
gold_Flight_Routes_gemini-2.5-pro_4.cpp,ACCEPTED,333,100.00%,0.110,1.62109375,0,16.666666666666664,16.666666666666664,16.666666666666664,16.666666666666664,16.666666666666664,16.666666666666664,16.666666666666664,16.666666666666664,16.666666666666664,16.666666666666664,16.666666666666664,16.666666666666664,16.666666666666664,16.666666666666664,16.666666666666664,16.666666666666664,16.666666666666664,16.666666666666664,16.666666666666664,16.666666666666664
gold_Flight_Routes_gemini-2.5-pro_5.cpp,WRONG_ANSWER,17,9.09%,0.110,1.5546875,0,16.666666666666664,0,0,0,0,0,0,0,0,0,0,0,0,0,0,0,0,0,0,0
gold_Flight_Routes_gemini-2.5-pro_6.cpp,ACCEPTED,333,100.00%,0.130,1.5546875,0,16.666666666666664,16.666666666666664,16.666666666666664,16.666666666666664,16.666666666666664,16.666666666666664,16.666666666666664,16.666666666666664,16.666666666666664,16.666666666666664,16.666666666666664,16.666666666666664,16.666666666666664,16.666666666666664,16.666666666666664,16.666666666666664,16.666666666666664,16.666666666666664,16.666666666666664,16.666666666666664
gold_Flight_Routes_gemini-2.5-pro_7.cpp,WRONG_ANSWER,17,9.09%,0.130,5.41796875,0,16.666666666666664,0,0,0,0,0,0,0,0,0,0,0,0,0,0,0,0,0,0,0
