solution,status,score,%test passed,time,memory,subtask_0,subtask_1,subtask_10,subtask_11,subtask_12,subtask_13,subtask_14,subtask_15,subtask_16,subtask_17,subtask_18,subtask_19,subtask_2,subtask_20,subtask_3,subtask_4,subtask_5,subtask_6,subtask_7,subtask_8,subtask_9
platinum_A_Graph_Problem_gemini-2.5-pro_0.cpp,TIME_LIMIT_EXCEEDED,50,26.09%,2.360,20.71484375,0,16.666666666666664,0,0,0,0,0,0,0,0,0,0,16.666666666666664,0,16.666666666666664,0,0,0,0,0,0
platinum_A_Graph_Problem_gemini-2.5-pro_1.cpp,TIME_LIMIT_EXCEEDED,50,26.09%,2.470,19.1953125,0,16.666666666666664,0,0,0,0,0,0,0,0,0,0,16.666666666666664,0,16.666666666666664,0,0,0,0,0,0
platinum_A_Graph_Problem_gemini-2.5-pro_2.cpp,TIME_LIMIT_EXCEEDED,17,17.39%,2.360,25.79296875,0,16.666666666666664,0,0,0,0,0,0,0,0,0,0,0,0,0,0,0,0,0,0,0
platinum_A_Graph_Problem_gemini-2.5-pro_3.cpp,TIME_LIMIT_EXCEEDED,50,26.09%,2.520,50.01953125,0,16.666666666666664,0,0,0,0,0,0,0,0,0,0,16.666666666666664,0,16.666666666666664,0,0,0,0,0,0
platinum_A_Graph_Problem_gemini-2.5-pro_4.cpp,TIME_LIMIT_EXCEEDED,117,43.48%,2.490,25.90234375,0,16.666666666666664,0,0,0,0,0,0,0,0,0,0,16.666666666666664,0,16.666666666666664,16.666666666666664,16.666666666666664,16.666666666666664,16.666666666666664,0,0
platinum_A_Graph_Problem_gemini-2.5-pro_5.cpp,TIME_LIMIT_EXCEEDED,50,26.09%,2.450,22.76171875,0,16.666666666666664,0,0,0,0,0,0,0,0,0,0,16.666666666666664,0,16.666666666666664,0,0,0,0,0,0
platinum_A_Graph_Problem_gemini-2.5-pro_6.cpp,TIME_LIMIT_EXCEEDED,50,26.09%,2.360,23.0078125,0,16.666666666666664,0,0,0,0,0,0,0,0,0,0,16.666666666666664,0,16.666666666666664,0,0,0,0,0,0
platinum_A_Graph_Problem_gemini-2.5-pro_7.cpp,ACCEPTED,333,100.00%,0.320,30.625,0,16.666666666666664,16.666666666666664,16.666666666666664,16.666666666666664,16.666666666666664,16.666666666666664,16.666666666666664,16.666666666666664,16.666666666666664,16.666666666666664,16.666666666666664,16.666666666666664,16.666666666666664,16.666666666666664,16.666666666666664,16.666666666666664,16.666666666666664,16.666666666666664,16.666666666666664,16.666666666666664
