solution,status,score,%test passed,time,memory,subtask_0,subtask_1,subtask_10,subtask_11,subtask_12,subtask_13,subtask_14,subtask_15,subtask_16,subtask_17,subtask_2,subtask_3,subtask_4,subtask_5,subtask_6,subtask_7,subtask_8,subtask_9
bronze_FEB_seed-oss_0.cpp,TIME_LIMIT_EXCEEDED,39,15.00%,2.420,2.4296875,0,0,0,0,19.6078431372549,0,0,0,0,0,0,0,0,19.6078431372549,0,0,0,0
bronze_FEB_seed-oss_1.cpp,TIME_LIMIT_EXCEEDED,59,25.00%,2.420,2.8671875,0,0,0,0,19.6078431372549,0,0,0,0,0,19.6078431372549,0,19.6078431372549,0,0,0,0,0
bronze_FEB_seed-oss_2.cpp,ACCEPTED,333,100.00%,0.030,2.30078125,0,19.6078431372549,19.6078431372549,19.6078431372549,19.6078431372549,19.6078431372549,19.6078431372549,19.6078431372549,19.6078431372549,19.6078431372549,19.6078431372549,19.6078431372549,19.6078431372549,19.6078431372549,19.6078431372549,19.6078431372549,19.6078431372549,19.6078431372549
bronze_FEB_seed-oss_3.cpp,RUNTIME_ERROR,20,10.00%,0.020,1.734375,0,19.6078431372549,0,0,0,0,0,0,0,0,0,0,0,0,0,0,0,0
bronze_FEB_seed-oss_4.cpp,TIME_LIMIT_EXCEEDED,20,5.00%,2.420,2.19140625,0,0,0,0,19.6078431372549,0,0,0,0,0,0,0,0,0,0,0,0,0
bronze_FEB_seed-oss_5.cpp,ACCEPTED,333,100.00%,0.020,2.05078125,0,19.6078431372549,19.6078431372549,19.6078431372549,19.6078431372549,19.6078431372549,19.6078431372549,19.6078431372549,19.6078431372549,19.6078431372549,19.6078431372549,19.6078431372549,19.6078431372549,19.6078431372549,19.6078431372549,19.6078431372549,19.6078431372549,19.6078431372549
bronze_FEB_seed-oss_6.cpp,WRONG_ANSWER,78,35.00%,0.020,1.8125,0,0,0,0,19.6078431372549,0,0,0,0,0,19.6078431372549,0,19.6078431372549,19.6078431372549,0,0,0,0
bronze_FEB_seed-oss_7.cpp,ACCEPTED,333,100.00%,0.020,1.5546875,0,19.6078431372549,19.6078431372549,19.6078431372549,19.6078431372549,19.6078431372549,19.6078431372549,19.6078431372549,19.6078431372549,19.6078431372549,19.6078431372549,19.6078431372549,19.6078431372549,19.6078431372549,19.6078431372549,19.6078431372549,19.6078431372549,19.6078431372549
