solution,status,score,%test passed,time,memory,subtask_0,subtask_1,subtask_10,subtask_11,subtask_12,subtask_2,subtask_3,subtask_4,subtask_5,subtask_6,subtask_7,subtask_8,subtask_9
bronze_Rotate_and_Shift_seed-oss_0.cpp,WRONG_ANSWER,0,0.00%,0.060,20.828125,0,0,0,0,0,0,0,0,0,0,0,0,0
bronze_Rotate_and_Shift_seed-oss_1.cpp,TIME_LIMIT_EXCEEDED,0,0.00%,4.820,3.62109375,0,0,0,0,0,0,0,0,0,0,0,0,0
bronze_Rotate_and_Shift_seed-oss_2.cpp,RUNTIME_ERROR,0,0.00%,0.020,3.1484375,0,0,0,0,0,0,0,0,0,0,0,0,0
bronze_Rotate_and_Shift_seed-oss_3.cpp,TIME_LIMIT_EXCEEDED,0,0.00%,4.810,2.84375,0,0,0,0,0,0,0,0,0,0,0,0,0
bronze_Rotate_and_Shift_seed-oss_4.cpp,WRONG_ANSWER,0,0.00%,0.030,4.58203125,0,0,0,0,0,0,0,0,0,0,0,0,0
bronze_Rotate_and_Shift_seed-oss_5.cpp,TIME_LIMIT_EXCEEDED,167,53.85%,4.840,3.62109375,0,27.777777777777775,0,0,0,27.777777777777775,27.777777777777775,27.777777777777775,27.777777777777775,27.777777777777775,0,0,0
bronze_Rotate_and_Shift_seed-oss_6.cpp,ACCEPTED,333,100.00%,0.030,3.10546875,0,27.777777777777775,27.777777777777775,27.777777777777775,27.777777777777775,27.777777777777775,27.777777777777775,27.777777777777775,27.777777777777775,27.777777777777775,27.777777777777775,27.777777777777775,27.777777777777775
bronze_Rotate_and_Shift_seed-oss_7.cpp,WRONG_ANSWER,0,0.00%,0.030,2.84765625,0,0,0,0,0,0,0,0,0,0,0,0,0
