solution,status,score,%test passed,time,memory,subtask_0,subtask_1,subtask_10,subtask_2,subtask_3,subtask_4,subtask_5,subtask_6,subtask_7,subtask_8,subtask_9
silver_Milk_Sum_seed-oss_0.cpp,WRONG_ANSWER,67,27.27%,0.230,18.6796875,0,0,0,33.33333333333333,33.33333333333333,0,0,0,0,0,0
silver_Milk_Sum_seed-oss_1.cpp,ACCEPTED,333,100.00%,0.120,4.91015625,0,33.33333333333333,33.33333333333333,33.33333333333333,33.33333333333333,33.33333333333333,33.33333333333333,33.33333333333333,33.33333333333333,33.33333333333333,33.33333333333333
silver_Milk_Sum_seed-oss_2.cpp,ACCEPTED,333,100.00%,0.100,4.90625,0,33.33333333333333,33.33333333333333,33.33333333333333,33.33333333333333,33.33333333333333,33.33333333333333,33.33333333333333,33.33333333333333,33.33333333333333,33.33333333333333
silver_Milk_Sum_seed-oss_3.cpp,ACCEPTED,333,100.00%,0.090,7.7421875,0,33.33333333333333,33.33333333333333,33.33333333333333,33.33333333333333,33.33333333333333,33.33333333333333,33.33333333333333,33.33333333333333,33.33333333333333,33.33333333333333
silver_Milk_Sum_seed-oss_4.cpp,WRONG_ANSWER,0,0.00%,0.110,4.91015625,0,0,0,0,0,0,0,0,0,0,0
silver_Milk_Sum_seed-oss_5.cpp,ACCEPTED,333,100.00%,0.120,5.9375,0,33.33333333333333,33.33333333333333,33.33333333333333,33.33333333333333,33.33333333333333,33.33333333333333,33.33333333333333,33.33333333333333,33.33333333333333,33.33333333333333
silver_Milk_Sum_seed-oss_6.cpp,ACCEPTED,333,100.00%,0.110,4.12109375,0,33.33333333333333,33.33333333333333,33.33333333333333,33.33333333333333,33.33333333333333,33.33333333333333,33.33333333333333,33.33333333333333,33.33333333333333,33.33333333333333
silver_Milk_Sum_seed-oss_7.cpp,ACCEPTED,333,100.00%,0.130,5.9375,0,33.33333333333333,33.33333333333333,33.33333333333333,33.33333333333333,33.33333333333333,33.33333333333333,33.33333333333333,33.33333333333333,33.33333333333333,33.33333333333333
