solution,status,score,%test passed,time,memory,subtask_0,subtask_1,subtask_2,subtask_3
an2dl_Qwen3-30B_0.cpp,ACCEPTED,110,100.00%,1.130,99.0078125,12,17,25,56
an2dl_Qwen3-30B_1.cpp,ACCEPTED,110,100.00%,3.140,99.0078125,12,17,25,56
an2dl_Qwen3-30B_2.cpp,ACCEPTED,110,100.00%,3.020,99.00390625,12,17,25,56
an2dl_Qwen3-30B_3.cpp,ACCEPTED,110,100.00%,1.200,99.00390625,12,17,25,56
an2dl_Qwen3-30B_4.cpp,ACCEPTED,110,100.00%,2.690,99.00390625,12,17,25,56
an2dl_Qwen3-30B_5.cpp,ACCEPTED,110,100.00%,1.110,114.4765625,12,17,25,56
an2dl_Qwen3-30B_6.cpp,ACCEPTED,110,100.00%,2.700,99.0078125,12,17,25,56
an2dl_Qwen3-30B_7.cpp,ACCEPTED,110,100.00%,2.740,114.4765625,12,17,25,56
