solution,status,score,%test passed,time,memory,subtask_0,subtask_1,subtask_10,subtask_11,subtask_12,subtask_13,subtask_14,subtask_15,subtask_16,subtask_2,subtask_3,subtask_4,subtask_5,subtask_6,subtask_7,subtask_8,subtask_9
silver_Ski_Slope_gpt-4.1_0.cpp,TIME_LIMIT_EXCEEDED,125,41.18%,2.380,12.53125,0,20.833333333333332,0,0,0,0,0,0,0,20.833333333333332,20.833333333333332,20.833333333333332,20.833333333333332,20.833333333333332,0,0,0
silver_Ski_Slope_gpt-4.1_1.cpp,WRONG_ANSWER,125,41.18%,0.240,44.45703125,0,20.833333333333332,0,0,0,0,0,0,0,20.833333333333332,20.833333333333332,20.833333333333332,20.833333333333332,20.833333333333332,0,0,0
silver_Ski_Slope_gpt-4.1_2.cpp,WRONG_ANSWER,104,35.29%,0.280,40.40625,0,20.833333333333332,0,0,0,0,0,0,0,20.833333333333332,20.833333333333332,0,0,0,0,20.833333333333332,20.833333333333332
silver_Ski_Slope_gpt-4.1_3.cpp,TIME_LIMIT_EXCEEDED,104,35.29%,2.510,59.76171875,0,20.833333333333332,0,0,0,0,0,0,0,20.833333333333332,20.833333333333332,20.833333333333332,20.833333333333332,0,0,0,0
silver_Ski_Slope_gpt-4.1_4.cpp,TIME_LIMIT_EXCEEDED,125,41.18%,2.510,43.20703125,0,20.833333333333332,0,0,0,0,0,0,0,20.833333333333332,20.833333333333332,20.833333333333332,20.833333333333332,20.833333333333332,0,0,0
silver_Ski_Slope_gpt-4.1_5.cpp,TIME_LIMIT_EXCEEDED,62,23.53%,2.270,278.82421875,0,20.833333333333332,0,0,0,0,0,0,0,20.833333333333332,20.833333333333332,0,0,0,0,0,0
silver_Ski_Slope_gpt-4.1_6.cpp,TIME_LIMIT_EXCEEDED,125,41.18%,2.280,50.58203125,0,20.833333333333332,0,0,0,0,0,0,0,20.833333333333332,20.833333333333332,20.833333333333332,20.833333333333332,20.833333333333332,0,0,0
silver_Ski_Slope_gpt-4.1_7.cpp,TIME_LIMIT_EXCEEDED,62,23.53%,2.340,16.921875,0,20.833333333333332,0,0,0,0,0,0,0,20.833333333333332,20.833333333333332,0,0,0,0,0,0
