solution,status,score,relative_score,%test passed,time,memory,subtask_0,subtask_1,subtask_10,subtask_11,subtask_2,subtask_3,subtask_4,subtask_5,subtask_6,subtask_7,subtask_8,subtask_9
bronze_Printing_Sequences_gpt-oss-120b-medium_0.cpp,ACCEPTED,333,100.91%,100.00%,0.080,1.6171875,0,30.3030303030303,30.3030303030303,30.3030303030303,30.3030303030303,30.3030303030303,30.3030303030303,30.3030303030303,30.3030303030303,30.3030303030303,30.3030303030303,30.3030303030303
bronze_Printing_Sequences_gpt-oss-120b-medium_1.cpp,ACCEPTED,333,100.91%,100.00%,0.200,1.5546875,0,30.3030303030303,30.3030303030303,30.3030303030303,30.3030303030303,30.3030303030303,30.3030303030303,30.3030303030303,30.3030303030303,30.3030303030303,30.3030303030303,30.3030303030303
bronze_Printing_Sequences_gpt-oss-120b-medium_2.cpp,ACCEPTED,333,100.91%,100.00%,0.200,1.55859375,0,30.3030303030303,30.3030303030303,30.3030303030303,30.3030303030303,30.3030303030303,30.3030303030303,30.3030303030303,30.3030303030303,30.3030303030303,30.3030303030303,30.3030303030303
bronze_Printing_Sequences_gpt-oss-120b-medium_3.cpp,ACCEPTED,333,100.91%,100.00%,0.060,1.61328125,0,30.3030303030303,30.3030303030303,30.3030303030303,30.3030303030303,30.3030303030303,30.3030303030303,30.3030303030303,30.3030303030303,30.3030303030303,30.3030303030303,30.3030303030303
bronze_Printing_Sequences_gpt-oss-120b-medium_4.cpp,ACCEPTED,333,100.91%,100.00%,0.200,1.55859375,0,30.3030303030303,30.3030303030303,30.3030303030303,30.3030303030303,30.3030303030303,30.3030303030303,30.3030303030303,30.3030303030303,30.3030303030303,30.3030303030303,30.3030303030303
bronze_Printing_Sequences_gpt-oss-120b-medium_5.cpp,ACCEPTED,333,100.91%,100.00%,0.200,1.55859375,0,30.3030303030303,30.3030303030303,30.3030303030303,30.3030303030303,30.3030303030303,30.3030303030303,30.3030303030303,30.3030303030303,30.3030303030303,30.3030303030303,30.3030303030303
bronze_Printing_Sequences_gpt-oss-120b-medium_6.cpp,ACCEPTED,333,100.91%,100.00%,0.050,1.6171875,0,30.3030303030303,30.3030303030303,30.3030303030303,30.3030303030303,30.3030303030303,30.3030303030303,30.3030303030303,30.3030303030303,30.3030303030303,30.3030303030303,30.3030303030303
bronze_Printing_Sequences_gpt-oss-120b-medium_7.cpp,ACCEPTED,333,100.91%,100.00%,0.090,0.00390625,0,30.3030303030303,30.3030303030303,30.3030303030303,30.3030303030303,30.3030303030303,30.3030303030303,30.3030303030303,30.3030303030303,30.3030303030303,30.3030303030303,30.3030303030303
