solution,status,score,relative_score,%test passed,time,memory,subtask_0,subtask_1,subtask_10,subtask_11,subtask_12,subtask_13,subtask_14,subtask_15,subtask_2,subtask_3,subtask_4,subtask_5,subtask_6,subtask_7,subtask_8,subtask_9
gold_Friendship_Editing_gpt-oss-120b-medium_0.cpp,ACCEPTED,333,100.91%,100.00%,0.100,2.33203125,0,22.22222222222222,22.22222222222222,22.22222222222222,22.22222222222222,22.22222222222222,22.22222222222222,22.22222222222222,22.22222222222222,22.22222222222222,22.22222222222222,22.22222222222222,22.22222222222222,22.22222222222222,22.22222222222222,22.22222222222222
gold_Friendship_Editing_gpt-oss-120b-medium_1.cpp,WRONG_ANSWER,22,6.67%,22.22%,0.050,0.00390625,0,0,0,0,0,0,0,0,0,0,22.22222222222222,0,0,0,0,0
gold_Friendship_Editing_gpt-oss-120b-medium_2.cpp,WRONG_ANSWER,22,6.67%,22.22%,0.050,1.48046875,0,0,0,0,0,0,0,0,0,0,22.22222222222222,0,0,0,0,0
gold_Friendship_Editing_gpt-oss-120b-medium_3.cpp,TIME_LIMIT_EXCEEDED,22,6.67%,5.56%,2.450,0.00390625,0,0,0,0,0,0,0,0,22.22222222222222,0,0,0,0,0,0,0
gold_Friendship_Editing_gpt-oss-120b-medium_4.cpp,WRONG_ANSWER,22,6.67%,22.22%,0.050,1.55859375,0,0,0,0,0,0,0,0,0,0,22.22222222222222,0,0,0,0,0
gold_Friendship_Editing_gpt-oss-120b-medium_5.cpp,ACCEPTED,333,100.91%,100.00%,0.090,2.33203125,0,22.22222222222222,22.22222222222222,22.22222222222222,22.22222222222222,22.22222222222222,22.22222222222222,22.22222222222222,22.22222222222222,22.22222222222222,22.22222222222222,22.22222222222222,22.22222222222222,22.22222222222222,22.22222222222222,22.22222222222222
gold_Friendship_Editing_gpt-oss-120b-medium_6.cpp,WRONG_ANSWER,0,0.00%,16.67%,0.090,2.5859375,0,0,0,0,0,0,0,0,0,0,0,0,0,0,0,0
gold_Friendship_Editing_gpt-oss-120b-medium_7.cpp,WRONG_ANSWER,22,6.67%,22.22%,0.060,0.00390625,0,0,0,0,0,0,0,0,0,0,22.22222222222222,0,0,0,0,0
