solution,status,score,%test passed,time,memory,subtask_0,subtask_1,subtask_10,subtask_2,subtask_3,subtask_4,subtask_5,subtask_6,subtask_7,subtask_8,subtask_9
bronze_Cow_Checkups_deepseek-reasoner_0.cpp,MEMORY_LIMIT_EXCEEDED,300,92.31%,1.960,280.65625,0,33.33333333333333,0,33.33333333333333,33.33333333333333,33.33333333333333,33.33333333333333,33.33333333333333,33.33333333333333,33.33333333333333,33.33333333333333
bronze_Cow_Checkups_deepseek-reasoner_1.cpp,MEMORY_LIMIT_EXCEEDED,100,46.15%,0.270,278.70703125,0,33.33333333333333,0,33.33333333333333,33.33333333333333,0,0,0,0,0,0
bronze_Cow_Checkups_deepseek-reasoner_2.cpp,ACCEPTED,333,100.00%,0.270,216.57421875,0,33.33333333333333,33.33333333333333,33.33333333333333,33.33333333333333,33.33333333333333,33.33333333333333,33.33333333333333,33.33333333333333,33.33333333333333,33.33333333333333
bronze_Cow_Checkups_deepseek-reasoner_3.cpp,MEMORY_LIMIT_EXCEEDED,300,92.31%,2.070,252.40625,0,33.33333333333333,0,33.33333333333333,33.33333333333333,33.33333333333333,33.33333333333333,33.33333333333333,33.33333333333333,33.33333333333333,33.33333333333333
bronze_Cow_Checkups_deepseek-reasoner_4.cpp,MEMORY_LIMIT_EXCEEDED,300,92.31%,0.980,252.40625,0,33.33333333333333,0,33.33333333333333,33.33333333333333,33.33333333333333,33.33333333333333,33.33333333333333,33.33333333333333,33.33333333333333,33.33333333333333
bronze_Cow_Checkups_deepseek-reasoner_5.cpp,ACCEPTED,333,100.00%,0.440,1.55859375,0,33.33333333333333,33.33333333333333,33.33333333333333,33.33333333333333,33.33333333333333,33.33333333333333,33.33333333333333,33.33333333333333,33.33333333333333,33.33333333333333
bronze_Cow_Checkups_deepseek-reasoner_6.cpp,MEMORY_LIMIT_EXCEEDED,300,92.31%,2.080,242.09375,0,33.33333333333333,0,33.33333333333333,33.33333333333333,33.33333333333333,33.33333333333333,33.33333333333333,33.33333333333333,33.33333333333333,33.33333333333333
bronze_Cow_Checkups_deepseek-reasoner_7.cpp,MEMORY_LIMIT_EXCEEDED,300,92.31%,2.020,252.40625,0,33.33333333333333,0,33.33333333333333,33.33333333333333,33.33333333333333,33.33333333333333,33.33333333333333,33.33333333333333,33.33333333333333,33.33333333333333
