solution,status,score,%test passed,time,memory,subtask_0,subtask_1,subtask_10,subtask_11,subtask_12,subtask_13,subtask_14,subtask_15,subtask_16,subtask_17,subtask_18,subtask_19,subtask_2,subtask_20,subtask_3,subtask_4,subtask_5,subtask_6,subtask_7,subtask_8,subtask_9
silver_Cow_Checkups_deepseek-reasoner_0.cpp,RUNTIME_ERROR,0,0.00%,1.240,111.12109375,0,0,0,0,0,0,0,0,0,0,0,0,0,0,0,0,0,0,0,0,0
silver_Cow_Checkups_deepseek-reasoner_1.cpp,ACCEPTED,333,100.00%,0.400,61.31640625,0,16.666666666666664,16.666666666666664,16.666666666666664,16.666666666666664,16.666666666666664,16.666666666666664,16.666666666666664,16.666666666666664,16.666666666666664,16.666666666666664,16.666666666666664,16.666666666666664,16.666666666666664,16.666666666666664,16.666666666666664,16.666666666666664,16.666666666666664,16.666666666666664,16.666666666666664,16.666666666666664
silver_Cow_Checkups_deepseek-reasoner_2.cpp,RUNTIME_ERROR,0,0.00%,0.410,61.3203125,0,0,0,0,0,0,0,0,0,0,0,0,0,0,0,0,0,0,0,0,0
silver_Cow_Checkups_deepseek-reasoner_3.cpp,ACCEPTED,333,100.00%,0.290,47.4453125,0,16.666666666666664,16.666666666666664,16.666666666666664,16.666666666666664,16.666666666666664,16.666666666666664,16.666666666666664,16.666666666666664,16.666666666666664,16.666666666666664,16.666666666666664,16.666666666666664,16.666666666666664,16.666666666666664,16.666666666666664,16.666666666666664,16.666666666666664,16.666666666666664,16.666666666666664,16.666666666666664
silver_Cow_Checkups_deepseek-reasoner_4.cpp,TIME_LIMIT_EXCEEDED,100,39.13%,2.270,33.21875,0,16.666666666666664,0,0,0,0,0,0,0,0,0,0,16.666666666666664,0,16.666666666666664,16.666666666666664,16.666666666666664,16.666666666666664,0,0,0
silver_Cow_Checkups_deepseek-reasoner_5.cpp,TIME_LIMIT_EXCEEDED,67,30.43%,2.250,33.21875,0,16.666666666666664,0,0,0,0,0,0,0,0,0,0,16.666666666666664,0,0,0,16.666666666666664,16.666666666666664,0,0,0
silver_Cow_Checkups_deepseek-reasoner_6.cpp,RUNTIME_ERROR,0,0.00%,0.400,68.41015625,0,0,0,0,0,0,0,0,0,0,0,0,0,0,0,0,0,0,0,0,0
silver_Cow_Checkups_deepseek-reasoner_7.cpp,RUNTIME_ERROR,0,0.00%,0.460,61.3203125,0,0,0,0,0,0,0,0,0,0,0,0,0,0,0,0,0,0,0,0,0
