solution,status,score,%test passed,time,memory,subtask_0,subtask_1,subtask_10,subtask_11,subtask_12,subtask_13,subtask_2,subtask_3,subtask_4,subtask_5,subtask_6,subtask_7,subtask_8,subtask_9
bronze_Milk_Exchange_Qwen3-8B_0.cpp,TIME_LIMIT_EXCEEDED,154,56.25%,2.410,8.44921875,0,25.64102564102564,0,0,0,25.64102564102564,25.64102564102564,25.64102564102564,25.64102564102564,25.64102564102564,0,0,0,0
bronze_Milk_Exchange_Qwen3-8B_1.cpp,TIME_LIMIT_EXCEEDED,154,56.25%,2.420,9.19140625,0,25.64102564102564,0,0,0,25.64102564102564,25.64102564102564,25.64102564102564,25.64102564102564,25.64102564102564,0,0,0,0
bronze_Milk_Exchange_Qwen3-8B_2.cpp,TIME_LIMIT_EXCEEDED,154,56.25%,2.410,6.34765625,0,25.64102564102564,0,0,0,25.64102564102564,25.64102564102564,25.64102564102564,25.64102564102564,25.64102564102564,0,0,0,0
bronze_Milk_Exchange_Qwen3-8B_3.cpp,TIME_LIMIT_EXCEEDED,154,56.25%,2.420,7.71875,0,25.64102564102564,0,0,0,25.64102564102564,25.64102564102564,25.64102564102564,25.64102564102564,25.64102564102564,0,0,0,0
bronze_Milk_Exchange_Qwen3-8B_4.cpp,TIME_LIMIT_EXCEEDED,77,31.25%,2.420,7.66015625,0,0,0,0,0,25.64102564102564,0,0,25.64102564102564,25.64102564102564,0,0,0,0
bronze_Milk_Exchange_Qwen3-8B_5.cpp,TIME_LIMIT_EXCEEDED,154,56.25%,2.420,7.7265625,0,25.64102564102564,0,0,0,25.64102564102564,25.64102564102564,25.64102564102564,25.64102564102564,25.64102564102564,0,0,0,0
bronze_Milk_Exchange_Qwen3-8B_6.cpp,TIME_LIMIT_EXCEEDED,154,56.25%,2.420,7.6875,0,25.64102564102564,0,0,0,25.64102564102564,25.64102564102564,25.64102564102564,25.64102564102564,25.64102564102564,0,0,0,0
bronze_Milk_Exchange_Qwen3-8B_7.cpp,TIME_LIMIT_EXCEEDED,154,56.25%,2.410,9.2109375,0,25.64102564102564,0,0,0,25.64102564102564,25.64102564102564,25.64102564102564,25.64102564102564,25.64102564102564,0,0,0,0
