solution,status,score,%test passed,time,memory,subtask_0,subtask_1,subtask_10,subtask_11,subtask_12,subtask_2,subtask_3,subtask_4,subtask_5,subtask_6,subtask_7,subtask_8,subtask_9
bronze_Palindrome_Game_Qwen3-8B_0.cpp,WRONG_ANSWER,0,0.00%,0.030,1.60546875,0,0,0,0,0,0,0,0,0,0,0,0,0
bronze_Palindrome_Game_Qwen3-8B_1.cpp,WRONG_ANSWER,0,7.69%,0.030,1.58984375,0,0,0,0,0,0,0,0,0,0,0,0,0
bronze_Palindrome_Game_Qwen3-8B_2.cpp,ACCEPTED,333,100.00%,0.040,1.59375,0,27.777777777777775,27.777777777777775,27.777777777777775,27.777777777777775,27.777777777777775,27.777777777777775,27.777777777777775,27.777777777777775,27.777777777777775,27.777777777777775,27.777777777777775,27.777777777777775
bronze_Palindrome_Game_Qwen3-8B_6.cpp,ACCEPTED,333,100.00%,0.030,1.6875,0,27.777777777777775,27.777777777777775,27.777777777777775,27.777777777777775,27.777777777777775,27.777777777777775,27.777777777777775,27.777777777777775,27.777777777777775,27.777777777777775,27.777777777777775,27.777777777777775
bronze_Palindrome_Game_Qwen3-8B_7.cpp,WRONG_ANSWER,0,7.69%,0.040,1.58984375,0,0,0,0,0,0,0,0,0,0,0,0,0
