solution,status,score,%test passed,time,memory,subtask_0,subtask_1,subtask_10,subtask_11,subtask_12,subtask_2,subtask_3,subtask_4,subtask_5,subtask_6,subtask_7,subtask_8,subtask_9
gold_Bessla_Motors_Qwen3-8B_0.cpp,TIME_LIMIT_EXCEEDED,111,46.67%,3.620,9.41796875,0,27.777777777777775,0,0,0,27.777777777777775,27.777777777777775,0,27.777777777777775,0,0,0,0
gold_Bessla_Motors_Qwen3-8B_1.cpp,WRONG_ANSWER,0,20.00%,0.450,6.890625,0,0,0,0,0,0,0,0,0,0,0,0,0
gold_Bessla_Motors_Qwen3-8B_2.cpp,TIME_LIMIT_EXCEEDED,111,46.67%,3.630,6.578125,0,27.777777777777775,0,0,0,27.777777777777775,27.777777777777775,0,27.777777777777775,0,0,0,0
gold_Bessla_Motors_Qwen3-8B_3.cpp,RUNTIME_ERROR,0,6.67%,0.050,8.83203125,0,0,0,0,0,0,0,0,0,0,0,0,0
gold_Bessla_Motors_Qwen3-8B_4.cpp,TIME_LIMIT_EXCEEDED,306,93.33%,3.610,6.1953125,0,27.777777777777775,27.777777777777775,27.777777777777775,27.777777777777775,27.777777777777775,27.777777777777775,27.777777777777775,0,27.777777777777775,27.777777777777775,27.777777777777775,27.777777777777775
gold_Bessla_Motors_Qwen3-8B_5.cpp,COMPILATION_ERROR,0,0.00%,0.000,0,0,0,0,0,0,0,0,0,0,0,0,0,0
gold_Bessla_Motors_Qwen3-8B_6.cpp,TIME_LIMIT_EXCEEDED,111,46.67%,3.620,9.41796875,0,27.777777777777775,0,0,0,27.777777777777775,27.777777777777775,0,27.777777777777775,0,0,0,0
gold_Bessla_Motors_Qwen3-8B_7.cpp,COMPILATION_ERROR,0,0.00%,0.000,0,0,0,0,0,0,0,0,0,0,0,0,0,0
