solution,status,score,%test passed,time,memory,subtask_0,subtask_1,subtask_10,subtask_11,subtask_12,subtask_13,subtask_14,subtask_15,subtask_2,subtask_3,subtask_4,subtask_5,subtask_6,subtask_7,subtask_8,subtask_9
bronze_Leaders_gpt-4.1_0.cpp,TIME_LIMIT_EXCEEDED,244,76.47%,2.320,2.59375,0,22.22222222222222,0,0,0,22.22222222222222,22.22222222222222,22.22222222222222,22.22222222222222,22.22222222222222,22.22222222222222,22.22222222222222,22.22222222222222,22.22222222222222,22.22222222222222,0
bronze_Leaders_gpt-4.1_1.cpp,ACCEPTED,333,100.00%,1.880,3.62109375,0,22.22222222222222,22.22222222222222,22.22222222222222,22.22222222222222,22.22222222222222,22.22222222222222,22.22222222222222,22.22222222222222,22.22222222222222,22.22222222222222,22.22222222222222,22.22222222222222,22.22222222222222,22.22222222222222,22.22222222222222
bronze_Leaders_gpt-4.1_2.cpp,TIME_LIMIT_EXCEEDED,44,11.76%,2.270,2.59375,0,22.22222222222222,0,0,0,0,0,22.22222222222222,0,0,0,0,0,0,0,0
bronze_Leaders_gpt-4.1_3.cpp,ACCEPTED,333,100.00%,2.120,2.59375,0,22.22222222222222,22.22222222222222,22.22222222222222,22.22222222222222,22.22222222222222,22.22222222222222,22.22222222222222,22.22222222222222,22.22222222222222,22.22222222222222,22.22222222222222,22.22222222222222,22.22222222222222,22.22222222222222,22.22222222222222
bronze_Leaders_gpt-4.1_4.cpp,ACCEPTED,333,100.00%,2.150,3.359375,0,22.22222222222222,22.22222222222222,22.22222222222222,22.22222222222222,22.22222222222222,22.22222222222222,22.22222222222222,22.22222222222222,22.22222222222222,22.22222222222222,22.22222222222222,22.22222222222222,22.22222222222222,22.22222222222222,22.22222222222222
bronze_Leaders_gpt-4.1_5.cpp,ACCEPTED,333,100.00%,2.050,4.53515625,0,22.22222222222222,22.22222222222222,22.22222222222222,22.22222222222222,22.22222222222222,22.22222222222222,22.22222222222222,22.22222222222222,22.22222222222222,22.22222222222222,22.22222222222222,22.22222222222222,22.22222222222222,22.22222222222222,22.22222222222222
bronze_Leaders_gpt-4.1_6.cpp,TIME_LIMIT_EXCEEDED,311,94.12%,2.230,2.59375,0,22.22222222222222,22.22222222222222,0,22.22222222222222,22.22222222222222,22.22222222222222,22.22222222222222,22.22222222222222,22.22222222222222,22.22222222222222,22.22222222222222,22.22222222222222,22.22222222222222,22.22222222222222,22.22222222222222
bronze_Leaders_gpt-4.1_7.cpp,RUNTIME_ERROR,0,0.00%,0.580,2.91015625,0,0,0,0,0,0,0,0,0,0,0,0,0,0,0,0
