solution,status,score,%test passed,time,memory,subtask_0,subtask_1,subtask_10,subtask_2,subtask_3,subtask_4,subtask_5,subtask_6,subtask_7,subtask_8,subtask_9
bronze_More_Cow_Photos_Qwen3-32B_0.cpp,ACCEPTED,333,100.00%,0.130,2.515625,0,33.33333333333333,33.33333333333333,33.33333333333333,33.33333333333333,33.33333333333333,33.33333333333333,33.33333333333333,33.33333333333333,33.33333333333333,33.33333333333333
bronze_More_Cow_Photos_Qwen3-32B_1.cpp,ACCEPTED,333,100.00%,0.280,6.82421875,0,33.33333333333333,33.33333333333333,33.33333333333333,33.33333333333333,33.33333333333333,33.33333333333333,33.33333333333333,33.33333333333333,33.33333333333333,33.33333333333333
bronze_More_Cow_Photos_Qwen3-32B_2.cpp,WRONG_ANSWER,0,9.09%,0.330,6.81640625,0,0,0,0,0,0,0,0,0,0,0
bronze_More_Cow_Photos_Qwen3-32B_3.cpp,WRONG_ANSWER,0,9.09%,0.230,6.05859375,0,0,0,0,0,0,0,0,0,0,0
bronze_More_Cow_Photos_Qwen3-32B_4.cpp,ACCEPTED,333,100.00%,0.100,1.99609375,0,33.33333333333333,33.33333333333333,33.33333333333333,33.33333333333333,33.33333333333333,33.33333333333333,33.33333333333333,33.33333333333333,33.33333333333333,33.33333333333333
bronze_More_Cow_Photos_Qwen3-32B_5.cpp,ACCEPTED,333,100.00%,0.110,1.81640625,0,33.33333333333333,33.33333333333333,33.33333333333333,33.33333333333333,33.33333333333333,33.33333333333333,33.33333333333333,33.33333333333333,33.33333333333333,33.33333333333333
bronze_More_Cow_Photos_Qwen3-32B_6.cpp,ACCEPTED,333,100.00%,0.170,6.3828125,0,33.33333333333333,33.33333333333333,33.33333333333333,33.33333333333333,33.33333333333333,33.33333333333333,33.33333333333333,33.33333333333333,33.33333333333333,33.33333333333333
bronze_More_Cow_Photos_Qwen3-32B_7.cpp,ACCEPTED,333,100.00%,0.280,6.82421875,0,33.33333333333333,33.33333333333333,33.33333333333333,33.33333333333333,33.33333333333333,33.33333333333333,33.33333333333333,33.33333333333333,33.33333333333333,33.33333333333333
