solution,status,score,%test passed,time,memory,subtask_0,subtask_1,subtask_10,subtask_2,subtask_3,subtask_4,subtask_5,subtask_6,subtask_7,subtask_8,subtask_9
bronze_Its_Mooin_Time_III_Qwen3-32B_0.cpp,TIME_LIMIT_EXCEEDED,100,27.27%,2.210,2.46484375,0,0,0,0,33.33333333333333,33.33333333333333,33.33333333333333,0,0,0,0
bronze_Its_Mooin_Time_III_Qwen3-32B_1.cpp,TIME_LIMIT_EXCEEDED,167,54.55%,2.220,12.06640625,0,33.33333333333333,0,33.33333333333333,33.33333333333333,33.33333333333333,33.33333333333333,0,0,0,0
bronze_Its_Mooin_Time_III_Qwen3-32B_2.cpp,WRONG_ANSWER,0,9.09%,0.120,2.44921875,0,0,0,0,0,0,0,0,0,0,0
bronze_Its_Mooin_Time_III_Qwen3-32B_3.cpp,TIME_LIMIT_EXCEEDED,167,54.55%,2.210,24.80078125,0,33.33333333333333,0,33.33333333333333,33.33333333333333,33.33333333333333,33.33333333333333,0,0,0,0
bronze_Its_Mooin_Time_III_Qwen3-32B_4.cpp,TIME_LIMIT_EXCEEDED,0,0.00%,2.230,2.328125,0,0,0,0,0,0,0,0,0,0,0
bronze_Its_Mooin_Time_III_Qwen3-32B_5.cpp,TIME_LIMIT_EXCEEDED,133,45.45%,2.240,2.0703125,0,33.33333333333333,0,33.33333333333333,33.33333333333333,33.33333333333333,0,0,0,0,0
bronze_Its_Mooin_Time_III_Qwen3-32B_6.cpp,TIME_LIMIT_EXCEEDED,100,27.27%,2.210,2.390625,0,0,0,0,33.33333333333333,33.33333333333333,33.33333333333333,0,0,0,0
bronze_Its_Mooin_Time_III_Qwen3-32B_7.cpp,TIME_LIMIT_EXCEEDED,133,45.45%,2.230,2.0703125,0,33.33333333333333,0,33.33333333333333,33.33333333333333,0,33.33333333333333,0,0,0,0
