solution,status,score,%test passed,time,memory,subtask_0,subtask_1,subtask_10,subtask_2,subtask_3,subtask_4,subtask_5,subtask_6,subtask_7,subtask_8,subtask_9
bronze_Air_Cownditioning_II_Qwen2.5-Coder-32B-Instruct_0.cpp,ACCEPTED,333,100.00%,0.000,0,0,33.33333333333333,33.33333333333333,33.33333333333333,33.33333333333333,33.33333333333333,33.33333333333333,33.33333333333333,33.33333333333333,33.33333333333333,33.33333333333333
bronze_Air_Cownditioning_II_Qwen2.5-Coder-32B-Instruct_1.cpp,WRONG_ANSWER,300,81.82%,0.000,0,0,33.33333333333333,33.33333333333333,33.33333333333333,33.33333333333333,33.33333333333333,33.33333333333333,33.33333333333333,33.33333333333333,0,33.33333333333333
bronze_Air_Cownditioning_II_Qwen2.5-Coder-32B-Instruct_2.cpp,ACCEPTED,333,100.00%,0.110,0,0,33.33333333333333,33.33333333333333,33.33333333333333,33.33333333333333,33.33333333333333,33.33333333333333,33.33333333333333,33.33333333333333,33.33333333333333,33.33333333333333
bronze_Air_Cownditioning_II_Qwen2.5-Coder-32B-Instruct_3.cpp,ACCEPTED,333,100.00%,0.110,0,0,33.33333333333333,33.33333333333333,33.33333333333333,33.33333333333333,33.33333333333333,33.33333333333333,33.33333333333333,33.33333333333333,33.33333333333333,33.33333333333333
bronze_Air_Cownditioning_II_Qwen2.5-Coder-32B-Instruct_4.cpp,WRONG_ANSWER,0,0.00%,0.000,0,0,0,0,0,0,0,0,0,0,0,0
bronze_Air_Cownditioning_II_Qwen2.5-Coder-32B-Instruct_5.cpp,WRONG_ANSWER,0,0.00%,0.110,0.00390625,0,0,0,0,0,0,0,0,0,0,0
bronze_Air_Cownditioning_II_Qwen2.5-Coder-32B-Instruct_6.cpp,ACCEPTED,333,100.00%,0.000,0,0,33.33333333333333,33.33333333333333,33.33333333333333,33.33333333333333,33.33333333333333,33.33333333333333,33.33333333333333,33.33333333333333,33.33333333333333,33.33333333333333
bronze_Air_Cownditioning_II_Qwen2.5-Coder-32B-Instruct_7.cpp,ACCEPTED,333,100.00%,0.000,0,0,33.33333333333333,33.33333333333333,33.33333333333333,33.33333333333333,33.33333333333333,33.33333333333333,33.33333333333333,33.33333333333333,33.33333333333333,33.33333333333333
