solution,status,score,%test passed,time,memory,subtask_0,subtask_1,subtask_10,subtask_2,subtask_3,subtask_4,subtask_5,subtask_6,subtask_7,subtask_8,subtask_9
bronze_Hungry_Cow_Qwen3-4B_0.cpp,ACCEPTED,333,100.00%,0.070,0.00390625,0,33.33333333333333,33.33333333333333,33.33333333333333,33.33333333333333,33.33333333333333,33.33333333333333,33.33333333333333,33.33333333333333,33.33333333333333,33.33333333333333
bronze_Hungry_Cow_Qwen3-4B_1.cpp,ACCEPTED,333,100.00%,0.070,0.00390625,0,33.33333333333333,33.33333333333333,33.33333333333333,33.33333333333333,33.33333333333333,33.33333333333333,33.33333333333333,33.33333333333333,33.33333333333333,33.33333333333333
bronze_Hungry_Cow_Qwen3-4B_2.cpp,WRONG_ANSWER,100,46.15%,0.070,0.00390625,0,0,0,0,0,0,33.33333333333333,0,33.33333333333333,0,33.33333333333333
bronze_Hungry_Cow_Qwen3-4B_3.cpp,ACCEPTED,333,100.00%,0.090,0.00390625,0,33.33333333333333,33.33333333333333,33.33333333333333,33.33333333333333,33.33333333333333,33.33333333333333,33.33333333333333,33.33333333333333,33.33333333333333,33.33333333333333
bronze_Hungry_Cow_Qwen3-4B_4.cpp,RUNTIME_ERROR,200,53.85%,0.060,3.51171875,0,0,33.33333333333333,0,0,0,33.33333333333333,33.33333333333333,33.33333333333333,33.33333333333333,33.33333333333333
bronze_Hungry_Cow_Qwen3-4B_5.cpp,WRONG_ANSWER,100,46.15%,0.070,3.10546875,0,0,0,0,0,0,33.33333333333333,0,33.33333333333333,0,33.33333333333333
bronze_Hungry_Cow_Qwen3-4B_6.cpp,COMPILATION_ERROR,0,0.00%,0.000,0,0,0,0,0,0,0,0,0,0,0,0
bronze_Hungry_Cow_Qwen3-4B_7.cpp,COMPILATION_ERROR,0,0.00%,0.000,0,0,0,0,0,0,0,0,0,0,0,0
