solution,status,score,%test passed,time,memory,subtask_0,subtask_1,subtask_10,subtask_2,subtask_3,subtask_4,subtask_5,subtask_6,subtask_7,subtask_8,subtask_9
silver_Bakery_deepseek-reasoner_0.cpp,WRONG_ANSWER,0,9.09%,0.040,0.00390625,0,0,0,0,0,0,0,0,0,0,0
silver_Bakery_deepseek-reasoner_1.cpp,ACCEPTED,333,100.00%,0.040,1.578125,0,33.33333333333333,33.33333333333333,33.33333333333333,33.33333333333333,33.33333333333333,33.33333333333333,33.33333333333333,33.33333333333333,33.33333333333333,33.33333333333333
silver_Bakery_deepseek-reasoner_2.cpp,ACCEPTED,333,100.00%,0.040,0.00390625,0,33.33333333333333,33.33333333333333,33.33333333333333,33.33333333333333,33.33333333333333,33.33333333333333,33.33333333333333,33.33333333333333,33.33333333333333,33.33333333333333
silver_Bakery_deepseek-reasoner_3.cpp,WRONG_ANSWER,100,36.36%,0.040,0.00390625,0,0,33.33333333333333,0,0,0,0,0,33.33333333333333,33.33333333333333,0
silver_Bakery_deepseek-reasoner_4.cpp,ACCEPTED,333,100.00%,0.040,0.00390625,0,33.33333333333333,33.33333333333333,33.33333333333333,33.33333333333333,33.33333333333333,33.33333333333333,33.33333333333333,33.33333333333333,33.33333333333333,33.33333333333333
silver_Bakery_deepseek-reasoner_5.cpp,WRONG_ANSWER,100,36.36%,0.040,0.00390625,0,0,33.33333333333333,0,0,0,0,0,33.33333333333333,33.33333333333333,0
silver_Bakery_deepseek-reasoner_6.cpp,WRONG_ANSWER,0,0.00%,0.040,0.00390625,0,0,0,0,0,0,0,0,0,0,0
silver_Bakery_deepseek-reasoner_7.cpp,ACCEPTED,333,100.00%,0.040,0.00390625,0,33.33333333333333,33.33333333333333,33.33333333333333,33.33333333333333,33.33333333333333,33.33333333333333,33.33333333333333,33.33333333333333,33.33333333333333,33.33333333333333
