solution,status,score,%test passed,time,memory,subtask_0,subtask_1,subtask_10,subtask_11,subtask_2,subtask_3,subtask_4,subtask_5,subtask_6,subtask_7,subtask_8,subtask_9
bronze_Farmer_John_Actually_Farms_gpt-oss-20b-medium_0.cpp,ACCEPTED,333,100.00%,0.070,4.953125,0,30.3030303030303,30.3030303030303,30.3030303030303,30.3030303030303,30.3030303030303,30.3030303030303,30.3030303030303,30.3030303030303,30.3030303030303,30.3030303030303,30.3030303030303
bronze_Farmer_John_Actually_Farms_gpt-oss-20b-medium_1.cpp,ACCEPTED,333,100.00%,0.050,4.4453125,0,30.3030303030303,30.3030303030303,30.3030303030303,30.3030303030303,30.3030303030303,30.3030303030303,30.3030303030303,30.3030303030303,30.3030303030303,30.3030303030303,30.3030303030303
bronze_Farmer_John_Actually_Farms_gpt-oss-20b-medium_2.cpp,ACCEPTED,333,100.00%,0.060,7.8671875,0,30.3030303030303,30.3030303030303,30.3030303030303,30.3030303030303,30.3030303030303,30.3030303030303,30.3030303030303,30.3030303030303,30.3030303030303,30.3030303030303,30.3030303030303
bronze_Farmer_John_Actually_Farms_gpt-oss-20b-medium_3.cpp,ACCEPTED,333,100.00%,0.050,4.95703125,0,30.3030303030303,30.3030303030303,30.3030303030303,30.3030303030303,30.3030303030303,30.3030303030303,30.3030303030303,30.3030303030303,30.3030303030303,30.3030303030303,30.3030303030303
bronze_Farmer_John_Actually_Farms_gpt-oss-20b-medium_5.cpp,ACCEPTED,333,100.00%,0.050,4.95703125,0,30.3030303030303,30.3030303030303,30.3030303030303,30.3030303030303,30.3030303030303,30.3030303030303,30.3030303030303,30.3030303030303,30.3030303030303,30.3030303030303,30.3030303030303
bronze_Farmer_John_Actually_Farms_gpt-oss-20b-medium_6.cpp,ACCEPTED,333,100.00%,0.050,4.95703125,0,30.3030303030303,30.3030303030303,30.3030303030303,30.3030303030303,30.3030303030303,30.3030303030303,30.3030303030303,30.3030303030303,30.3030303030303,30.3030303030303,30.3030303030303
bronze_Farmer_John_Actually_Farms_gpt-oss-20b-medium_7.cpp,ACCEPTED,333,100.00%,0.070,5.46875,0,30.3030303030303,30.3030303030303,30.3030303030303,30.3030303030303,30.3030303030303,30.3030303030303,30.3030303030303,30.3030303030303,30.3030303030303,30.3030303030303,30.3030303030303
