solution,status,score,%test passed,time,memory,subtask_0,subtask_1,subtask_10,subtask_2,subtask_3,subtask_4,subtask_5,subtask_6,subtask_7,subtask_8,subtask_9
bronze_Cowntact_Tracing_2_gpt-oss-20b-medium_0.cpp,ACCEPTED,333,100.00%,0.020,1.5546875,0,33.33333333333333,33.33333333333333,33.33333333333333,33.33333333333333,33.33333333333333,33.33333333333333,33.33333333333333,33.33333333333333,33.33333333333333,33.33333333333333
bronze_Cowntact_Tracing_2_gpt-oss-20b-medium_1.cpp,WRONG_ANSWER,33,25.00%,0.020,1.5546875,0,33.33333333333333,0,0,0,0,0,0,0,0,0
bronze_Cowntact_Tracing_2_gpt-oss-20b-medium_2.cpp,ACCEPTED,333,100.00%,0.020,1.5546875,0,33.33333333333333,33.33333333333333,33.33333333333333,33.33333333333333,33.33333333333333,33.33333333333333,33.33333333333333,33.33333333333333,33.33333333333333,33.33333333333333
bronze_Cowntact_Tracing_2_gpt-oss-20b-medium_3.cpp,ACCEPTED,333,100.00%,0.020,1.5546875,0,33.33333333333333,33.33333333333333,33.33333333333333,33.33333333333333,33.33333333333333,33.33333333333333,33.33333333333333,33.33333333333333,33.33333333333333,33.33333333333333
bronze_Cowntact_Tracing_2_gpt-oss-20b-medium_4.cpp,WRONG_ANSWER,167,58.33%,0.020,1.5546875,0,33.33333333333333,33.33333333333333,0,33.33333333333333,0,0,0,0,33.33333333333333,33.33333333333333
bronze_Cowntact_Tracing_2_gpt-oss-20b-medium_5.cpp,WRONG_ANSWER,167,58.33%,0.020,1.5546875,0,33.33333333333333,33.33333333333333,0,33.33333333333333,0,0,0,0,33.33333333333333,33.33333333333333
bronze_Cowntact_Tracing_2_gpt-oss-20b-medium_6.cpp,WRONG_ANSWER,33,25.00%,0.020,1.703125,0,33.33333333333333,0,0,0,0,0,0,0,0,0
bronze_Cowntact_Tracing_2_gpt-oss-20b-medium_7.cpp,WRONG_ANSWER,167,58.33%,0.020,1.5546875,0,33.33333333333333,33.33333333333333,0,33.33333333333333,0,0,0,0,33.33333333333333,33.33333333333333
