solution,status,score,%test passed,time,memory,subtask_0,subtask_1,subtask_10,subtask_11,subtask_12,subtask_13,subtask_14,subtask_15,subtask_2,subtask_3,subtask_4,subtask_5,subtask_6,subtask_7,subtask_8,subtask_9
silver_Bovine_Acrobatics_gpt-oss-20b-medium_0.cpp,WRONG_ANSWER,89,35.29%,0.060,7.484375,0,0,22.22222222222222,0,0,0,0,0,22.22222222222222,0,0,0,0,0,22.22222222222222,22.22222222222222
silver_Bovine_Acrobatics_gpt-oss-20b-medium_1.cpp,RUNTIME_ERROR,0,0.00%,0.690,9.03125,0,0,0,0,0,0,0,0,0,0,0,0,0,0,0,0
silver_Bovine_Acrobatics_gpt-oss-20b-medium_2.cpp,WRONG_ANSWER,111,41.18%,0.060,14.703125,0,0,22.22222222222222,0,0,0,0,0,22.22222222222222,0,0,0,0,22.22222222222222,22.22222222222222,22.22222222222222
silver_Bovine_Acrobatics_gpt-oss-20b-medium_3.cpp,WRONG_ANSWER,89,35.29%,0.060,7.93359375,0,0,22.22222222222222,0,0,0,0,0,22.22222222222222,0,0,0,0,0,22.22222222222222,22.22222222222222
silver_Bovine_Acrobatics_gpt-oss-20b-medium_4.cpp,ACCEPTED,333,100.00%,0.060,4.390625,0,22.22222222222222,22.22222222222222,22.22222222222222,22.22222222222222,22.22222222222222,22.22222222222222,22.22222222222222,22.22222222222222,22.22222222222222,22.22222222222222,22.22222222222222,22.22222222222222,22.22222222222222,22.22222222222222,22.22222222222222
silver_Bovine_Acrobatics_gpt-oss-20b-medium_5.cpp,ACCEPTED,333,100.00%,0.070,14.69921875,0,22.22222222222222,22.22222222222222,22.22222222222222,22.22222222222222,22.22222222222222,22.22222222222222,22.22222222222222,22.22222222222222,22.22222222222222,22.22222222222222,22.22222222222222,22.22222222222222,22.22222222222222,22.22222222222222,22.22222222222222
silver_Bovine_Acrobatics_gpt-oss-20b-medium_6.cpp,ACCEPTED,333,100.00%,0.060,4.390625,0,22.22222222222222,22.22222222222222,22.22222222222222,22.22222222222222,22.22222222222222,22.22222222222222,22.22222222222222,22.22222222222222,22.22222222222222,22.22222222222222,22.22222222222222,22.22222222222222,22.22222222222222,22.22222222222222,22.22222222222222
