solution,status,score,%test passed,time,memory,subtask_0,subtask_1,subtask_10,subtask_11,subtask_12,subtask_2,subtask_3,subtask_4,subtask_5,subtask_6,subtask_7,subtask_8,subtask_9
silver_Target_Practice_gpt-oss-20b-medium_0.cpp,WRONG_ANSWER,222,66.67%,0.040,17.26171875,0,0,27.777777777777775,27.777777777777775,27.777777777777775,27.777777777777775,27.777777777777775,0,0,27.777777777777775,27.777777777777775,27.777777777777775,0
silver_Target_Practice_gpt-oss-20b-medium_1.cpp,RUNTIME_ERROR,83,20.00%,0.040,31.1796875,0,27.777777777777775,0,0,0,0,0,27.777777777777775,0,0,0,0,27.777777777777775
silver_Target_Practice_gpt-oss-20b-medium_2.cpp,WRONG_ANSWER,28,20.00%,0.030,10.578125,0,27.777777777777775,0,0,0,0,0,0,0,0,0,0,0
silver_Target_Practice_gpt-oss-20b-medium_3.cpp,RUNTIME_ERROR,28,6.67%,0.030,13.12890625,0,27.777777777777775,0,0,0,0,0,0,0,0,0,0,0
silver_Target_Practice_gpt-oss-20b-medium_4.cpp,TIME_LIMIT_EXCEEDED,28,6.67%,2.410,14.55859375,0,27.777777777777775,0,0,0,0,0,0,0,0,0,0,0
silver_Target_Practice_gpt-oss-20b-medium_5.cpp,RUNTIME_ERROR,83,20.00%,0.040,19.76953125,0,27.777777777777775,0,0,0,0,0,27.777777777777775,0,0,0,0,27.777777777777775
silver_Target_Practice_gpt-oss-20b-medium_7.cpp,WRONG_ANSWER,250,80.00%,0.030,7.87890625,0,0,27.777777777777775,0,27.777777777777775,27.777777777777775,27.777777777777775,27.777777777777775,0,27.777777777777775,27.777777777777775,27.777777777777775,27.777777777777775
