solution,status,score,%test passed,time,memory,subtask_0,subtask_1,subtask_10,subtask_11,subtask_12,subtask_13,subtask_14,subtask_15,subtask_16,subtask_2,subtask_3,subtask_4,subtask_5,subtask_6,subtask_7,subtask_8,subtask_9
gold_Minimum_Longest_Trip_deepseek-reasoner_0.cpp,TIME_LIMIT_EXCEEDED,0,20.00%,2.250,18.12890625,0,0,0,0,0,0,0,0,0,0,0,0,0,0,0,0,0
gold_Minimum_Longest_Trip_deepseek-reasoner_1.cpp,TIME_LIMIT_EXCEEDED,83,40.00%,2.240,21.66796875,0,0,0,0,0,0,0,0,0,0,20.833333333333332,20.833333333333332,20.833333333333332,20.833333333333332,0,0,0
gold_Minimum_Longest_Trip_deepseek-reasoner_2.cpp,TIME_LIMIT_EXCEEDED,83,40.00%,2.240,18.90234375,0,0,0,0,0,0,0,0,0,0,20.833333333333332,20.833333333333332,20.833333333333332,20.833333333333332,0,0,0
gold_Minimum_Longest_Trip_deepseek-reasoner_3.cpp,TIME_LIMIT_EXCEEDED,83,40.00%,2.240,18.90625,0,0,0,0,0,0,0,0,0,0,20.833333333333332,20.833333333333332,20.833333333333332,20.833333333333332,0,0,0
gold_Minimum_Longest_Trip_deepseek-reasoner_4.cpp,WRONG_ANSWER,83,35.00%,0.220,23.3984375,0,20.833333333333332,0,0,0,0,0,0,0,20.833333333333332,20.833333333333332,20.833333333333332,0,0,0,0,0
gold_Minimum_Longest_Trip_deepseek-reasoner_5.cpp,RUNTIME_ERROR,83,30.00%,0.200,20.44921875,0,20.833333333333332,0,0,0,0,0,0,0,20.833333333333332,20.833333333333332,20.833333333333332,0,0,0,0,0
gold_Minimum_Longest_Trip_deepseek-reasoner_6.cpp,TIME_LIMIT_EXCEEDED,83,40.00%,2.260,18.90234375,0,0,0,0,0,0,0,0,0,0,20.833333333333332,20.833333333333332,20.833333333333332,20.833333333333332,0,0,0
gold_Minimum_Longest_Trip_deepseek-reasoner_7.cpp,TIME_LIMIT_EXCEEDED,83,40.00%,2.340,19.59765625,0,0,0,0,0,0,0,0,0,0,20.833333333333332,20.833333333333332,20.833333333333332,20.833333333333332,0,0,0
