solution,status,score,%test passed,time,memory,subtask_0,subtask_1,subtask_10,subtask_11,subtask_12,subtask_13,subtask_14,subtask_2,subtask_3,subtask_4,subtask_5,subtask_6,subtask_7,subtask_8,subtask_9
silver_Following_Directions_Qwen3-32B_0.cpp,COMPILATION_ERROR,0,0.00%,0.000,0,0,0,0,0,0,0,0,0,0,0,0,0,0,0,0
silver_Following_Directions_Qwen3-32B_1.cpp,COMPILATION_ERROR,0,0.00%,0.000,0,0,0,0,0,0,0,0,0,0,0,0,0,0,0,0
silver_Following_Directions_Qwen3-32B_2.cpp,ACCEPTED,333,100.00%,5.900,18.37890625,0,23.809523809523807,23.809523809523807,23.809523809523807,23.809523809523807,23.809523809523807,23.809523809523807,23.809523809523807,23.809523809523807,23.809523809523807,23.809523809523807,23.809523809523807,23.809523809523807,23.809523809523807,23.809523809523807
silver_Following_Directions_Qwen3-32B_3.cpp,TIME_LIMIT_EXCEEDED,0,0.00%,8.820,132.91015625,0,0,0,0,0,0,0,0,0,0,0,0,0,0,0
silver_Following_Directions_Qwen3-32B_4.cpp,COMPILATION_ERROR,0,0.00%,0.000,0,0,0,0,0,0,0,0,0,0,0,0,0,0,0,0
silver_Following_Directions_Qwen3-32B_5.cpp,WRONG_ANSWER,0,0.00%,0.180,136.640625,0,0,0,0,0,0,0,0,0,0,0,0,0,0,0
silver_Following_Directions_Qwen3-32B_6.cpp,TIME_LIMIT_EXCEEDED,214,66.67%,8.810,147.21875,0,23.809523809523807,0,0,0,0,0,23.809523809523807,23.809523809523807,23.809523809523807,23.809523809523807,23.809523809523807,23.809523809523807,23.809523809523807,23.809523809523807
silver_Following_Directions_Qwen3-32B_7.cpp,TIME_LIMIT_EXCEEDED,214,66.67%,8.810,279.12109375,0,23.809523809523807,0,0,0,0,0,23.809523809523807,23.809523809523807,23.809523809523807,23.809523809523807,23.809523809523807,23.809523809523807,23.809523809523807,23.809523809523807
