solution,status,score,%test passed,time,memory,subtask_0,subtask_1,subtask_10,subtask_2,subtask_3,subtask_4,subtask_5,subtask_6,subtask_7,subtask_8,subtask_9
bronze_Its_Mooin_Time_III_seed-oss_0.cpp,TIME_LIMIT_EXCEEDED,33,18.18%,2.420,2.375,0,0,0,0,0,0,33.33333333333333,0,0,0,0
bronze_Its_Mooin_Time_III_seed-oss_1.cpp,ACCEPTED,333,100.00%,0.150,12.03515625,0,33.33333333333333,33.33333333333333,33.33333333333333,33.33333333333333,33.33333333333333,33.33333333333333,33.33333333333333,33.33333333333333,33.33333333333333,33.33333333333333
bronze_Its_Mooin_Time_III_seed-oss_2.cpp,WRONG_ANSWER,33,18.18%,0.040,2.44140625,0,0,0,0,0,0,33.33333333333333,0,0,0,0
bronze_Its_Mooin_Time_III_seed-oss_3.cpp,WRONG_ANSWER,100,36.36%,0.110,11.90625,0,0,0,0,33.33333333333333,33.33333333333333,33.33333333333333,0,0,0,0
bronze_Its_Mooin_Time_III_seed-oss_4.cpp,WRONG_ANSWER,167,54.55%,1.080,2.44921875,0,33.33333333333333,0,33.33333333333333,33.33333333333333,33.33333333333333,33.33333333333333,0,0,0,0
bronze_Its_Mooin_Time_III_seed-oss_5.cpp,MEMORY_LIMIT_EXCEEDED,0,0.00%,0.140,303.96484375,0,0,0,0,0,0,0,0,0,0,0
bronze_Its_Mooin_Time_III_seed-oss_6.cpp,WRONG_ANSWER,0,9.09%,0.080,2.72265625,0,0,0,0,0,0,0,0,0,0,0
bronze_Its_Mooin_Time_III_seed-oss_7.cpp,WRONG_ANSWER,167,54.55%,0.330,15.4765625,0,33.33333333333333,0,33.33333333333333,33.33333333333333,33.33333333333333,33.33333333333333,0,0,0,0
