solution,status,score,%test passed,time,memory,subtask_0,subtask_1,subtask_10,subtask_11,subtask_12,subtask_13,subtask_14,subtask_15,subtask_16,subtask_2,subtask_3,subtask_4,subtask_5,subtask_6,subtask_7,subtask_8,subtask_9
silver_Ski_Slope_seed-oss_0.cpp,TIME_LIMIT_EXCEEDED,0,5.88%,2.410,18.19140625,0,0,0,0,0,0,0,0,0,0,0,0,0,0,0,0,0
silver_Ski_Slope_seed-oss_1.cpp,TIME_LIMIT_EXCEEDED,21,11.76%,2.420,22.34765625,0,0,0,0,0,0,0,0,0,0,0,20.833333333333332,0,0,0,0,0
silver_Ski_Slope_seed-oss_2.cpp,TIME_LIMIT_EXCEEDED,21,11.76%,2.450,13.94140625,0,0,0,0,0,0,0,0,0,0,0,20.833333333333332,0,0,0,0,0
silver_Ski_Slope_seed-oss_3.cpp,TIME_LIMIT_EXCEEDED,125,41.18%,2.420,24.08203125,0,20.833333333333332,0,0,0,0,0,0,0,20.833333333333332,20.833333333333332,20.833333333333332,0,0,20.833333333333332,20.833333333333332,0
silver_Ski_Slope_seed-oss_4.cpp,TIME_LIMIT_EXCEEDED,0,0.00%,2.430,67.609375,0,0,0,0,0,0,0,0,0,0,0,0,0,0,0,0,0
silver_Ski_Slope_seed-oss_5.cpp,COMPILATION_ERROR,0,0.00%,0.000,0,0,0,0,0,0,0,0,0,0,0,0,0,0,0,0,0,0
silver_Ski_Slope_seed-oss_6.cpp,ACCEPTED,333,100.00%,0.150,55.15625,0,20.833333333333332,20.833333333333332,20.833333333333332,20.833333333333332,20.833333333333332,20.833333333333332,20.833333333333332,20.833333333333332,20.833333333333332,20.833333333333332,20.833333333333332,20.833333333333332,20.833333333333332,20.833333333333332,20.833333333333332,20.833333333333332
silver_Ski_Slope_seed-oss_7.cpp,WRONG_ANSWER,0,0.00%,0.110,51.421875,0,0,0,0,0,0,0,0,0,0,0,0,0,0,0,0,0
