solution,status,score,%test passed,time,memory,subtask_0,subtask_1,subtask_10,subtask_2,subtask_3,subtask_4,subtask_5,subtask_6,subtask_7,subtask_8,subtask_9
bronze_Hungry_Cow_Codestral-22B-v0.1_0.cpp,TIME_LIMIT_EXCEEDED,0,7.69%,2.280,2.7890625,0,0,0,0,0,0,0,0,0,0,0
bronze_Hungry_Cow_Codestral-22B-v0.1_1.cpp,TIME_LIMIT_EXCEEDED,0,0.00%,2.420,2.84765625,0,0,0,0,0,0,0,0,0,0,0
bronze_Hungry_Cow_Codestral-22B-v0.1_2.cpp,TIME_LIMIT_EXCEEDED,133,53.85%,2.260,2.84765625,0,33.33333333333333,0,33.33333333333333,33.33333333333333,33.33333333333333,0,0,0,0,0
bronze_Hungry_Cow_Codestral-22B-v0.1_3.cpp,TIME_LIMIT_EXCEEDED,133,53.85%,2.310,2.7890625,0,33.33333333333333,0,33.33333333333333,33.33333333333333,33.33333333333333,0,0,0,0,0
bronze_Hungry_Cow_Codestral-22B-v0.1_4.cpp,RUNTIME_ERROR,0,0.00%,1.740,2.07421875,0,0,0,0,0,0,0,0,0,0,0
bronze_Hungry_Cow_Codestral-22B-v0.1_5.cpp,TIME_LIMIT_EXCEEDED,133,53.85%,2.300,2.7890625,0,33.33333333333333,0,33.33333333333333,33.33333333333333,33.33333333333333,0,0,0,0,0
bronze_Hungry_Cow_Codestral-22B-v0.1_6.cpp,TIME_LIMIT_EXCEEDED,133,53.85%,2.400,2.7890625,0,33.33333333333333,0,33.33333333333333,33.33333333333333,33.33333333333333,0,0,0,0,0
bronze_Hungry_Cow_Codestral-22B-v0.1_7.cpp,TIME_LIMIT_EXCEEDED,0,0.00%,2.240,2.84765625,0,0,0,0,0,0,0,0,0,0,0
