solution,status,score,%test passed,time,memory,subtask_0,subtask_1,subtask_10,subtask_2,subtask_3,subtask_4,subtask_5,subtask_6,subtask_7,subtask_8,subtask_9
bronze_Astral_Superposition_seed-oss_0.cpp,WRONG_ANSWER,33,16.67%,0.100,4.67578125,0,33.33333333333333,0,0,0,0,0,0,0,0,0
bronze_Astral_Superposition_seed-oss_1.cpp,ACCEPTED,333,100.00%,0.100,6.6015625,0,33.33333333333333,33.33333333333333,33.33333333333333,33.33333333333333,33.33333333333333,33.33333333333333,33.33333333333333,33.33333333333333,33.33333333333333,33.33333333333333
bronze_Astral_Superposition_seed-oss_2.cpp,COMPILATION_ERROR,0,0.00%,0.000,0,0,0,0,0,0,0,0,0,0,0,0
bronze_Astral_Superposition_seed-oss_3.cpp,WRONG_ANSWER,33,16.67%,0.080,7.39453125,0,33.33333333333333,0,0,0,0,0,0,0,0,0
bronze_Astral_Superposition_seed-oss_4.cpp,WRONG_ANSWER,33,16.67%,0.090,3.1953125,0,33.33333333333333,0,0,0,0,0,0,0,0,0
bronze_Astral_Superposition_seed-oss_5.cpp,COMPILATION_ERROR,0,0.00%,0.000,0,0,0,0,0,0,0,0,0,0,0,0
bronze_Astral_Superposition_seed-oss_6.cpp,ACCEPTED,333,100.00%,0.110,10.0625,0,33.33333333333333,33.33333333333333,33.33333333333333,33.33333333333333,33.33333333333333,33.33333333333333,33.33333333333333,33.33333333333333,33.33333333333333,33.33333333333333
bronze_Astral_Superposition_seed-oss_7.cpp,WRONG_ANSWER,33,25.00%,0.220,15.02734375,0,33.33333333333333,0,0,0,0,0,0,0,0,0
