solution,status,score,%test passed,time,memory,subtask_0,subtask_1,subtask_2,subtask_3,subtask_4
kuglice_gpt-5_0.cpp,ACCEPTED,110,100.00%,0.040,18.57421875,17,10,26,15,42
kuglice_gpt-5_1.cpp,ACCEPTED,110,100.00%,0.080,18.57421875,17,10,26,15,42
kuglice_gpt-5_2.cpp,ACCEPTED,110,100.00%,0.070,18.57421875,17,10,26,15,42
kuglice_gpt-5_3.cpp,ACCEPTED,110,100.00%,0.060,18.57421875,17,10,26,15,42
kuglice_gpt-5_4.cpp,ACCEPTED,110,100.00%,0.090,35.84765625,17,10,26,15,42
kuglice_gpt-5_5.cpp,ACCEPTED,110,100.00%,0.070,18.57421875,17,10,26,15,42
kuglice_gpt-5_6.cpp,ACCEPTED,110,100.00%,0.060,0.00390625,17,10,26,15,42
kuglice_gpt-5_7.cpp,ACCEPTED,110,100.00%,0.070,18.57421875,17,10,26,15,42
