solution,status,score,%test passed,time,memory,subtask_0,subtask_1,subtask_10,subtask_2,subtask_3,subtask_4,subtask_5,subtask_6,subtask_7,subtask_8,subtask_9
bronze_Walking_Along_a_Fence_Qwen3-32B_0.cpp,ACCEPTED,333,100.00%,0.130,13.1484375,0,33.33333333333333,33.33333333333333,33.33333333333333,33.33333333333333,33.33333333333333,33.33333333333333,33.33333333333333,33.33333333333333,33.33333333333333,33.33333333333333
bronze_Walking_Along_a_Fence_Qwen3-32B_1.cpp,ACCEPTED,333,100.00%,0.080,12.3828125,0,33.33333333333333,33.33333333333333,33.33333333333333,33.33333333333333,33.33333333333333,33.33333333333333,33.33333333333333,33.33333333333333,33.33333333333333,33.33333333333333
bronze_Walking_Along_a_Fence_Qwen3-32B_2.cpp,ACCEPTED,333,100.00%,0.160,18.68359375,0,33.33333333333333,33.33333333333333,33.33333333333333,33.33333333333333,33.33333333333333,33.33333333333333,33.33333333333333,33.33333333333333,33.33333333333333,33.33333333333333
bronze_Walking_Along_a_Fence_Qwen3-32B_3.cpp,ACCEPTED,333,100.00%,0.150,16.4375,0,33.33333333333333,33.33333333333333,33.33333333333333,33.33333333333333,33.33333333333333,33.33333333333333,33.33333333333333,33.33333333333333,33.33333333333333,33.33333333333333
bronze_Walking_Along_a_Fence_Qwen3-32B_4.cpp,ACCEPTED,333,100.00%,0.110,12.3828125,0,33.33333333333333,33.33333333333333,33.33333333333333,33.33333333333333,33.33333333333333,33.33333333333333,33.33333333333333,33.33333333333333,33.33333333333333,33.33333333333333
bronze_Walking_Along_a_Fence_Qwen3-32B_5.cpp,WRONG_ANSWER,0,9.09%,0.150,16.3984375,0,0,0,0,0,0,0,0,0,0,0
bronze_Walking_Along_a_Fence_Qwen3-32B_6.cpp,ACCEPTED,333,100.00%,0.130,13.15625,0,33.33333333333333,33.33333333333333,33.33333333333333,33.33333333333333,33.33333333333333,33.33333333333333,33.33333333333333,33.33333333333333,33.33333333333333,33.33333333333333
bronze_Walking_Along_a_Fence_Qwen3-32B_7.cpp,WRONG_ANSWER,0,9.09%,0.130,15.46875,0,0,0,0,0,0,0,0,0,0,0
