solution,status,score,%test passed,time,memory,subtask_0,subtask_1,subtask_10,subtask_11,subtask_12,subtask_13,subtask_14,subtask_15,subtask_16,subtask_17,subtask_18,subtask_19,subtask_2,subtask_20,subtask_21,subtask_22,subtask_23,subtask_24,subtask_3,subtask_4,subtask_5,subtask_6,subtask_7,subtask_8,subtask_9
bronze_Logical_Moos_Qwen3-32B_0.cpp,ACCEPTED,333,100.00%,0.120,10.94921875,0,13.888888888888888,13.888888888888888,13.888888888888888,13.888888888888888,13.888888888888888,13.888888888888888,13.888888888888888,13.888888888888888,13.888888888888888,13.888888888888888,13.888888888888888,13.888888888888888,13.888888888888888,13.888888888888888,13.888888888888888,13.888888888888888,13.888888888888888,13.888888888888888,13.888888888888888,13.888888888888888,13.888888888888888,13.888888888888888,13.888888888888888,13.888888888888888
bronze_Logical_Moos_Qwen3-32B_1.cpp,RUNTIME_ERROR,0,0.00%,0.110,17.7734375,0,0,0,0,0,0,0,0,0,0,0,0,0,0,0,0,0,0,0,0,0,0,0,0,0
bronze_Logical_Moos_Qwen3-32B_2.cpp,TIME_LIMIT_EXCEEDED,42,19.23%,2.240,19.0859375,0,13.888888888888888,0,0,0,0,0,0,0,0,0,0,0,0,0,0,0,13.888888888888888,0,13.888888888888888,0,0,0,0,0
bronze_Logical_Moos_Qwen3-32B_3.cpp,RUNTIME_ERROR,56,15.38%,0.120,7.88671875,0,0,0,0,0,13.888888888888888,0,13.888888888888888,0,0,0,0,0,13.888888888888888,13.888888888888888,0,0,0,0,0,0,0,0,0,0
bronze_Logical_Moos_Qwen3-32B_4.cpp,RUNTIME_ERROR,0,0.00%,0.120,7.73828125,0,0,0,0,0,0,0,0,0,0,0,0,0,0,0,0,0,0,0,0,0,0,0,0,0
bronze_Logical_Moos_Qwen3-32B_5.cpp,RUNTIME_ERROR,69,19.23%,0.250,18.73828125,0,13.888888888888888,0,0,0,13.888888888888888,0,13.888888888888888,13.888888888888888,0,0,0,0,0,0,0,0,0,0,13.888888888888888,0,0,0,0,0
bronze_Logical_Moos_Qwen3-32B_6.cpp,RUNTIME_ERROR,56,15.38%,0.130,12.80859375,0,0,0,0,0,13.888888888888888,0,13.888888888888888,0,0,0,0,0,13.888888888888888,13.888888888888888,0,0,0,0,0,0,0,0,0,0
bronze_Logical_Moos_Qwen3-32B_7.cpp,WRONG_ANSWER,69,26.92%,0.110,7.93359375,0,13.888888888888888,0,0,0,13.888888888888888,0,13.888888888888888,13.888888888888888,0,0,0,0,0,0,0,0,0,0,13.888888888888888,0,0,0,0,0
