solution,status,score,%test passed,time,memory,subtask_0,subtask_1,subtask_10,subtask_2,subtask_3,subtask_4,subtask_5,subtask_6,subtask_7,subtask_8,subtask_9
bronze_Cow_Checkups_QwQ-32B_0.cpp,RUNTIME_ERROR,0,0.00%,0.330,109.3203125,0,0,0,0,0,0,0,0,0,0,0
bronze_Cow_Checkups_QwQ-32B_1.cpp,ACCEPTED,333,100.00%,0.330,1.55859375,0,33.33333333333333,33.33333333333333,33.33333333333333,33.33333333333333,33.33333333333333,33.33333333333333,33.33333333333333,33.33333333333333,33.33333333333333,33.33333333333333
bronze_Cow_Checkups_QwQ-32B_2.cpp,ACCEPTED,333,100.00%,0.270,1.55859375,0,33.33333333333333,33.33333333333333,33.33333333333333,33.33333333333333,33.33333333333333,33.33333333333333,33.33333333333333,33.33333333333333,33.33333333333333,33.33333333333333
bronze_Cow_Checkups_QwQ-32B_3.cpp,ACCEPTED,333,100.00%,0.370,1.55859375,0,33.33333333333333,33.33333333333333,33.33333333333333,33.33333333333333,33.33333333333333,33.33333333333333,33.33333333333333,33.33333333333333,33.33333333333333,33.33333333333333
bronze_Cow_Checkups_QwQ-32B_4.cpp,ACCEPTED,333,100.00%,0.910,216.83203125,0,33.33333333333333,33.33333333333333,33.33333333333333,33.33333333333333,33.33333333333333,33.33333333333333,33.33333333333333,33.33333333333333,33.33333333333333,33.33333333333333
bronze_Cow_Checkups_QwQ-32B_5.cpp,TIME_LIMIT_EXCEEDED,0,0.00%,2.230,142.8359375,0,0,0,0,0,0,0,0,0,0,0
bronze_Cow_Checkups_QwQ-32B_6.cpp,MEMORY_LIMIT_EXCEEDED,300,92.31%,1.340,242.234375,0,33.33333333333333,0,33.33333333333333,33.33333333333333,33.33333333333333,33.33333333333333,33.33333333333333,33.33333333333333,33.33333333333333,33.33333333333333
bronze_Cow_Checkups_QwQ-32B_7.cpp,ACCEPTED,333,100.00%,0.330,1.55859375,0,33.33333333333333,33.33333333333333,33.33333333333333,33.33333333333333,33.33333333333333,33.33333333333333,33.33333333333333,33.33333333333333,33.33333333333333,33.33333333333333
