solution,status,score,%test passed,time,memory,subtask_0,subtask_1,subtask_10,subtask_11,subtask_12,subtask_13,subtask_14,subtask_15,subtask_16,subtask_17,subtask_2,subtask_3,subtask_4,subtask_5,subtask_6,subtask_7,subtask_8,subtask_9
bronze_FEB_Qwen2.5-Coder-14B-Instruct_0.cpp,WRONG_ANSWER,118,45.00%,0.110,1.55078125,0,19.6078431372549,0,0,19.6078431372549,0,0,0,0,0,19.6078431372549,19.6078431372549,19.6078431372549,19.6078431372549,0,0,0,0
bronze_FEB_Qwen2.5-Coder-14B-Instruct_1.cpp,TIME_LIMIT_EXCEEDED,20,5.00%,2.270,2.03125,0,0,0,0,19.6078431372549,0,0,0,0,0,0,0,0,0,0,0,0,0
bronze_FEB_Qwen2.5-Coder-14B-Instruct_2.cpp,TIME_LIMIT_EXCEEDED,118,45.00%,2.280,2.03125,0,19.6078431372549,0,0,19.6078431372549,0,0,0,0,0,19.6078431372549,19.6078431372549,19.6078431372549,19.6078431372549,0,0,0,0
bronze_FEB_Qwen2.5-Coder-14B-Instruct_3.cpp,RUNTIME_ERROR,20,10.00%,0.110,1.55078125,0,0,0,0,19.6078431372549,0,0,0,0,0,0,0,0,0,0,0,0,0
bronze_FEB_Qwen2.5-Coder-14B-Instruct_4.cpp,TIME_LIMIT_EXCEEDED,118,45.00%,2.260,1.77734375,0,19.6078431372549,0,0,19.6078431372549,0,0,0,0,0,19.6078431372549,19.6078431372549,19.6078431372549,19.6078431372549,0,0,0,0
bronze_FEB_Qwen2.5-Coder-14B-Instruct_5.cpp,TIME_LIMIT_EXCEEDED,118,45.00%,2.240,2.03125,0,19.6078431372549,0,0,19.6078431372549,0,0,0,0,0,19.6078431372549,19.6078431372549,19.6078431372549,19.6078431372549,0,0,0,0
bronze_FEB_Qwen2.5-Coder-14B-Instruct_6.cpp,TIME_LIMIT_EXCEEDED,118,45.00%,2.310,2.03125,0,19.6078431372549,0,0,19.6078431372549,0,0,0,0,0,19.6078431372549,19.6078431372549,19.6078431372549,19.6078431372549,0,0,0,0
bronze_FEB_Qwen2.5-Coder-14B-Instruct_7.cpp,TIME_LIMIT_EXCEEDED,118,45.00%,2.290,2.03125,0,19.6078431372549,0,0,19.6078431372549,0,0,0,0,0,19.6078431372549,19.6078431372549,19.6078431372549,19.6078431372549,0,0,0,0
