solution,status,score,%test passed,time,memory,subtask_0,subtask_1,subtask_10,subtask_11,subtask_12,subtask_2,subtask_3,subtask_4,subtask_5,subtask_6,subtask_7,subtask_8,subtask_9
bronze_Rotate_and_Shift_Qwen3-14B-Non-Thinking_0.cpp,MEMORY_LIMIT_EXCEEDED,0,0.00%,0.860,280.75390625,0,0,0,0,0,0,0,0,0,0,0,0,0
bronze_Rotate_and_Shift_Qwen3-14B-Non-Thinking_1.cpp,MEMORY_LIMIT_EXCEEDED,167,53.85%,0.450,280.5390625,0,27.777777777777775,0,0,0,27.777777777777775,27.777777777777775,27.777777777777775,27.777777777777775,27.777777777777775,0,0,0
bronze_Rotate_and_Shift_Qwen3-14B-Non-Thinking_2.cpp,TIME_LIMIT_EXCEEDED,167,53.85%,4.490,2.5,0,27.777777777777775,0,0,0,27.777777777777775,27.777777777777775,27.777777777777775,27.777777777777775,27.777777777777775,0,0,0
bronze_Rotate_and_Shift_Qwen3-14B-Non-Thinking_3.cpp,TIME_LIMIT_EXCEEDED,0,0.00%,4.480,2.87109375,0,0,0,0,0,0,0,0,0,0,0,0,0
bronze_Rotate_and_Shift_Qwen3-14B-Non-Thinking_4.cpp,COMPILATION_ERROR,0,0.00%,0.000,0,0,0,0,0,0,0,0,0,0,0,0,0,0
bronze_Rotate_and_Shift_Qwen3-14B-Non-Thinking_5.cpp,TIME_LIMIT_EXCEEDED,167,53.85%,4.410,2.87890625,0,27.777777777777775,0,0,0,27.777777777777775,27.777777777777775,27.777777777777775,27.777777777777775,27.777777777777775,0,0,0
bronze_Rotate_and_Shift_Qwen3-14B-Non-Thinking_6.cpp,TIME_LIMIT_EXCEEDED,167,53.85%,4.430,2.5,0,27.777777777777775,0,0,0,27.777777777777775,27.777777777777775,27.777777777777775,27.777777777777775,27.777777777777775,0,0,0
bronze_Rotate_and_Shift_Qwen3-14B-Non-Thinking_7.cpp,RUNTIME_ERROR,0,0.00%,0.110,2.5859375,0,0,0,0,0,0,0,0,0,0,0,0,0
