solution,status,score,%test passed,time,memory,subtask_0,subtask_1,subtask_10,subtask_2,subtask_3,subtask_4,subtask_5,subtask_6,subtask_7,subtask_8,subtask_9
silver_Deforestation_gemini-2.5-pro_0.cpp,ACCEPTED,333,100.00%,0.220,15.28125,0,33.33333333333333,33.33333333333333,33.33333333333333,33.33333333333333,33.33333333333333,33.33333333333333,33.33333333333333,33.33333333333333,33.33333333333333,33.33333333333333
silver_Deforestation_gemini-2.5-pro_1.cpp,ACCEPTED,333,100.00%,0.320,5.75,0,33.33333333333333,33.33333333333333,33.33333333333333,33.33333333333333,33.33333333333333,33.33333333333333,33.33333333333333,33.33333333333333,33.33333333333333,33.33333333333333
silver_Deforestation_gemini-2.5-pro_2.cpp,WRONG_ANSWER,0,0.00%,0.680,12.98046875,0,0,0,0,0,0,0,0,0,0,0
silver_Deforestation_gemini-2.5-pro_3.cpp,ACCEPTED,333,100.00%,0.370,14.3671875,0,33.33333333333333,33.33333333333333,33.33333333333333,33.33333333333333,33.33333333333333,33.33333333333333,33.33333333333333,33.33333333333333,33.33333333333333,33.33333333333333
silver_Deforestation_gemini-2.5-pro_4.cpp,WRONG_ANSWER,0,0.00%,0.360,11.5859375,0,0,0,0,0,0,0,0,0,0,0
silver_Deforestation_gemini-2.5-pro_5.cpp,MEMORY_LIMIT_EXCEEDED,0,0.00%,0.160,6.96875,0,0,0,0,0,0,0,0,0,0,0
silver_Deforestation_gemini-2.5-pro_6.cpp,TIME_LIMIT_EXCEEDED,0,0.00%,2.260,11.6328125,0,0,0,0,0,0,0,0,0,0,0
silver_Deforestation_gemini-2.5-pro_7.cpp,TIME_LIMIT_EXCEEDED,0,0.00%,2.230,11.3515625,0,0,0,0,0,0,0,0,0,0,0
