solution,status,score,%test passed,time,memory,subtask_0,subtask_1,subtask_10,subtask_11,subtask_12,subtask_13,subtask_14,subtask_15,subtask_16,subtask_17,subtask_18,subtask_19,subtask_2,subtask_20,subtask_3,subtask_4,subtask_5,subtask_6,subtask_7,subtask_8,subtask_9
platinum_Train_Scheduling_Qwen3-14B_0.cpp,WRONG_ANSWER,183,62.50%,0.110,0.00390625,0,16.666666666666664,16.666666666666664,0,0,0,16.666666666666664,16.666666666666664,0,16.666666666666664,0,16.666666666666664,16.666666666666664,0,0,16.666666666666664,16.666666666666664,0,0,16.666666666666664,16.666666666666664
platinum_Train_Scheduling_Qwen3-14B_1.cpp,WRONG_ANSWER,183,62.50%,0.110,1.5546875,0,16.666666666666664,16.666666666666664,0,0,0,16.666666666666664,16.666666666666664,0,16.666666666666664,0,16.666666666666664,16.666666666666664,0,0,16.666666666666664,16.666666666666664,0,0,16.666666666666664,16.666666666666664
platinum_Train_Scheduling_Qwen3-14B_2.cpp,WRONG_ANSWER,183,62.50%,0.110,1.5546875,0,16.666666666666664,16.666666666666664,0,0,0,16.666666666666664,16.666666666666664,0,16.666666666666664,0,16.666666666666664,16.666666666666664,0,0,16.666666666666664,16.666666666666664,0,0,16.666666666666664,16.666666666666664
platinum_Train_Scheduling_Qwen3-14B_3.cpp,TIME_LIMIT_EXCEEDED,0,4.17%,2.470,74.26953125,0,0,0,0,0,0,0,0,0,0,0,0,0,0,0,0,0,0,0,0,0
platinum_Train_Scheduling_Qwen3-14B_4.cpp,RUNTIME_ERROR,0,4.17%,0.240,29.9140625,0,0,0,0,0,0,0,0,0,0,0,0,0,0,0,0,0,0,0,0,0
platinum_Train_Scheduling_Qwen3-14B_5.cpp,RUNTIME_ERROR,0,8.33%,0.180,104.1640625,0,0,0,0,0,0,0,0,0,0,0,0,0,0,0,0,0,0,0,0,0
platinum_Train_Scheduling_Qwen3-14B_6.cpp,RUNTIME_ERROR,0,4.17%,0.240,130.203125,0,0,0,0,0,0,0,0,0,0,0,0,0,0,0,0,0,0,0,0,0
platinum_Train_Scheduling_Qwen3-14B_7.cpp,RUNTIME_ERROR,0,0.00%,0.110,1.5546875,0,0,0,0,0,0,0,0,0,0,0,0,0,0,0,0,0,0,0,0,0
