solution,status,score,%test passed,time,memory,subtask_0,subtask_1,subtask_10,subtask_11,subtask_12,subtask_13,subtask_2,subtask_3,subtask_4,subtask_5,subtask_6,subtask_7,subtask_8,subtask_9
bronze_Milk_Exchange_QwQ-32B_0.cpp,TIME_LIMIT_EXCEEDED,231,75.00%,2.270,16.6953125,0,25.64102564102564,25.64102564102564,25.64102564102564,0,0,25.64102564102564,25.64102564102564,25.64102564102564,25.64102564102564,0,25.64102564102564,25.64102564102564,0
bronze_Milk_Exchange_QwQ-32B_1.cpp,TIME_LIMIT_EXCEEDED,231,75.00%,2.260,7.6875,0,25.64102564102564,25.64102564102564,25.64102564102564,0,0,25.64102564102564,25.64102564102564,25.64102564102564,25.64102564102564,0,25.64102564102564,25.64102564102564,0
bronze_Milk_Exchange_QwQ-32B_2.cpp,TIME_LIMIT_EXCEEDED,256,81.25%,2.240,16.69140625,0,25.64102564102564,25.64102564102564,25.64102564102564,0,0,25.64102564102564,25.64102564102564,25.64102564102564,25.64102564102564,0,25.64102564102564,25.64102564102564,25.64102564102564
bronze_Milk_Exchange_QwQ-32B_3.cpp,TIME_LIMIT_EXCEEDED,231,75.00%,2.210,17.4609375,0,25.64102564102564,25.64102564102564,25.64102564102564,0,0,25.64102564102564,25.64102564102564,25.64102564102564,25.64102564102564,0,25.64102564102564,25.64102564102564,0
bronze_Milk_Exchange_QwQ-32B_4.cpp,WRONG_ANSWER,154,56.25%,0.130,22.60546875,0,0,25.64102564102564,25.64102564102564,25.64102564102564,25.64102564102564,0,0,25.64102564102564,25.64102564102564,0,0,0,0
bronze_Milk_Exchange_QwQ-32B_5.cpp,COMPILATION_ERROR,0,0.00%,0.000,0,0,0,0,0,0,0,0,0,0,0,0,0,0,0
bronze_Milk_Exchange_QwQ-32B_6.cpp,RUNTIME_ERROR,77,18.75%,0.180,11.67578125,0,0,25.64102564102564,0,0,0,0,0,25.64102564102564,25.64102564102564,0,0,0,0
bronze_Milk_Exchange_QwQ-32B_7.cpp,TIME_LIMIT_EXCEEDED,231,75.00%,2.520,8.453125,0,25.64102564102564,25.64102564102564,25.64102564102564,0,0,25.64102564102564,25.64102564102564,25.64102564102564,25.64102564102564,0,25.64102564102564,25.64102564102564,0
