solution,status,score,%test passed,time,memory,subtask_0,subtask_1,subtask_10,subtask_11,subtask_12,subtask_2,subtask_3,subtask_4,subtask_5,subtask_6,subtask_7,subtask_8,subtask_9
silver_Table_Recovery_gpt-5_0.cpp,ACCEPTED,333,100.00%,0.220,13.6640625,0,27.777777777777775,27.777777777777775,27.777777777777775,27.777777777777775,27.777777777777775,27.777777777777775,27.777777777777775,27.777777777777775,27.777777777777775,27.777777777777775,27.777777777777775,27.777777777777775
silver_Table_Recovery_gpt-5_1.cpp,WRONG_ANSWER,250,80.00%,0.210,12.89453125,0,27.777777777777775,27.777777777777775,27.777777777777775,27.777777777777775,27.777777777777775,0,27.777777777777775,27.777777777777775,27.777777777777775,0,27.777777777777775,0
silver_Table_Recovery_gpt-5_2.cpp,ACCEPTED,333,100.00%,0.210,16.76171875,0,27.777777777777775,27.777777777777775,27.777777777777775,27.777777777777775,27.777777777777775,27.777777777777775,27.777777777777775,27.777777777777775,27.777777777777775,27.777777777777775,27.777777777777775,27.777777777777775
silver_Table_Recovery_gpt-5_3.cpp,RUNTIME_ERROR,111,33.33%,0.290,13.6640625,0,0,0,0,27.777777777777775,0,0,27.777777777777775,27.777777777777775,0,0,27.777777777777775,0
silver_Table_Recovery_gpt-5_4.cpp,WRONG_ANSWER,0,13.33%,0.200,5.16796875,0,0,0,0,0,0,0,0,0,0,0,0,0
silver_Table_Recovery_gpt-5_5.cpp,WRONG_ANSWER,83,33.33%,0.210,5.1640625,0,0,0,0,0,27.777777777777775,0,27.777777777777775,27.777777777777775,0,0,0,0
silver_Table_Recovery_gpt-5_6.cpp,ACCEPTED,333,100.00%,0.210,9.28515625,0,27.777777777777775,27.777777777777775,27.777777777777775,27.777777777777775,27.777777777777775,27.777777777777775,27.777777777777775,27.777777777777775,27.777777777777775,27.777777777777775,27.777777777777775,27.777777777777775
silver_Table_Recovery_gpt-5_7.cpp,ACCEPTED,333,100.00%,0.220,12.8984375,0,27.777777777777775,27.777777777777775,27.777777777777775,27.777777777777775,27.777777777777775,27.777777777777775,27.777777777777775,27.777777777777775,27.777777777777775,27.777777777777775,27.777777777777775,27.777777777777775
