solution,status,score,%test passed,time,memory,subtask_0,subtask_1,subtask_10,subtask_11,subtask_12,subtask_2,subtask_3,subtask_4,subtask_5,subtask_6,subtask_7,subtask_8,subtask_9
bronze_Rotate_and_Shift_Qwen3-30B_0.cpp,TIME_LIMIT_EXCEEDED,167,53.85%,4.500,2.859375,0,27.777777777777775,0,0,0,27.777777777777775,27.777777777777775,27.777777777777775,27.777777777777775,27.777777777777775,0,0,0
bronze_Rotate_and_Shift_Qwen3-30B_1.cpp,WRONG_ANSWER,0,7.69%,0.110,2.07421875,0,0,0,0,0,0,0,0,0,0,0,0,0
bronze_Rotate_and_Shift_Qwen3-30B_2.cpp,TIME_LIMIT_EXCEEDED,167,53.85%,4.470,2.5,0,27.777777777777775,0,0,0,27.777777777777775,27.777777777777775,27.777777777777775,27.777777777777775,27.777777777777775,0,0,0
bronze_Rotate_and_Shift_Qwen3-30B_3.cpp,TIME_LIMIT_EXCEEDED,167,53.85%,4.540,2.49609375,0,27.777777777777775,0,0,0,27.777777777777775,27.777777777777775,27.777777777777775,27.777777777777775,27.777777777777775,0,0,0
bronze_Rotate_and_Shift_Qwen3-30B_4.cpp,WRONG_ANSWER,0,7.69%,0.110,2.0703125,0,0,0,0,0,0,0,0,0,0,0,0,0
bronze_Rotate_and_Shift_Qwen3-30B_5.cpp,TIME_LIMIT_EXCEEDED,0,0.00%,4.460,2.5,0,0,0,0,0,0,0,0,0,0,0,0,0
bronze_Rotate_and_Shift_Qwen3-30B_6.cpp,WRONG_ANSWER,0,7.69%,0.100,1.81640625,0,0,0,0,0,0,0,0,0,0,0,0,0
bronze_Rotate_and_Shift_Qwen3-30B_7.cpp,TIME_LIMIT_EXCEEDED,0,0.00%,4.450,2.47265625,0,0,0,0,0,0,0,0,0,0,0,0,0
