solution,status,score,%test passed,time,memory,subtask_0,subtask_1,subtask_10,subtask_2,subtask_3,subtask_4,subtask_5,subtask_6,subtask_7,subtask_8,subtask_9
silver_Milk_Sum_Qwen3-30B_0.cpp,COMPILATION_ERROR,0,0.00%,0.000,0,0,0,0,0,0,0,0,0,0,0,0
silver_Milk_Sum_Qwen3-30B_1.cpp,WRONG_ANSWER,0,0.00%,0.340,4.90625,0,0,0,0,0,0,0,0,0,0,0
silver_Milk_Sum_Qwen3-30B_2.cpp,WRONG_ANSWER,100,36.36%,0.340,3.6171875,0,33.33333333333333,0,0,0,33.33333333333333,33.33333333333333,0,0,0,0
silver_Milk_Sum_Qwen3-30B_3.cpp,WRONG_ANSWER,0,0.00%,0.310,4.90625,0,0,0,0,0,0,0,0,0,0,0
silver_Milk_Sum_Qwen3-30B_4.cpp,ACCEPTED,333,100.00%,0.330,4.90625,0,33.33333333333333,33.33333333333333,33.33333333333333,33.33333333333333,33.33333333333333,33.33333333333333,33.33333333333333,33.33333333333333,33.33333333333333,33.33333333333333
silver_Milk_Sum_Qwen3-30B_5.cpp,TIME_LIMIT_EXCEEDED,100,36.36%,4.470,2.5859375,0,33.33333333333333,0,33.33333333333333,33.33333333333333,0,0,0,0,0,0
silver_Milk_Sum_Qwen3-30B_6.cpp,WRONG_ANSWER,0,0.00%,0.400,8.68359375,0,0,0,0,0,0,0,0,0,0,0
silver_Milk_Sum_Qwen3-30B_7.cpp,WRONG_ANSWER,0,0.00%,0.350,3.6171875,0,0,0,0,0,0,0,0,0,0,0
