solution,status,score,%test passed,time,memory,subtask_0,subtask_1,subtask_10,subtask_11,subtask_12,subtask_13,subtask_2,subtask_3,subtask_4,subtask_5,subtask_6,subtask_7,subtask_8,subtask_9
bronze_Milk_Exchange_deepseek-reasoner_0.cpp,TIME_LIMIT_EXCEEDED,154,56.25%,2.260,14.6171875,0,25.64102564102564,25.64102564102564,0,0,0,25.64102564102564,25.64102564102564,25.64102564102564,25.64102564102564,0,0,0,0
bronze_Milk_Exchange_deepseek-reasoner_1.cpp,WRONG_ANSWER,128,50.00%,0.060,15.65625,0,0,25.64102564102564,0,25.64102564102564,25.64102564102564,0,0,25.64102564102564,25.64102564102564,0,0,0,0
bronze_Milk_Exchange_deepseek-reasoner_2.cpp,ACCEPTED,333,100.00%,0.060,6.8828125,0,25.64102564102564,25.64102564102564,25.64102564102564,25.64102564102564,25.64102564102564,25.64102564102564,25.64102564102564,25.64102564102564,25.64102564102564,25.64102564102564,25.64102564102564,25.64102564102564,25.64102564102564
bronze_Milk_Exchange_deepseek-reasoner_3.cpp,TIME_LIMIT_EXCEEDED,154,56.25%,2.260,7.66796875,0,25.64102564102564,0,0,0,25.64102564102564,25.64102564102564,25.64102564102564,25.64102564102564,25.64102564102564,0,0,0,0
bronze_Milk_Exchange_deepseek-reasoner_4.cpp,ACCEPTED,333,100.00%,1.970,7.51953125,0,25.64102564102564,25.64102564102564,25.64102564102564,25.64102564102564,25.64102564102564,25.64102564102564,25.64102564102564,25.64102564102564,25.64102564102564,25.64102564102564,25.64102564102564,25.64102564102564,25.64102564102564
bronze_Milk_Exchange_deepseek-reasoner_5.cpp,WRONG_ANSWER,103,37.50%,0.050,2.5078125,0,0,25.64102564102564,0,0,25.64102564102564,0,0,25.64102564102564,25.64102564102564,0,0,0,0
bronze_Milk_Exchange_deepseek-reasoner_6.cpp,WRONG_ANSWER,128,43.75%,0.060,4.81640625,0,0,0,0,25.64102564102564,25.64102564102564,0,0,0,25.64102564102564,25.64102564102564,0,0,25.64102564102564
bronze_Milk_Exchange_deepseek-reasoner_7.cpp,TIME_LIMIT_EXCEEDED,154,56.25%,2.330,7.5390625,0,25.64102564102564,0,0,0,25.64102564102564,25.64102564102564,25.64102564102564,25.64102564102564,25.64102564102564,0,0,0,0
