solution,status,score,%test passed,time,memory,subtask_0,subtask_1,subtask_10,subtask_11,subtask_12,subtask_2,subtask_3,subtask_4,subtask_5,subtask_6,subtask_7,subtask_8,subtask_9
gold_Bessla_Motors_deepseek-reasoner_0.cpp,MEMORY_LIMIT_EXCEEDED,0,20.00%,0.460,135.453125,0,0,0,0,0,0,0,0,0,0,0,0,0
gold_Bessla_Motors_deepseek-reasoner_1.cpp,WRONG_ANSWER,0,20.00%,0.270,14.015625,0,0,0,0,0,0,0,0,0,0,0,0,0
gold_Bessla_Motors_deepseek-reasoner_2.cpp,TIME_LIMIT_EXCEEDED,83,40.00%,3.330,6.78515625,0,27.777777777777775,0,0,0,0,27.777777777777775,27.777777777777775,0,0,0,0,0
gold_Bessla_Motors_deepseek-reasoner_3.cpp,TIME_LIMIT_EXCEEDED,139,53.33%,3.330,6.55078125,0,27.777777777777775,0,0,0,27.777777777777775,27.777777777777775,27.777777777777775,27.777777777777775,0,0,0,0
gold_Bessla_Motors_deepseek-reasoner_4.cpp,MEMORY_LIMIT_EXCEEDED,111,46.67%,0.500,135.09765625,0,27.777777777777775,0,0,0,27.777777777777775,27.777777777777775,0,27.777777777777775,0,0,0,0
gold_Bessla_Motors_deepseek-reasoner_5.cpp,TIME_LIMIT_EXCEEDED,139,53.33%,3.330,6.453125,0,27.777777777777775,0,0,0,27.777777777777775,27.777777777777775,27.777777777777775,27.777777777777775,0,0,0,0
gold_Bessla_Motors_deepseek-reasoner_6.cpp,MEMORY_LIMIT_EXCEEDED,0,20.00%,0.540,135.22265625,0,0,0,0,0,0,0,0,0,0,0,0,0
gold_Bessla_Motors_deepseek-reasoner_7.cpp,TIME_LIMIT_EXCEEDED,139,53.33%,3.320,6.70703125,0,27.777777777777775,0,0,0,27.777777777777775,27.777777777777775,27.777777777777775,27.777777777777775,0,0,0,0
