solution,status,score,%test passed,time,memory,subtask_0,subtask_1,subtask_10,subtask_11,subtask_12,subtask_13,subtask_14,subtask_15,subtask_16,subtask_17,subtask_2,subtask_3,subtask_4,subtask_5,subtask_6,subtask_7,subtask_8,subtask_9
gold_Grass_Segments_deepseek-reasoner_0.cpp,COMPILATION_ERROR,0,0.00%,0.000,0,0,0,0,0,0,0,0,0,0,0,0,0,0,0,0,0,0,0
gold_Grass_Segments_deepseek-reasoner_1.cpp,RUNTIME_ERROR,0,0.00%,0.540,54.65234375,0,0,0,0,0,0,0,0,0,0,0,0,0,0,0,0,0,0
gold_Grass_Segments_deepseek-reasoner_2.cpp,ACCEPTED,333,100.00%,1.710,88.4140625,0,19.6078431372549,19.6078431372549,19.6078431372549,19.6078431372549,19.6078431372549,19.6078431372549,19.6078431372549,19.6078431372549,19.6078431372549,19.6078431372549,19.6078431372549,19.6078431372549,19.6078431372549,19.6078431372549,19.6078431372549,19.6078431372549,19.6078431372549
gold_Grass_Segments_deepseek-reasoner_3.cpp,WRONG_ANSWER,118,45.00%,0.190,12.8984375,0,0,0,0,0,0,0,0,0,0,0,19.6078431372549,19.6078431372549,19.6078431372549,19.6078431372549,19.6078431372549,19.6078431372549,0
gold_Grass_Segments_deepseek-reasoner_4.cpp,ACCEPTED,333,100.00%,0.830,91.08203125,0,19.6078431372549,19.6078431372549,19.6078431372549,19.6078431372549,19.6078431372549,19.6078431372549,19.6078431372549,19.6078431372549,19.6078431372549,19.6078431372549,19.6078431372549,19.6078431372549,19.6078431372549,19.6078431372549,19.6078431372549,19.6078431372549,19.6078431372549
gold_Grass_Segments_deepseek-reasoner_5.cpp,WRONG_ANSWER,20,20.00%,0.530,48.328125,0,19.6078431372549,0,0,0,0,0,0,0,0,0,0,0,0,0,0,0,0
gold_Grass_Segments_deepseek-reasoner_6.cpp,ACCEPTED,333,100.00%,0.900,102.359375,0,19.6078431372549,19.6078431372549,19.6078431372549,19.6078431372549,19.6078431372549,19.6078431372549,19.6078431372549,19.6078431372549,19.6078431372549,19.6078431372549,19.6078431372549,19.6078431372549,19.6078431372549,19.6078431372549,19.6078431372549,19.6078431372549,19.6078431372549
gold_Grass_Segments_deepseek-reasoner_7.cpp,WRONG_ANSWER,118,45.00%,0.190,10.609375,0,0,0,0,0,0,0,0,0,0,0,19.6078431372549,19.6078431372549,19.6078431372549,19.6078431372549,19.6078431372549,19.6078431372549,0
