solution,status,score,%test passed,time,memory,subtask_0,subtask_1,subtask_10,subtask_11,subtask_12,subtask_13,subtask_14,subtask_2,subtask_3,subtask_4,subtask_5,subtask_6,subtask_7,subtask_8,subtask_9
gold_Equal_Sum_Subarrays_Qwen3-14B_0.cpp,TIME_LIMIT_EXCEEDED,286,87.50%,3.320,3.42578125,0,23.809523809523807,23.809523809523807,23.809523809523807,23.809523809523807,23.809523809523807,23.809523809523807,23.809523809523807,23.809523809523807,23.809523809523807,23.809523809523807,0,0,23.809523809523807,23.809523809523807
gold_Equal_Sum_Subarrays_Qwen3-14B_1.cpp,WRONG_ANSWER,0,6.25%,0.110,0.00390625,0,0,0,0,0,0,0,0,0,0,0,0,0,0,0
gold_Equal_Sum_Subarrays_Qwen3-14B_2.cpp,WRONG_ANSWER,0,12.50%,3.020,5.30078125,0,0,0,0,0,0,0,0,0,0,0,0,0,0,0
gold_Equal_Sum_Subarrays_Qwen3-14B_3.cpp,TIME_LIMIT_EXCEEDED,286,87.50%,3.370,5.3515625,0,23.809523809523807,23.809523809523807,23.809523809523807,23.809523809523807,0,23.809523809523807,23.809523809523807,23.809523809523807,23.809523809523807,23.809523809523807,23.809523809523807,0,23.809523809523807,23.809523809523807
gold_Equal_Sum_Subarrays_Qwen3-14B_4.cpp,TIME_LIMIT_EXCEEDED,119,43.75%,3.350,3.453125,0,23.809523809523807,0,0,0,0,0,23.809523809523807,23.809523809523807,23.809523809523807,23.809523809523807,0,0,0,0
gold_Equal_Sum_Subarrays_Qwen3-14B_5.cpp,TIME_LIMIT_EXCEEDED,262,81.25%,3.350,3.42578125,0,23.809523809523807,23.809523809523807,23.809523809523807,0,23.809523809523807,23.809523809523807,23.809523809523807,23.809523809523807,23.809523809523807,23.809523809523807,0,0,23.809523809523807,23.809523809523807
gold_Equal_Sum_Subarrays_Qwen3-14B_6.cpp,TIME_LIMIT_EXCEEDED,286,87.50%,3.310,3.40625,0,23.809523809523807,23.809523809523807,23.809523809523807,23.809523809523807,23.809523809523807,23.809523809523807,23.809523809523807,23.809523809523807,23.809523809523807,23.809523809523807,0,0,23.809523809523807,23.809523809523807
gold_Equal_Sum_Subarrays_Qwen3-14B_7.cpp,TIME_LIMIT_EXCEEDED,262,81.25%,3.360,5.5703125,0,23.809523809523807,23.809523809523807,23.809523809523807,23.809523809523807,0,23.809523809523807,23.809523809523807,23.809523809523807,23.809523809523807,23.809523809523807,0,0,23.809523809523807,23.809523809523807
