solution,status,score,%test passed,time,memory,subtask_0,subtask_1,subtask_10,subtask_2,subtask_3,subtask_4,subtask_5,subtask_6,subtask_7,subtask_8,subtask_9
silver_Bakery_Qwen3-14B_0.cpp,WRONG_ANSWER,33,18.18%,0.120,1.6171875,0,33.33333333333333,0,0,0,0,0,0,0,0,0
silver_Bakery_Qwen3-14B_1.cpp,WRONG_ANSWER,0,9.09%,0.190,1.55078125,0,0,0,0,0,0,0,0,0,0,0
silver_Bakery_Qwen3-14B_2.cpp,WRONG_ANSWER,0,0.00%,0.110,1.6171875,0,0,0,0,0,0,0,0,0,0,0
silver_Bakery_Qwen3-14B_3.cpp,MEMORY_LIMIT_EXCEEDED,0,0.00%,0.330,129.55078125,0,0,0,0,0,0,0,0,0,0,0
silver_Bakery_Qwen3-14B_4.cpp,WRONG_ANSWER,33,18.18%,0.160,1.55078125,0,33.33333333333333,0,0,0,0,0,0,0,0,0
silver_Bakery_Qwen3-14B_5.cpp,COMPILATION_ERROR,0,0.00%,0.000,0,0,0,0,0,0,0,0,0,0,0,0
silver_Bakery_Qwen3-14B_6.cpp,WRONG_ANSWER,0,9.09%,0.110,0.00390625,0,0,0,0,0,0,0,0,0,0,0
silver_Bakery_Qwen3-14B_7.cpp,ACCEPTED,333,100.00%,0.110,0.00390625,0,33.33333333333333,33.33333333333333,33.33333333333333,33.33333333333333,33.33333333333333,33.33333333333333,33.33333333333333,33.33333333333333,33.33333333333333,33.33333333333333
