solution,status,score,%test passed,time,memory,subtask_0,subtask_1,subtask_10,subtask_11,subtask_12,subtask_13,subtask_14,subtask_15,subtask_16,subtask_17,subtask_18,subtask_19,subtask_2,subtask_20,subtask_3,subtask_4,subtask_5,subtask_6,subtask_7,subtask_8,subtask_9
platinum_Activating_Robots_gpt-5_0.cpp,WRONG_ANSWER,33,25.00%,0.020,2.07421875,0,16.666666666666664,0,0,0,0,0,0,0,0,0,0,16.666666666666664,0,0,0,0,0,0,0,0
platinum_Activating_Robots_gpt-5_1.cpp,MEMORY_LIMIT_EXCEEDED,133,50.00%,0.910,204.3046875,0,16.666666666666664,0,0,0,0,0,0,0,0,0,0,16.666666666666664,0,16.666666666666664,16.666666666666664,16.666666666666664,16.666666666666664,16.666666666666664,16.666666666666664,0
platinum_Activating_Robots_gpt-5_2.cpp,WRONG_ANSWER,133,50.00%,0.240,13.671875,0,16.666666666666664,16.666666666666664,16.666666666666664,0,0,0,0,0,16.666666666666664,16.666666666666664,0,16.666666666666664,0,16.666666666666664,0,0,0,0,0,16.666666666666664
platinum_Activating_Robots_gpt-5_3.cpp,WRONG_ANSWER,33,25.00%,0.110,2.015625,0,16.666666666666664,0,0,0,0,0,0,0,0,0,0,16.666666666666664,0,0,0,0,0,0,0,0
platinum_Activating_Robots_gpt-5_4.cpp,WRONG_ANSWER,33,25.00%,0.110,2.07421875,0,16.666666666666664,0,0,0,0,0,0,0,0,0,0,16.666666666666664,0,0,0,0,0,0,0,0
platinum_Activating_Robots_gpt-5_5.cpp,RUNTIME_ERROR,33,16.67%,0.130,2.07421875,0,16.666666666666664,0,0,0,0,0,0,0,0,0,0,16.666666666666664,0,0,0,0,0,0,0,0
platinum_Activating_Robots_gpt-5_6.cpp,WRONG_ANSWER,33,25.00%,0.110,2.07421875,0,16.666666666666664,0,0,0,0,0,0,0,0,0,0,16.666666666666664,0,0,0,0,0,0,0,0
platinum_Activating_Robots_gpt-5_7.cpp,WRONG_ANSWER,33,20.83%,0.110,2.07421875,0,16.666666666666664,0,0,0,0,0,0,0,0,0,0,16.666666666666664,0,0,0,0,0,0,0,0
