solution,status,score,%test passed,time,memory,subtask_0,subtask_1,subtask_10,subtask_2,subtask_3,subtask_4,subtask_5,subtask_6,subtask_7,subtask_8,subtask_9
bronze_Walking_Along_a_Fence_Qwen3-14B_0.cpp,WRONG_ANSWER,0,9.09%,0.240,20.62890625,0,0,0,0,0,0,0,0,0,0,0
bronze_Walking_Along_a_Fence_Qwen3-14B_1.cpp,WRONG_ANSWER,0,0.00%,0.240,16.50390625,0,0,0,0,0,0,0,0,0,0,0
bronze_Walking_Along_a_Fence_Qwen3-14B_2.cpp,WRONG_ANSWER,0,9.09%,0.180,11.609375,0,0,0,0,0,0,0,0,0,0,0
bronze_Walking_Along_a_Fence_Qwen3-14B_3.cpp,ACCEPTED,333,100.00%,0.180,10.83203125,0,33.33333333333333,33.33333333333333,33.33333333333333,33.33333333333333,33.33333333333333,33.33333333333333,33.33333333333333,33.33333333333333,33.33333333333333,33.33333333333333
bronze_Walking_Along_a_Fence_Qwen3-14B_4.cpp,MEMORY_LIMIT_EXCEEDED,0,9.09%,0.140,8.2578125,0,0,0,0,0,0,0,0,0,0,0
bronze_Walking_Along_a_Fence_Qwen3-14B_5.cpp,COMPILATION_ERROR,0,0.00%,0.000,0,0,0,0,0,0,0,0,0,0,0,0
bronze_Walking_Along_a_Fence_Qwen3-14B_6.cpp,ACCEPTED,333,100.00%,0.290,9.28515625,0,33.33333333333333,33.33333333333333,33.33333333333333,33.33333333333333,33.33333333333333,33.33333333333333,33.33333333333333,33.33333333333333,33.33333333333333,33.33333333333333
bronze_Walking_Along_a_Fence_Qwen3-14B_7.cpp,WRONG_ANSWER,0,9.09%,0.360,22.00390625,0,0,0,0,0,0,0,0,0,0,0
