solution,status,score,%test passed,time,memory,subtask_0,subtask_1,subtask_10,subtask_11,subtask_12,subtask_13,subtask_14,subtask_15,subtask_16,subtask_17,subtask_18,subtask_19,subtask_2,subtask_20,subtask_3,subtask_4,subtask_5,subtask_6,subtask_7,subtask_8,subtask_9
gold_Cowreography_Qwen3-14B_0.cpp,WRONG_ANSWER,100,39.13%,0.130,12.1171875,0,16.666666666666664,0,0,0,16.666666666666664,0,0,16.666666666666664,0,16.666666666666664,16.666666666666664,16.666666666666664,0,0,0,0,0,0,0,0
gold_Cowreography_Qwen3-14B_1.cpp,WRONG_ANSWER,100,39.13%,0.130,12.1171875,0,16.666666666666664,0,0,0,16.666666666666664,0,0,16.666666666666664,0,16.666666666666664,16.666666666666664,16.666666666666664,0,0,0,0,0,0,0,0
gold_Cowreography_Qwen3-14B_2.cpp,WRONG_ANSWER,0,13.04%,0.130,12.12109375,0,0,0,0,0,0,0,0,0,0,0,0,0,0,0,0,0,0,0,0,0
gold_Cowreography_Qwen3-14B_3.cpp,WRONG_ANSWER,100,39.13%,0.120,12.1171875,0,16.666666666666664,0,0,0,16.666666666666664,0,0,16.666666666666664,0,16.666666666666664,16.666666666666664,16.666666666666664,0,0,0,0,0,0,0,0
gold_Cowreography_Qwen3-14B_4.cpp,RUNTIME_ERROR,0,4.35%,0.160,12.09765625,0,0,0,0,0,0,0,0,0,0,0,0,0,0,0,0,0,0,0,0,0
gold_Cowreography_Qwen3-14B_5.cpp,WRONG_ANSWER,100,39.13%,0.120,9.875,0,16.666666666666664,0,0,0,16.666666666666664,0,0,16.666666666666664,0,16.666666666666664,16.666666666666664,16.666666666666664,0,0,0,0,0,0,0,0
gold_Cowreography_Qwen3-14B_6.cpp,WRONG_ANSWER,17,17.39%,0.150,4.07421875,0,0,0,0,0,0,0,0,0,0,0,0,0,0,16.666666666666664,0,0,0,0,0,0
gold_Cowreography_Qwen3-14B_7.cpp,WRONG_ANSWER,100,39.13%,0.160,12.09375,0,16.666666666666664,0,0,0,16.666666666666664,0,0,16.666666666666664,0,16.666666666666664,16.666666666666664,16.666666666666664,0,0,0,0,0,0,0,0
