solution,status,score,%test passed,time,memory,subtask_0,subtask_1,subtask_10,subtask_11,subtask_12,subtask_13,subtask_14,subtask_15,subtask_16,subtask_17,subtask_18,subtask_19,subtask_2,subtask_20,subtask_3,subtask_4,subtask_5,subtask_6,subtask_7,subtask_8,subtask_9
platinum_Activating_Robots_Qwen3-14B_0.cpp,RUNTIME_ERROR,33,16.67%,0.140,10.57421875,0,16.666666666666664,0,0,0,0,0,0,0,0,0,0,16.666666666666664,0,0,0,0,0,0,0,0
platinum_Activating_Robots_Qwen3-14B_1.cpp,RUNTIME_ERROR,0,0.00%,0.160,6.7109375,0,0,0,0,0,0,0,0,0,0,0,0,0,0,0,0,0,0,0,0,0
platinum_Activating_Robots_Qwen3-14B_2.cpp,RUNTIME_ERROR,33,16.67%,0.430,6.7109375,0,16.666666666666664,0,0,0,0,0,0,0,0,0,0,16.666666666666664,0,0,0,0,0,0,0,0
platinum_Activating_Robots_Qwen3-14B_3.cpp,RUNTIME_ERROR,33,8.33%,0.420,6.7109375,0,16.666666666666664,0,0,0,0,0,0,0,0,0,0,16.666666666666664,0,0,0,0,0,0,0,0
platinum_Activating_Robots_Qwen3-14B_4.cpp,TIME_LIMIT_EXCEEDED,167,50.00%,2.370,12.8984375,0,16.666666666666664,0,0,16.666666666666664,0,0,16.666666666666664,16.666666666666664,0,0,0,16.666666666666664,0,0,16.666666666666664,16.666666666666664,16.666666666666664,16.666666666666664,16.666666666666664,0
platinum_Activating_Robots_Qwen3-14B_5.cpp,RUNTIME_ERROR,0,0.00%,0.110,2.07421875,0,0,0,0,0,0,0,0,0,0,0,0,0,0,0,0,0,0,0,0,0
platinum_Activating_Robots_Qwen3-14B_6.cpp,TIME_LIMIT_EXCEEDED,83,20.83%,2.330,93.58984375,0,0,0,0,0,0,0,0,0,0,0,0,0,0,0,16.666666666666664,16.666666666666664,16.666666666666664,16.666666666666664,16.666666666666664,0
platinum_Activating_Robots_Qwen3-14B_7.cpp,TIME_LIMIT_EXCEEDED,167,50.00%,2.320,226.10546875,0,16.666666666666664,0,0,16.666666666666664,0,0,16.666666666666664,16.666666666666664,0,0,0,16.666666666666664,0,0,16.666666666666664,16.666666666666664,16.666666666666664,16.666666666666664,16.666666666666664,0
