solution,status,score,%test passed,time,memory,subtask_0,subtask_1,subtask_10,subtask_11,subtask_12,subtask_13,subtask_14,subtask_2,subtask_3,subtask_4,subtask_5,subtask_6,subtask_7,subtask_8,subtask_9
gold_Find_and_Replace_gpt-oss-20b-high_1.cpp,RUNTIME_ERROR,0,6.67%,1.240,265.76953125,0,0,0,0,0,0,0,0,0,0,0,0,0,0,0
gold_Find_and_Replace_gpt-oss-20b-high_2.cpp,TIME_LIMIT_EXCEEDED,143,46.67%,2.420,48.21484375,0,23.809523809523807,0,0,0,0,0,23.809523809523807,23.809523809523807,23.809523809523807,23.809523809523807,23.809523809523807,0,0,0
gold_Find_and_Replace_gpt-oss-20b-high_3.cpp,ACCEPTED,333,100.00%,0.740,68.03515625,0,23.809523809523807,23.809523809523807,23.809523809523807,23.809523809523807,23.809523809523807,23.809523809523807,23.809523809523807,23.809523809523807,23.809523809523807,23.809523809523807,23.809523809523807,23.809523809523807,23.809523809523807,23.809523809523807
gold_Find_and_Replace_gpt-oss-20b-high_5.cpp,TIME_LIMIT_EXCEEDED,143,46.67%,2.410,59.046875,0,23.809523809523807,0,0,0,0,0,23.809523809523807,23.809523809523807,23.809523809523807,23.809523809523807,23.809523809523807,0,0,0
gold_Find_and_Replace_gpt-oss-20b-high_6.cpp,TIME_LIMIT_EXCEEDED,143,46.67%,2.410,58.52734375,0,23.809523809523807,0,0,0,0,0,23.809523809523807,23.809523809523807,23.809523809523807,23.809523809523807,23.809523809523807,0,0,0
gold_Find_and_Replace_gpt-oss-20b-high_7.cpp,TIME_LIMIT_EXCEEDED,143,46.67%,2.430,50.453125,0,23.809523809523807,0,0,0,0,0,23.809523809523807,23.809523809523807,23.809523809523807,23.809523809523807,23.809523809523807,0,0,0
