solution,status,score,%test passed,time,memory,subtask_0,subtask_1,subtask_10,subtask_11,subtask_12,subtask_13,subtask_14,subtask_15,subtask_16,subtask_17,subtask_18,subtask_19,subtask_2,subtask_20,subtask_21,subtask_22,subtask_3,subtask_4,subtask_5,subtask_6,subtask_7,subtask_8,subtask_9
platinum_Mana_Collection_gpt-oss-20b-high_0.cpp,WRONG_ANSWER,121,37.50%,0.430,151.6796875,0,15.15151515151515,0,15.15151515151515,15.15151515151515,15.15151515151515,0,15.15151515151515,0,0,0,0,0,0,0,0,0,15.15151515151515,15.15151515151515,0,15.15151515151515,0,0
platinum_Mana_Collection_gpt-oss-20b-high_1.cpp,WRONG_ANSWER,121,37.50%,0.270,77.5078125,0,15.15151515151515,0,15.15151515151515,15.15151515151515,15.15151515151515,0,15.15151515151515,0,0,0,0,0,0,0,0,0,15.15151515151515,15.15151515151515,0,15.15151515151515,0,0
platinum_Mana_Collection_gpt-oss-20b-high_3.cpp,COMPILATION_ERROR,0,0.00%,0.000,0,0,0,0,0,0,0,0,0,0,0,0,0,0,0,0,0,0,0,0,0,0,0,0
platinum_Mana_Collection_gpt-oss-20b-high_4.cpp,ACCEPTED,333,100.00%,0.560,116.3046875,0,15.15151515151515,15.15151515151515,15.15151515151515,15.15151515151515,15.15151515151515,15.15151515151515,15.15151515151515,15.15151515151515,15.15151515151515,15.15151515151515,15.15151515151515,15.15151515151515,15.15151515151515,15.15151515151515,15.15151515151515,15.15151515151515,15.15151515151515,15.15151515151515,15.15151515151515,15.15151515151515,15.15151515151515,15.15151515151515
platinum_Mana_Collection_gpt-oss-20b-high_5.cpp,WRONG_ANSWER,0,4.17%,0.090,27.57421875,0,0,0,0,0,0,0,0,0,0,0,0,0,0,0,0,0,0,0,0,0,0,0
platinum_Mana_Collection_gpt-oss-20b-high_7.cpp,MEMORY_LIMIT_EXCEEDED,0,0.00%,1.580,546.6640625,0,0,0,0,0,0,0,0,0,0,0,0,0,0,0,0,0,0,0,0,0,0,0
