solution,status,score,%test passed,time,memory,subtask_0,subtask_1,subtask_10,subtask_2,subtask_3,subtask_4,subtask_5,subtask_6,subtask_7,subtask_8,subtask_9
silver_Milk_Sum_Qwen3-32B_0.cpp,ACCEPTED,333,100.00%,0.130,4.91015625,0,33.33333333333333,33.33333333333333,33.33333333333333,33.33333333333333,33.33333333333333,33.33333333333333,33.33333333333333,33.33333333333333,33.33333333333333,33.33333333333333
silver_Milk_Sum_Qwen3-32B_1.cpp,ACCEPTED,333,100.00%,0.120,5.9375,0,33.33333333333333,33.33333333333333,33.33333333333333,33.33333333333333,33.33333333333333,33.33333333333333,33.33333333333333,33.33333333333333,33.33333333333333,33.33333333333333
silver_Milk_Sum_Qwen3-32B_2.cpp,ACCEPTED,333,100.00%,0.170,14.4453125,0,33.33333333333333,33.33333333333333,33.33333333333333,33.33333333333333,33.33333333333333,33.33333333333333,33.33333333333333,33.33333333333333,33.33333333333333,33.33333333333333
silver_Milk_Sum_Qwen3-32B_3.cpp,WRONG_ANSWER,67,18.18%,0.230,11.6875,0,0,0,33.33333333333333,33.33333333333333,0,0,0,0,0,0
silver_Milk_Sum_Qwen3-32B_4.cpp,ACCEPTED,333,100.00%,0.140,4.91015625,0,33.33333333333333,33.33333333333333,33.33333333333333,33.33333333333333,33.33333333333333,33.33333333333333,33.33333333333333,33.33333333333333,33.33333333333333,33.33333333333333
silver_Milk_Sum_Qwen3-32B_5.cpp,WRONG_ANSWER,100,36.36%,0.110,4.91015625,0,33.33333333333333,0,0,0,33.33333333333333,33.33333333333333,0,0,0,0
silver_Milk_Sum_Qwen3-32B_6.cpp,ACCEPTED,333,100.00%,0.230,14.00390625,0,33.33333333333333,33.33333333333333,33.33333333333333,33.33333333333333,33.33333333333333,33.33333333333333,33.33333333333333,33.33333333333333,33.33333333333333,33.33333333333333
silver_Milk_Sum_Qwen3-32B_7.cpp,ACCEPTED,333,100.00%,0.120,4.91015625,0,33.33333333333333,33.33333333333333,33.33333333333333,33.33333333333333,33.33333333333333,33.33333333333333,33.33333333333333,33.33333333333333,33.33333333333333,33.33333333333333
