solution,status,score,%test passed,time,memory,subtask_0,subtask_1,subtask_10,subtask_2,subtask_3,subtask_4,subtask_5,subtask_6,subtask_7,subtask_8,subtask_9
bronze_More_Cow_Photos_seed-oss_0.cpp,WRONG_ANSWER,0,0.00%,0.100,1.9921875,0,0,0,0,0,0,0,0,0,0,0
bronze_More_Cow_Photos_seed-oss_1.cpp,WRONG_ANSWER,0,0.00%,0.100,1.7578125,0,0,0,0,0,0,0,0,0,0,0
bronze_More_Cow_Photos_seed-oss_2.cpp,ACCEPTED,333,100.00%,0.100,2.12109375,0,33.33333333333333,33.33333333333333,33.33333333333333,33.33333333333333,33.33333333333333,33.33333333333333,33.33333333333333,33.33333333333333,33.33333333333333,33.33333333333333
bronze_More_Cow_Photos_seed-oss_3.cpp,WRONG_ANSWER,0,0.00%,0.100,1.7578125,0,0,0,0,0,0,0,0,0,0,0
bronze_More_Cow_Photos_seed-oss_4.cpp,WRONG_ANSWER,0,0.00%,0.100,1.8125,0,0,0,0,0,0,0,0,0,0,0
bronze_More_Cow_Photos_seed-oss_5.cpp,ACCEPTED,333,100.00%,0.100,2.25390625,0,33.33333333333333,33.33333333333333,33.33333333333333,33.33333333333333,33.33333333333333,33.33333333333333,33.33333333333333,33.33333333333333,33.33333333333333,33.33333333333333
bronze_More_Cow_Photos_seed-oss_6.cpp,ACCEPTED,333,100.00%,0.100,1.9921875,0,33.33333333333333,33.33333333333333,33.33333333333333,33.33333333333333,33.33333333333333,33.33333333333333,33.33333333333333,33.33333333333333,33.33333333333333,33.33333333333333
bronze_More_Cow_Photos_seed-oss_7.cpp,WRONG_ANSWER,0,0.00%,0.110,1.75390625,0,0,0,0,0,0,0,0,0,0,0
