solution,status,score,%test passed,time,memory,subtask_0,subtask_1,subtask_10,subtask_2,subtask_3,subtask_4,subtask_5,subtask_6,subtask_7,subtask_8,subtask_9
silver_Transforming_Pairs_Qwen3-8B_0.cpp,WRONG_ANSWER,0,16.67%,0.030,0.00390625,0,0,0,0,0,0,0,0,0,0,0
silver_Transforming_Pairs_Qwen3-8B_1.cpp,TIME_LIMIT_EXCEEDED,167,58.33%,2.420,0.00390625,0,33.33333333333333,0,33.33333333333333,33.33333333333333,33.33333333333333,33.33333333333333,0,0,0,0
silver_Transforming_Pairs_Qwen3-8B_2.cpp,WRONG_ANSWER,0,16.67%,0.030,0.00390625,0,0,0,0,0,0,0,0,0,0,0
silver_Transforming_Pairs_Qwen3-8B_3.cpp,TIME_LIMIT_EXCEEDED,167,58.33%,2.410,0.00390625,0,33.33333333333333,0,33.33333333333333,33.33333333333333,33.33333333333333,33.33333333333333,0,0,0,0
silver_Transforming_Pairs_Qwen3-8B_4.cpp,TIME_LIMIT_EXCEEDED,167,50.00%,2.420,0.00390625,0,33.33333333333333,0,33.33333333333333,33.33333333333333,33.33333333333333,33.33333333333333,0,0,0,0
silver_Transforming_Pairs_Qwen3-8B_5.cpp,TIME_LIMIT_EXCEEDED,167,50.00%,2.420,0.00390625,0,33.33333333333333,0,33.33333333333333,33.33333333333333,33.33333333333333,33.33333333333333,0,0,0,0
silver_Transforming_Pairs_Qwen3-8B_6.cpp,TIME_LIMIT_EXCEEDED,167,50.00%,2.420,0.00390625,0,33.33333333333333,0,33.33333333333333,33.33333333333333,33.33333333333333,33.33333333333333,0,0,0,0
silver_Transforming_Pairs_Qwen3-8B_7.cpp,TIME_LIMIT_EXCEEDED,167,58.33%,2.410,0.00390625,0,33.33333333333333,0,33.33333333333333,33.33333333333333,33.33333333333333,33.33333333333333,0,0,0,0
