solution,status,score,%test passed,time,memory,subtask_0,subtask_1,subtask_10,subtask_2,subtask_3,subtask_4,subtask_5,subtask_6,subtask_7,subtask_8,subtask_9
silver_Cow-libi_QwQ-32B_0.cpp,TIME_LIMIT_EXCEEDED,100,36.36%,4.530,3.62109375,0,33.33333333333333,0,33.33333333333333,33.33333333333333,0,0,0,0,0,0
silver_Cow-libi_QwQ-32B_1.cpp,WRONG_ANSWER,0,0.00%,0.160,4.390625,0,0,0,0,0,0,0,0,0,0,0
silver_Cow-libi_QwQ-32B_2.cpp,COMPILATION_ERROR,0,0.00%,0.000,0,0,0,0,0,0,0,0,0,0,0,0
silver_Cow-libi_QwQ-32B_3.cpp,ACCEPTED,333,100.00%,0.160,3.6171875,0,33.33333333333333,33.33333333333333,33.33333333333333,33.33333333333333,33.33333333333333,33.33333333333333,33.33333333333333,33.33333333333333,33.33333333333333,33.33333333333333
silver_Cow-libi_QwQ-32B_4.cpp,ACCEPTED,333,100.00%,0.160,3.6171875,0,33.33333333333333,33.33333333333333,33.33333333333333,33.33333333333333,33.33333333333333,33.33333333333333,33.33333333333333,33.33333333333333,33.33333333333333,33.33333333333333
silver_Cow-libi_QwQ-32B_5.cpp,TIME_LIMIT_EXCEEDED,100,36.36%,4.470,3.62109375,0,33.33333333333333,0,33.33333333333333,33.33333333333333,0,0,0,0,0,0
silver_Cow-libi_QwQ-32B_6.cpp,TIME_LIMIT_EXCEEDED,100,36.36%,4.460,3.62109375,0,33.33333333333333,0,33.33333333333333,33.33333333333333,0,0,0,0,0,0
silver_Cow-libi_QwQ-32B_7.cpp,COMPILATION_ERROR,0,0.00%,0.000,0,0,0,0,0,0,0,0,0,0,0,0
