solution,status,score,%test passed,time,memory,subtask_0,subtask_1,subtask_10,subtask_11,subtask_12,subtask_13,subtask_14,subtask_15,subtask_16,subtask_2,subtask_3,subtask_4,subtask_5,subtask_6,subtask_7,subtask_8,subtask_9
bronze_Maximizing_Productivity_Qwen3-14B-Non-Thinking_0.cpp,WRONG_ANSWER,0,0.00%,0.190,3.62109375,0,0,0,0,0,0,0,0,0,0,0,0,0,0,0,0,0
bronze_Maximizing_Productivity_Qwen3-14B-Non-Thinking_1.cpp,ACCEPTED,333,100.00%,0.210,3.62109375,0,20.833333333333332,20.833333333333332,20.833333333333332,20.833333333333332,20.833333333333332,20.833333333333332,20.833333333333332,20.833333333333332,20.833333333333332,20.833333333333332,20.833333333333332,20.833333333333332,20.833333333333332,20.833333333333332,20.833333333333332,20.833333333333332
bronze_Maximizing_Productivity_Qwen3-14B-Non-Thinking_2.cpp,WRONG_ANSWER,0,0.00%,0.200,3.62109375,0,0,0,0,0,0,0,0,0,0,0,0,0,0,0,0,0
bronze_Maximizing_Productivity_Qwen3-14B-Non-Thinking_3.cpp,WRONG_ANSWER,0,0.00%,0.190,3.62109375,0,0,0,0,0,0,0,0,0,0,0,0,0,0,0,0,0
bronze_Maximizing_Productivity_Qwen3-14B-Non-Thinking_4.cpp,WRONG_ANSWER,0,0.00%,0.190,3.62109375,0,0,0,0,0,0,0,0,0,0,0,0,0,0,0,0,0
bronze_Maximizing_Productivity_Qwen3-14B-Non-Thinking_5.cpp,WRONG_ANSWER,0,0.00%,0.200,3.62109375,0,0,0,0,0,0,0,0,0,0,0,0,0,0,0,0,0
bronze_Maximizing_Productivity_Qwen3-14B-Non-Thinking_6.cpp,WRONG_ANSWER,0,0.00%,0.220,6.20703125,0,0,0,0,0,0,0,0,0,0,0,0,0,0,0,0,0
bronze_Maximizing_Productivity_Qwen3-14B-Non-Thinking_7.cpp,ACCEPTED,333,100.00%,0.210,3.62109375,0,20.833333333333332,20.833333333333332,20.833333333333332,20.833333333333332,20.833333333333332,20.833333333333332,20.833333333333332,20.833333333333332,20.833333333333332,20.833333333333332,20.833333333333332,20.833333333333332,20.833333333333332,20.833333333333332,20.833333333333332,20.833333333333332
