solution,status,score,%test passed,time,memory,subtask_0,subtask_1,subtask_10,subtask_11,subtask_12,subtask_13,subtask_14,subtask_15,subtask_2,subtask_3,subtask_4,subtask_5,subtask_6,subtask_7,subtask_8,subtask_9
gold_Job_Completion_gpt-oss-20b-medium_1.cpp,ACCEPTED,333,100.00%,0.110,5.25390625,0,22.22222222222222,22.22222222222222,22.22222222222222,22.22222222222222,22.22222222222222,22.22222222222222,22.22222222222222,22.22222222222222,22.22222222222222,22.22222222222222,22.22222222222222,22.22222222222222,22.22222222222222,22.22222222222222,22.22222222222222
gold_Job_Completion_gpt-oss-20b-medium_2.cpp,WRONG_ANSWER,67,25.00%,0.110,5.51171875,0,22.22222222222222,0,0,22.22222222222222,22.22222222222222,0,0,0,0,0,0,0,0,0,0
gold_Job_Completion_gpt-oss-20b-medium_3.cpp,WRONG_ANSWER,67,25.00%,0.110,6.03125,0,22.22222222222222,0,0,22.22222222222222,22.22222222222222,0,0,0,0,0,0,0,0,0,0
gold_Job_Completion_gpt-oss-20b-medium_4.cpp,ACCEPTED,333,100.00%,0.100,6.02734375,0,22.22222222222222,22.22222222222222,22.22222222222222,22.22222222222222,22.22222222222222,22.22222222222222,22.22222222222222,22.22222222222222,22.22222222222222,22.22222222222222,22.22222222222222,22.22222222222222,22.22222222222222,22.22222222222222,22.22222222222222
gold_Job_Completion_gpt-oss-20b-medium_5.cpp,WRONG_ANSWER,67,25.00%,0.100,5.25390625,0,22.22222222222222,0,0,22.22222222222222,22.22222222222222,0,0,0,0,0,0,0,0,0,0
gold_Job_Completion_gpt-oss-20b-medium_6.cpp,WRONG_ANSWER,22,12.50%,0.110,6.04296875,0,22.22222222222222,0,0,0,0,0,0,0,0,0,0,0,0,0,0
gold_Job_Completion_gpt-oss-20b-medium_7.cpp,ACCEPTED,333,100.00%,0.110,4.81640625,0,22.22222222222222,22.22222222222222,22.22222222222222,22.22222222222222,22.22222222222222,22.22222222222222,22.22222222222222,22.22222222222222,22.22222222222222,22.22222222222222,22.22222222222222,22.22222222222222,22.22222222222222,22.22222222222222,22.22222222222222
