solution,status,score,%test passed,time,memory,subtask_0,subtask_1,subtask_10,subtask_2,subtask_3,subtask_4,subtask_5,subtask_6,subtask_7,subtask_8,subtask_9
silver_Cake_Game_gpt-oss-20b-medium_3.cpp,WRONG_ANSWER,0,9.09%,0.100,6.05859375,0,0,0,0,0,0,0,0,0,0,0
silver_Cake_Game_gpt-oss-20b-medium_4.cpp,ACCEPTED,333,100.00%,0.090,6.12109375,0,33.33333333333333,33.33333333333333,33.33333333333333,33.33333333333333,33.33333333333333,33.33333333333333,33.33333333333333,33.33333333333333,33.33333333333333,33.33333333333333
silver_Cake_Game_gpt-oss-20b-medium_5.cpp,WRONG_ANSWER,0,9.09%,0.120,16.51171875,0,0,0,0,0,0,0,0,0,0,0
