solution,status,score,%test passed,time,memory,subtask_0,subtask_1,subtask_10,subtask_2,subtask_3,subtask_4,subtask_5,subtask_6,subtask_7,subtask_8,subtask_9
silver_Deforestation_gpt-oss-20b-medium_0.cpp,ACCEPTED,333,100.00%,0.200,3.96875,0,33.33333333333333,33.33333333333333,33.33333333333333,33.33333333333333,33.33333333333333,33.33333333333333,33.33333333333333,33.33333333333333,33.33333333333333,33.33333333333333
silver_Deforestation_gpt-oss-20b-medium_1.cpp,ACCEPTED,333,100.00%,0.210,3.96875,0,33.33333333333333,33.33333333333333,33.33333333333333,33.33333333333333,33.33333333333333,33.33333333333333,33.33333333333333,33.33333333333333,33.33333333333333,33.33333333333333
silver_Deforestation_gpt-oss-20b-medium_2.cpp,ACCEPTED,333,100.00%,0.200,9.46484375,0,33.33333333333333,33.33333333333333,33.33333333333333,33.33333333333333,33.33333333333333,33.33333333333333,33.33333333333333,33.33333333333333,33.33333333333333,33.33333333333333
silver_Deforestation_gpt-oss-20b-medium_3.cpp,ACCEPTED,333,100.00%,0.180,3.96875,0,33.33333333333333,33.33333333333333,33.33333333333333,33.33333333333333,33.33333333333333,33.33333333333333,33.33333333333333,33.33333333333333,33.33333333333333,33.33333333333333
silver_Deforestation_gpt-oss-20b-medium_4.cpp,ACCEPTED,333,100.00%,0.200,8.24609375,0,33.33333333333333,33.33333333333333,33.33333333333333,33.33333333333333,33.33333333333333,33.33333333333333,33.33333333333333,33.33333333333333,33.33333333333333,33.33333333333333
silver_Deforestation_gpt-oss-20b-medium_5.cpp,WRONG_ANSWER,67,27.27%,0.180,9.46875,0,0,0,0,0,0,33.33333333333333,33.33333333333333,0,0,0
silver_Deforestation_gpt-oss-20b-medium_6.cpp,ACCEPTED,333,100.00%,0.180,4.88671875,0,33.33333333333333,33.33333333333333,33.33333333333333,33.33333333333333,33.33333333333333,33.33333333333333,33.33333333333333,33.33333333333333,33.33333333333333,33.33333333333333
silver_Deforestation_gpt-oss-20b-medium_7.cpp,ACCEPTED,333,100.00%,0.170,3.96875,0,33.33333333333333,33.33333333333333,33.33333333333333,33.33333333333333,33.33333333333333,33.33333333333333,33.33333333333333,33.33333333333333,33.33333333333333,33.33333333333333
