solution,status,score,%test passed,time,memory,subtask_0,subtask_1,subtask_10,subtask_11,subtask_12,subtask_13,subtask_14,subtask_2,subtask_3,subtask_4,subtask_5,subtask_6,subtask_7,subtask_8,subtask_9
silver_Following_Directions_gpt-oss-120b-low_0.cpp,ACCEPTED,333,100.00%,0.070,12.37890625,0,23.809523809523807,23.809523809523807,23.809523809523807,23.809523809523807,23.809523809523807,23.809523809523807,23.809523809523807,23.809523809523807,23.809523809523807,23.809523809523807,23.809523809523807,23.809523809523807,23.809523809523807,23.809523809523807
silver_Following_Directions_gpt-oss-120b-low_1.cpp,ACCEPTED,333,100.00%,0.080,20.890625,0,23.809523809523807,23.809523809523807,23.809523809523807,23.809523809523807,23.809523809523807,23.809523809523807,23.809523809523807,23.809523809523807,23.809523809523807,23.809523809523807,23.809523809523807,23.809523809523807,23.809523809523807,23.809523809523807
silver_Following_Directions_gpt-oss-120b-low_2.cpp,WRONG_ANSWER,0,0.00%,0.090,38.1640625,0,0,0,0,0,0,0,0,0,0,0,0,0,0,0
silver_Following_Directions_gpt-oss-120b-low_3.cpp,WRONG_ANSWER,0,0.00%,0.110,40.2265625,0,0,0,0,0,0,0,0,0,0,0,0,0,0,0
silver_Following_Directions_gpt-oss-120b-low_4.cpp,ACCEPTED,333,100.00%,0.090,20.890625,0,23.809523809523807,23.809523809523807,23.809523809523807,23.809523809523807,23.809523809523807,23.809523809523807,23.809523809523807,23.809523809523807,23.809523809523807,23.809523809523807,23.809523809523807,23.809523809523807,23.809523809523807,23.809523809523807
silver_Following_Directions_gpt-oss-120b-low_5.cpp,RUNTIME_ERROR,0,0.00%,0.130,115.24609375,0,0,0,0,0,0,0,0,0,0,0,0,0,0,0
silver_Following_Directions_gpt-oss-120b-low_6.cpp,ACCEPTED,333,100.00%,0.090,29.6484375,0,23.809523809523807,23.809523809523807,23.809523809523807,23.809523809523807,23.809523809523807,23.809523809523807,23.809523809523807,23.809523809523807,23.809523809523807,23.809523809523807,23.809523809523807,23.809523809523807,23.809523809523807,23.809523809523807
silver_Following_Directions_gpt-oss-120b-low_7.cpp,WRONG_ANSWER,0,0.00%,0.080,21.0234375,0,0,0,0,0,0,0,0,0,0,0,0,0,0,0
