solution,status,score,%test passed,time,memory,subtask_0,subtask_1,subtask_10,subtask_11,subtask_12,subtask_13,subtask_14,subtask_15,subtask_16,subtask_2,subtask_3,subtask_4,subtask_5,subtask_6,subtask_7,subtask_8,subtask_9
gold_Smaller_Averages_gpt-o3-mini-high_0.cpp,TIME_LIMIT_EXCEEDED,0,5.00%,2.210,2.33203125,0,0,0,0,0,0,0,0,0,0,0,0,0,0,0,0,0
gold_Smaller_Averages_gpt-o3-mini-high_1.cpp,TIME_LIMIT_EXCEEDED,271,85.00%,2.220,3.359375,0,20.833333333333332,20.833333333333332,20.833333333333332,20.833333333333332,20.833333333333332,0,0,0,20.833333333333332,20.833333333333332,20.833333333333332,20.833333333333332,20.833333333333332,20.833333333333332,20.833333333333332,20.833333333333332
gold_Smaller_Averages_gpt-o3-mini-high_2.cpp,TIME_LIMIT_EXCEEDED,104,45.00%,2.220,2.33203125,0,20.833333333333332,0,0,0,0,0,0,0,20.833333333333332,20.833333333333332,20.833333333333332,20.833333333333332,0,0,0,0
gold_Smaller_Averages_gpt-o3-mini-high_3.cpp,TIME_LIMIT_EXCEEDED,125,50.00%,2.240,2.33203125,0,20.833333333333332,0,0,20.833333333333332,0,0,0,0,20.833333333333332,20.833333333333332,20.833333333333332,20.833333333333332,0,0,0,0
gold_Smaller_Averages_gpt-o3-mini-high_4.cpp,TIME_LIMIT_EXCEEDED,104,45.00%,2.230,2.328125,0,20.833333333333332,0,0,0,0,0,0,0,20.833333333333332,20.833333333333332,20.833333333333332,20.833333333333332,0,0,0,0
gold_Smaller_Averages_gpt-o3-mini-high_5.cpp,TIME_LIMIT_EXCEEDED,104,45.00%,2.230,2.328125,0,20.833333333333332,0,0,0,0,0,0,0,20.833333333333332,20.833333333333332,20.833333333333332,20.833333333333332,0,0,0,0
gold_Smaller_Averages_gpt-o3-mini-high_6.cpp,RUNTIME_ERROR,0,10.00%,1.030,5.1640625,0,0,0,0,0,0,0,0,0,0,0,0,0,0,0,0,0
gold_Smaller_Averages_gpt-o3-mini-high_7.cpp,RUNTIME_ERROR,0,5.00%,1.070,5.1640625,0,0,0,0,0,0,0,0,0,0,0,0,0,0,0,0,0
