solution,status,score,%test passed,time,memory,subtask_0,subtask_1,subtask_10,subtask_11,subtask_2,subtask_3,subtask_4,subtask_5,subtask_6,subtask_7,subtask_8,subtask_9
bronze_Hoof_Paper_Scissors_Minus_One_seed-oss_0.cpp,ACCEPTED,333,100.00%,0.060,2.5859375,0,30.3030303030303,30.3030303030303,30.3030303030303,30.3030303030303,30.3030303030303,30.3030303030303,30.3030303030303,30.3030303030303,30.3030303030303,30.3030303030303,30.3030303030303
bronze_Hoof_Paper_Scissors_Minus_One_seed-oss_1.cpp,ACCEPTED,333,100.00%,0.070,10.0625,0,30.3030303030303,30.3030303030303,30.3030303030303,30.3030303030303,30.3030303030303,30.3030303030303,30.3030303030303,30.3030303030303,30.3030303030303,30.3030303030303,30.3030303030303
bronze_Hoof_Paper_Scissors_Minus_One_seed-oss_2.cpp,ACCEPTED,333,100.00%,0.070,7.2265625,0,30.3030303030303,30.3030303030303,30.3030303030303,30.3030303030303,30.3030303030303,30.3030303030303,30.3030303030303,30.3030303030303,30.3030303030303,30.3030303030303,30.3030303030303
bronze_Hoof_Paper_Scissors_Minus_One_seed-oss_3.cpp,ACCEPTED,333,100.00%,0.060,2.5859375,0,30.3030303030303,30.3030303030303,30.3030303030303,30.3030303030303,30.3030303030303,30.3030303030303,30.3030303030303,30.3030303030303,30.3030303030303,30.3030303030303,30.3030303030303
bronze_Hoof_Paper_Scissors_Minus_One_seed-oss_4.cpp,ACCEPTED,333,100.00%,0.070,7.484375,0,30.3030303030303,30.3030303030303,30.3030303030303,30.3030303030303,30.3030303030303,30.3030303030303,30.3030303030303,30.3030303030303,30.3030303030303,30.3030303030303,30.3030303030303
bronze_Hoof_Paper_Scissors_Minus_One_seed-oss_5.cpp,ACCEPTED,333,100.00%,0.060,10.0625,0,30.3030303030303,30.3030303030303,30.3030303030303,30.3030303030303,30.3030303030303,30.3030303030303,30.3030303030303,30.3030303030303,30.3030303030303,30.3030303030303,30.3030303030303
bronze_Hoof_Paper_Scissors_Minus_One_seed-oss_6.cpp,ACCEPTED,333,100.00%,0.060,7.484375,0,30.3030303030303,30.3030303030303,30.3030303030303,30.3030303030303,30.3030303030303,30.3030303030303,30.3030303030303,30.3030303030303,30.3030303030303,30.3030303030303,30.3030303030303
bronze_Hoof_Paper_Scissors_Minus_One_seed-oss_7.cpp,COMPILATION_ERROR,0,0.00%,0.000,0,0,0,0,0,0,0,0,0,0,0,0,0
