solution,status,score,%test passed,time,memory,subtask_0,subtask_1,subtask_10,subtask_11,subtask_12,subtask_13,subtask_14,subtask_15,subtask_16,subtask_17,subtask_18,subtask_19,subtask_2,subtask_20,subtask_21,subtask_3,subtask_4,subtask_5,subtask_6,subtask_7,subtask_8,subtask_9
gold_Moo_Decomposition_seed-oss_0.cpp,ACCEPTED,333,100.00%,0.030,2.3671875,0,15.873015873015872,15.873015873015872,15.873015873015872,15.873015873015872,15.873015873015872,15.873015873015872,15.873015873015872,15.873015873015872,15.873015873015872,15.873015873015872,15.873015873015872,15.873015873015872,15.873015873015872,15.873015873015872,15.873015873015872,15.873015873015872,15.873015873015872,15.873015873015872,15.873015873015872,15.873015873015872,15.873015873015872
gold_Moo_Decomposition_seed-oss_1.cpp,TIME_LIMIT_EXCEEDED,0,0.00%,2.420,305.80859375,0,0,0,0,0,0,0,0,0,0,0,0,0,0,0,0,0,0,0,0,0,0
gold_Moo_Decomposition_seed-oss_2.cpp,COMPILATION_ERROR,0,0.00%,0.000,0,0,0,0,0,0,0,0,0,0,0,0,0,0,0,0,0,0,0,0,0,0,0
gold_Moo_Decomposition_seed-oss_3.cpp,WRONG_ANSWER,0,16.00%,0.040,17.82421875,0,0,0,0,0,0,0,0,0,0,0,0,0,0,0,0,0,0,0,0,0,0
gold_Moo_Decomposition_seed-oss_4.cpp,RUNTIME_ERROR,95,24.00%,0.020,1.5546875,0,15.873015873015872,0,0,0,0,0,0,0,0,0,0,15.873015873015872,0,0,15.873015873015872,0,0,0,15.873015873015872,15.873015873015872,15.873015873015872
gold_Moo_Decomposition_seed-oss_5.cpp,ACCEPTED,333,100.00%,0.050,25.5703125,0,15.873015873015872,15.873015873015872,15.873015873015872,15.873015873015872,15.873015873015872,15.873015873015872,15.873015873015872,15.873015873015872,15.873015873015872,15.873015873015872,15.873015873015872,15.873015873015872,15.873015873015872,15.873015873015872,15.873015873015872,15.873015873015872,15.873015873015872,15.873015873015872,15.873015873015872,15.873015873015872,15.873015873015872
gold_Moo_Decomposition_seed-oss_6.cpp,TIME_LIMIT_EXCEEDED,143,52.00%,2.430,73.62890625,0,15.873015873015872,0,0,0,0,0,0,0,0,0,0,15.873015873015872,0,0,15.873015873015872,15.873015873015872,15.873015873015872,15.873015873015872,15.873015873015872,15.873015873015872,15.873015873015872
gold_Moo_Decomposition_seed-oss_7.cpp,TIME_LIMIT_EXCEEDED,143,52.00%,2.420,245.36328125,0,15.873015873015872,0,0,0,0,0,0,0,0,0,0,15.873015873015872,0,0,15.873015873015872,15.873015873015872,15.873015873015872,15.873015873015872,15.873015873015872,15.873015873015872,15.873015873015872
