solution,status,score,%test passed,time,memory,subtask_0,subtask_1,subtask_10,subtask_2,subtask_3,subtask_4,subtask_5,subtask_6,subtask_7,subtask_8,subtask_9
bronze_Its_Mooin_Time_III_gpt-oss-20b-low_0.cpp,WRONG_ANSWER,0,0.00%,1.830,3.1015625,0,0,0,0,0,0,0,0,0,0,0
bronze_Its_Mooin_Time_III_gpt-oss-20b-low_1.cpp,TIME_LIMIT_EXCEEDED,67,18.18%,2.420,2.328125,0,0,0,0,33.33333333333333,33.33333333333333,0,0,0,0,0
bronze_Its_Mooin_Time_III_gpt-oss-20b-low_2.cpp,TIME_LIMIT_EXCEEDED,0,0.00%,2.410,2.98046875,0,0,0,0,0,0,0,0,0,0,0
bronze_Its_Mooin_Time_III_gpt-oss-20b-low_3.cpp,ACCEPTED,333,100.00%,0.110,22.0859375,0,33.33333333333333,33.33333333333333,33.33333333333333,33.33333333333333,33.33333333333333,33.33333333333333,33.33333333333333,33.33333333333333,33.33333333333333,33.33333333333333
bronze_Its_Mooin_Time_III_gpt-oss-20b-low_4.cpp,WRONG_ANSWER,33,9.09%,0.040,27.4765625,0,0,0,0,0,0,33.33333333333333,0,0,0,0
bronze_Its_Mooin_Time_III_gpt-oss-20b-low_5.cpp,TIME_LIMIT_EXCEEDED,0,9.09%,2.420,21.703125,0,0,0,0,0,0,0,0,0,0,0
bronze_Its_Mooin_Time_III_gpt-oss-20b-low_6.cpp,ACCEPTED,333,100.00%,0.080,22.08984375,0,33.33333333333333,33.33333333333333,33.33333333333333,33.33333333333333,33.33333333333333,33.33333333333333,33.33333333333333,33.33333333333333,33.33333333333333,33.33333333333333
