solution,status,score,%test passed,time,memory,subtask_0,subtask_1,subtask_10,subtask_2,subtask_3,subtask_4,subtask_5,subtask_6,subtask_7,subtask_8,subtask_9
bronze_More_Cow_Photos_gpt-oss-20b-low_0.cpp,WRONG_ANSWER,0,9.09%,0.070,1.75390625,0,0,0,0,0,0,0,0,0,0,0
bronze_More_Cow_Photos_gpt-oss-20b-low_2.cpp,WRONG_ANSWER,0,9.09%,0.080,2.12109375,0,0,0,0,0,0,0,0,0,0,0
bronze_More_Cow_Photos_gpt-oss-20b-low_3.cpp,WRONG_ANSWER,0,0.00%,0.080,1.7578125,0,0,0,0,0,0,0,0,0,0,0
bronze_More_Cow_Photos_gpt-oss-20b-low_4.cpp,WRONG_ANSWER,0,0.00%,0.070,1.75390625,0,0,0,0,0,0,0,0,0,0,0
bronze_More_Cow_Photos_gpt-oss-20b-low_5.cpp,ACCEPTED,333,100.00%,0.090,2.50390625,0,33.33333333333333,33.33333333333333,33.33333333333333,33.33333333333333,33.33333333333333,33.33333333333333,33.33333333333333,33.33333333333333,33.33333333333333,33.33333333333333
bronze_More_Cow_Photos_gpt-oss-20b-low_6.cpp,WRONG_ANSWER,0,0.00%,0.080,1.7578125,0,0,0,0,0,0,0,0,0,0,0
bronze_More_Cow_Photos_gpt-oss-20b-low_7.cpp,ACCEPTED,333,100.00%,0.070,1.86328125,0,33.33333333333333,33.33333333333333,33.33333333333333,33.33333333333333,33.33333333333333,33.33333333333333,33.33333333333333,33.33333333333333,33.33333333333333,33.33333333333333
