solution,status,score,%test passed,time,memory,subtask_0,subtask_1,subtask_2,subtask_3,subtask_4,subtask_5,subtask_6,subtask_7,subtask_8,subtask_9
ones_gpt-5_0.cpp,WRONG_ANSWER,23,0.00%,0.080,1.94921875,3.9553100000000003,3.51582,2.9743999999999997,2.59933,2.26087,1.85974,1.58833,1.33874,1.03349,1.4774
ones_gpt-5_1.cpp,WRONG_ANSWER,20,0.00%,0.170,1.94921875,1.77657,1.7988399999999998,1.8426799999999999,1.87611,1.91086,1.9681199999999999,2.02754,2.1027899999999997,2.25091,2.42734
ones_gpt-5_2.cpp,WRONG_ANSWER,28,0.00%,0.170,1.9921875,2.70707,2.68248,2.69218,2.71663,2.75425,2.80844,2.85698,2.90414,2.96888,2.99299
ones_gpt-5_3.cpp,WRONG_ANSWER,25,0.00%,0.170,1.94921875,1.98412,2.02666,2.1086,2.17838,2.2589799999999998,2.3971400000000003,2.5440899999999997,2.73681,3.11509,3.5565
ones_gpt-5_4.cpp,WRONG_ANSWER,44,0.00%,0.170,1.94921875,4.82258,4.78921,4.72608,4.64876,4.53474,4.41069,4.2626599999999994,4.0863,3.80931,3.55745
ones_gpt-5_5.cpp,WRONG_ANSWER,3,0.00%,0.120,1.94921875,0.00403,0.00719,0.015809999999999998,0.02895,0.052890000000000006,0.11624000000000001,0.20967,0.37653,0.81424,1.4774
ones_gpt-5_6.cpp,WRONG_ANSWER,25,0.00%,0.160,1.94921875,4.70929,4.06906,3.35974,2.8991499999999997,2.49801,2.0357600000000002,1.72931,1.45111,1.1148099999999999,0.87959
ones_gpt-5_7.cpp,WRONG_ANSWER,53,0.00%,0.150,1.94921875,5.532019999999999,5.63774,5.70353,5.71772,5.6574800000000005,5.397499999999999,5.24783,5.064579999999999,4.74295,4.4296999999999995
