solution,status,score,%test passed,time,memory,subtask_0,subtask_1,subtask_10,subtask_11,subtask_12,subtask_13,subtask_14,subtask_15,subtask_16,subtask_17,subtask_2,subtask_3,subtask_4,subtask_5,subtask_6,subtask_7,subtask_8,subtask_9
bronze_FEB_seed-oss_0.cpp,WRONG_ANSWER,118,40.00%,0.020,2.30078125,0,19.6078431372549,0,0,19.6078431372549,0,0,19.6078431372549,0,19.6078431372549,19.6078431372549,0,0,19.6078431372549,0,0,0,0
bronze_FEB_seed-oss_1.cpp,ACCEPTED,333,100.00%,0.030,4.62109375,0,19.6078431372549,19.6078431372549,19.6078431372549,19.6078431372549,19.6078431372549,19.6078431372549,19.6078431372549,19.6078431372549,19.6078431372549,19.6078431372549,19.6078431372549,19.6078431372549,19.6078431372549,19.6078431372549,19.6078431372549,19.6078431372549,19.6078431372549
bronze_FEB_seed-oss_2.cpp,RUNTIME_ERROR,20,5.00%,0.020,2.3046875,0,0,0,0,0,0,0,0,0,0,0,0,0,19.6078431372549,0,0,0,0
bronze_FEB_seed-oss_3.cpp,ACCEPTED,333,100.00%,0.020,4.6015625,0,19.6078431372549,19.6078431372549,19.6078431372549,19.6078431372549,19.6078431372549,19.6078431372549,19.6078431372549,19.6078431372549,19.6078431372549,19.6078431372549,19.6078431372549,19.6078431372549,19.6078431372549,19.6078431372549,19.6078431372549,19.6078431372549,19.6078431372549
bronze_FEB_seed-oss_4.cpp,RUNTIME_ERROR,0,0.00%,0.030,2.828125,0,0,0,0,0,0,0,0,0,0,0,0,0,0,0,0,0,0
bronze_FEB_seed-oss_5.cpp,ACCEPTED,333,100.00%,0.040,4.56640625,0,19.6078431372549,19.6078431372549,19.6078431372549,19.6078431372549,19.6078431372549,19.6078431372549,19.6078431372549,19.6078431372549,19.6078431372549,19.6078431372549,19.6078431372549,19.6078431372549,19.6078431372549,19.6078431372549,19.6078431372549,19.6078431372549,19.6078431372549
bronze_FEB_seed-oss_6.cpp,RUNTIME_ERROR,20,5.00%,0.020,1.7890625,0,0,0,0,19.6078431372549,0,0,0,0,0,0,0,0,0,0,0,0,0
bronze_FEB_seed-oss_7.cpp,WRONG_ANSWER,118,40.00%,0.050,4.56640625,0,19.6078431372549,0,0,19.6078431372549,0,0,19.6078431372549,0,19.6078431372549,19.6078431372549,0,0,19.6078431372549,0,0,0,0
