solution,status,score,%test passed,time,memory,subtask_0,subtask_1,subtask_10,subtask_2,subtask_3,subtask_4,subtask_5,subtask_6,subtask_7,subtask_8,subtask_9
silver_Pareidolia_seed-oss_0.cpp,RUNTIME_ERROR,0,0.00%,0.020,1.82421875,0,0,0,0,0,0,0,0,0,0,0
silver_Pareidolia_seed-oss_1.cpp,ACCEPTED,333,100.00%,0.020,1.70703125,0,33.33333333333333,33.33333333333333,33.33333333333333,33.33333333333333,33.33333333333333,33.33333333333333,33.33333333333333,33.33333333333333,33.33333333333333,33.33333333333333
silver_Pareidolia_seed-oss_2.cpp,ACCEPTED,333,100.00%,0.020,1.82421875,0,33.33333333333333,33.33333333333333,33.33333333333333,33.33333333333333,33.33333333333333,33.33333333333333,33.33333333333333,33.33333333333333,33.33333333333333,33.33333333333333
silver_Pareidolia_seed-oss_3.cpp,RUNTIME_ERROR,0,0.00%,0.020,1.82421875,0,0,0,0,0,0,0,0,0,0,0
silver_Pareidolia_seed-oss_4.cpp,ACCEPTED,333,100.00%,0.020,1.80078125,0,33.33333333333333,33.33333333333333,33.33333333333333,33.33333333333333,33.33333333333333,33.33333333333333,33.33333333333333,33.33333333333333,33.33333333333333,33.33333333333333
silver_Pareidolia_seed-oss_5.cpp,ACCEPTED,333,100.00%,0.020,1.8046875,0,33.33333333333333,33.33333333333333,33.33333333333333,33.33333333333333,33.33333333333333,33.33333333333333,33.33333333333333,33.33333333333333,33.33333333333333,33.33333333333333
silver_Pareidolia_seed-oss_6.cpp,RUNTIME_ERROR,0,0.00%,0.020,1.82421875,0,0,0,0,0,0,0,0,0,0,0
silver_Pareidolia_seed-oss_7.cpp,RUNTIME_ERROR,0,0.00%,0.020,1.67578125,0,0,0,0,0,0,0,0,0,0,0
