solution,status,score,%test passed,time,memory,subtask_0,subtask_1,subtask_10,subtask_11,subtask_2,subtask_3,subtask_4,subtask_5,subtask_6,subtask_7,subtask_8,subtask_9
bronze_Hoof_Paper_Scissors_Minus_One_gpt-4.1_0.cpp,TIME_LIMIT_EXCEEDED,152,50.00%,3.370,10.0625,0,30.3030303030303,0,0,30.3030303030303,30.3030303030303,30.3030303030303,30.3030303030303,0,0,0,0
bronze_Hoof_Paper_Scissors_Minus_One_gpt-4.1_1.cpp,TIME_LIMIT_EXCEEDED,152,50.00%,3.680,35.32421875,0,30.3030303030303,0,0,30.3030303030303,30.3030303030303,30.3030303030303,30.3030303030303,0,0,0,0
bronze_Hoof_Paper_Scissors_Minus_One_gpt-4.1_2.cpp,TIME_LIMIT_EXCEEDED,0,0.00%,3.530,35.328125,0,0,0,0,0,0,0,0,0,0,0,0
bronze_Hoof_Paper_Scissors_Minus_One_gpt-4.1_3.cpp,COMPILATION_ERROR,0,0.00%,0.000,0,0,0,0,0,0,0,0,0,0,0,0,0
bronze_Hoof_Paper_Scissors_Minus_One_gpt-4.1_4.cpp,TIME_LIMIT_EXCEEDED,0,0.00%,3.640,136.55859375,0,0,0,0,0,0,0,0,0,0,0,0
bronze_Hoof_Paper_Scissors_Minus_One_gpt-4.1_5.cpp,TIME_LIMIT_EXCEEDED,152,50.00%,3.380,10.0625,0,30.3030303030303,0,0,30.3030303030303,30.3030303030303,30.3030303030303,30.3030303030303,0,0,0,0
bronze_Hoof_Paper_Scissors_Minus_One_gpt-4.1_6.cpp,TIME_LIMIT_EXCEEDED,152,50.00%,3.670,10.0625,0,30.3030303030303,0,0,30.3030303030303,30.3030303030303,30.3030303030303,30.3030303030303,0,0,0,0
bronze_Hoof_Paper_Scissors_Minus_One_gpt-4.1_7.cpp,TIME_LIMIT_EXCEEDED,152,50.00%,3.490,10.05859375,0,30.3030303030303,0,0,30.3030303030303,30.3030303030303,30.3030303030303,30.3030303030303,0,0,0,0
