solution,status,score,%test passed,time,memory,subtask_0,subtask_1,subtask_10,subtask_2,subtask_3,subtask_4,subtask_5,subtask_6,subtask_7,subtask_8,subtask_9
silver_Compatible_Pairs_gpt-4.1_0.cpp,WRONG_ANSWER,67,33.33%,0.330,27.23828125,0,33.33333333333333,0,33.33333333333333,0,0,0,0,0,0,0
silver_Compatible_Pairs_gpt-4.1_1.cpp,WRONG_ANSWER,67,33.33%,0.200,10.8828125,0,33.33333333333333,0,33.33333333333333,0,0,0,0,0,0,0
silver_Compatible_Pairs_gpt-4.1_2.cpp,WRONG_ANSWER,67,33.33%,0.210,19.015625,0,33.33333333333333,0,33.33333333333333,0,0,0,0,0,0,0
silver_Compatible_Pairs_gpt-4.1_3.cpp,WRONG_ANSWER,67,33.33%,0.240,19.01171875,0,33.33333333333333,0,33.33333333333333,0,0,0,0,0,0,0
silver_Compatible_Pairs_gpt-4.1_4.cpp,WRONG_ANSWER,67,33.33%,0.200,11.01953125,0,33.33333333333333,0,33.33333333333333,0,0,0,0,0,0,0
silver_Compatible_Pairs_gpt-4.1_5.cpp,WRONG_ANSWER,67,33.33%,0.370,15.12890625,0,33.33333333333333,0,33.33333333333333,0,0,0,0,0,0,0
silver_Compatible_Pairs_gpt-4.1_6.cpp,WRONG_ANSWER,67,33.33%,0.230,19.015625,0,33.33333333333333,0,33.33333333333333,0,0,0,0,0,0,0
silver_Compatible_Pairs_gpt-4.1_7.cpp,WRONG_ANSWER,67,33.33%,0.300,25.7890625,0,33.33333333333333,0,33.33333333333333,0,0,0,0,0,0,0
