solution,status,score,%test passed,time,memory,subtask_0,subtask_1,subtask_10,subtask_2,subtask_3,subtask_4,subtask_5,subtask_6,subtask_7,subtask_8,subtask_9
bronze_Cowntact_Tracing_2_gpt-4.1_0.cpp,RUNTIME_ERROR,100,25.00%,0.110,1.85546875,0,33.33333333333333,0,0,33.33333333333333,0,0,0,33.33333333333333,0,0
bronze_Cowntact_Tracing_2_gpt-4.1_1.cpp,WRONG_ANSWER,100,33.33%,0.110,1.859375,0,33.33333333333333,0,33.33333333333333,0,33.33333333333333,0,0,0,0,0
bronze_Cowntact_Tracing_2_gpt-4.1_2.cpp,WRONG_ANSWER,100,33.33%,0.110,1.859375,0,33.33333333333333,0,33.33333333333333,0,33.33333333333333,0,0,0,0,0
bronze_Cowntact_Tracing_2_gpt-4.1_3.cpp,WRONG_ANSWER,100,33.33%,0.110,1.859375,0,33.33333333333333,0,33.33333333333333,0,33.33333333333333,0,0,0,0,0
bronze_Cowntact_Tracing_2_gpt-4.1_4.cpp,RUNTIME_ERROR,33,8.33%,0.110,1.86328125,0,33.33333333333333,0,0,0,0,0,0,0,0,0
bronze_Cowntact_Tracing_2_gpt-4.1_5.cpp,WRONG_ANSWER,100,33.33%,0.110,1.859375,0,33.33333333333333,0,33.33333333333333,0,33.33333333333333,0,0,0,0,0
bronze_Cowntact_Tracing_2_gpt-4.1_6.cpp,WRONG_ANSWER,100,33.33%,0.110,1.70703125,0,33.33333333333333,0,33.33333333333333,0,33.33333333333333,0,0,0,0,0
bronze_Cowntact_Tracing_2_gpt-4.1_7.cpp,RUNTIME_ERROR,100,25.00%,0.110,1.82421875,0,33.33333333333333,0,0,33.33333333333333,0,0,0,33.33333333333333,0,0
