solution,status,score,%test passed,time,memory,subtask_0,subtask_1,subtask_10,subtask_11,subtask_12,subtask_13,subtask_2,subtask_3,subtask_4,subtask_5,subtask_6,subtask_7,subtask_8,subtask_9
bronze_Candy_Cane_Feast_gpt-4.1_0.cpp,TIME_LIMIT_EXCEEDED,231,71.43%,2.390,5.94140625,0,25.64102564102564,0,0,0,0,25.64102564102564,25.64102564102564,25.64102564102564,25.64102564102564,25.64102564102564,25.64102564102564,25.64102564102564,25.64102564102564
bronze_Candy_Cane_Feast_gpt-4.1_1.cpp,TIME_LIMIT_EXCEEDED,231,71.43%,2.340,7.35546875,0,25.64102564102564,0,0,0,0,25.64102564102564,25.64102564102564,25.64102564102564,25.64102564102564,25.64102564102564,25.64102564102564,25.64102564102564,25.64102564102564
bronze_Candy_Cane_Feast_gpt-4.1_2.cpp,TIME_LIMIT_EXCEEDED,26,7.14%,2.280,5.94140625,0,25.64102564102564,0,0,0,0,0,0,0,0,0,0,0,0
bronze_Candy_Cane_Feast_gpt-4.1_3.cpp,TIME_LIMIT_EXCEEDED,231,71.43%,2.280,5.94140625,0,25.64102564102564,0,0,0,0,25.64102564102564,25.64102564102564,25.64102564102564,25.64102564102564,25.64102564102564,25.64102564102564,25.64102564102564,25.64102564102564
bronze_Candy_Cane_Feast_gpt-4.1_4.cpp,TIME_LIMIT_EXCEEDED,231,71.43%,2.400,5.94140625,0,25.64102564102564,0,0,0,0,25.64102564102564,25.64102564102564,25.64102564102564,25.64102564102564,25.64102564102564,25.64102564102564,25.64102564102564,25.64102564102564
bronze_Candy_Cane_Feast_gpt-4.1_5.cpp,TIME_LIMIT_EXCEEDED,231,71.43%,2.210,5.82421875,0,25.64102564102564,0,0,0,0,25.64102564102564,25.64102564102564,25.64102564102564,25.64102564102564,25.64102564102564,25.64102564102564,25.64102564102564,25.64102564102564
bronze_Candy_Cane_Feast_gpt-4.1_6.cpp,TIME_LIMIT_EXCEEDED,0,0.00%,2.360,5.94140625,0,0,0,0,0,0,0,0,0,0,0,0,0,0
bronze_Candy_Cane_Feast_gpt-4.1_7.cpp,TIME_LIMIT_EXCEEDED,26,7.14%,2.270,7.35546875,0,25.64102564102564,0,0,0,0,0,0,0,0,0,0,0,0
