solution,status,score,%test passed,time,memory,subtask_0,subtask_1,subtask_10,subtask_11,subtask_12,subtask_13,subtask_14,subtask_15,subtask_16,subtask_2,subtask_3,subtask_4,subtask_5,subtask_6,subtask_7,subtask_8,subtask_9
gold_Minimum_Longest_Trip_gpt-4.1_0.cpp,TIME_LIMIT_EXCEEDED,83,40.00%,2.320,24.3125,0,0,0,0,0,0,0,0,0,0,20.833333333333332,20.833333333333332,20.833333333333332,20.833333333333332,0,0,0
gold_Minimum_Longest_Trip_gpt-4.1_1.cpp,WRONG_ANSWER,83,40.00%,0.410,60.5703125,0,20.833333333333332,0,0,0,0,0,0,0,20.833333333333332,20.833333333333332,20.833333333333332,0,0,0,0,0
gold_Minimum_Longest_Trip_gpt-4.1_2.cpp,MEMORY_LIMIT_EXCEEDED,42,30.00%,0.310,280.63671875,0,0,0,0,0,0,0,0,0,0,0,0,20.833333333333332,20.833333333333332,0,0,0
gold_Minimum_Longest_Trip_gpt-4.1_3.cpp,RUNTIME_ERROR,0,0.00%,0.310,28.6171875,0,0,0,0,0,0,0,0,0,0,0,0,0,0,0,0,0
gold_Minimum_Longest_Trip_gpt-4.1_4.cpp,TIME_LIMIT_EXCEEDED,83,40.00%,2.320,20.953125,0,0,0,0,0,0,0,0,0,0,20.833333333333332,20.833333333333332,20.833333333333332,20.833333333333332,0,0,0
gold_Minimum_Longest_Trip_gpt-4.1_5.cpp,MEMORY_LIMIT_EXCEEDED,21,25.00%,0.620,280.58203125,0,0,0,0,0,0,0,0,0,0,0,0,0,20.833333333333332,0,0,0
gold_Minimum_Longest_Trip_gpt-4.1_6.cpp,MEMORY_LIMIT_EXCEEDED,42,30.00%,0.290,199.375,0,0,0,0,0,0,0,0,0,0,0,0,20.833333333333332,20.833333333333332,0,0,0
gold_Minimum_Longest_Trip_gpt-4.1_7.cpp,RUNTIME_ERROR,42,20.00%,0.270,21.21875,0,20.833333333333332,0,0,0,0,0,0,0,20.833333333333332,0,0,0,0,0,0,0
