solution,status,score,%test passed,time,memory,subtask_0,subtask_1,subtask_10,subtask_2,subtask_3,subtask_4,subtask_5,subtask_6,subtask_7,subtask_8,subtask_9
gold_Quantum_Moochanics_seed-oss_0.cpp,WRONG_ANSWER,0,16.67%,0.340,12.28125,0,0,0,0,0,0,0,0,0,0,0
gold_Quantum_Moochanics_seed-oss_1.cpp,ACCEPTED,333,100.00%,0.090,8.546875,0,33.33333333333333,33.33333333333333,33.33333333333333,33.33333333333333,33.33333333333333,33.33333333333333,33.33333333333333,33.33333333333333,33.33333333333333,33.33333333333333
gold_Quantum_Moochanics_seed-oss_2.cpp,WRONG_ANSWER,33,16.67%,0.060,4.91015625,0,33.33333333333333,0,0,0,0,0,0,0,0,0
gold_Quantum_Moochanics_seed-oss_3.cpp,TIME_LIMIT_EXCEEDED,0,0.00%,2.420,4.90234375,0,0,0,0,0,0,0,0,0,0,0
gold_Quantum_Moochanics_seed-oss_4.cpp,ACCEPTED,333,100.00%,0.120,14.70703125,0,33.33333333333333,33.33333333333333,33.33333333333333,33.33333333333333,33.33333333333333,33.33333333333333,33.33333333333333,33.33333333333333,33.33333333333333,33.33333333333333
gold_Quantum_Moochanics_seed-oss_5.cpp,ACCEPTED,333,100.00%,0.100,8.5625,0,33.33333333333333,33.33333333333333,33.33333333333333,33.33333333333333,33.33333333333333,33.33333333333333,33.33333333333333,33.33333333333333,33.33333333333333,33.33333333333333
gold_Quantum_Moochanics_seed-oss_6.cpp,TIME_LIMIT_EXCEEDED,0,8.33%,2.420,4.91015625,0,0,0,0,0,0,0,0,0,0,0
gold_Quantum_Moochanics_seed-oss_7.cpp,WRONG_ANSWER,33,16.67%,0.160,11.26171875,0,33.33333333333333,0,0,0,0,0,0,0,0,0
