solution,status,score,%test passed,time,memory,subtask_0,subtask_1,subtask_10,subtask_2,subtask_3,subtask_4,subtask_5,subtask_6,subtask_7,subtask_8,subtask_9
silver_Moorbles_seed-oss_0.cpp,RUNTIME_ERROR,0,0.00%,0.140,61.06640625,0,0,0,0,0,0,0,0,0,0,0
silver_Moorbles_seed-oss_1.cpp,WRONG_ANSWER,67,33.33%,0.100,24.98046875,0,0,0,0,0,0,0,0,33.33333333333333,33.33333333333333,0
silver_Moorbles_seed-oss_2.cpp,ACCEPTED,333,100.00%,0.110,33.53125,0,33.33333333333333,33.33333333333333,33.33333333333333,33.33333333333333,33.33333333333333,33.33333333333333,33.33333333333333,33.33333333333333,33.33333333333333,33.33333333333333
silver_Moorbles_seed-oss_3.cpp,ACCEPTED,333,100.00%,0.100,16.41015625,0,33.33333333333333,33.33333333333333,33.33333333333333,33.33333333333333,33.33333333333333,33.33333333333333,33.33333333333333,33.33333333333333,33.33333333333333,33.33333333333333
silver_Moorbles_seed-oss_4.cpp,ACCEPTED,333,100.00%,0.100,28.94921875,0,33.33333333333333,33.33333333333333,33.33333333333333,33.33333333333333,33.33333333333333,33.33333333333333,33.33333333333333,33.33333333333333,33.33333333333333,33.33333333333333
silver_Moorbles_seed-oss_5.cpp,WRONG_ANSWER,67,33.33%,0.100,25.23828125,0,0,0,0,0,0,0,0,33.33333333333333,33.33333333333333,0
silver_Moorbles_seed-oss_6.cpp,ACCEPTED,333,100.00%,0.090,22.0859375,0,33.33333333333333,33.33333333333333,33.33333333333333,33.33333333333333,33.33333333333333,33.33333333333333,33.33333333333333,33.33333333333333,33.33333333333333,33.33333333333333
silver_Moorbles_seed-oss_7.cpp,ACCEPTED,333,100.00%,0.130,35.8203125,0,33.33333333333333,33.33333333333333,33.33333333333333,33.33333333333333,33.33333333333333,33.33333333333333,33.33333333333333,33.33333333333333,33.33333333333333,33.33333333333333
