solution,status,score,%test passed,time,memory,subtask_0,subtask_1,subtask_10,subtask_2,subtask_3,subtask_4,subtask_5,subtask_6,subtask_7,subtask_8,subtask_9
bronze_Cow_Checkups_Qwen3-32B_0.cpp,ACCEPTED,333,100.00%,0.450,1.55859375,0,33.33333333333333,33.33333333333333,33.33333333333333,33.33333333333333,33.33333333333333,33.33333333333333,33.33333333333333,33.33333333333333,33.33333333333333,33.33333333333333
bronze_Cow_Checkups_Qwen3-32B_1.cpp,MEMORY_LIMIT_EXCEEDED,100,46.15%,0.140,280.91015625,0,33.33333333333333,0,33.33333333333333,33.33333333333333,0,0,0,0,0,0
bronze_Cow_Checkups_Qwen3-32B_2.cpp,MEMORY_LIMIT_EXCEEDED,300,92.31%,2.120,242.66796875,0,33.33333333333333,0,33.33333333333333,33.33333333333333,33.33333333333333,33.33333333333333,33.33333333333333,33.33333333333333,33.33333333333333,33.33333333333333
bronze_Cow_Checkups_Qwen3-32B_3.cpp,MEMORY_LIMIT_EXCEEDED,100,46.15%,0.170,280.25390625,0,33.33333333333333,0,33.33333333333333,33.33333333333333,0,0,0,0,0,0
bronze_Cow_Checkups_Qwen3-32B_4.cpp,ACCEPTED,333,100.00%,0.270,1.55859375,0,33.33333333333333,33.33333333333333,33.33333333333333,33.33333333333333,33.33333333333333,33.33333333333333,33.33333333333333,33.33333333333333,33.33333333333333,33.33333333333333
bronze_Cow_Checkups_Qwen3-32B_5.cpp,ACCEPTED,333,100.00%,0.200,1.55859375,0,33.33333333333333,33.33333333333333,33.33333333333333,33.33333333333333,33.33333333333333,33.33333333333333,33.33333333333333,33.33333333333333,33.33333333333333,33.33333333333333
bronze_Cow_Checkups_Qwen3-32B_6.cpp,ACCEPTED,333,100.00%,0.380,1.55859375,0,33.33333333333333,33.33333333333333,33.33333333333333,33.33333333333333,33.33333333333333,33.33333333333333,33.33333333333333,33.33333333333333,33.33333333333333,33.33333333333333
bronze_Cow_Checkups_Qwen3-32B_7.cpp,RUNTIME_ERROR,0,0.00%,0.000,0,0,0,0,0,0,0,0,0,0,0,0
