solution,status,score,%test passed,time,memory,subtask_0,subtask_1,subtask_10,subtask_11,subtask_12,subtask_13,subtask_14,subtask_15,subtask_16,subtask_17,subtask_18,subtask_2,subtask_3,subtask_4,subtask_5,subtask_6,subtask_7,subtask_8,subtask_9
gold_Cowmpetency_gemini-2.5-pro_0.cpp,WRONG_ANSWER,0,10.00%,0.160,1.5546875,0,0,0,0,0,0,0,0,0,0,0,0,0,0,0,0,0,0,0
gold_Cowmpetency_gemini-2.5-pro_1.cpp,WRONG_ANSWER,19,10.00%,0.110,1.55078125,0,0,0,0,0,0,0,0,0,0,0,18.51851851851852,0,0,0,0,0,0,0
gold_Cowmpetency_gemini-2.5-pro_2.cpp,ACCEPTED,333,100.00%,0.610,1.7734375,0,18.51851851851852,18.51851851851852,18.51851851851852,18.51851851851852,18.51851851851852,18.51851851851852,18.51851851851852,18.51851851851852,18.51851851851852,18.51851851851852,18.51851851851852,18.51851851851852,18.51851851851852,18.51851851851852,18.51851851851852,18.51851851851852,18.51851851851852,18.51851851851852
gold_Cowmpetency_gemini-2.5-pro_3.cpp,WRONG_ANSWER,19,10.00%,0.150,1.76171875,0,0,0,0,0,0,0,0,0,0,0,18.51851851851852,0,0,0,0,0,0,0
gold_Cowmpetency_gemini-2.5-pro_4.cpp,WRONG_ANSWER,19,10.00%,0.220,6.1953125,0,0,0,0,0,0,0,0,0,0,0,18.51851851851852,0,0,0,0,0,0,0
gold_Cowmpetency_gemini-2.5-pro_5.cpp,ACCEPTED,333,100.00%,0.230,27.07421875,0,18.51851851851852,18.51851851851852,18.51851851851852,18.51851851851852,18.51851851851852,18.51851851851852,18.51851851851852,18.51851851851852,18.51851851851852,18.51851851851852,18.51851851851852,18.51851851851852,18.51851851851852,18.51851851851852,18.51851851851852,18.51851851851852,18.51851851851852,18.51851851851852
gold_Cowmpetency_gemini-2.5-pro_6.cpp,WRONG_ANSWER,19,15.00%,0.570,1.80859375,0,0,0,0,0,0,0,0,0,0,0,18.51851851851852,0,0,0,0,0,0,0
gold_Cowmpetency_gemini-2.5-pro_7.cpp,TIME_LIMIT_EXCEEDED,93,35.00%,2.390,280.87109375,0,18.51851851851852,0,0,0,0,0,0,0,0,0,18.51851851851852,18.51851851851852,18.51851851851852,18.51851851851852,0,0,0,0
