solution,status,score,%test passed,time,memory,subtask_0,subtask_1,subtask_10,subtask_2,subtask_3,subtask_4,subtask_5,subtask_6,subtask_7,subtask_8,subtask_9
gold_Nap_Sort_gemini-2.5-pro_0.cpp,TIME_LIMIT_EXCEEDED,0,0.00%,2.230,4.390625,0,0,0,0,0,0,0,0,0,0,0
gold_Nap_Sort_gemini-2.5-pro_1.cpp,TIME_LIMIT_EXCEEDED,200,63.64%,2.260,7.484375,0,33.33333333333333,0,33.33333333333333,33.33333333333333,33.33333333333333,33.33333333333333,33.33333333333333,0,0,0
gold_Nap_Sort_gemini-2.5-pro_2.cpp,TIME_LIMIT_EXCEEDED,200,63.64%,2.250,4.390625,0,33.33333333333333,0,33.33333333333333,33.33333333333333,33.33333333333333,33.33333333333333,33.33333333333333,0,0,0
gold_Nap_Sort_gemini-2.5-pro_3.cpp,TIME_LIMIT_EXCEEDED,133,45.45%,2.270,7.484375,0,33.33333333333333,0,33.33333333333333,33.33333333333333,33.33333333333333,0,0,0,0,0
gold_Nap_Sort_gemini-2.5-pro_4.cpp,TIME_LIMIT_EXCEEDED,133,45.45%,2.260,2.84375,0,33.33333333333333,0,33.33333333333333,33.33333333333333,33.33333333333333,0,0,0,0,0
gold_Nap_Sort_gemini-2.5-pro_5.cpp,TIME_LIMIT_EXCEEDED,33,18.18%,2.410,7.38671875,0,33.33333333333333,0,0,0,0,0,0,0,0,0
gold_Nap_Sort_gemini-2.5-pro_6.cpp,TIME_LIMIT_EXCEEDED,200,63.64%,2.270,10.578125,0,33.33333333333333,0,33.33333333333333,33.33333333333333,33.33333333333333,33.33333333333333,33.33333333333333,0,0,0
gold_Nap_Sort_gemini-2.5-pro_7.cpp,TIME_LIMIT_EXCEEDED,200,63.64%,2.210,280.8203125,0,33.33333333333333,0,33.33333333333333,33.33333333333333,33.33333333333333,33.33333333333333,33.33333333333333,0,0,0
