solution,status,score,%test passed,time,memory,subtask_0,subtask_1,subtask_10,subtask_11,subtask_12,subtask_13,subtask_14,subtask_15,subtask_16,subtask_17,subtask_18,subtask_19,subtask_2,subtask_3,subtask_4,subtask_5,subtask_6,subtask_7,subtask_8,subtask_9
gold_Walking_in_Manhattan_gemini-2.5-pro_0.cpp,TIME_LIMIT_EXCEEDED,140,45.00%,2.260,3.12890625,0,17.543859649122805,0,0,0,0,0,0,0,0,0,0,17.543859649122805,17.543859649122805,17.543859649122805,17.543859649122805,17.543859649122805,17.543859649122805,17.543859649122805,0
gold_Walking_in_Manhattan_gemini-2.5-pro_1.cpp,TIME_LIMIT_EXCEEDED,140,45.00%,2.430,5.2890625,0,17.543859649122805,0,0,0,0,0,0,0,0,0,0,17.543859649122805,17.543859649122805,17.543859649122805,17.543859649122805,17.543859649122805,17.543859649122805,17.543859649122805,0
gold_Walking_in_Manhattan_gemini-2.5-pro_2.cpp,MEMORY_LIMIT_EXCEEDED,53,20.00%,2.140,280.76171875,0,17.543859649122805,0,0,0,0,0,0,0,0,0,0,17.543859649122805,17.543859649122805,0,0,0,0,0,0
gold_Walking_in_Manhattan_gemini-2.5-pro_3.cpp,TIME_LIMIT_EXCEEDED,140,45.00%,2.350,11.8828125,0,17.543859649122805,0,0,0,0,0,0,0,0,0,0,17.543859649122805,17.543859649122805,17.543859649122805,17.543859649122805,17.543859649122805,17.543859649122805,17.543859649122805,0
gold_Walking_in_Manhattan_gemini-2.5-pro_4.cpp,MEMORY_LIMIT_EXCEEDED,140,45.00%,1.890,280.60546875,0,17.543859649122805,0,0,0,0,0,0,0,0,0,0,17.543859649122805,17.543859649122805,17.543859649122805,17.543859649122805,17.543859649122805,17.543859649122805,17.543859649122805,0
gold_Walking_in_Manhattan_gemini-2.5-pro_5.cpp,TIME_LIMIT_EXCEEDED,140,45.00%,2.330,5.29296875,0,17.543859649122805,0,0,0,0,0,0,0,0,0,0,17.543859649122805,17.543859649122805,17.543859649122805,17.543859649122805,17.543859649122805,17.543859649122805,17.543859649122805,0
gold_Walking_in_Manhattan_gemini-2.5-pro_6.cpp,COMPILATION_ERROR,0,0.00%,0.000,0,0,0,0,0,0,0,0,0,0,0,0,0,0,0,0,0,0,0,0,0
gold_Walking_in_Manhattan_gemini-2.5-pro_7.cpp,TIME_LIMIT_EXCEEDED,140,45.00%,2.340,6.7265625,0,17.543859649122805,0,0,0,0,0,0,0,0,0,0,17.543859649122805,17.543859649122805,17.543859649122805,17.543859649122805,17.543859649122805,17.543859649122805,17.543859649122805,0
