solution,status,score,%test passed,time,memory,subtask_0,subtask_1,subtask_10,subtask_2,subtask_3,subtask_4,subtask_5,subtask_6,subtask_7,subtask_8,subtask_9
bronze_Cow_Checkups_Qwen3-14B_0.cpp,MEMORY_LIMIT_EXCEEDED,100,46.15%,0.230,280.51171875,0,33.33333333333333,0,33.33333333333333,33.33333333333333,0,0,0,0,0,0
bronze_Cow_Checkups_Qwen3-14B_1.cpp,ACCEPTED,333,100.00%,0.370,1.6171875,0,33.33333333333333,33.33333333333333,33.33333333333333,33.33333333333333,33.33333333333333,33.33333333333333,33.33333333333333,33.33333333333333,33.33333333333333,33.33333333333333
bronze_Cow_Checkups_Qwen3-14B_2.cpp,MEMORY_LIMIT_EXCEEDED,100,46.15%,0.220,280.91015625,0,33.33333333333333,0,33.33333333333333,33.33333333333333,0,0,0,0,0,0
bronze_Cow_Checkups_Qwen3-14B_3.cpp,ACCEPTED,333,100.00%,0.400,1.55859375,0,33.33333333333333,33.33333333333333,33.33333333333333,33.33333333333333,33.33333333333333,33.33333333333333,33.33333333333333,33.33333333333333,33.33333333333333,33.33333333333333
bronze_Cow_Checkups_Qwen3-14B_4.cpp,ACCEPTED,333,100.00%,0.410,1.55859375,0,33.33333333333333,33.33333333333333,33.33333333333333,33.33333333333333,33.33333333333333,33.33333333333333,33.33333333333333,33.33333333333333,33.33333333333333,33.33333333333333
bronze_Cow_Checkups_Qwen3-14B_5.cpp,MEMORY_LIMIT_EXCEEDED,100,46.15%,0.210,280.91015625,0,33.33333333333333,0,33.33333333333333,33.33333333333333,0,0,0,0,0,0
bronze_Cow_Checkups_Qwen3-14B_6.cpp,MEMORY_LIMIT_EXCEEDED,100,46.15%,0.220,280.91015625,0,33.33333333333333,0,33.33333333333333,33.33333333333333,0,0,0,0,0,0
bronze_Cow_Checkups_Qwen3-14B_7.cpp,ACCEPTED,333,100.00%,0.510,1.55859375,0,33.33333333333333,33.33333333333333,33.33333333333333,33.33333333333333,33.33333333333333,33.33333333333333,33.33333333333333,33.33333333333333,33.33333333333333,33.33333333333333
