solution,status,score,%test passed,time,memory,subtask_0,subtask_1,subtask_10,subtask_11,subtask_12,subtask_13,subtask_14,subtask_15,subtask_2,subtask_3,subtask_4,subtask_5,subtask_6,subtask_7,subtask_8,subtask_9
silver_Farmer_Johns_Favorite_Operation_Qwen3-14B_0.cpp,WRONG_ANSWER,0,0.00%,0.310,3.6171875,0,0,0,0,0,0,0,0,0,0,0,0,0,0,0,0
silver_Farmer_Johns_Favorite_Operation_Qwen3-14B_1.cpp,WRONG_ANSWER,0,0.00%,0.190,4.39453125,0,0,0,0,0,0,0,0,0,0,0,0,0,0,0,0
silver_Farmer_Johns_Favorite_Operation_Qwen3-14B_2.cpp,WRONG_ANSWER,0,0.00%,0.460,28.109375,0,0,0,0,0,0,0,0,0,0,0,0,0,0,0,0
silver_Farmer_Johns_Favorite_Operation_Qwen3-14B_3.cpp,WRONG_ANSWER,111,37.50%,0.190,3.62109375,0,0,0,0,0,22.22222222222222,0,22.22222222222222,22.22222222222222,0,0,0,22.22222222222222,22.22222222222222,0,0
silver_Farmer_Johns_Favorite_Operation_Qwen3-14B_4.cpp,ACCEPTED,333,100.00%,0.240,5.1640625,0,22.22222222222222,22.22222222222222,22.22222222222222,22.22222222222222,22.22222222222222,22.22222222222222,22.22222222222222,22.22222222222222,22.22222222222222,22.22222222222222,22.22222222222222,22.22222222222222,22.22222222222222,22.22222222222222,22.22222222222222
silver_Farmer_Johns_Favorite_Operation_Qwen3-14B_5.cpp,WRONG_ANSWER,22,12.50%,0.240,4.390625,0,22.22222222222222,0,0,0,0,0,0,0,0,0,0,0,0,0,0
silver_Farmer_Johns_Favorite_Operation_Qwen3-14B_6.cpp,WRONG_ANSWER,22,12.50%,0.300,4.39453125,0,0,0,0,0,22.22222222222222,0,0,0,0,0,0,0,0,0,0
silver_Farmer_Johns_Favorite_Operation_Qwen3-14B_7.cpp,WRONG_ANSWER,22,12.50%,0.290,2.75,0,0,0,0,0,22.22222222222222,0,0,0,0,0,0,0,0,0,0
