solution,status,score,%test passed,time,memory,subtask_0,subtask_1,subtask_10,subtask_11,subtask_12,subtask_13,subtask_14,subtask_15,subtask_16,subtask_17,subtask_18,subtask_2,subtask_3,subtask_4,subtask_5,subtask_6,subtask_7,subtask_8,subtask_9
bronze_Cannonball_Mistral-Large-Instruct-2411_0.cpp,TIME_LIMIT_EXCEEDED,19,5.00%,2.260,2.07421875,0,0,0,0,0,0,0,0,0,0,0,0,0,0,18.51851851851852,0,0,0,0
bronze_Cannonball_Mistral-Large-Instruct-2411_1.cpp,TIME_LIMIT_EXCEEDED,241,75.00%,2.270,2.07421875,0,0,18.51851851851852,18.51851851851852,0,18.51851851851852,18.51851851851852,18.51851851851852,0,0,0,18.51851851851852,18.51851851851852,18.51851851851852,18.51851851851852,18.51851851851852,18.51851851851852,18.51851851851852,18.51851851851852
bronze_Cannonball_Mistral-Large-Instruct-2411_2.cpp,TIME_LIMIT_EXCEEDED,241,75.00%,2.380,2.07421875,0,0,18.51851851851852,18.51851851851852,0,18.51851851851852,18.51851851851852,18.51851851851852,0,0,0,18.51851851851852,18.51851851851852,18.51851851851852,18.51851851851852,18.51851851851852,18.51851851851852,18.51851851851852,18.51851851851852
bronze_Cannonball_Mistral-Large-Instruct-2411_3.cpp,TIME_LIMIT_EXCEEDED,167,55.00%,2.380,3.9921875,0,0,0,0,0,0,18.51851851851852,18.51851851851852,0,0,0,18.51851851851852,18.51851851851852,18.51851851851852,18.51851851851852,18.51851851851852,18.51851851851852,18.51851851851852,0
bronze_Cannonball_Mistral-Large-Instruct-2411_4.cpp,WRONG_ANSWER,56,25.00%,0.130,2.07421875,0,18.51851851851852,0,0,0,0,0,0,0,0,0,0,0,0,18.51851851851852,0,18.51851851851852,0,0
bronze_Cannonball_Mistral-Large-Instruct-2411_5.cpp,TIME_LIMIT_EXCEEDED,241,75.00%,2.270,2.0703125,0,0,18.51851851851852,18.51851851851852,0,18.51851851851852,18.51851851851852,18.51851851851852,0,0,0,18.51851851851852,18.51851851851852,18.51851851851852,18.51851851851852,18.51851851851852,18.51851851851852,18.51851851851852,18.51851851851852
bronze_Cannonball_Mistral-Large-Instruct-2411_6.cpp,TIME_LIMIT_EXCEEDED,37,10.00%,2.270,2.07421875,0,0,0,0,0,0,0,0,0,0,0,0,0,0,18.51851851851852,0,18.51851851851852,0,0
bronze_Cannonball_Mistral-Large-Instruct-2411_7.cpp,TIME_LIMIT_EXCEEDED,0,0.00%,2.380,2.07421875,0,0,0,0,0,0,0,0,0,0,0,0,0,0,0,0,0,0,0
