solution,status,score,%test passed,time,memory,subtask_0,subtask_1,subtask_10,subtask_11,subtask_12,subtask_13,subtask_14,subtask_2,subtask_3,subtask_4,subtask_5,subtask_6,subtask_7,subtask_8,subtask_9
silver_Target_Practice_II_deepseek-reasoner_0.cpp,WRONG_ANSWER,24,6.67%,0.070,6.85546875,0,23.809523809523807,0,0,0,0,0,0,0,0,0,0,0,0,0
silver_Target_Practice_II_deepseek-reasoner_1.cpp,WRONG_ANSWER,167,46.67%,0.060,7.46484375,0,23.809523809523807,23.809523809523807,23.809523809523807,23.809523809523807,23.809523809523807,23.809523809523807,0,0,0,0,0,0,0,23.809523809523807
silver_Target_Practice_II_deepseek-reasoner_2.cpp,WRONG_ANSWER,167,53.33%,0.070,12.3984375,0,23.809523809523807,23.809523809523807,23.809523809523807,23.809523809523807,23.809523809523807,23.809523809523807,0,0,0,0,0,0,0,23.809523809523807
silver_Target_Practice_II_deepseek-reasoner_3.cpp,WRONG_ANSWER,24,6.67%,0.060,6.7421875,0,23.809523809523807,0,0,0,0,0,0,0,0,0,0,0,0,0
silver_Target_Practice_II_deepseek-reasoner_4.cpp,WRONG_ANSWER,167,46.67%,0.070,12.65234375,0,23.809523809523807,23.809523809523807,23.809523809523807,23.809523809523807,23.809523809523807,23.809523809523807,0,0,0,0,0,0,0,23.809523809523807
silver_Target_Practice_II_deepseek-reasoner_5.cpp,WRONG_ANSWER,167,46.67%,0.070,8.20703125,0,23.809523809523807,23.809523809523807,23.809523809523807,23.809523809523807,23.809523809523807,23.809523809523807,0,0,0,0,0,0,0,23.809523809523807
silver_Target_Practice_II_deepseek-reasoner_6.cpp,WRONG_ANSWER,167,46.67%,0.070,8.44921875,0,23.809523809523807,23.809523809523807,23.809523809523807,23.809523809523807,23.809523809523807,23.809523809523807,0,0,0,0,0,0,0,23.809523809523807
silver_Target_Practice_II_deepseek-reasoner_7.cpp,WRONG_ANSWER,24,6.67%,0.060,8.14453125,0,23.809523809523807,0,0,0,0,0,0,0,0,0,0,0,0,0
