solution,status,score,%test passed,time,memory,subtask_0,subtask_1,subtask_2,subtask_3,subtask_4,subtask_5,subtask_6,subtask_7,subtask_8,subtask_9
ones_Qwen3-14B-Non-Thinking_0.cpp,WRONG_ANSWER,0,0.00%,0.120,1.80859375,0.0,0.0,0.0,0.0,0.0,0.0,0.0,0.0,0.0,0.0
ones_Qwen3-14B-Non-Thinking_1.cpp,WRONG_ANSWER,0,0.00%,0.130,1.80859375,0.0,0.0,0.0,0.0,0.0,0.0,0.0,0.0,0.0,0.0
ones_Qwen3-14B-Non-Thinking_2.cpp,WRONG_ANSWER,25,0.00%,0.200,1.95703125,4.7322500000000005,4.07924,3.3621499999999997,2.89813,2.49915,2.03974,1.73435,1.45821,1.12547,0.8935500000000001
ones_Qwen3-14B-Non-Thinking_3.cpp,WRONG_ANSWER,25,0.00%,0.180,1.95703125,4.70929,4.06906,3.35974,2.8991499999999997,2.49801,2.0357600000000002,1.72931,1.45111,1.1148099999999999,0.87959
ones_Qwen3-14B-Non-Thinking_4.cpp,WRONG_ANSWER,0,0.00%,0.130,1.80859375,0.0,0.0,0.0,0.0,0.0,0.0,0.0,0.0,0.0,0.0
ones_Qwen3-14B-Non-Thinking_5.cpp,WRONG_ANSWER,0,0.00%,0.120,1.80859375,0.0,0.0,0.0,0.0,0.0,0.0,0.0,0.0,0.0,0.0
ones_Qwen3-14B-Non-Thinking_6.cpp,WRONG_ANSWER,0,0.00%,0.120,1.80859375,0.0,0.0,0.0,0.0,0.0,0.0,0.0,0.0,0.0,0.0
ones_Qwen3-14B-Non-Thinking_7.cpp,WRONG_ANSWER,0,0.00%,0.120,1.80859375,0.0,0.0,0.0,0.0,0.0,0.0,0.0,0.0,0.0,0.0
