solution,status,score,%test passed,time,memory,subtask_0,subtask_1,subtask_2,subtask_3,subtask_4,subtask_5,subtask_6,subtask_7,subtask_8,subtask_9
ones_gemini-2.5-pro_0.cpp,WRONG_ANSWER,53,0.00%,0.190,1.94921875,5.60538,5.7216000000000005,5.62739,5.601859999999999,5.52093,5.44559,5.31029,5.1400500000000005,4.83721,4.35971
ones_gemini-2.5-pro_1.cpp,WRONG_ANSWER,25,0.00%,0.200,1.953125,4.71425,4.07041,3.35723,2.89803,2.50141,2.04143,1.73671,1.46204,1.1322699999999999,0.9042
ones_gemini-2.5-pro_2.cpp,WRONG_ANSWER,25,0.00%,0.220,1.94921875,4.72523,4.0694,3.3570499999999996,2.8991499999999997,2.4987500000000002,2.0374600000000003,1.7316200000000002,1.4549999999999998,1.1213199999999999,0.8898499999999999
ones_gemini-2.5-pro_3.cpp,WRONG_ANSWER,25,0.00%,0.140,1.80859375,4.71425,4.07041,3.35723,2.89803,2.50141,2.04143,1.73671,1.46204,1.1322699999999999,0.9042
ones_gemini-2.5-pro_4.cpp,WRONG_ANSWER,25,0.00%,0.230,1.953125,4.72523,4.0694,3.3570499999999996,2.8991499999999997,2.4987500000000002,2.0374600000000003,1.7316200000000002,1.4549999999999998,1.1213199999999999,0.8898499999999999
ones_gemini-2.5-pro_5.cpp,WRONG_ANSWER,68,0.00%,0.200,1.94921875,4.71425,7.230379999999999,7.28144,7.30314,7.28568,7.73601,7.70053,7.56587,6.159590000000001,5.42968
ones_gemini-2.5-pro_6.cpp,WRONG_ANSWER,30,0.00%,0.220,1.953125,4.71425,4.07041,3.35723,2.89803,2.50141,2.15861,2.2511,2.36701,2.57851,2.79029
ones_gemini-2.5-pro_7.cpp,WRONG_ANSWER,62,0.00%,0.230,1.953125,6.2041,6.36378,6.61765,6.6799,6.7090499999999995,6.3052399999999995,6.15441,5.976850000000001,5.619070000000001,5.27544
