solution,status,score,relative_score,%test passed,time,memory,subtask_0,subtask_1,subtask_10,subtask_11,subtask_12,subtask_2,subtask_3,subtask_4,subtask_5,subtask_6,subtask_7,subtask_8,subtask_9
silver_Cowlendar_gpt-oss-120b-medium_0.cpp,TIME_LIMIT_EXCEEDED,0,0.00%,0.00%,2.430,6.1953125,0,0,0,0,0,0,0,0,0,0,0,0,0
silver_Cowlendar_gpt-oss-120b-medium_1.cpp,RUNTIME_ERROR,194,59.88%,50.00%,0.320,7.22265625,0,0,0,27.777777777777775,27.777777777777775,27.777777777777775,0,27.777777777777775,27.777777777777775,0,27.777777777777775,0,27.777777777777775
silver_Cowlendar_gpt-oss-120b-medium_2.cpp,ACCEPTED,333,102.78%,100.00%,0.140,1.5546875,0,27.777777777777775,27.777777777777775,27.777777777777775,27.777777777777775,27.777777777777775,27.777777777777775,27.777777777777775,27.777777777777775,27.777777777777775,27.777777777777775,27.777777777777775,27.777777777777775
silver_Cowlendar_gpt-oss-120b-medium_3.cpp,ACCEPTED,333,102.78%,100.00%,0.180,1.8125,0,27.777777777777775,27.777777777777775,27.777777777777775,27.777777777777775,27.777777777777775,27.777777777777775,27.777777777777775,27.777777777777775,27.777777777777775,27.777777777777775,27.777777777777775,27.777777777777775
silver_Cowlendar_gpt-oss-120b-medium_4.cpp,ACCEPTED,333,102.78%,100.00%,0.160,1.8125,0,27.777777777777775,27.777777777777775,27.777777777777775,27.777777777777775,27.777777777777775,27.777777777777775,27.777777777777775,27.777777777777775,27.777777777777775,27.777777777777775,27.777777777777775,27.777777777777775
silver_Cowlendar_gpt-oss-120b-medium_5.cpp,TIME_LIMIT_EXCEEDED,167,51.54%,42.86%,2.410,9.03125,0,0,0,27.777777777777775,27.777777777777775,27.777777777777775,0,27.777777777777775,27.777777777777775,0,27.777777777777775,0,0
silver_Cowlendar_gpt-oss-120b-medium_6.cpp,ACCEPTED,333,102.78%,100.00%,0.170,7.7421875,0,27.777777777777775,27.777777777777775,27.777777777777775,27.777777777777775,27.777777777777775,27.777777777777775,27.777777777777775,27.777777777777775,27.777777777777775,27.777777777777775,27.777777777777775,27.777777777777775
silver_Cowlendar_gpt-oss-120b-medium_7.cpp,RUNTIME_ERROR,194,59.88%,50.00%,0.160,1.5546875,0,0,0,27.777777777777775,27.777777777777775,27.777777777777775,0,27.777777777777775,27.777777777777775,0,27.777777777777775,0,27.777777777777775
