solution,status,score,relative_score,%test passed,time,memory,subtask_0,subtask_1,subtask_10,subtask_11,subtask_12,subtask_13,subtask_14,subtask_2,subtask_3,subtask_4,subtask_5,subtask_6,subtask_7,subtask_8,subtask_9
silver_Potion_Farming_gpt-oss-120b-medium_0.cpp,WRONG_ANSWER,24,7.45%,13.33%,0.070,11.4375,0,0,23.809523809523807,0,0,0,0,0,0,0,0,0,0,0,0
silver_Potion_Farming_gpt-oss-120b-medium_1.cpp,ACCEPTED,333,103.42%,100.00%,0.070,11.609375,0,23.809523809523807,23.809523809523807,23.809523809523807,23.809523809523807,23.809523809523807,23.809523809523807,23.809523809523807,23.809523809523807,23.809523809523807,23.809523809523807,23.809523809523807,23.809523809523807,23.809523809523807,23.809523809523807
silver_Potion_Farming_gpt-oss-120b-medium_2.cpp,WRONG_ANSWER,167,51.86%,53.33%,0.090,11.6015625,0,0,23.809523809523807,23.809523809523807,23.809523809523807,23.809523809523807,23.809523809523807,23.809523809523807,0,0,0,0,23.809523809523807,0,0
silver_Potion_Farming_gpt-oss-120b-medium_3.cpp,WRONG_ANSWER,48,14.91%,20.00%,0.080,7.81640625,0,0,0,0,0,0,0,23.809523809523807,0,0,0,0,23.809523809523807,0,0
silver_Potion_Farming_gpt-oss-120b-medium_4.cpp,ACCEPTED,333,103.42%,100.00%,0.080,12.62109375,0,23.809523809523807,23.809523809523807,23.809523809523807,23.809523809523807,23.809523809523807,23.809523809523807,23.809523809523807,23.809523809523807,23.809523809523807,23.809523809523807,23.809523809523807,23.809523809523807,23.809523809523807,23.809523809523807
silver_Potion_Farming_gpt-oss-120b-medium_5.cpp,TIME_LIMIT_EXCEEDED,167,51.86%,53.33%,2.450,11.4765625,0,23.809523809523807,0,0,0,0,0,23.809523809523807,23.809523809523807,23.809523809523807,23.809523809523807,23.809523809523807,0,23.809523809523807,0
silver_Potion_Farming_gpt-oss-120b-medium_6.cpp,ACCEPTED,333,103.42%,100.00%,0.070,16.8515625,0,23.809523809523807,23.809523809523807,23.809523809523807,23.809523809523807,23.809523809523807,23.809523809523807,23.809523809523807,23.809523809523807,23.809523809523807,23.809523809523807,23.809523809523807,23.809523809523807,23.809523809523807,23.809523809523807
silver_Potion_Farming_gpt-oss-120b-medium_7.cpp,ACCEPTED,333,103.42%,100.00%,0.080,12.44140625,0,23.809523809523807,23.809523809523807,23.809523809523807,23.809523809523807,23.809523809523807,23.809523809523807,23.809523809523807,23.809523809523807,23.809523809523807,23.809523809523807,23.809523809523807,23.809523809523807,23.809523809523807,23.809523809523807
