solution,status,score,%test passed,time,memory,subtask_0,subtask_1,subtask_10,subtask_11,subtask_12,subtask_13,subtask_2,subtask_3,subtask_4,subtask_5,subtask_6,subtask_7,subtask_8,subtask_9
bronze_Milk_Exchange_Qwen3-14B_0.cpp,TIME_LIMIT_EXCEEDED,77,31.25%,2.310,9.21484375,0,0,0,0,0,25.64102564102564,0,0,25.64102564102564,25.64102564102564,0,0,0,0
bronze_Milk_Exchange_Qwen3-14B_1.cpp,TIME_LIMIT_EXCEEDED,154,56.25%,2.310,6.140625,0,25.64102564102564,0,0,0,25.64102564102564,25.64102564102564,25.64102564102564,25.64102564102564,25.64102564102564,0,0,0,0
bronze_Milk_Exchange_Qwen3-14B_2.cpp,TIME_LIMIT_EXCEEDED,154,56.25%,2.300,6.37109375,0,25.64102564102564,0,0,0,25.64102564102564,25.64102564102564,25.64102564102564,25.64102564102564,25.64102564102564,0,0,0,0
bronze_Milk_Exchange_Qwen3-14B_3.cpp,TIME_LIMIT_EXCEEDED,154,56.25%,2.320,8.453125,0,25.64102564102564,0,0,0,25.64102564102564,25.64102564102564,25.64102564102564,25.64102564102564,25.64102564102564,0,0,0,0
bronze_Milk_Exchange_Qwen3-14B_4.cpp,TIME_LIMIT_EXCEEDED,154,56.25%,2.280,7.7421875,0,25.64102564102564,0,0,0,25.64102564102564,25.64102564102564,25.64102564102564,25.64102564102564,25.64102564102564,0,0,0,0
bronze_Milk_Exchange_Qwen3-14B_5.cpp,TIME_LIMIT_EXCEEDED,154,56.25%,2.240,7.6875,0,25.64102564102564,0,0,0,25.64102564102564,25.64102564102564,25.64102564102564,25.64102564102564,25.64102564102564,0,0,0,0
bronze_Milk_Exchange_Qwen3-14B_6.cpp,TIME_LIMIT_EXCEEDED,154,56.25%,2.260,7.77734375,0,25.64102564102564,0,0,0,25.64102564102564,25.64102564102564,25.64102564102564,25.64102564102564,25.64102564102564,0,0,0,0
bronze_Milk_Exchange_Qwen3-14B_7.cpp,TIME_LIMIT_EXCEEDED,154,56.25%,2.240,6.3671875,0,25.64102564102564,0,0,0,25.64102564102564,25.64102564102564,25.64102564102564,25.64102564102564,25.64102564102564,0,0,0,0
