solution,status,score,%test passed,time,memory,subtask_0,subtask_1,subtask_10,subtask_11,subtask_12,subtask_13,subtask_14,subtask_15,subtask_16,subtask_2,subtask_3,subtask_4,subtask_5,subtask_6,subtask_7,subtask_8,subtask_9
bronze_Maximizing_Productivity_Mistral-Small-3.1-24B-2503_0.cpp,TIME_LIMIT_EXCEEDED,62,23.53%,2.360,4.39453125,0,20.833333333333332,0,0,0,0,0,0,0,20.833333333333332,20.833333333333332,0,0,0,0,0,0
bronze_Maximizing_Productivity_Mistral-Small-3.1-24B-2503_1.cpp,TIME_LIMIT_EXCEEDED,0,0.00%,2.340,4.390625,0,0,0,0,0,0,0,0,0,0,0,0,0,0,0,0,0
bronze_Maximizing_Productivity_Mistral-Small-3.1-24B-2503_2.cpp,TIME_LIMIT_EXCEEDED,62,23.53%,2.360,4.6640625,0,20.833333333333332,0,0,0,0,0,0,0,20.833333333333332,20.833333333333332,0,0,0,0,0,0
bronze_Maximizing_Productivity_Mistral-Small-3.1-24B-2503_3.cpp,TIME_LIMIT_EXCEEDED,62,23.53%,2.590,4.390625,0,20.833333333333332,0,0,0,0,0,0,0,20.833333333333332,20.833333333333332,0,0,0,0,0,0
bronze_Maximizing_Productivity_Mistral-Small-3.1-24B-2503_4.cpp,TIME_LIMIT_EXCEEDED,62,23.53%,2.550,4.39453125,0,20.833333333333332,0,0,0,0,0,0,0,20.833333333333332,20.833333333333332,0,0,0,0,0,0
bronze_Maximizing_Productivity_Mistral-Small-3.1-24B-2503_5.cpp,TIME_LIMIT_EXCEEDED,62,23.53%,2.390,2.84765625,0,20.833333333333332,0,0,0,0,0,0,0,20.833333333333332,20.833333333333332,0,0,0,0,0,0
bronze_Maximizing_Productivity_Mistral-Small-3.1-24B-2503_6.cpp,TIME_LIMIT_EXCEEDED,62,23.53%,2.300,2.84765625,0,20.833333333333332,0,0,0,0,0,0,0,20.833333333333332,20.833333333333332,0,0,0,0,0,0
bronze_Maximizing_Productivity_Mistral-Small-3.1-24B-2503_7.cpp,TIME_LIMIT_EXCEEDED,62,23.53%,2.250,2.84765625,0,20.833333333333332,0,0,0,0,0,0,0,20.833333333333332,20.833333333333332,0,0,0,0,0,0
