solution,status,score,%test passed,time,memory,subtask_0,subtask_1,subtask_10,subtask_2,subtask_3,subtask_4,subtask_5,subtask_6,subtask_7,subtask_8,subtask_9
bronze_Cow_Checkups_gpt-oss-20b-low_0.cpp,TIME_LIMIT_EXCEEDED,100,46.15%,2.410,1.55859375,0,33.33333333333333,0,33.33333333333333,33.33333333333333,0,0,0,0,0,0
bronze_Cow_Checkups_gpt-oss-20b-low_1.cpp,MEMORY_LIMIT_EXCEEDED,100,46.15%,0.170,266.328125,0,33.33333333333333,0,33.33333333333333,33.33333333333333,0,0,0,0,0,0
bronze_Cow_Checkups_gpt-oss-20b-low_2.cpp,ACCEPTED,333,100.00%,0.470,216.828125,0,33.33333333333333,33.33333333333333,33.33333333333333,33.33333333333333,33.33333333333333,33.33333333333333,33.33333333333333,33.33333333333333,33.33333333333333,33.33333333333333
bronze_Cow_Checkups_gpt-oss-20b-low_3.cpp,RUNTIME_ERROR,33,15.38%,0.380,1.55859375,0,0,0,0,33.33333333333333,0,0,0,0,0,0
bronze_Cow_Checkups_gpt-oss-20b-low_4.cpp,MEMORY_LIMIT_EXCEEDED,100,46.15%,0.120,306.03515625,0,33.33333333333333,0,33.33333333333333,33.33333333333333,0,0,0,0,0,0
bronze_Cow_Checkups_gpt-oss-20b-low_5.cpp,ACCEPTED,333,100.00%,0.070,1.55859375,0,33.33333333333333,33.33333333333333,33.33333333333333,33.33333333333333,33.33333333333333,33.33333333333333,33.33333333333333,33.33333333333333,33.33333333333333,33.33333333333333
bronze_Cow_Checkups_gpt-oss-20b-low_6.cpp,MEMORY_LIMIT_EXCEEDED,100,46.15%,0.120,306.03515625,0,33.33333333333333,0,33.33333333333333,33.33333333333333,0,0,0,0,0,0
bronze_Cow_Checkups_gpt-oss-20b-low_7.cpp,ACCEPTED,333,100.00%,0.490,260.14453125,0,33.33333333333333,33.33333333333333,33.33333333333333,33.33333333333333,33.33333333333333,33.33333333333333,33.33333333333333,33.33333333333333,33.33333333333333,33.33333333333333
