solution,status,score,%test passed,time,memory,subtask_0,subtask_1,subtask_10,subtask_11,subtask_12,subtask_13,subtask_14,subtask_15,subtask_16,subtask_17,subtask_18,subtask_19,subtask_2,subtask_3,subtask_4,subtask_5,subtask_6,subtask_7,subtask_8,subtask_9
gold_Bessies_Function_gpt-oss-20b-medium_0.cpp,WRONG_ANSWER,123,42.86%,0.080,20.953125,0,17.543859649122805,0,0,0,0,0,0,0,0,0,0,17.543859649122805,17.543859649122805,17.543859649122805,17.543859649122805,17.543859649122805,17.543859649122805,0,0
gold_Bessies_Function_gpt-oss-20b-medium_1.cpp,TIME_LIMIT_EXCEEDED,0,0.00%,2.420,19.3359375,0,0,0,0,0,0,0,0,0,0,0,0,0,0,0,0,0,0,0,0
gold_Bessies_Function_gpt-oss-20b-medium_2.cpp,MEMORY_LIMIT_EXCEEDED,123,33.33%,0.600,148.17578125,0,17.543859649122805,17.543859649122805,17.543859649122805,17.543859649122805,17.543859649122805,0,0,0,0,0,0,0,0,0,0,0,0,17.543859649122805,17.543859649122805
gold_Bessies_Function_gpt-oss-20b-medium_3.cpp,COMPILATION_ERROR,0,0.00%,0.000,0,0,0,0,0,0,0,0,0,0,0,0,0,0,0,0,0,0,0,0,0
gold_Bessies_Function_gpt-oss-20b-medium_4.cpp,ACCEPTED,333,100.00%,0.080,26.62109375,0,17.543859649122805,17.543859649122805,17.543859649122805,17.543859649122805,17.543859649122805,17.543859649122805,17.543859649122805,17.543859649122805,17.543859649122805,17.543859649122805,17.543859649122805,17.543859649122805,17.543859649122805,17.543859649122805,17.543859649122805,17.543859649122805,17.543859649122805,17.543859649122805,17.543859649122805
gold_Bessies_Function_gpt-oss-20b-medium_5.cpp,RUNTIME_ERROR,18,9.52%,0.080,25.26953125,0,0,17.543859649122805,0,0,0,0,0,0,0,0,0,0,0,0,0,0,0,0,0
gold_Bessies_Function_gpt-oss-20b-medium_6.cpp,ACCEPTED,333,100.00%,0.080,23.0859375,0,17.543859649122805,17.543859649122805,17.543859649122805,17.543859649122805,17.543859649122805,17.543859649122805,17.543859649122805,17.543859649122805,17.543859649122805,17.543859649122805,17.543859649122805,17.543859649122805,17.543859649122805,17.543859649122805,17.543859649122805,17.543859649122805,17.543859649122805,17.543859649122805,17.543859649122805
gold_Bessies_Function_gpt-oss-20b-medium_7.cpp,WRONG_ANSWER,18,9.52%,0.050,15.80078125,0,17.543859649122805,0,0,0,0,0,0,0,0,0,0,0,0,0,0,0,0,0,0
