solution,status,score,%test passed,time,memory,subtask_0,subtask_1,subtask_10,subtask_2,subtask_3,subtask_4,subtask_5,subtask_6,subtask_7,subtask_8,subtask_9
silver_Transforming_Pairs_gpt-oss-20b-medium_0.cpp,ACCEPTED,333,100.00%,0.020,0.00390625,0,33.33333333333333,33.33333333333333,33.33333333333333,33.33333333333333,33.33333333333333,33.33333333333333,33.33333333333333,33.33333333333333,33.33333333333333,33.33333333333333
silver_Transforming_Pairs_gpt-oss-20b-medium_1.cpp,TIME_LIMIT_EXCEEDED,100,41.67%,2.420,0.00390625,0,0,0,0,33.33333333333333,33.33333333333333,33.33333333333333,0,0,0,0
silver_Transforming_Pairs_gpt-oss-20b-medium_2.cpp,WRONG_ANSWER,100,41.67%,0.020,0.00390625,0,0,0,0,33.33333333333333,33.33333333333333,33.33333333333333,0,0,0,0
silver_Transforming_Pairs_gpt-oss-20b-medium_3.cpp,ACCEPTED,333,100.00%,0.020,0.00390625,0,33.33333333333333,33.33333333333333,33.33333333333333,33.33333333333333,33.33333333333333,33.33333333333333,33.33333333333333,33.33333333333333,33.33333333333333,33.33333333333333
silver_Transforming_Pairs_gpt-oss-20b-medium_4.cpp,TIME_LIMIT_EXCEEDED,100,41.67%,2.410,0.00390625,0,0,0,0,33.33333333333333,33.33333333333333,33.33333333333333,0,0,0,0
silver_Transforming_Pairs_gpt-oss-20b-medium_5.cpp,ACCEPTED,333,100.00%,0.020,0.00390625,0,33.33333333333333,33.33333333333333,33.33333333333333,33.33333333333333,33.33333333333333,33.33333333333333,33.33333333333333,33.33333333333333,33.33333333333333,33.33333333333333
silver_Transforming_Pairs_gpt-oss-20b-medium_6.cpp,ACCEPTED,333,100.00%,0.020,0.00390625,0,33.33333333333333,33.33333333333333,33.33333333333333,33.33333333333333,33.33333333333333,33.33333333333333,33.33333333333333,33.33333333333333,33.33333333333333,33.33333333333333
silver_Transforming_Pairs_gpt-oss-20b-medium_7.cpp,ACCEPTED,333,100.00%,0.020,0.00390625,0,33.33333333333333,33.33333333333333,33.33333333333333,33.33333333333333,33.33333333333333,33.33333333333333,33.33333333333333,33.33333333333333,33.33333333333333,33.33333333333333
