solution,status,score,%test passed,time,memory,subtask_0,subtask_1,subtask_10,subtask_11,subtask_12,subtask_2,subtask_3,subtask_4,subtask_5,subtask_6,subtask_7,subtask_8,subtask_9
gold_Bessla_Motors_gpt-oss-20b-high_1.cpp,ACCEPTED,333,100.00%,0.350,27.81640625,0,27.777777777777775,27.777777777777775,27.777777777777775,27.777777777777775,27.777777777777775,27.777777777777775,27.777777777777775,27.777777777777775,27.777777777777775,27.777777777777775,27.777777777777775,27.777777777777775
gold_Bessla_Motors_gpt-oss-20b-high_2.cpp,ACCEPTED,333,100.00%,0.640,37.6953125,0,27.777777777777775,27.777777777777775,27.777777777777775,27.777777777777775,27.777777777777775,27.777777777777775,27.777777777777775,27.777777777777775,27.777777777777775,27.777777777777775,27.777777777777775,27.777777777777775
gold_Bessla_Motors_gpt-oss-20b-high_3.cpp,ACCEPTED,333,100.00%,0.590,35.83203125,0,27.777777777777775,27.777777777777775,27.777777777777775,27.777777777777775,27.777777777777775,27.777777777777775,27.777777777777775,27.777777777777775,27.777777777777775,27.777777777777775,27.777777777777775,27.777777777777775
gold_Bessla_Motors_gpt-oss-20b-high_4.cpp,ACCEPTED,333,100.00%,0.360,27.84375,0,27.777777777777775,27.777777777777775,27.777777777777775,27.777777777777775,27.777777777777775,27.777777777777775,27.777777777777775,27.777777777777775,27.777777777777775,27.777777777777775,27.777777777777775,27.777777777777775
gold_Bessla_Motors_gpt-oss-20b-high_5.cpp,ACCEPTED,333,100.00%,0.650,35.83203125,0,27.777777777777775,27.777777777777775,27.777777777777775,27.777777777777775,27.777777777777775,27.777777777777775,27.777777777777775,27.777777777777775,27.777777777777775,27.777777777777775,27.777777777777775,27.777777777777775
gold_Bessla_Motors_gpt-oss-20b-high_6.cpp,ACCEPTED,333,100.00%,0.630,37.69921875,0,27.777777777777775,27.777777777777775,27.777777777777775,27.777777777777775,27.777777777777775,27.777777777777775,27.777777777777775,27.777777777777775,27.777777777777775,27.777777777777775,27.777777777777775,27.777777777777775
gold_Bessla_Motors_gpt-oss-20b-high_7.cpp,RUNTIME_ERROR,0,0.00%,0.070,6.96875,0,0,0,0,0,0,0,0,0,0,0,0,0
