solution,status,score,%test passed,time,memory,subtask_0,subtask_1,subtask_10,subtask_2,subtask_3,subtask_4,subtask_5,subtask_6,subtask_7,subtask_8,subtask_9
gold_Quantum_Moochanics_gpt-oss-20b-high_1.cpp,ACCEPTED,333,100.00%,0.120,10.09765625,0,33.33333333333333,33.33333333333333,33.33333333333333,33.33333333333333,33.33333333333333,33.33333333333333,33.33333333333333,33.33333333333333,33.33333333333333,33.33333333333333
gold_Quantum_Moochanics_gpt-oss-20b-high_3.cpp,WRONG_ANSWER,33,16.67%,0.130,8.8828125,0,33.33333333333333,0,0,0,0,0,0,0,0,0
gold_Quantum_Moochanics_gpt-oss-20b-high_4.cpp,ACCEPTED,333,100.00%,0.160,14.3359375,0,33.33333333333333,33.33333333333333,33.33333333333333,33.33333333333333,33.33333333333333,33.33333333333333,33.33333333333333,33.33333333333333,33.33333333333333,33.33333333333333
gold_Quantum_Moochanics_gpt-oss-20b-high_6.cpp,ACCEPTED,333,100.00%,0.220,17.68359375,0,33.33333333333333,33.33333333333333,33.33333333333333,33.33333333333333,33.33333333333333,33.33333333333333,33.33333333333333,33.33333333333333,33.33333333333333,33.33333333333333
gold_Quantum_Moochanics_gpt-oss-20b-high_7.cpp,ACCEPTED,333,100.00%,0.120,8.8828125,0,33.33333333333333,33.33333333333333,33.33333333333333,33.33333333333333,33.33333333333333,33.33333333333333,33.33333333333333,33.33333333333333,33.33333333333333,33.33333333333333
