solution,status,score,%test passed,time,memory,subtask_0,subtask_1,subtask_2,subtask_3
milano_Qwen3-14B_0.cpp,ACCEPTED,110,100.00%,0.100,6.9765625,21,18,31,40
milano_Qwen3-14B_1.cpp,ACCEPTED,110,100.00%,0.160,6.1796875,21,18,31,40
milano_Qwen3-14B_2.cpp,ACCEPTED,110,100.00%,0.150,6.1796875,21,18,31,40
milano_Qwen3-14B_3.cpp,ACCEPTED,110,100.00%,0.100,6.20703125,21,18,31,40
milano_Qwen3-14B_4.cpp,ACCEPTED,110,100.00%,0.110,6.203125,21,18,31,40
milano_Qwen3-14B_5.cpp,ACCEPTED,110,100.00%,0.100,6.20703125,21,18,31,40
milano_Qwen3-14B_6.cpp,ACCEPTED,110,100.00%,0.100,6.72265625,21,18,31,40
milano_Qwen3-14B_7.cpp,ACCEPTED,110,100.00%,0.150,4.63671875,21,18,31,40
