solution,status,score,%test passed,time,memory,subtask_0,subtask_1,subtask_10,subtask_11,subtask_12,subtask_13,subtask_2,subtask_3,subtask_4,subtask_5,subtask_6,subtask_7,subtask_8,subtask_9
bronze_Candy_Cane_Feast_Qwen2.5-72B_0.cpp,ACCEPTED,333,100.00%,0.360,2.84765625,0,25.64102564102564,25.64102564102564,25.64102564102564,25.64102564102564,25.64102564102564,25.64102564102564,25.64102564102564,25.64102564102564,25.64102564102564,25.64102564102564,25.64102564102564,25.64102564102564,25.64102564102564
bronze_Candy_Cane_Feast_Qwen2.5-72B_1.cpp,WRONG_ANSWER,51,14.29%,0.340,2.84765625,0,25.64102564102564,25.64102564102564,0,0,0,0,0,0,0,0,0,0,0
bronze_Candy_Cane_Feast_Qwen2.5-72B_2.cpp,ACCEPTED,333,100.00%,0.400,2.84765625,0,25.64102564102564,25.64102564102564,25.64102564102564,25.64102564102564,25.64102564102564,25.64102564102564,25.64102564102564,25.64102564102564,25.64102564102564,25.64102564102564,25.64102564102564,25.64102564102564,25.64102564102564
bronze_Candy_Cane_Feast_Qwen2.5-72B_3.cpp,ACCEPTED,333,100.00%,0.390,2.84765625,0,25.64102564102564,25.64102564102564,25.64102564102564,25.64102564102564,25.64102564102564,25.64102564102564,25.64102564102564,25.64102564102564,25.64102564102564,25.64102564102564,25.64102564102564,25.64102564102564,25.64102564102564
bronze_Candy_Cane_Feast_Qwen2.5-72B_4.cpp,ACCEPTED,333,100.00%,0.350,4.39453125,0,25.64102564102564,25.64102564102564,25.64102564102564,25.64102564102564,25.64102564102564,25.64102564102564,25.64102564102564,25.64102564102564,25.64102564102564,25.64102564102564,25.64102564102564,25.64102564102564,25.64102564102564
bronze_Candy_Cane_Feast_Qwen2.5-72B_5.cpp,TIME_LIMIT_EXCEEDED,0,0.00%,2.250,4.39453125,0,0,0,0,0,0,0,0,0,0,0,0,0,0
bronze_Candy_Cane_Feast_Qwen2.5-72B_6.cpp,WRONG_ANSWER,51,14.29%,0.350,2.84765625,0,25.64102564102564,25.64102564102564,0,0,0,0,0,0,0,0,0,0,0
bronze_Candy_Cane_Feast_Qwen2.5-72B_7.cpp,TIME_LIMIT_EXCEEDED,0,0.00%,2.270,4.39453125,0,0,0,0,0,0,0,0,0,0,0,0,0,0
