solution,status,score,%test passed,time,memory,subtask_0,subtask_1,subtask_10,subtask_2,subtask_3,subtask_4,subtask_5,subtask_6,subtask_7,subtask_8,subtask_9
bronze_Walking_Along_a_Fence_Qwen3-4B_0.cpp,ACCEPTED,333,100.00%,0.190,7.73828125,0,33.33333333333333,33.33333333333333,33.33333333333333,33.33333333333333,33.33333333333333,33.33333333333333,33.33333333333333,33.33333333333333,33.33333333333333,33.33333333333333
bronze_Walking_Along_a_Fence_Qwen3-4B_1.cpp,ACCEPTED,333,100.00%,0.260,5.67578125,0,33.33333333333333,33.33333333333333,33.33333333333333,33.33333333333333,33.33333333333333,33.33333333333333,33.33333333333333,33.33333333333333,33.33333333333333,33.33333333333333
bronze_Walking_Along_a_Fence_Qwen3-4B_2.cpp,TIME_LIMIT_EXCEEDED,167,54.55%,2.410,8.17578125,0,33.33333333333333,0,33.33333333333333,33.33333333333333,33.33333333333333,33.33333333333333,0,0,0,0
bronze_Walking_Along_a_Fence_Qwen3-4B_3.cpp,ACCEPTED,333,100.00%,0.270,6.96875,0,33.33333333333333,33.33333333333333,33.33333333333333,33.33333333333333,33.33333333333333,33.33333333333333,33.33333333333333,33.33333333333333,33.33333333333333,33.33333333333333
bronze_Walking_Along_a_Fence_Qwen3-4B_4.cpp,TIME_LIMIT_EXCEEDED,167,54.55%,2.410,4.39453125,0,33.33333333333333,0,33.33333333333333,33.33333333333333,33.33333333333333,33.33333333333333,0,0,0,0
bronze_Walking_Along_a_Fence_Qwen3-4B_5.cpp,WRONG_ANSWER,0,0.00%,0.210,4.39453125,0,0,0,0,0,0,0,0,0,0,0
bronze_Walking_Along_a_Fence_Qwen3-4B_6.cpp,COMPILATION_ERROR,0,0.00%,0.000,0,0,0,0,0,0,0,0,0,0,0,0
bronze_Walking_Along_a_Fence_Qwen3-4B_7.cpp,WRONG_ANSWER,0,9.09%,0.200,13.1328125,0,0,0,0,0,0,0,0,0,0,0
