solution,status,score,%test passed,time,memory,subtask_0,subtask_1,subtask_10,subtask_11,subtask_12,subtask_13,subtask_14,subtask_2,subtask_3,subtask_4,subtask_5,subtask_6,subtask_7,subtask_8,subtask_9
gold_Find_and_Replace_gpt-5_0.cpp,TIME_LIMIT_EXCEEDED,143,46.67%,2.410,66.00390625,0,23.809523809523807,0,0,0,0,0,23.809523809523807,23.809523809523807,23.809523809523807,23.809523809523807,23.809523809523807,0,0,0
gold_Find_and_Replace_gpt-5_1.cpp,TIME_LIMIT_EXCEEDED,238,73.33%,2.450,23.37890625,0,23.809523809523807,23.809523809523807,23.809523809523807,23.809523809523807,23.809523809523807,0,23.809523809523807,23.809523809523807,23.809523809523807,23.809523809523807,23.809523809523807,0,0,0
gold_Find_and_Replace_gpt-5_2.cpp,RUNTIME_ERROR,119,33.33%,0.120,22.890625,0,23.809523809523807,0,0,0,0,0,23.809523809523807,0,23.809523809523807,23.809523809523807,23.809523809523807,0,0,0
gold_Find_and_Replace_gpt-5_3.cpp,TIME_LIMIT_EXCEEDED,238,73.33%,2.460,33.28515625,0,23.809523809523807,23.809523809523807,23.809523809523807,23.809523809523807,23.809523809523807,0,23.809523809523807,23.809523809523807,23.809523809523807,23.809523809523807,23.809523809523807,0,0,0
gold_Find_and_Replace_gpt-5_4.cpp,WRONG_ANSWER,0,6.67%,0.120,13.61328125,0,0,0,0,0,0,0,0,0,0,0,0,0,0,0
gold_Find_and_Replace_gpt-5_5.cpp,TIME_LIMIT_EXCEEDED,143,46.67%,2.460,63.42578125,0,23.809523809523807,0,0,0,0,0,23.809523809523807,23.809523809523807,23.809523809523807,23.809523809523807,23.809523809523807,0,0,0
gold_Find_and_Replace_gpt-5_6.cpp,TIME_LIMIT_EXCEEDED,143,46.67%,2.460,72.44921875,0,23.809523809523807,0,0,0,0,0,23.809523809523807,23.809523809523807,23.809523809523807,23.809523809523807,23.809523809523807,0,0,0
gold_Find_and_Replace_gpt-5_7.cpp,ACCEPTED,333,100.00%,0.130,9.02734375,0,23.809523809523807,23.809523809523807,23.809523809523807,23.809523809523807,23.809523809523807,23.809523809523807,23.809523809523807,23.809523809523807,23.809523809523807,23.809523809523807,23.809523809523807,23.809523809523807,23.809523809523807,23.809523809523807
