solution,status,score,%test passed,time,memory,subtask_0,subtask_1,subtask_10,subtask_11,subtask_12,subtask_13,subtask_14,subtask_2,subtask_3,subtask_4,subtask_5,subtask_6,subtask_7,subtask_8,subtask_9
bronze_Majority_Opinion_Qwen3-30B_0.cpp,WRONG_ANSWER,0,0.00%,0.130,4.484375,0,0,0,0,0,0,0,0,0,0,0,0,0,0,0
bronze_Majority_Opinion_Qwen3-30B_1.cpp,TIME_LIMIT_EXCEEDED,167,46.67%,2.260,4.38671875,0,0,23.809523809523807,0,0,0,0,23.809523809523807,23.809523809523807,0,0,23.809523809523807,23.809523809523807,23.809523809523807,23.809523809523807
bronze_Majority_Opinion_Qwen3-30B_2.cpp,TIME_LIMIT_EXCEEDED,24,13.33%,2.280,3.6171875,0,23.809523809523807,0,0,0,0,0,0,0,0,0,0,0,0,0
bronze_Majority_Opinion_Qwen3-30B_3.cpp,TIME_LIMIT_EXCEEDED,0,0.00%,2.260,4.4375,0,0,0,0,0,0,0,0,0,0,0,0,0,0,0
bronze_Majority_Opinion_Qwen3-30B_4.cpp,WRONG_ANSWER,0,0.00%,0.150,7.40625,0,0,0,0,0,0,0,0,0,0,0,0,0,0,0
bronze_Majority_Opinion_Qwen3-30B_5.cpp,TIME_LIMIT_EXCEEDED,167,53.33%,2.290,3.92578125,0,23.809523809523807,0,0,0,0,0,23.809523809523807,23.809523809523807,0,0,23.809523809523807,23.809523809523807,23.809523809523807,23.809523809523807
bronze_Majority_Opinion_Qwen3-30B_6.cpp,WRONG_ANSWER,0,0.00%,0.220,5.44140625,0,0,0,0,0,0,0,0,0,0,0,0,0,0,0
bronze_Majority_Opinion_Qwen3-30B_7.cpp,ACCEPTED,333,100.00%,0.160,8.65234375,0,23.809523809523807,23.809523809523807,23.809523809523807,23.809523809523807,23.809523809523807,23.809523809523807,23.809523809523807,23.809523809523807,23.809523809523807,23.809523809523807,23.809523809523807,23.809523809523807,23.809523809523807,23.809523809523807
