solution,status,score,%test passed,time,memory,subtask_0,subtask_1,subtask_10,subtask_11,subtask_12,subtask_2,subtask_3,subtask_4,subtask_5,subtask_6,subtask_7,subtask_8,subtask_9
silver_Cowlendar_Qwen3-30B_0.cpp,WRONG_ANSWER,0,14.29%,0.130,1.5546875,0,0,0,0,0,0,0,0,0,0,0,0,0
silver_Cowlendar_Qwen3-30B_1.cpp,TIME_LIMIT_EXCEEDED,0,14.29%,2.260,5.796875,0,0,0,0,0,0,0,0,0,0,0,0,0
silver_Cowlendar_Qwen3-30B_2.cpp,TIME_LIMIT_EXCEEDED,56,28.57%,2.310,0.00390625,0,0,0,0,0,27.777777777777775,0,0,0,0,0,0,27.777777777777775
silver_Cowlendar_Qwen3-30B_3.cpp,WRONG_ANSWER,0,14.29%,0.160,1.5546875,0,0,0,0,0,0,0,0,0,0,0,0,0
silver_Cowlendar_Qwen3-30B_4.cpp,WRONG_ANSWER,0,14.29%,0.120,1.5546875,0,0,0,0,0,0,0,0,0,0,0,0,0
silver_Cowlendar_Qwen3-30B_5.cpp,RUNTIME_ERROR,194,50.00%,0.260,1.5546875,0,0,0,27.777777777777775,27.777777777777775,27.777777777777775,0,27.777777777777775,27.777777777777775,0,27.777777777777775,0,27.777777777777775
silver_Cowlendar_Qwen3-30B_6.cpp,WRONG_ANSWER,194,64.29%,0.590,1.8125,0,0,0,27.777777777777775,27.777777777777775,27.777777777777775,0,27.777777777777775,27.777777777777775,0,27.777777777777775,0,27.777777777777775
silver_Cowlendar_Qwen3-30B_7.cpp,WRONG_ANSWER,0,7.14%,0.120,1.5546875,0,0,0,0,0,0,0,0,0,0,0,0,0
