solution,status,score,%test passed,time,memory,subtask_0,subtask_1,subtask_10,subtask_2,subtask_3,subtask_4,subtask_5,subtask_6,subtask_7,subtask_8,subtask_9
gold_Quantum_Moochanics_gpt-5_0.cpp,WRONG_ANSWER,33,16.67%,0.100,8.69921875,0,33.33333333333333,0,0,0,0,0,0,0,0,0
gold_Quantum_Moochanics_gpt-5_1.cpp,ACCEPTED,333,100.00%,0.220,19.98046875,0,33.33333333333333,33.33333333333333,33.33333333333333,33.33333333333333,33.33333333333333,33.33333333333333,33.33333333333333,33.33333333333333,33.33333333333333,33.33333333333333
gold_Quantum_Moochanics_gpt-5_2.cpp,ACCEPTED,333,100.00%,0.210,12.01171875,0,33.33333333333333,33.33333333333333,33.33333333333333,33.33333333333333,33.33333333333333,33.33333333333333,33.33333333333333,33.33333333333333,33.33333333333333,33.33333333333333
gold_Quantum_Moochanics_gpt-5_3.cpp,ACCEPTED,333,100.00%,0.310,21.8203125,0,33.33333333333333,33.33333333333333,33.33333333333333,33.33333333333333,33.33333333333333,33.33333333333333,33.33333333333333,33.33333333333333,33.33333333333333,33.33333333333333
gold_Quantum_Moochanics_gpt-5_4.cpp,ACCEPTED,333,100.00%,0.190,8.703125,0,33.33333333333333,33.33333333333333,33.33333333333333,33.33333333333333,33.33333333333333,33.33333333333333,33.33333333333333,33.33333333333333,33.33333333333333,33.33333333333333
gold_Quantum_Moochanics_gpt-5_5.cpp,ACCEPTED,333,100.00%,0.200,11.30078125,0,33.33333333333333,33.33333333333333,33.33333333333333,33.33333333333333,33.33333333333333,33.33333333333333,33.33333333333333,33.33333333333333,33.33333333333333,33.33333333333333
gold_Quantum_Moochanics_gpt-5_6.cpp,ACCEPTED,333,100.00%,0.200,8.703125,0,33.33333333333333,33.33333333333333,33.33333333333333,33.33333333333333,33.33333333333333,33.33333333333333,33.33333333333333,33.33333333333333,33.33333333333333,33.33333333333333
gold_Quantum_Moochanics_gpt-5_7.cpp,ACCEPTED,333,100.00%,0.220,13.68359375,0,33.33333333333333,33.33333333333333,33.33333333333333,33.33333333333333,33.33333333333333,33.33333333333333,33.33333333333333,33.33333333333333,33.33333333333333,33.33333333333333
