solution,status,score,%test passed,time,memory,subtask_0,subtask_1,subtask_10,subtask_11,subtask_12,subtask_13,subtask_14,subtask_15,subtask_16,subtask_2,subtask_3,subtask_4,subtask_5,subtask_6,subtask_7,subtask_8,subtask_9
platinum_Infinite_Adventure_gpt-5_0.cpp,RUNTIME_ERROR,0,0.00%,0.040,2.84765625,0,0,0,0,0,0,0,0,0,0,0,0,0,0,0,0,0
platinum_Infinite_Adventure_gpt-5_1.cpp,RUNTIME_ERROR,83,22.22%,0.190,26.82421875,0,0,20.833333333333332,0,0,0,0,0,0,0,0,0,0,0,20.833333333333332,20.833333333333332,20.833333333333332
platinum_Infinite_Adventure_gpt-5_2.cpp,RUNTIME_ERROR,83,22.22%,0.150,26.82421875,0,0,20.833333333333332,0,0,0,0,0,0,0,0,0,0,0,20.833333333333332,20.833333333333332,20.833333333333332
platinum_Infinite_Adventure_gpt-5_3.cpp,TIME_LIMIT_EXCEEDED,167,55.56%,2.440,598.09765625,0,20.833333333333332,20.833333333333332,0,0,0,0,0,20.833333333333332,20.833333333333332,20.833333333333332,20.833333333333332,0,20.833333333333332,0,0,20.833333333333332
platinum_Infinite_Adventure_gpt-5_4.cpp,RUNTIME_ERROR,0,0.00%,0.120,2.84765625,0,0,0,0,0,0,0,0,0,0,0,0,0,0,0,0,0
platinum_Infinite_Adventure_gpt-5_5.cpp,TIME_LIMIT_EXCEEDED,188,61.11%,2.460,526.4296875,0,20.833333333333332,20.833333333333332,0,0,0,0,0,20.833333333333332,20.833333333333332,20.833333333333332,20.833333333333332,20.833333333333332,20.833333333333332,0,0,20.833333333333332
platinum_Infinite_Adventure_gpt-5_6.cpp,RUNTIME_ERROR,0,0.00%,0.130,2.84765625,0,0,0,0,0,0,0,0,0,0,0,0,0,0,0,0,0
platinum_Infinite_Adventure_gpt-5_7.cpp,TIME_LIMIT_EXCEEDED,188,61.11%,2.480,242.99609375,0,20.833333333333332,20.833333333333332,0,0,20.833333333333332,0,0,20.833333333333332,20.833333333333332,20.833333333333332,20.833333333333332,0,20.833333333333332,0,0,20.833333333333332
