solution,status,score,%test passed,time,memory,subtask_0,subtask_1,subtask_10,subtask_2,subtask_3,subtask_4,subtask_5,subtask_6,subtask_7,subtask_8,subtask_9
bronze_Cowntact_Tracing_2_deepseek-chat_0.cpp,RUNTIME_ERROR,100,25.00%,0.040,1.828125,0,33.33333333333333,0,0,33.33333333333333,0,0,0,33.33333333333333,0,0
bronze_Cowntact_Tracing_2_deepseek-chat_1.cpp,RUNTIME_ERROR,67,16.67%,0.040,1.828125,0,33.33333333333333,0,0,0,0,0,0,33.33333333333333,0,0
bronze_Cowntact_Tracing_2_deepseek-chat_2.cpp,RUNTIME_ERROR,100,25.00%,0.040,1.82421875,0,33.33333333333333,0,0,33.33333333333333,0,0,0,33.33333333333333,0,0
bronze_Cowntact_Tracing_2_deepseek-chat_3.cpp,RUNTIME_ERROR,67,16.67%,0.040,1.7109375,0,33.33333333333333,0,0,0,0,0,0,33.33333333333333,0,0
bronze_Cowntact_Tracing_2_deepseek-chat_4.cpp,RUNTIME_ERROR,100,25.00%,0.040,1.7109375,0,33.33333333333333,0,0,33.33333333333333,0,0,0,33.33333333333333,0,0
bronze_Cowntact_Tracing_2_deepseek-chat_5.cpp,RUNTIME_ERROR,67,16.67%,0.040,1.7109375,0,33.33333333333333,0,0,0,0,0,0,33.33333333333333,0,0
bronze_Cowntact_Tracing_2_deepseek-chat_6.cpp,RUNTIME_ERROR,100,25.00%,0.040,1.82421875,0,33.33333333333333,0,0,33.33333333333333,0,0,0,33.33333333333333,0,0
bronze_Cowntact_Tracing_2_deepseek-chat_7.cpp,RUNTIME_ERROR,100,25.00%,0.040,1.828125,0,33.33333333333333,0,0,33.33333333333333,0,0,0,33.33333333333333,0,0
