solution,status,score,%test passed,time,memory,subtask_0,subtask_1,subtask_10,subtask_11,subtask_12,subtask_13,subtask_14,subtask_15,subtask_16,subtask_2,subtask_3,subtask_4,subtask_5,subtask_6,subtask_7,subtask_8,subtask_9
gold_Minimum_Longest_Trip_deepseek-chat_0.cpp,WRONG_ANSWER,312,95.00%,0.220,17.3515625,0,20.833333333333332,20.833333333333332,20.833333333333332,20.833333333333332,20.833333333333332,20.833333333333332,20.833333333333332,0,20.833333333333332,20.833333333333332,20.833333333333332,20.833333333333332,20.833333333333332,20.833333333333332,20.833333333333332,20.833333333333332
gold_Minimum_Longest_Trip_deepseek-chat_1.cpp,RUNTIME_ERROR,0,0.00%,0.300,30.50390625,0,0,0,0,0,0,0,0,0,0,0,0,0,0,0,0,0
gold_Minimum_Longest_Trip_deepseek-chat_2.cpp,RUNTIME_ERROR,104,30.00%,0.210,18.125,0,20.833333333333332,0,0,20.833333333333332,20.833333333333332,20.833333333333332,0,0,20.833333333333332,0,0,0,0,0,0,0
gold_Minimum_Longest_Trip_deepseek-chat_3.cpp,RUNTIME_ERROR,104,30.00%,0.210,17.3515625,0,20.833333333333332,0,0,20.833333333333332,20.833333333333332,20.833333333333332,0,0,20.833333333333332,0,0,0,0,0,0,0
gold_Minimum_Longest_Trip_deepseek-chat_4.cpp,RUNTIME_ERROR,0,0.00%,0.230,29.140625,0,0,0,0,0,0,0,0,0,0,0,0,0,0,0,0,0
gold_Minimum_Longest_Trip_deepseek-chat_5.cpp,WRONG_ANSWER,312,95.00%,0.230,17.3515625,0,20.833333333333332,20.833333333333332,20.833333333333332,20.833333333333332,20.833333333333332,20.833333333333332,20.833333333333332,0,20.833333333333332,20.833333333333332,20.833333333333332,20.833333333333332,20.833333333333332,20.833333333333332,20.833333333333332,20.833333333333332
gold_Minimum_Longest_Trip_deepseek-chat_6.cpp,RUNTIME_ERROR,0,0.00%,0.240,36.68359375,0,0,0,0,0,0,0,0,0,0,0,0,0,0,0,0,0
gold_Minimum_Longest_Trip_deepseek-chat_7.cpp,RUNTIME_ERROR,104,30.00%,0.210,18.12890625,0,20.833333333333332,0,0,20.833333333333332,20.833333333333332,20.833333333333332,0,0,20.833333333333332,0,0,0,0,0,0,0
