solution,status,score,%test passed,time,memory,subtask_0,subtask_1,subtask_10,subtask_11,subtask_12,subtask_13,subtask_2,subtask_3,subtask_4,subtask_5,subtask_6,subtask_7,subtask_8,subtask_9
bronze_Candy_Cane_Feast_DeepSeek-R1-Distill-Qwen-14B_0.cpp,WRONG_ANSWER,51,14.29%,0.170,4.06640625,0,25.64102564102564,25.64102564102564,0,0,0,0,0,0,0,0,0,0,0
bronze_Candy_Cane_Feast_DeepSeek-R1-Distill-Qwen-14B_2.cpp,ACCEPTED,333,100.00%,0.360,4.39453125,0,25.64102564102564,25.64102564102564,25.64102564102564,25.64102564102564,25.64102564102564,25.64102564102564,25.64102564102564,25.64102564102564,25.64102564102564,25.64102564102564,25.64102564102564,25.64102564102564,25.64102564102564
bronze_Candy_Cane_Feast_DeepSeek-R1-Distill-Qwen-14B_3.cpp,COMPILATION_ERROR,0,0.00%,0.000,0,0,0,0,0,0,0,0,0,0,0,0,0,0,0
bronze_Candy_Cane_Feast_DeepSeek-R1-Distill-Qwen-14B_4.cpp,COMPILATION_ERROR,0,0.00%,0.000,0,0,0,0,0,0,0,0,0,0,0,0,0,0,0
bronze_Candy_Cane_Feast_DeepSeek-R1-Distill-Qwen-14B_5.cpp,TIME_LIMIT_EXCEEDED,26,7.14%,2.490,5.8046875,0,25.64102564102564,0,0,0,0,0,0,0,0,0,0,0,0
bronze_Candy_Cane_Feast_DeepSeek-R1-Distill-Qwen-14B_6.cpp,ACCEPTED,333,100.00%,0.400,4.39453125,0,25.64102564102564,25.64102564102564,25.64102564102564,25.64102564102564,25.64102564102564,25.64102564102564,25.64102564102564,25.64102564102564,25.64102564102564,25.64102564102564,25.64102564102564,25.64102564102564,25.64102564102564
bronze_Candy_Cane_Feast_DeepSeek-R1-Distill-Qwen-14B_7.cpp,WRONG_ANSWER,51,14.29%,0.390,5.9375,0,25.64102564102564,25.64102564102564,0,0,0,0,0,0,0,0,0,0,0
