solution,status,score,%test passed,time,memory,subtask_0
j2_Qwen3-8B_1.cpp,ACCEPTED,15,100.00%,0.020,1.83984375,15
j2_Qwen3-8B_1.cpp,ACCEPTED,15,100.00%,0.020,1.83984375,15
j2_Qwen3-8B_2.cpp,ACCEPTED,15,100.00%,0.020,0.00390625,15
j2_Qwen3-8B_3.cpp,ACCEPTED,15,100.00%,0.020,1.83984375,15
j2_Qwen3-8B_4.cpp,ACCEPTED,15,100.00%,0.020,1.84375,15
j2_Qwen3-8B_5.cpp,ACCEPTED,15,100.00%,0.030,1.83984375,15
j2_Qwen3-8B_6.cpp,ACCEPTED,15,100.00%,0.020,0.00390625,15
j2_Qwen3-8B_7.cpp,ACCEPTED,15,100.00%,0.020,1.83984375,15
