solution,status,score,%test passed,time,memory,subtask_0,subtask_1,subtask_10,subtask_2,subtask_3,subtask_4,subtask_5,subtask_6,subtask_7,subtask_8,subtask_9
bronze_Watching_Mooloo_gemini-2.5-flash_0.cpp,ACCEPTED,333,100.00%,0.050,2.015625,0,33.33333333333333,33.33333333333333,33.33333333333333,33.33333333333333,33.33333333333333,33.33333333333333,33.33333333333333,33.33333333333333,33.33333333333333,33.33333333333333
bronze_Watching_Mooloo_gemini-2.5-flash_1.cpp,ACCEPTED,333,100.00%,0.050,2.015625,0,33.33333333333333,33.33333333333333,33.33333333333333,33.33333333333333,33.33333333333333,33.33333333333333,33.33333333333333,33.33333333333333,33.33333333333333,33.33333333333333
bronze_Watching_Mooloo_gemini-2.5-flash_2.cpp,ACCEPTED,333,100.00%,0.050,2.015625,0,33.33333333333333,33.33333333333333,33.33333333333333,33.33333333333333,33.33333333333333,33.33333333333333,33.33333333333333,33.33333333333333,33.33333333333333,33.33333333333333
bronze_Watching_Mooloo_gemini-2.5-flash_3.cpp,ACCEPTED,333,100.00%,0.040,0.00390625,0,33.33333333333333,33.33333333333333,33.33333333333333,33.33333333333333,33.33333333333333,33.33333333333333,33.33333333333333,33.33333333333333,33.33333333333333,33.33333333333333
bronze_Watching_Mooloo_gemini-2.5-flash_4.cpp,ACCEPTED,333,100.00%,0.050,2.015625,0,33.33333333333333,33.33333333333333,33.33333333333333,33.33333333333333,33.33333333333333,33.33333333333333,33.33333333333333,33.33333333333333,33.33333333333333,33.33333333333333
bronze_Watching_Mooloo_gemini-2.5-flash_5.cpp,ACCEPTED,333,100.00%,0.050,2.015625,0,33.33333333333333,33.33333333333333,33.33333333333333,33.33333333333333,33.33333333333333,33.33333333333333,33.33333333333333,33.33333333333333,33.33333333333333,33.33333333333333
bronze_Watching_Mooloo_gemini-2.5-flash_6.cpp,ACCEPTED,333,100.00%,0.050,2.07421875,0,33.33333333333333,33.33333333333333,33.33333333333333,33.33333333333333,33.33333333333333,33.33333333333333,33.33333333333333,33.33333333333333,33.33333333333333,33.33333333333333
bronze_Watching_Mooloo_gemini-2.5-flash_7.cpp,ACCEPTED,333,100.00%,0.050,0.00390625,0,33.33333333333333,33.33333333333333,33.33333333333333,33.33333333333333,33.33333333333333,33.33333333333333,33.33333333333333,33.33333333333333,33.33333333333333,33.33333333333333
