solution,status,score,%test passed,time,memory,subtask_0,subtask_1,subtask_10,subtask_11,subtask_12,subtask_13,subtask_14,subtask_15,subtask_16,subtask_17,subtask_18,subtask_2,subtask_3,subtask_4,subtask_5,subtask_6,subtask_7,subtask_8,subtask_9
silver_Moo_Route_II_gemini-2.5-flash_0.cpp,RUNTIME_ERROR,111,30.00%,0.160,15.9921875,0,18.51851851851852,18.51851851851852,18.51851851851852,0,0,0,0,0,0,0,18.51851851851852,18.51851851851852,0,0,0,0,0,18.51851851851852
silver_Moo_Route_II_gemini-2.5-flash_1.cpp,ACCEPTED,333,100.00%,1.230,15.21875,0,18.51851851851852,18.51851851851852,18.51851851851852,18.51851851851852,18.51851851851852,18.51851851851852,18.51851851851852,18.51851851851852,18.51851851851852,18.51851851851852,18.51851851851852,18.51851851851852,18.51851851851852,18.51851851851852,18.51851851851852,18.51851851851852,18.51851851851852,18.51851851851852
silver_Moo_Route_II_gemini-2.5-flash_2.cpp,TIME_LIMIT_EXCEEDED,204,65.00%,4.440,13.41015625,0,18.51851851851852,18.51851851851852,18.51851851851852,0,0,0,0,0,0,0,18.51851851851852,18.51851851851852,18.51851851851852,18.51851851851852,18.51851851851852,18.51851851851852,18.51851851851852,18.51851851851852
silver_Moo_Route_II_gemini-2.5-flash_3.cpp,ACCEPTED,333,100.00%,0.160,15.9921875,0,18.51851851851852,18.51851851851852,18.51851851851852,18.51851851851852,18.51851851851852,18.51851851851852,18.51851851851852,18.51851851851852,18.51851851851852,18.51851851851852,18.51851851851852,18.51851851851852,18.51851851851852,18.51851851851852,18.51851851851852,18.51851851851852,18.51851851851852,18.51851851851852
silver_Moo_Route_II_gemini-2.5-flash_4.cpp,RUNTIME_ERROR,37,10.00%,0.140,15.9921875,0,0,18.51851851851852,0,0,0,0,0,0,0,0,0,0,0,0,0,0,0,18.51851851851852
silver_Moo_Route_II_gemini-2.5-flash_5.cpp,ACCEPTED,333,100.00%,0.160,15.9921875,0,18.51851851851852,18.51851851851852,18.51851851851852,18.51851851851852,18.51851851851852,18.51851851851852,18.51851851851852,18.51851851851852,18.51851851851852,18.51851851851852,18.51851851851852,18.51851851851852,18.51851851851852,18.51851851851852,18.51851851851852,18.51851851851852,18.51851851851852,18.51851851851852
silver_Moo_Route_II_gemini-2.5-flash_6.cpp,RUNTIME_ERROR,37,10.00%,0.160,15.9921875,0,0,18.51851851851852,0,0,0,0,0,0,0,0,0,0,0,0,0,0,0,18.51851851851852
silver_Moo_Route_II_gemini-2.5-flash_7.cpp,RUNTIME_ERROR,37,10.00%,0.160,15.9921875,0,0,18.51851851851852,0,0,0,0,0,0,0,0,0,0,0,0,0,0,0,18.51851851851852
