solution,status,score,%test passed,time,memory,subtask_0,subtask_1,subtask_10,subtask_2,subtask_3,subtask_4,subtask_5,subtask_6,subtask_7,subtask_8,subtask_9
bronze_Hungry_Cow_gpt-oss-20b-low_0.cpp,RUNTIME_ERROR,200,53.85%,0.040,2.84765625,0,0,33.33333333333333,0,0,0,33.33333333333333,33.33333333333333,33.33333333333333,33.33333333333333,33.33333333333333
bronze_Hungry_Cow_gpt-oss-20b-low_1.cpp,RUNTIME_ERROR,200,53.85%,0.040,2.84765625,0,0,33.33333333333333,0,0,0,33.33333333333333,33.33333333333333,33.33333333333333,33.33333333333333,33.33333333333333
bronze_Hungry_Cow_gpt-oss-20b-low_2.cpp,ACCEPTED,333,100.00%,0.030,2.84765625,0,33.33333333333333,33.33333333333333,33.33333333333333,33.33333333333333,33.33333333333333,33.33333333333333,33.33333333333333,33.33333333333333,33.33333333333333,33.33333333333333
bronze_Hungry_Cow_gpt-oss-20b-low_3.cpp,RUNTIME_ERROR,200,53.85%,0.030,2.84765625,0,0,33.33333333333333,0,0,0,33.33333333333333,33.33333333333333,33.33333333333333,33.33333333333333,33.33333333333333
bronze_Hungry_Cow_gpt-oss-20b-low_4.cpp,ACCEPTED,333,100.00%,0.030,2.84765625,0,33.33333333333333,33.33333333333333,33.33333333333333,33.33333333333333,33.33333333333333,33.33333333333333,33.33333333333333,33.33333333333333,33.33333333333333,33.33333333333333
bronze_Hungry_Cow_gpt-oss-20b-low_5.cpp,RUNTIME_ERROR,200,53.85%,0.040,2.84765625,0,0,33.33333333333333,0,0,0,33.33333333333333,33.33333333333333,33.33333333333333,33.33333333333333,33.33333333333333
bronze_Hungry_Cow_gpt-oss-20b-low_6.cpp,RUNTIME_ERROR,133,38.46%,0.030,0.00390625,0,0,33.33333333333333,0,0,0,0,33.33333333333333,0,33.33333333333333,33.33333333333333
bronze_Hungry_Cow_gpt-oss-20b-low_7.cpp,RUNTIME_ERROR,200,53.85%,0.030,2.84765625,0,0,33.33333333333333,0,0,0,33.33333333333333,33.33333333333333,33.33333333333333,33.33333333333333,33.33333333333333
