solution,status,score,%test passed,time,memory,subtask_0,subtask_1,subtask_10,subtask_11,subtask_12,subtask_2,subtask_3,subtask_4,subtask_5,subtask_6,subtask_7,subtask_8,subtask_9
bronze_Roundabout_Rounding_Qwen3-14B_0.cpp,WRONG_ANSWER,0,0.00%,0.130,2.0703125,0,0,0,0,0,0,0,0,0,0,0,0,0
bronze_Roundabout_Rounding_Qwen3-14B_1.cpp,COMPILATION_ERROR,0,0.00%,0.000,0,0,0,0,0,0,0,0,0,0,0,0,0,0
bronze_Roundabout_Rounding_Qwen3-14B_3.cpp,ACCEPTED,333,100.00%,0.120,2.015625,0,27.777777777777775,27.777777777777775,27.777777777777775,27.777777777777775,27.777777777777775,27.777777777777775,27.777777777777775,27.777777777777775,27.777777777777775,27.777777777777775,27.777777777777775,27.777777777777775
bronze_Roundabout_Rounding_Qwen3-14B_4.cpp,TIME_LIMIT_EXCEEDED,83,30.77%,2.320,1.81640625,0,27.777777777777775,0,0,0,27.777777777777775,27.777777777777775,0,0,0,0,0,0
bronze_Roundabout_Rounding_Qwen3-14B_5.cpp,WRONG_ANSWER,0,0.00%,0.130,2.07421875,0,0,0,0,0,0,0,0,0,0,0,0,0
bronze_Roundabout_Rounding_Qwen3-14B_7.cpp,TIME_LIMIT_EXCEEDED,0,0.00%,2.260,0.00390625,0,0,0,0,0,0,0,0,0,0,0,0,0
