solution,status,score,%test passed,time,memory,subtask_0,subtask_1,subtask_10,subtask_2,subtask_3,subtask_4,subtask_5,subtask_6,subtask_7,subtask_8,subtask_9
bronze_Moo_Operations_seed-oss_0.cpp,WRONG_ANSWER,0,0.00%,0.000,0,0,0,0,0,0,0,0,0,0,0,0
bronze_Moo_Operations_seed-oss_1.cpp,WRONG_ANSWER,0,0.00%,0.000,0,0,0,0,0,0,0,0,0,0,0,0
bronze_Moo_Operations_seed-oss_2.cpp,WRONG_ANSWER,0,0.00%,0.000,0,0,0,0,0,0,0,0,0,0,0,0
bronze_Moo_Operations_seed-oss_3.cpp,WRONG_ANSWER,0,0.00%,0.000,0,0,0,0,0,0,0,0,0,0,0,0
bronze_Moo_Operations_seed-oss_4.cpp,WRONG_ANSWER,0,0.00%,0.050,0,0,0,0,0,0,0,0,0,0,0,0
bronze_Moo_Operations_seed-oss_5.cpp,ACCEPTED,333,100.00%,0.050,1.4765625,0,33.33333333333333,33.33333333333333,33.33333333333333,33.33333333333333,33.33333333333333,33.33333333333333,33.33333333333333,33.33333333333333,33.33333333333333,33.33333333333333
bronze_Moo_Operations_seed-oss_6.cpp,WRONG_ANSWER,0,0.00%,0.000,0,0,0,0,0,0,0,0,0,0,0,0
bronze_Moo_Operations_seed-oss_7.cpp,ACCEPTED,333,100.00%,0.000,0,0,33.33333333333333,33.33333333333333,33.33333333333333,33.33333333333333,33.33333333333333,33.33333333333333,33.33333333333333,33.33333333333333,33.33333333333333,33.33333333333333
