solution,status,score,%test passed,time,memory,subtask_0,subtask_1,subtask_2,subtask_3,subtask_4,subtask_5
toy_gpt-5_0.cpp,RUNTIME_ERROR,0,51.54%,0.010,3.3515625,0,0,0,0,0,0
toy_gpt-5_1.cpp,ACCEPTED,100,100.00%,0.120,48.47265625,0,14,21,9,29,27
toy_gpt-5_2.cpp,ACCEPTED,100,100.00%,0.090,23.20703125,0,14,21,9,29,27
toy_gpt-5_3.cpp,ACCEPTED,100,100.00%,0.100,25.26953125,0,14,21,9,29,27
toy_gpt-5_4.cpp,ACCEPTED,100,100.00%,0.130,25.26953125,0,14,21,9,29,27
toy_gpt-5_5.cpp,ACCEPTED,100,100.00%,0.110,20.88671875,0,14,21,9,29,27
toy_gpt-5_6.cpp,ACCEPTED,100,100.00%,0.100,42.28515625,0,14,21,9,29,27
toy_gpt-5_7.cpp,ACCEPTED,100,100.00%,0.110,40.22265625,0,14,21,9,29,27
