solution,status,score,%test passed,time,memory,subtask_0,subtask_1,subtask_2,subtask_3,subtask_4,subtask_5,subtask_6,subtask_7,subtask_8,subtask_9
ones_gpt-o3-mini-high_0.cpp,WRONG_ANSWER,3,0.00%,0.190,1.94921875,0.00403,0.00719,0.015809999999999998,0.02895,0.052890000000000006,0.11624000000000001,0.20967,0.37653,0.81424,1.4774
ones_gpt-o3-mini-high_1.cpp,WRONG_ANSWER,25,0.00%,0.240,1.953125,4.70929,4.06906,3.35974,2.8991499999999997,2.49801,2.0357600000000002,1.72931,1.45111,1.1148099999999999,0.87959
ones_gpt-o3-mini-high_2.cpp,WRONG_ANSWER,25,0.00%,0.210,1.953125,4.72823,4.07686,3.3626899999999997,2.89704,2.49904,2.03989,1.73442,1.4582600000000001,1.1255,0.8935700000000001
ones_gpt-o3-mini-high_3.cpp,WRONG_ANSWER,25,0.00%,0.190,1.95703125,4.70929,4.06906,3.35974,2.8991499999999997,2.49801,2.0357600000000002,1.72931,1.45111,1.1148099999999999,0.87959
ones_gpt-o3-mini-high_4.cpp,WRONG_ANSWER,25,0.00%,0.180,1.953125,4.72823,4.07686,3.3626899999999997,2.89704,2.49904,2.03989,1.73442,1.4582600000000001,1.1255,0.8935700000000001
ones_gpt-o3-mini-high_5.cpp,WRONG_ANSWER,25,0.00%,0.180,1.953125,4.70929,4.06906,3.35974,2.8991499999999997,2.49801,2.0357600000000002,1.72931,1.45111,1.1148099999999999,0.87959
ones_gpt-o3-mini-high_6.cpp,WRONG_ANSWER,3,0.00%,0.220,1.95703125,0.00403,0.00719,0.015809999999999998,0.02895,0.052890000000000006,0.11624000000000001,0.20967,0.37653,0.81424,1.4774
ones_gpt-o3-mini-high_7.cpp,WRONG_ANSWER,25,0.00%,0.230,1.95703125,4.70929,4.06906,3.35974,2.8991499999999997,2.49801,2.0357600000000002,1.72931,1.45111,1.1148099999999999,0.87959
