solution,status,score,%test passed,time,memory,subtask_0,subtask_1,subtask_10,subtask_11,subtask_12,subtask_13,subtask_2,subtask_3,subtask_4,subtask_5,subtask_6,subtask_7,subtask_8,subtask_9
bronze_Milk_Exchange_Mistral-Large-Instruct-2411_0.cpp,TIME_LIMIT_EXCEEDED,51,12.50%,2.270,4.02734375,0,0,0,0,0,0,0,0,25.64102564102564,25.64102564102564,0,0,0,0
bronze_Milk_Exchange_Mistral-Large-Instruct-2411_1.cpp,TIME_LIMIT_EXCEEDED,128,50.00%,2.310,6.140625,0,25.64102564102564,0,0,0,0,25.64102564102564,25.64102564102564,25.64102564102564,25.64102564102564,0,0,0,0
bronze_Milk_Exchange_Mistral-Large-Instruct-2411_2.cpp,TIME_LIMIT_EXCEEDED,26,6.25%,2.280,4.796875,0,0,0,0,0,0,0,0,0,25.64102564102564,0,0,0,0
bronze_Milk_Exchange_Mistral-Large-Instruct-2411_3.cpp,RUNTIME_ERROR,103,25.00%,0.120,3.28125,0,0,25.64102564102564,0,0,25.64102564102564,0,0,25.64102564102564,25.64102564102564,0,0,0,0
bronze_Milk_Exchange_Mistral-Large-Instruct-2411_4.cpp,RUNTIME_ERROR,103,25.00%,0.150,3.25390625,0,0,25.64102564102564,0,0,25.64102564102564,0,0,25.64102564102564,25.64102564102564,0,0,0,0
bronze_Milk_Exchange_Mistral-Large-Instruct-2411_5.cpp,RUNTIME_ERROR,0,0.00%,0.150,3.25390625,0,0,0,0,0,0,0,0,0,0,0,0,0,0
bronze_Milk_Exchange_Mistral-Large-Instruct-2411_6.cpp,RUNTIME_ERROR,103,25.00%,0.150,3.25390625,0,0,25.64102564102564,0,0,25.64102564102564,0,0,25.64102564102564,25.64102564102564,0,0,0,0
bronze_Milk_Exchange_Mistral-Large-Instruct-2411_7.cpp,WRONG_ANSWER,103,37.50%,0.170,5.5703125,0,0,25.64102564102564,0,0,25.64102564102564,0,0,25.64102564102564,25.64102564102564,0,0,0,0
