solution,status,score,relative_score,%test passed,time,memory,subtask_0,subtask_1,subtask_10,subtask_2,subtask_3,subtask_4,subtask_5,subtask_6,subtask_7,subtask_8,subtask_9
silver_Pareidolia_gpt-oss-120b-medium_0.cpp,ACCEPTED,333,100.91%,100.00%,0.070,32.4765625,0,33.33333333333333,33.33333333333333,33.33333333333333,33.33333333333333,33.33333333333333,33.33333333333333,33.33333333333333,33.33333333333333,33.33333333333333,33.33333333333333
silver_Pareidolia_gpt-oss-120b-medium_1.cpp,ACCEPTED,333,100.91%,100.00%,0.060,33.76171875,0,33.33333333333333,33.33333333333333,33.33333333333333,33.33333333333333,33.33333333333333,33.33333333333333,33.33333333333333,33.33333333333333,33.33333333333333,33.33333333333333
silver_Pareidolia_gpt-oss-120b-medium_2.cpp,ACCEPTED,333,100.91%,100.00%,0.150,32.671875,0,33.33333333333333,33.33333333333333,33.33333333333333,33.33333333333333,33.33333333333333,33.33333333333333,33.33333333333333,33.33333333333333,33.33333333333333,33.33333333333333
silver_Pareidolia_gpt-oss-120b-medium_3.cpp,RUNTIME_ERROR,267,80.91%,66.67%,0.100,101.41015625,0,0,33.33333333333333,33.33333333333333,0,33.33333333333333,33.33333333333333,33.33333333333333,33.33333333333333,33.33333333333333,33.33333333333333
silver_Pareidolia_gpt-oss-120b-medium_4.cpp,ACCEPTED,333,100.91%,100.00%,0.050,1.49609375,0,33.33333333333333,33.33333333333333,33.33333333333333,33.33333333333333,33.33333333333333,33.33333333333333,33.33333333333333,33.33333333333333,33.33333333333333,33.33333333333333
silver_Pareidolia_gpt-oss-120b-medium_5.cpp,ACCEPTED,333,100.91%,100.00%,0.060,34.796875,0,33.33333333333333,33.33333333333333,33.33333333333333,33.33333333333333,33.33333333333333,33.33333333333333,33.33333333333333,33.33333333333333,33.33333333333333,33.33333333333333
silver_Pareidolia_gpt-oss-120b-medium_6.cpp,ACCEPTED,333,100.91%,100.00%,0.060,34.5390625,0,33.33333333333333,33.33333333333333,33.33333333333333,33.33333333333333,33.33333333333333,33.33333333333333,33.33333333333333,33.33333333333333,33.33333333333333,33.33333333333333
silver_Pareidolia_gpt-oss-120b-medium_7.cpp,RUNTIME_ERROR,0,0.00%,0.00%,0.050,1.6796875,0,0,0,0,0,0,0,0,0,0,0
