solution,status,score,relative_score,%test passed,time,memory,subtask_0,subtask_1,subtask_10,subtask_2,subtask_3,subtask_4,subtask_5,subtask_6,subtask_7,subtask_8,subtask_9
silver_Milk_Sum_gpt-oss-120b-medium_0.cpp,ACCEPTED,333,100.91%,100.00%,0.170,12.7578125,0,33.33333333333333,33.33333333333333,33.33333333333333,33.33333333333333,33.33333333333333,33.33333333333333,33.33333333333333,33.33333333333333,33.33333333333333,33.33333333333333
silver_Milk_Sum_gpt-oss-120b-medium_1.cpp,WRONG_ANSWER,67,20.30%,27.27%,0.140,4.90625,0,0,0,33.33333333333333,33.33333333333333,0,0,0,0,0,0
silver_Milk_Sum_gpt-oss-120b-medium_2.cpp,ACCEPTED,333,100.91%,100.00%,0.180,12.875,0,33.33333333333333,33.33333333333333,33.33333333333333,33.33333333333333,33.33333333333333,33.33333333333333,33.33333333333333,33.33333333333333,33.33333333333333,33.33333333333333
silver_Milk_Sum_gpt-oss-120b-medium_3.cpp,ACCEPTED,333,100.91%,100.00%,0.180,9.2890625,0,33.33333333333333,33.33333333333333,33.33333333333333,33.33333333333333,33.33333333333333,33.33333333333333,33.33333333333333,33.33333333333333,33.33333333333333,33.33333333333333
silver_Milk_Sum_gpt-oss-120b-medium_4.cpp,ACCEPTED,333,100.91%,100.00%,0.210,15.21875,0,33.33333333333333,33.33333333333333,33.33333333333333,33.33333333333333,33.33333333333333,33.33333333333333,33.33333333333333,33.33333333333333,33.33333333333333,33.33333333333333
silver_Milk_Sum_gpt-oss-120b-medium_5.cpp,ACCEPTED,333,100.91%,100.00%,0.180,9.4453125,0,33.33333333333333,33.33333333333333,33.33333333333333,33.33333333333333,33.33333333333333,33.33333333333333,33.33333333333333,33.33333333333333,33.33333333333333,33.33333333333333
silver_Milk_Sum_gpt-oss-120b-medium_6.cpp,WRONG_ANSWER,67,20.30%,27.27%,0.180,12.7578125,0,0,0,33.33333333333333,33.33333333333333,0,0,0,0,0,0
silver_Milk_Sum_gpt-oss-120b-medium_7.cpp,ACCEPTED,333,100.91%,100.00%,0.200,13.9296875,0,33.33333333333333,33.33333333333333,33.33333333333333,33.33333333333333,33.33333333333333,33.33333333333333,33.33333333333333,33.33333333333333,33.33333333333333,33.33333333333333
