solution,status,score,%test passed,time,memory,subtask_0,subtask_1,subtask_10,subtask_11,subtask_12,subtask_13,subtask_14,subtask_15,subtask_2,subtask_3,subtask_4,subtask_5,subtask_6,subtask_7,subtask_8,subtask_9
gold_Friendship_Editing_seed-oss_0.cpp,WRONG_ANSWER,22,22.22%,0.030,0.00390625,0,0,0,0,0,0,0,0,0,0,22.22222222222222,0,0,0,0,0
gold_Friendship_Editing_seed-oss_1.cpp,WRONG_ANSWER,22,22.22%,0.070,0.00390625,0,0,0,0,0,0,0,0,0,0,22.22222222222222,0,0,0,0,0
gold_Friendship_Editing_seed-oss_2.cpp,ACCEPTED,333,100.00%,1.090,2.07421875,0,22.22222222222222,22.22222222222222,22.22222222222222,22.22222222222222,22.22222222222222,22.22222222222222,22.22222222222222,22.22222222222222,22.22222222222222,22.22222222222222,22.22222222222222,22.22222222222222,22.22222222222222,22.22222222222222,22.22222222222222
gold_Friendship_Editing_seed-oss_3.cpp,TIME_LIMIT_EXCEEDED,222,72.22%,2.420,1.81640625,0,22.22222222222222,22.22222222222222,0,0,0,0,0,22.22222222222222,22.22222222222222,22.22222222222222,22.22222222222222,22.22222222222222,22.22222222222222,22.22222222222222,22.22222222222222
gold_Friendship_Editing_seed-oss_4.cpp,ACCEPTED,333,100.00%,0.060,2.84375,0,22.22222222222222,22.22222222222222,22.22222222222222,22.22222222222222,22.22222222222222,22.22222222222222,22.22222222222222,22.22222222222222,22.22222222222222,22.22222222222222,22.22222222222222,22.22222222222222,22.22222222222222,22.22222222222222,22.22222222222222
gold_Friendship_Editing_seed-oss_5.cpp,WRONG_ANSWER,22,22.22%,0.040,0.00390625,0,0,0,0,0,0,0,0,0,0,22.22222222222222,0,0,0,0,0
gold_Friendship_Editing_seed-oss_6.cpp,ACCEPTED,333,100.00%,0.060,2.84765625,0,22.22222222222222,22.22222222222222,22.22222222222222,22.22222222222222,22.22222222222222,22.22222222222222,22.22222222222222,22.22222222222222,22.22222222222222,22.22222222222222,22.22222222222222,22.22222222222222,22.22222222222222,22.22222222222222,22.22222222222222
gold_Friendship_Editing_seed-oss_7.cpp,WRONG_ANSWER,22,22.22%,0.040,0.00390625,0,0,0,0,0,0,0,0,0,0,22.22222222222222,0,0,0,0,0
