solution,status,score,%test passed,time,memory,subtask_0,subtask_1,subtask_10,subtask_11,subtask_12,subtask_13,subtask_14,subtask_15,subtask_2,subtask_3,subtask_4,subtask_5,subtask_6,subtask_7,subtask_8,subtask_9
silver_Vocabulary_Quiz_seed-oss_0.cpp,RUNTIME_ERROR,0,0.00%,0.240,159.94140625,0,0,0,0,0,0,0,0,0,0,0,0,0,0,0,0
silver_Vocabulary_Quiz_seed-oss_1.cpp,TIME_LIMIT_EXCEEDED,156,55.56%,2.450,96.04296875,0,22.22222222222222,0,0,0,0,0,0,22.22222222222222,22.22222222222222,22.22222222222222,22.22222222222222,22.22222222222222,22.22222222222222,0,0
silver_Vocabulary_Quiz_seed-oss_2.cpp,COMPILATION_ERROR,0,0.00%,0.000,0,0,0,0,0,0,0,0,0,0,0,0,0,0,0,0,0
silver_Vocabulary_Quiz_seed-oss_3.cpp,TIME_LIMIT_EXCEEDED,156,55.56%,2.420,140.37109375,0,22.22222222222222,0,0,0,0,0,0,22.22222222222222,22.22222222222222,22.22222222222222,22.22222222222222,22.22222222222222,22.22222222222222,0,0
silver_Vocabulary_Quiz_seed-oss_4.cpp,ACCEPTED,333,100.00%,0.190,16.49609375,0,22.22222222222222,22.22222222222222,22.22222222222222,22.22222222222222,22.22222222222222,22.22222222222222,22.22222222222222,22.22222222222222,22.22222222222222,22.22222222222222,22.22222222222222,22.22222222222222,22.22222222222222,22.22222222222222,22.22222222222222
silver_Vocabulary_Quiz_seed-oss_5.cpp,ACCEPTED,333,100.00%,1.230,142.84765625,0,22.22222222222222,22.22222222222222,22.22222222222222,22.22222222222222,22.22222222222222,22.22222222222222,22.22222222222222,22.22222222222222,22.22222222222222,22.22222222222222,22.22222222222222,22.22222222222222,22.22222222222222,22.22222222222222,22.22222222222222
silver_Vocabulary_Quiz_seed-oss_6.cpp,ACCEPTED,333,100.00%,0.340,72.234375,0,22.22222222222222,22.22222222222222,22.22222222222222,22.22222222222222,22.22222222222222,22.22222222222222,22.22222222222222,22.22222222222222,22.22222222222222,22.22222222222222,22.22222222222222,22.22222222222222,22.22222222222222,22.22222222222222,22.22222222222222
silver_Vocabulary_Quiz_seed-oss_7.cpp,TIME_LIMIT_EXCEEDED,0,0.00%,2.420,28.71484375,0,0,0,0,0,0,0,0,0,0,0,0,0,0,0,0
