solution,status,score,%test passed,time,memory,subtask_0,subtask_1,subtask_10,subtask_11,subtask_12,subtask_2,subtask_3,subtask_4,subtask_5,subtask_6,subtask_7,subtask_8,subtask_9
silver_Cowlendar_gemini-2.5-flash_0.cpp,ACCEPTED,333,100.00%,0.210,1.80859375,0,27.777777777777775,27.777777777777775,27.777777777777775,27.777777777777775,27.777777777777775,27.777777777777775,27.777777777777775,27.777777777777775,27.777777777777775,27.777777777777775,27.777777777777775,27.777777777777775
silver_Cowlendar_gemini-2.5-flash_1.cpp,ACCEPTED,333,100.00%,0.320,2.01171875,0,27.777777777777775,27.777777777777775,27.777777777777775,27.777777777777775,27.777777777777775,27.777777777777775,27.777777777777775,27.777777777777775,27.777777777777775,27.777777777777775,27.777777777777775,27.777777777777775
silver_Cowlendar_gemini-2.5-flash_2.cpp,TIME_LIMIT_EXCEEDED,306,92.86%,2.210,11.0703125,0,27.777777777777775,27.777777777777775,27.777777777777775,27.777777777777775,27.777777777777775,27.777777777777775,27.777777777777775,27.777777777777775,27.777777777777775,27.777777777777775,27.777777777777775,0
silver_Cowlendar_gemini-2.5-flash_3.cpp,ACCEPTED,333,100.00%,0.200,1.5546875,0,27.777777777777775,27.777777777777775,27.777777777777775,27.777777777777775,27.777777777777775,27.777777777777775,27.777777777777775,27.777777777777775,27.777777777777775,27.777777777777775,27.777777777777775,27.777777777777775
silver_Cowlendar_gemini-2.5-flash_4.cpp,TIME_LIMIT_EXCEEDED,111,42.86%,2.240,1.74609375,0,0,0,27.777777777777775,0,27.777777777777775,0,0,27.777777777777775,0,0,0,27.777777777777775
silver_Cowlendar_gemini-2.5-flash_5.cpp,ACCEPTED,333,100.00%,0.310,2.28515625,0,27.777777777777775,27.777777777777775,27.777777777777775,27.777777777777775,27.777777777777775,27.777777777777775,27.777777777777775,27.777777777777775,27.777777777777775,27.777777777777775,27.777777777777775,27.777777777777775
silver_Cowlendar_gemini-2.5-flash_6.cpp,ACCEPTED,333,100.00%,0.050,3.359375,0,27.777777777777775,27.777777777777775,27.777777777777775,27.777777777777775,27.777777777777775,27.777777777777775,27.777777777777775,27.777777777777775,27.777777777777775,27.777777777777775,27.777777777777775,27.777777777777775
silver_Cowlendar_gemini-2.5-flash_7.cpp,RUNTIME_ERROR,194,50.00%,0.230,1.55078125,0,0,0,27.777777777777775,27.777777777777775,27.777777777777775,0,27.777777777777775,27.777777777777775,0,27.777777777777775,0,27.777777777777775
