solution,status,score,%test passed,time,memory,subtask_0,subtask_1,subtask_10,subtask_2,subtask_3,subtask_4,subtask_5,subtask_6,subtask_7,subtask_8,subtask_9
bronze_Hungry_Cow_Llama-4-Scout_0.cpp,WRONG_ANSWER,133,53.85%,1.580,3.10546875,0,33.33333333333333,0,33.33333333333333,33.33333333333333,33.33333333333333,0,0,0,0,0
bronze_Hungry_Cow_Llama-4-Scout_1.cpp,WRONG_ANSWER,133,53.85%,1.580,3.10546875,0,33.33333333333333,0,33.33333333333333,33.33333333333333,33.33333333333333,0,0,0,0,0
bronze_Hungry_Cow_Llama-4-Scout_2.cpp,WRONG_ANSWER,133,53.85%,1.570,3.10546875,0,33.33333333333333,0,33.33333333333333,33.33333333333333,33.33333333333333,0,0,0,0,0
bronze_Hungry_Cow_Llama-4-Scout_3.cpp,TIME_LIMIT_EXCEEDED,133,53.85%,2.410,3.10546875,0,33.33333333333333,0,33.33333333333333,33.33333333333333,33.33333333333333,0,0,0,0,0
bronze_Hungry_Cow_Llama-4-Scout_4.cpp,WRONG_ANSWER,133,53.85%,1.560,3.1328125,0,33.33333333333333,0,33.33333333333333,33.33333333333333,33.33333333333333,0,0,0,0,0
bronze_Hungry_Cow_Llama-4-Scout_5.cpp,WRONG_ANSWER,133,53.85%,1.570,3.1015625,0,33.33333333333333,0,33.33333333333333,33.33333333333333,33.33333333333333,0,0,0,0,0
bronze_Hungry_Cow_Llama-4-Scout_6.cpp,WRONG_ANSWER,133,53.85%,1.570,3.10546875,0,33.33333333333333,0,33.33333333333333,33.33333333333333,33.33333333333333,0,0,0,0,0
bronze_Hungry_Cow_Llama-4-Scout_7.cpp,WRONG_ANSWER,133,53.85%,2.110,2.84765625,0,33.33333333333333,0,33.33333333333333,33.33333333333333,33.33333333333333,0,0,0,0,0
