solution,status,score,%test passed,time,memory,subtask_0,subtask_1,subtask_2,subtask_3,subtask_4,subtask_5,subtask_6,subtask_7,subtask_8,subtask_9
ones_seed-oss_0.cpp,UNKNOWN,0,0.00%,0.000,0,0,0,0,0,0,0,0,0,0,0
ones_seed-oss_1.cpp,WRONG_ANSWER,20,0.00%,0.140,1.953125,1.74569,1.7815800000000002,1.83025,1.8659899999999998,1.90143,1.95442,2.00443,2.06189,2.15504,2.23298
ones_seed-oss_2.cpp,WRONG_ANSWER,25,0.00%,0.130,1.94921875,4.72823,4.07686,3.3626899999999997,2.89704,2.49904,2.03989,1.73442,1.4582600000000001,1.1255,0.8935700000000001
ones_seed-oss_3.cpp,WRONG_ANSWER,18,0.00%,0.340,2.75,2.81779,2.60113,2.34142,2.1402799999999997,1.94128,1.66496,1.4656,1.27481,1.02474,0.83867
ones_seed-oss_4.cpp,WRONG_ANSWER,0,0.00%,0.030,1.80859375,0.0,0.0,0.0,0.0,0.0,0.0,0.0,0.0,0.0,0.0
ones_seed-oss_5.cpp,WRONG_ANSWER,18,0.00%,0.220,2.078125,1.72566,1.7230599999999998,1.7371,1.75349,1.76993,1.7938299999999998,1.81568,1.83663,1.8592,1.85833
ones_seed-oss_6.cpp,UNKNOWN,0,0.00%,0.000,0,0,0,0,0,0,0,0,0,0,0
ones_seed-oss_7.cpp,UNKNOWN,0,0.00%,0.000,0,0,0,0,0,0,0,0,0,0,0
