solution,status,score,%test passed,time,memory,subtask_0,subtask_1,subtask_10,subtask_11,subtask_12,subtask_13,subtask_14,subtask_15,subtask_2,subtask_3,subtask_4,subtask_5,subtask_6,subtask_7,subtask_8,subtask_9
silver_The_Winning_Gene_Llama-4-Scout_0.cpp,TIME_LIMIT_EXCEEDED,67,25.00%,2.410,1.55078125,0,22.22222222222222,0,0,0,0,0,0,22.22222222222222,22.22222222222222,0,0,0,0,0,0
silver_The_Winning_Gene_Llama-4-Scout_1.cpp,TIME_LIMIT_EXCEEDED,22,6.25%,2.420,1.55078125,0,22.22222222222222,0,0,0,0,0,0,0,0,0,0,0,0,0,0
silver_The_Winning_Gene_Llama-4-Scout_2.cpp,COMPILATION_ERROR,0,0.00%,0.000,0,0,0,0,0,0,0,0,0,0,0,0,0,0,0,0,0
silver_The_Winning_Gene_Llama-4-Scout_3.cpp,TIME_LIMIT_EXCEEDED,67,25.00%,2.410,1.55078125,0,22.22222222222222,0,0,0,0,0,0,22.22222222222222,22.22222222222222,0,0,0,0,0,0
silver_The_Winning_Gene_Llama-4-Scout_4.cpp,TIME_LIMIT_EXCEEDED,67,25.00%,2.420,1.55078125,0,22.22222222222222,0,0,0,0,0,0,22.22222222222222,22.22222222222222,0,0,0,0,0,0
silver_The_Winning_Gene_Llama-4-Scout_5.cpp,TIME_LIMIT_EXCEEDED,67,25.00%,2.430,1.55078125,0,22.22222222222222,0,0,0,0,0,0,22.22222222222222,22.22222222222222,0,0,0,0,0,0
silver_The_Winning_Gene_Llama-4-Scout_6.cpp,TIME_LIMIT_EXCEEDED,67,25.00%,2.420,1.55078125,0,22.22222222222222,0,0,0,0,0,0,22.22222222222222,22.22222222222222,0,0,0,0,0,0
silver_The_Winning_Gene_Llama-4-Scout_7.cpp,TIME_LIMIT_EXCEEDED,67,25.00%,2.420,1.55078125,0,22.22222222222222,0,0,0,0,0,0,22.22222222222222,22.22222222222222,0,0,0,0,0,0
