solution,status,score,%test passed,time,memory,subtask_0,subtask_1,subtask_10,subtask_11,subtask_12,subtask_2,subtask_3,subtask_4,subtask_5,subtask_6,subtask_7,subtask_8,subtask_9
gold_Bessla_Motors_Qwen3-30B-Non-Thinking_0.cpp,TIME_LIMIT_EXCEEDED,83,40.00%,3.310,9.35546875,0,27.777777777777775,0,0,0,27.777777777777775,0,0,27.777777777777775,0,0,0,0
gold_Bessla_Motors_Qwen3-30B-Non-Thinking_1.cpp,TIME_LIMIT_EXCEEDED,83,40.00%,3.450,9.35546875,0,27.777777777777775,0,0,0,27.777777777777775,0,0,27.777777777777775,0,0,0,0
gold_Bessla_Motors_Qwen3-30B-Non-Thinking_2.cpp,TIME_LIMIT_EXCEEDED,83,40.00%,3.380,9.34765625,0,27.777777777777775,0,0,0,27.777777777777775,0,0,27.777777777777775,0,0,0,0
gold_Bessla_Motors_Qwen3-30B-Non-Thinking_3.cpp,TIME_LIMIT_EXCEEDED,83,40.00%,3.410,9.33984375,0,27.777777777777775,0,0,0,27.777777777777775,0,0,27.777777777777775,0,0,0,0
gold_Bessla_Motors_Qwen3-30B-Non-Thinking_4.cpp,TIME_LIMIT_EXCEEDED,83,40.00%,3.370,9.3515625,0,27.777777777777775,0,0,0,27.777777777777775,0,0,27.777777777777775,0,0,0,0
gold_Bessla_Motors_Qwen3-30B-Non-Thinking_5.cpp,TIME_LIMIT_EXCEEDED,83,40.00%,3.390,9.35546875,0,27.777777777777775,0,0,0,27.777777777777775,0,0,27.777777777777775,0,0,0,0
gold_Bessla_Motors_Qwen3-30B-Non-Thinking_6.cpp,TIME_LIMIT_EXCEEDED,83,40.00%,3.370,9.35546875,0,27.777777777777775,0,0,0,27.777777777777775,0,0,27.777777777777775,0,0,0,0
gold_Bessla_Motors_Qwen3-30B-Non-Thinking_7.cpp,TIME_LIMIT_EXCEEDED,83,40.00%,3.340,9.29296875,0,27.777777777777775,0,0,0,27.777777777777775,0,0,27.777777777777775,0,0,0,0
