solution,status,score,%test passed,time,memory,subtask_0,subtask_1,subtask_10,subtask_2,subtask_3,subtask_4,subtask_5,subtask_6,subtask_7,subtask_8,subtask_9
bronze_Astral_Superposition_gemini-2.5-pro_0.cpp,ACCEPTED,333,100.00%,0.320,2.71875,0,33.33333333333333,33.33333333333333,33.33333333333333,33.33333333333333,33.33333333333333,33.33333333333333,33.33333333333333,33.33333333333333,33.33333333333333,33.33333333333333
bronze_Astral_Superposition_gemini-2.5-pro_1.cpp,ACCEPTED,333,100.00%,0.240,2.71875,0,33.33333333333333,33.33333333333333,33.33333333333333,33.33333333333333,33.33333333333333,33.33333333333333,33.33333333333333,33.33333333333333,33.33333333333333,33.33333333333333
bronze_Astral_Superposition_gemini-2.5-pro_2.cpp,ACCEPTED,333,100.00%,0.350,2.62890625,0,33.33333333333333,33.33333333333333,33.33333333333333,33.33333333333333,33.33333333333333,33.33333333333333,33.33333333333333,33.33333333333333,33.33333333333333,33.33333333333333
bronze_Astral_Superposition_gemini-2.5-pro_3.cpp,ACCEPTED,333,100.00%,0.190,4.5078125,0,33.33333333333333,33.33333333333333,33.33333333333333,33.33333333333333,33.33333333333333,33.33333333333333,33.33333333333333,33.33333333333333,33.33333333333333,33.33333333333333
bronze_Astral_Superposition_gemini-2.5-pro_4.cpp,ACCEPTED,333,100.00%,0.460,3.7890625,0,33.33333333333333,33.33333333333333,33.33333333333333,33.33333333333333,33.33333333333333,33.33333333333333,33.33333333333333,33.33333333333333,33.33333333333333,33.33333333333333
bronze_Astral_Superposition_gemini-2.5-pro_5.cpp,ACCEPTED,333,100.00%,0.450,2.58203125,0,33.33333333333333,33.33333333333333,33.33333333333333,33.33333333333333,33.33333333333333,33.33333333333333,33.33333333333333,33.33333333333333,33.33333333333333,33.33333333333333
bronze_Astral_Superposition_gemini-2.5-pro_6.cpp,ACCEPTED,333,100.00%,0.280,2.703125,0,33.33333333333333,33.33333333333333,33.33333333333333,33.33333333333333,33.33333333333333,33.33333333333333,33.33333333333333,33.33333333333333,33.33333333333333,33.33333333333333
bronze_Astral_Superposition_gemini-2.5-pro_7.cpp,ACCEPTED,333,100.00%,0.420,2.73828125,0,33.33333333333333,33.33333333333333,33.33333333333333,33.33333333333333,33.33333333333333,33.33333333333333,33.33333333333333,33.33333333333333,33.33333333333333,33.33333333333333
