solution,status,score,%test passed,time,memory,subtask_0,subtask_1,subtask_10,subtask_11,subtask_12,subtask_13,subtask_14,subtask_15,subtask_2,subtask_3,subtask_4,subtask_5,subtask_6,subtask_7,subtask_8,subtask_9
gold_Median_Heap_gemini-2.5-pro_0.cpp,MEMORY_LIMIT_EXCEEDED,222,68.75%,2.580,280.8671875,0,22.22222222222222,22.22222222222222,0,0,22.22222222222222,22.22222222222222,0,22.22222222222222,22.22222222222222,22.22222222222222,22.22222222222222,22.22222222222222,0,0,22.22222222222222
gold_Median_Heap_gemini-2.5-pro_1.cpp,MEMORY_LIMIT_EXCEEDED,133,43.75%,0.280,275.61328125,0,22.22222222222222,0,0,0,0,0,0,22.22222222222222,22.22222222222222,22.22222222222222,22.22222222222222,22.22222222222222,0,0,0
gold_Median_Heap_gemini-2.5-pro_2.cpp,MEMORY_LIMIT_EXCEEDED,178,56.25%,2.270,279.83984375,0,22.22222222222222,0,0,0,22.22222222222222,22.22222222222222,0,22.22222222222222,22.22222222222222,22.22222222222222,22.22222222222222,22.22222222222222,0,0,0
gold_Median_Heap_gemini-2.5-pro_3.cpp,ACCEPTED,333,100.00%,2.890,176.96484375,0,22.22222222222222,22.22222222222222,22.22222222222222,22.22222222222222,22.22222222222222,22.22222222222222,22.22222222222222,22.22222222222222,22.22222222222222,22.22222222222222,22.22222222222222,22.22222222222222,22.22222222222222,22.22222222222222,22.22222222222222
gold_Median_Heap_gemini-2.5-pro_4.cpp,MEMORY_LIMIT_EXCEEDED,133,43.75%,0.500,279.6484375,0,22.22222222222222,0,0,0,0,0,0,22.22222222222222,22.22222222222222,22.22222222222222,22.22222222222222,22.22222222222222,0,0,0
gold_Median_Heap_gemini-2.5-pro_5.cpp,TIME_LIMIT_EXCEEDED,0,6.25%,4.500,107.87109375,0,0,0,0,0,0,0,0,0,0,0,0,0,0,0,0
gold_Median_Heap_gemini-2.5-pro_6.cpp,TIME_LIMIT_EXCEEDED,133,43.75%,4.490,123.03125,0,22.22222222222222,0,0,0,0,0,0,22.22222222222222,22.22222222222222,22.22222222222222,22.22222222222222,22.22222222222222,0,0,0
gold_Median_Heap_gemini-2.5-pro_7.cpp,MEMORY_LIMIT_EXCEEDED,222,68.75%,3.550,281.0078125,0,22.22222222222222,22.22222222222222,0,0,22.22222222222222,22.22222222222222,0,22.22222222222222,22.22222222222222,22.22222222222222,22.22222222222222,22.22222222222222,0,0,22.22222222222222
