solution,status,score,%test passed,time,memory,subtask_0,subtask_1,subtask_10,subtask_11,subtask_12,subtask_13,subtask_14,subtask_15,subtask_2,subtask_3,subtask_4,subtask_5,subtask_6,subtask_7,subtask_8,subtask_9
silver_Farmer_Johns_Favorite_Operation_gemini-2.5-pro_0.cpp,WRONG_ANSWER,0,0.00%,0.690,44.640625,0,0,0,0,0,0,0,0,0,0,0,0,0,0,0,0
silver_Farmer_Johns_Favorite_Operation_gemini-2.5-pro_1.cpp,WRONG_ANSWER,0,0.00%,0.500,21.53515625,0,0,0,0,0,0,0,0,0,0,0,0,0,0,0,0
silver_Farmer_Johns_Favorite_Operation_gemini-2.5-pro_2.cpp,WRONG_ANSWER,0,0.00%,0.480,27.984375,0,0,0,0,0,0,0,0,0,0,0,0,0,0,0,0
silver_Farmer_Johns_Favorite_Operation_gemini-2.5-pro_3.cpp,WRONG_ANSWER,0,6.25%,0.230,2.07421875,0,0,0,0,0,0,0,0,0,0,0,0,0,0,0,0
silver_Farmer_Johns_Favorite_Operation_gemini-2.5-pro_4.cpp,ACCEPTED,333,100.00%,0.210,4.390625,0,22.22222222222222,22.22222222222222,22.22222222222222,22.22222222222222,22.22222222222222,22.22222222222222,22.22222222222222,22.22222222222222,22.22222222222222,22.22222222222222,22.22222222222222,22.22222222222222,22.22222222222222,22.22222222222222,22.22222222222222
silver_Farmer_Johns_Favorite_Operation_gemini-2.5-pro_5.cpp,WRONG_ANSWER,0,0.00%,0.560,41.94140625,0,0,0,0,0,0,0,0,0,0,0,0,0,0,0,0
silver_Farmer_Johns_Favorite_Operation_gemini-2.5-pro_6.cpp,WRONG_ANSWER,0,0.00%,0.200,4.39453125,0,0,0,0,0,0,0,0,0,0,0,0,0,0,0,0
silver_Farmer_Johns_Favorite_Operation_gemini-2.5-pro_7.cpp,ACCEPTED,333,100.00%,0.200,5.9375,0,22.22222222222222,22.22222222222222,22.22222222222222,22.22222222222222,22.22222222222222,22.22222222222222,22.22222222222222,22.22222222222222,22.22222222222222,22.22222222222222,22.22222222222222,22.22222222222222,22.22222222222222,22.22222222222222,22.22222222222222
