solution,status,score,%test passed,time,memory,subtask_0,subtask_1,subtask_10,subtask_2,subtask_3,subtask_4,subtask_5,subtask_6,subtask_7,subtask_8,subtask_9
bronze_Its_Mooin_Time_seed-oss_0.cpp,RUNTIME_ERROR,33,7.69%,0.140,5.44140625,0,0,0,0,0,33.33333333333333,0,0,0,0,0
bronze_Its_Mooin_Time_seed-oss_1.cpp,TIME_LIMIT_EXCEEDED,167,61.54%,2.450,0.00390625,0,33.33333333333333,0,33.33333333333333,33.33333333333333,33.33333333333333,33.33333333333333,0,0,0,0
bronze_Its_Mooin_Time_seed-oss_2.cpp,MEMORY_LIMIT_EXCEEDED,33,7.69%,0.060,3.3515625,0,0,0,0,0,33.33333333333333,0,0,0,0,0
bronze_Its_Mooin_Time_seed-oss_3.cpp,ACCEPTED,333,100.00%,0.870,0.00390625,0,33.33333333333333,33.33333333333333,33.33333333333333,33.33333333333333,33.33333333333333,33.33333333333333,33.33333333333333,33.33333333333333,33.33333333333333,33.33333333333333
bronze_Its_Mooin_Time_seed-oss_4.cpp,UNKNOWN,0,0.00%,0.000,0,0,0,0,0,0,0,0,0,0,0,0
bronze_Its_Mooin_Time_seed-oss_5.cpp,WRONG_ANSWER,200,61.54%,0.100,1.65625,0,33.33333333333333,0,33.33333333333333,33.33333333333333,0,33.33333333333333,33.33333333333333,33.33333333333333,0,0
bronze_Its_Mooin_Time_seed-oss_6.cpp,UNKNOWN,0,0.00%,0.000,0,0,0,0,0,0,0,0,0,0,0,0
bronze_Its_Mooin_Time_seed-oss_7.cpp,UNKNOWN,0,0.00%,0.000,0,0,0,0,0,0,0,0,0,0,0,0
