solution,status,score,%test passed,time,memory,subtask_0,subtask_1,subtask_10,subtask_2,subtask_3,subtask_4,subtask_5,subtask_6,subtask_7,subtask_8,subtask_9
silver_Deforestation_seed-oss_0.cpp,WRONG_ANSWER,100,36.36%,0.200,4.8515625,0,0,0,0,0,0,33.33333333333333,33.33333333333333,33.33333333333333,0,0
silver_Deforestation_seed-oss_1.cpp,ACCEPTED,333,100.00%,0.190,3.96875,0,33.33333333333333,33.33333333333333,33.33333333333333,33.33333333333333,33.33333333333333,33.33333333333333,33.33333333333333,33.33333333333333,33.33333333333333,33.33333333333333
silver_Deforestation_seed-oss_2.cpp,ACCEPTED,333,100.00%,0.200,4.74609375,0,33.33333333333333,33.33333333333333,33.33333333333333,33.33333333333333,33.33333333333333,33.33333333333333,33.33333333333333,33.33333333333333,33.33333333333333,33.33333333333333
silver_Deforestation_seed-oss_3.cpp,WRONG_ANSWER,67,27.27%,0.190,6.375,0,0,0,0,0,0,33.33333333333333,33.33333333333333,0,0,0
silver_Deforestation_seed-oss_4.cpp,ACCEPTED,333,100.00%,0.210,8.6953125,0,33.33333333333333,33.33333333333333,33.33333333333333,33.33333333333333,33.33333333333333,33.33333333333333,33.33333333333333,33.33333333333333,33.33333333333333,33.33333333333333
silver_Deforestation_seed-oss_5.cpp,ACCEPTED,333,100.00%,0.200,3.96875,0,33.33333333333333,33.33333333333333,33.33333333333333,33.33333333333333,33.33333333333333,33.33333333333333,33.33333333333333,33.33333333333333,33.33333333333333,33.33333333333333
silver_Deforestation_seed-oss_6.cpp,ACCEPTED,333,100.00%,0.200,4.74609375,0,33.33333333333333,33.33333333333333,33.33333333333333,33.33333333333333,33.33333333333333,33.33333333333333,33.33333333333333,33.33333333333333,33.33333333333333,33.33333333333333
silver_Deforestation_seed-oss_7.cpp,WRONG_ANSWER,0,0.00%,0.190,8.01953125,0,0,0,0,0,0,0,0,0,0,0
