solution,status,score,%test passed,time,memory,subtask_0,subtask_1,subtask_10,subtask_2,subtask_3,subtask_4,subtask_5,subtask_6,subtask_7,subtask_8,subtask_9
bronze_Its_Mooin_Time_gpt-o3-mini-high_0.cpp,RUNTIME_ERROR,33,7.69%,0.060,1.609375,0,0,0,0,0,33.33333333333333,0,0,0,0,0
bronze_Its_Mooin_Time_gpt-o3-mini-high_1.cpp,RUNTIME_ERROR,33,7.69%,0.060,2.12109375,0,0,0,0,0,33.33333333333333,0,0,0,0,0
bronze_Its_Mooin_Time_gpt-o3-mini-high_2.cpp,RUNTIME_ERROR,33,7.69%,0.040,1.60546875,0,0,0,0,0,33.33333333333333,0,0,0,0,0
bronze_Its_Mooin_Time_gpt-o3-mini-high_3.cpp,RUNTIME_ERROR,33,7.69%,0.450,3.328125,0,0,0,0,0,33.33333333333333,0,0,0,0,0
bronze_Its_Mooin_Time_gpt-o3-mini-high_4.cpp,ACCEPTED,333,100.00%,0.410,1.65625,0,33.33333333333333,33.33333333333333,33.33333333333333,33.33333333333333,33.33333333333333,33.33333333333333,33.33333333333333,33.33333333333333,33.33333333333333,33.33333333333333
bronze_Its_Mooin_Time_gpt-o3-mini-high_5.cpp,ACCEPTED,333,100.00%,0.410,1.609375,0,33.33333333333333,33.33333333333333,33.33333333333333,33.33333333333333,33.33333333333333,33.33333333333333,33.33333333333333,33.33333333333333,33.33333333333333,33.33333333333333
bronze_Its_Mooin_Time_gpt-o3-mini-high_6.cpp,RUNTIME_ERROR,33,7.69%,0.040,0.00390625,0,0,0,0,0,33.33333333333333,0,0,0,0,0
bronze_Its_Mooin_Time_gpt-o3-mini-high_7.cpp,COMPILATION_ERROR,0,0.00%,0.000,0,0,0,0,0,0,0,0,0,0,0,0
