solution,status,score,%test passed,time,memory,subtask_0,subtask_1,subtask_10,subtask_11,subtask_12,subtask_13,subtask_14,subtask_15,subtask_2,subtask_3,subtask_4,subtask_5,subtask_6,subtask_7,subtask_8,subtask_9
gold_Job_Completion_gpt-o3-mini-high_0.cpp,WRONG_ANSWER,67,25.00%,0.130,4.7421875,0,22.22222222222222,0,0,22.22222222222222,22.22222222222222,0,0,0,0,0,0,0,0,0,0
gold_Job_Completion_gpt-o3-mini-high_1.cpp,WRONG_ANSWER,67,25.00%,0.120,6.02734375,0,22.22222222222222,0,0,22.22222222222222,22.22222222222222,0,0,0,0,0,0,0,0,0,0
gold_Job_Completion_gpt-o3-mini-high_2.cpp,WRONG_ANSWER,22,12.50%,0.130,4.73046875,0,22.22222222222222,0,0,0,0,0,0,0,0,0,0,0,0,0,0
gold_Job_Completion_gpt-o3-mini-high_3.cpp,WRONG_ANSWER,67,25.00%,0.120,5.25390625,0,22.22222222222222,0,0,22.22222222222222,22.22222222222222,0,0,0,0,0,0,0,0,0,0
gold_Job_Completion_gpt-o3-mini-high_4.cpp,WRONG_ANSWER,22,12.50%,0.120,5.79296875,0,22.22222222222222,0,0,0,0,0,0,0,0,0,0,0,0,0,0
gold_Job_Completion_gpt-o3-mini-high_5.cpp,WRONG_ANSWER,67,25.00%,0.120,5.25390625,0,22.22222222222222,0,0,22.22222222222222,22.22222222222222,0,0,0,0,0,0,0,0,0,0
gold_Job_Completion_gpt-o3-mini-high_6.cpp,WRONG_ANSWER,67,25.00%,0.120,6.03125,0,22.22222222222222,0,0,22.22222222222222,22.22222222222222,0,0,0,0,0,0,0,0,0,0
gold_Job_Completion_gpt-o3-mini-high_7.cpp,WRONG_ANSWER,67,25.00%,0.140,6.02734375,0,22.22222222222222,0,0,22.22222222222222,22.22222222222222,0,0,0,0,0,0,0,0,0,0
