solution,status,score,%test passed,time,memory,subtask_0,subtask_1,subtask_10,subtask_2,subtask_3,subtask_4,subtask_5,subtask_6,subtask_7,subtask_8,subtask_9
silver_Deforestation_gpt-o3-mini-high_0.cpp,ACCEPTED,333,100.00%,0.220,10.39453125,0,33.33333333333333,33.33333333333333,33.33333333333333,33.33333333333333,33.33333333333333,33.33333333333333,33.33333333333333,33.33333333333333,33.33333333333333,33.33333333333333
silver_Deforestation_gpt-o3-mini-high_1.cpp,ACCEPTED,333,100.00%,0.220,7.89453125,0,33.33333333333333,33.33333333333333,33.33333333333333,33.33333333333333,33.33333333333333,33.33333333333333,33.33333333333333,33.33333333333333,33.33333333333333,33.33333333333333
silver_Deforestation_gpt-o3-mini-high_2.cpp,ACCEPTED,333,100.00%,0.200,5.0859375,0,33.33333333333333,33.33333333333333,33.33333333333333,33.33333333333333,33.33333333333333,33.33333333333333,33.33333333333333,33.33333333333333,33.33333333333333,33.33333333333333
silver_Deforestation_gpt-o3-mini-high_3.cpp,ACCEPTED,333,100.00%,0.190,9.36328125,0,33.33333333333333,33.33333333333333,33.33333333333333,33.33333333333333,33.33333333333333,33.33333333333333,33.33333333333333,33.33333333333333,33.33333333333333,33.33333333333333
silver_Deforestation_gpt-o3-mini-high_4.cpp,ACCEPTED,333,100.00%,0.220,9.87890625,0,33.33333333333333,33.33333333333333,33.33333333333333,33.33333333333333,33.33333333333333,33.33333333333333,33.33333333333333,33.33333333333333,33.33333333333333,33.33333333333333
silver_Deforestation_gpt-o3-mini-high_5.cpp,ACCEPTED,333,100.00%,0.240,7.99609375,0,33.33333333333333,33.33333333333333,33.33333333333333,33.33333333333333,33.33333333333333,33.33333333333333,33.33333333333333,33.33333333333333,33.33333333333333,33.33333333333333
silver_Deforestation_gpt-o3-mini-high_6.cpp,ACCEPTED,333,100.00%,0.200,8.24609375,0,33.33333333333333,33.33333333333333,33.33333333333333,33.33333333333333,33.33333333333333,33.33333333333333,33.33333333333333,33.33333333333333,33.33333333333333,33.33333333333333
silver_Deforestation_gpt-o3-mini-high_7.cpp,ACCEPTED,333,100.00%,0.350,8.01953125,0,33.33333333333333,33.33333333333333,33.33333333333333,33.33333333333333,33.33333333333333,33.33333333333333,33.33333333333333,33.33333333333333,33.33333333333333,33.33333333333333
