solution,status,score,%test passed,time,memory,subtask_0,subtask_1,subtask_10,subtask_2,subtask_3,subtask_4,subtask_5,subtask_6,subtask_7,subtask_8,subtask_9
silver_Cake_Game_gpt-o3-mini-high_0.cpp,ACCEPTED,333,100.00%,0.130,7.15234375,0,33.33333333333333,33.33333333333333,33.33333333333333,33.33333333333333,33.33333333333333,33.33333333333333,33.33333333333333,33.33333333333333,33.33333333333333,33.33333333333333
silver_Cake_Game_gpt-o3-mini-high_1.cpp,ACCEPTED,333,100.00%,0.130,11.0234375,0,33.33333333333333,33.33333333333333,33.33333333333333,33.33333333333333,33.33333333333333,33.33333333333333,33.33333333333333,33.33333333333333,33.33333333333333,33.33333333333333
silver_Cake_Game_gpt-o3-mini-high_2.cpp,ACCEPTED,333,100.00%,0.140,7.15625,0,33.33333333333333,33.33333333333333,33.33333333333333,33.33333333333333,33.33333333333333,33.33333333333333,33.33333333333333,33.33333333333333,33.33333333333333,33.33333333333333
silver_Cake_Game_gpt-o3-mini-high_3.cpp,ACCEPTED,333,100.00%,0.140,11.01953125,0,33.33333333333333,33.33333333333333,33.33333333333333,33.33333333333333,33.33333333333333,33.33333333333333,33.33333333333333,33.33333333333333,33.33333333333333,33.33333333333333
silver_Cake_Game_gpt-o3-mini-high_4.cpp,ACCEPTED,333,100.00%,0.140,7.15234375,0,33.33333333333333,33.33333333333333,33.33333333333333,33.33333333333333,33.33333333333333,33.33333333333333,33.33333333333333,33.33333333333333,33.33333333333333,33.33333333333333
silver_Cake_Game_gpt-o3-mini-high_5.cpp,ACCEPTED,333,100.00%,0.130,6.125,0,33.33333333333333,33.33333333333333,33.33333333333333,33.33333333333333,33.33333333333333,33.33333333333333,33.33333333333333,33.33333333333333,33.33333333333333,33.33333333333333
silver_Cake_Game_gpt-o3-mini-high_6.cpp,WRONG_ANSWER,33,18.18%,0.130,6.0625,0,33.33333333333333,0,0,0,0,0,0,0,0,0
silver_Cake_Game_gpt-o3-mini-high_7.cpp,COMPILATION_ERROR,0,0.00%,0.000,0,0,0,0,0,0,0,0,0,0,0,0
