solution,status,score,%test passed,time,memory,subtask_0,subtask_1,subtask_10,subtask_11,subtask_12,subtask_13,subtask_14,subtask_15,subtask_16,subtask_17,subtask_18,subtask_19,subtask_2,subtask_20,subtask_3,subtask_4,subtask_5,subtask_6,subtask_7,subtask_8,subtask_9
silver_Cow_Checkups_deepseek-chat_0.cpp,TIME_LIMIT_EXCEEDED,100,39.13%,2.250,26.30859375,0,16.666666666666664,0,0,0,0,0,0,0,0,0,0,16.666666666666664,0,16.666666666666664,16.666666666666664,16.666666666666664,16.666666666666664,0,0,0
silver_Cow_Checkups_deepseek-chat_1.cpp,TIME_LIMIT_EXCEEDED,100,39.13%,2.270,38.62890625,0,16.666666666666664,0,0,0,0,0,0,0,0,0,0,16.666666666666664,0,16.666666666666664,16.666666666666664,16.666666666666664,16.666666666666664,0,0,0
silver_Cow_Checkups_deepseek-chat_2.cpp,TIME_LIMIT_EXCEEDED,100,39.13%,2.270,26.30859375,0,16.666666666666664,0,0,0,0,0,0,0,0,0,0,16.666666666666664,0,16.666666666666664,16.666666666666664,16.666666666666664,16.666666666666664,0,0,0
silver_Cow_Checkups_deepseek-chat_3.cpp,TIME_LIMIT_EXCEEDED,100,39.13%,2.260,26.30859375,0,16.666666666666664,0,0,0,0,0,0,0,0,0,0,16.666666666666664,0,16.666666666666664,16.666666666666664,16.666666666666664,16.666666666666664,0,0,0
silver_Cow_Checkups_deepseek-chat_4.cpp,TIME_LIMIT_EXCEEDED,100,39.13%,2.250,37.03125,0,16.666666666666664,0,0,0,0,0,0,0,0,0,0,16.666666666666664,0,16.666666666666664,16.666666666666664,16.666666666666664,16.666666666666664,0,0,0
silver_Cow_Checkups_deepseek-chat_5.cpp,RUNTIME_ERROR,0,0.00%,0.110,5.109375,0,0,0,0,0,0,0,0,0,0,0,0,0,0,0,0,0,0,0,0,0
silver_Cow_Checkups_deepseek-chat_6.cpp,TIME_LIMIT_EXCEEDED,0,0.00%,2.260,26.30859375,0,0,0,0,0,0,0,0,0,0,0,0,0,0,0,0,0,0,0,0,0
silver_Cow_Checkups_deepseek-chat_7.cpp,TIME_LIMIT_EXCEEDED,33,13.04%,2.290,26.30859375,0,0,0,0,0,0,0,0,0,0,0,0,0,0,0,0,16.666666666666664,16.666666666666664,0,0,0
