solution,status,score,%test passed,time,memory,subtask_0,subtask_1,subtask_10,subtask_2,subtask_3,subtask_4,subtask_5,subtask_6,subtask_7,subtask_8,subtask_9
bronze_Hungry_Cow_DeepSeek-R1-Distill-Llama-8B_0.cpp,COMPILATION_ERROR,0,0.00%,0.000,0,0,0,0,0,0,0,0,0,0,0,0
bronze_Hungry_Cow_DeepSeek-R1-Distill-Llama-8B_1.cpp,ACCEPTED,333,100.00%,0.180,4.390625,0,33.33333333333333,33.33333333333333,33.33333333333333,33.33333333333333,33.33333333333333,33.33333333333333,33.33333333333333,33.33333333333333,33.33333333333333,33.33333333333333
bronze_Hungry_Cow_DeepSeek-R1-Distill-Llama-8B_2.cpp,ACCEPTED,333,100.00%,0.170,2.84765625,0,33.33333333333333,33.33333333333333,33.33333333333333,33.33333333333333,33.33333333333333,33.33333333333333,33.33333333333333,33.33333333333333,33.33333333333333,33.33333333333333
bronze_Hungry_Cow_DeepSeek-R1-Distill-Llama-8B_3.cpp,ACCEPTED,333,100.00%,0.170,0.00390625,0,33.33333333333333,33.33333333333333,33.33333333333333,33.33333333333333,33.33333333333333,33.33333333333333,33.33333333333333,33.33333333333333,33.33333333333333,33.33333333333333
bronze_Hungry_Cow_DeepSeek-R1-Distill-Llama-8B_4.cpp,COMPILATION_ERROR,0,0.00%,0.000,0,0,0,0,0,0,0,0,0,0,0,0
bronze_Hungry_Cow_DeepSeek-R1-Distill-Llama-8B_5.cpp,COMPILATION_ERROR,0,0.00%,0.000,0,0,0,0,0,0,0,0,0,0,0,0
bronze_Hungry_Cow_DeepSeek-R1-Distill-Llama-8B_6.cpp,COMPILATION_ERROR,0,0.00%,0.000,0,0,0,0,0,0,0,0,0,0,0,0
bronze_Hungry_Cow_DeepSeek-R1-Distill-Llama-8B_7.cpp,RUNTIME_ERROR,0,0.00%,0.000,0,0,0,0,0,0,0,0,0,0,0,0
