solution,status,score,%test passed,time,memory,subtask_0,subtask_1,subtask_10,subtask_11,subtask_2,subtask_3,subtask_4,subtask_5,subtask_6,subtask_7,subtask_8,subtask_9
bronze_Printing_Sequences_seed-oss_0.cpp,TIME_LIMIT_EXCEEDED,273,84.62%,2.410,2.48828125,0,30.3030303030303,30.3030303030303,30.3030303030303,30.3030303030303,30.3030303030303,0,0,30.3030303030303,30.3030303030303,30.3030303030303,30.3030303030303
bronze_Printing_Sequences_seed-oss_1.cpp,ACCEPTED,333,100.00%,0.150,1.5234375,0,30.3030303030303,30.3030303030303,30.3030303030303,30.3030303030303,30.3030303030303,30.3030303030303,30.3030303030303,30.3030303030303,30.3030303030303,30.3030303030303,30.3030303030303
bronze_Printing_Sequences_seed-oss_2.cpp,TIME_LIMIT_EXCEEDED,121,46.15%,2.420,1.80859375,0,30.3030303030303,30.3030303030303,30.3030303030303,0,0,0,0,0,0,0,30.3030303030303
bronze_Printing_Sequences_seed-oss_3.cpp,WRONG_ANSWER,30,15.38%,0.030,0.00390625,0,30.3030303030303,0,0,0,0,0,0,0,0,0,0
bronze_Printing_Sequences_seed-oss_4.cpp,WRONG_ANSWER,30,15.38%,0.330,2.0703125,0,30.3030303030303,0,0,0,0,0,0,0,0,0,0
bronze_Printing_Sequences_seed-oss_5.cpp,ACCEPTED,333,100.00%,0.030,0.00390625,0,30.3030303030303,30.3030303030303,30.3030303030303,30.3030303030303,30.3030303030303,30.3030303030303,30.3030303030303,30.3030303030303,30.3030303030303,30.3030303030303,30.3030303030303
bronze_Printing_Sequences_seed-oss_6.cpp,ACCEPTED,333,100.00%,0.170,1.51953125,0,30.3030303030303,30.3030303030303,30.3030303030303,30.3030303030303,30.3030303030303,30.3030303030303,30.3030303030303,30.3030303030303,30.3030303030303,30.3030303030303,30.3030303030303
bronze_Printing_Sequences_seed-oss_7.cpp,WRONG_ANSWER,212,69.23%,0.030,1.5234375,0,30.3030303030303,0,0,30.3030303030303,30.3030303030303,30.3030303030303,30.3030303030303,30.3030303030303,0,30.3030303030303,0
