solution,status,score,%test passed,time,memory,subtask_0,subtask_1,subtask_10,subtask_11,subtask_12,subtask_13,subtask_14,subtask_15,subtask_2,subtask_3,subtask_4,subtask_5,subtask_6,subtask_7,subtask_8,subtask_9
silver_Vocabulary_Quiz_seed-oss_0.cpp,TIME_LIMIT_EXCEEDED,0,0.00%,2.420,60.8515625,0,0,0,0,0,0,0,0,0,0,0,0,0,0,0,0
silver_Vocabulary_Quiz_seed-oss_1.cpp,TIME_LIMIT_EXCEEDED,0,0.00%,2.440,96.04296875,0,0,0,0,0,0,0,0,0,0,0,0,0,0,0,0
silver_Vocabulary_Quiz_seed-oss_2.cpp,ACCEPTED,333,100.00%,0.240,73.51953125,0,22.22222222222222,22.22222222222222,22.22222222222222,22.22222222222222,22.22222222222222,22.22222222222222,22.22222222222222,22.22222222222222,22.22222222222222,22.22222222222222,22.22222222222222,22.22222222222222,22.22222222222222,22.22222222222222,22.22222222222222
silver_Vocabulary_Quiz_seed-oss_3.cpp,COMPILATION_ERROR,0,0.00%,0.000,0,0,0,0,0,0,0,0,0,0,0,0,0,0,0,0,0
silver_Vocabulary_Quiz_seed-oss_4.cpp,ACCEPTED,333,100.00%,0.310,64.46484375,0,22.22222222222222,22.22222222222222,22.22222222222222,22.22222222222222,22.22222222222222,22.22222222222222,22.22222222222222,22.22222222222222,22.22222222222222,22.22222222222222,22.22222222222222,22.22222222222222,22.22222222222222,22.22222222222222,22.22222222222222
silver_Vocabulary_Quiz_seed-oss_5.cpp,TIME_LIMIT_EXCEEDED,44,11.11%,2.410,142.84375,0,0,0,0,0,0,22.22222222222222,22.22222222222222,0,0,0,0,0,0,0,0
silver_Vocabulary_Quiz_seed-oss_6.cpp,RUNTIME_ERROR,0,0.00%,0.140,20.37890625,0,0,0,0,0,0,0,0,0,0,0,0,0,0,0,0
silver_Vocabulary_Quiz_seed-oss_7.cpp,TIME_LIMIT_EXCEEDED,0,0.00%,2.420,197.55859375,0,0,0,0,0,0,0,0,0,0,0,0,0,0,0,0
