solution,status,score,%test passed,time,memory,subtask_0,subtask_1,subtask_10,subtask_11,subtask_12,subtask_13,subtask_14,subtask_15,subtask_2,subtask_3,subtask_4,subtask_5,subtask_6,subtask_7,subtask_8,subtask_9
bronze_Farmer_Johns_Cheese_Block_deepseek-chat_0.cpp,ACCEPTED,333,100.00%,0.240,188.46875,0,22.22222222222222,22.22222222222222,22.22222222222222,22.22222222222222,22.22222222222222,22.22222222222222,22.22222222222222,22.22222222222222,22.22222222222222,22.22222222222222,22.22222222222222,22.22222222222222,22.22222222222222,22.22222222222222,22.22222222222222
bronze_Farmer_Johns_Cheese_Block_deepseek-chat_1.cpp,ACCEPTED,333,100.00%,0.230,188.46875,0,22.22222222222222,22.22222222222222,22.22222222222222,22.22222222222222,22.22222222222222,22.22222222222222,22.22222222222222,22.22222222222222,22.22222222222222,22.22222222222222,22.22222222222222,22.22222222222222,22.22222222222222,22.22222222222222,22.22222222222222
bronze_Farmer_Johns_Cheese_Block_deepseek-chat_2.cpp,WRONG_ANSWER,0,0.00%,0.200,188.46875,0,0,0,0,0,0,0,0,0,0,0,0,0,0,0,0
bronze_Farmer_Johns_Cheese_Block_deepseek-chat_3.cpp,TIME_LIMIT_EXCEEDED,0,0.00%,2.270,188.46875,0,0,0,0,0,0,0,0,0,0,0,0,0,0,0,0
bronze_Farmer_Johns_Cheese_Block_deepseek-chat_4.cpp,TIME_LIMIT_EXCEEDED,0,0.00%,2.210,24.12890625,0,0,0,0,0,0,0,0,0,0,0,0,0,0,0,0
bronze_Farmer_Johns_Cheese_Block_deepseek-chat_5.cpp,ACCEPTED,333,100.00%,0.240,188.46875,0,22.22222222222222,22.22222222222222,22.22222222222222,22.22222222222222,22.22222222222222,22.22222222222222,22.22222222222222,22.22222222222222,22.22222222222222,22.22222222222222,22.22222222222222,22.22222222222222,22.22222222222222,22.22222222222222,22.22222222222222
bronze_Farmer_Johns_Cheese_Block_deepseek-chat_6.cpp,MEMORY_LIMIT_EXCEEDED,156,50.00%,0.180,280.41796875,0,22.22222222222222,0,0,0,0,22.22222222222222,0,22.22222222222222,22.22222222222222,22.22222222222222,22.22222222222222,22.22222222222222,0,0,0
bronze_Farmer_Johns_Cheese_Block_deepseek-chat_7.cpp,ACCEPTED,333,100.00%,0.210,188.46875,0,22.22222222222222,22.22222222222222,22.22222222222222,22.22222222222222,22.22222222222222,22.22222222222222,22.22222222222222,22.22222222222222,22.22222222222222,22.22222222222222,22.22222222222222,22.22222222222222,22.22222222222222,22.22222222222222,22.22222222222222
