solution,status,score,%test passed,time,memory,subtask_0,subtask_1,subtask_10,subtask_11,subtask_12,subtask_2,subtask_3,subtask_4,subtask_5,subtask_6,subtask_7,subtask_8,subtask_9
bronze_Rotate_and_Shift_gpt-oss-120b-low_0.cpp,ACCEPTED,333,100.00%,0.060,14.13671875,0,27.777777777777775,27.777777777777775,27.777777777777775,27.777777777777775,27.777777777777775,27.777777777777775,27.777777777777775,27.777777777777775,27.777777777777775,27.777777777777775,27.777777777777775,27.777777777777775
bronze_Rotate_and_Shift_gpt-oss-120b-low_1.cpp,ACCEPTED,333,100.00%,0.060,14.73828125,0,27.777777777777775,27.777777777777775,27.777777777777775,27.777777777777775,27.777777777777775,27.777777777777775,27.777777777777775,27.777777777777775,27.777777777777775,27.777777777777775,27.777777777777775,27.777777777777775
bronze_Rotate_and_Shift_gpt-oss-120b-low_2.cpp,WRONG_ANSWER,0,0.00%,0.050,2.5859375,0,0,0,0,0,0,0,0,0,0,0,0,0
bronze_Rotate_and_Shift_gpt-oss-120b-low_3.cpp,ACCEPTED,333,100.00%,0.060,4.02734375,0,27.777777777777775,27.777777777777775,27.777777777777775,27.777777777777775,27.777777777777775,27.777777777777775,27.777777777777775,27.777777777777775,27.777777777777775,27.777777777777775,27.777777777777775,27.777777777777775
bronze_Rotate_and_Shift_gpt-oss-120b-low_4.cpp,ACCEPTED,333,100.00%,0.070,14.74609375,0,27.777777777777775,27.777777777777775,27.777777777777775,27.777777777777775,27.777777777777775,27.777777777777775,27.777777777777775,27.777777777777775,27.777777777777775,27.777777777777775,27.777777777777775,27.777777777777775
bronze_Rotate_and_Shift_gpt-oss-120b-low_5.cpp,ACCEPTED,333,100.00%,0.060,14.83984375,0,27.777777777777775,27.777777777777775,27.777777777777775,27.777777777777775,27.777777777777775,27.777777777777775,27.777777777777775,27.777777777777775,27.777777777777775,27.777777777777775,27.777777777777775,27.777777777777775
bronze_Rotate_and_Shift_gpt-oss-120b-low_6.cpp,ACCEPTED,333,100.00%,0.070,14.62109375,0,27.777777777777775,27.777777777777775,27.777777777777775,27.777777777777775,27.777777777777775,27.777777777777775,27.777777777777775,27.777777777777775,27.777777777777775,27.777777777777775,27.777777777777775,27.777777777777775
bronze_Rotate_and_Shift_gpt-oss-120b-low_7.cpp,WRONG_ANSWER,0,0.00%,0.060,2.33203125,0,0,0,0,0,0,0,0,0,0,0,0,0
