solution,status,score,%test passed,time,memory,subtask_0,subtask_1,subtask_10,subtask_2,subtask_3,subtask_4,subtask_5,subtask_6,subtask_7,subtask_8,subtask_9
silver_Milk_Sum_gpt-oss-120b-low_0.cpp,WRONG_ANSWER,67,18.18%,0.200,12.7578125,0,0,0,33.33333333333333,33.33333333333333,0,0,0,0,0,0
silver_Milk_Sum_gpt-oss-120b-low_1.cpp,ACCEPTED,333,100.00%,0.180,9.2890625,0,33.33333333333333,33.33333333333333,33.33333333333333,33.33333333333333,33.33333333333333,33.33333333333333,33.33333333333333,33.33333333333333,33.33333333333333,33.33333333333333
silver_Milk_Sum_gpt-oss-120b-low_2.cpp,ACCEPTED,333,100.00%,0.190,9.2890625,0,33.33333333333333,33.33333333333333,33.33333333333333,33.33333333333333,33.33333333333333,33.33333333333333,33.33333333333333,33.33333333333333,33.33333333333333,33.33333333333333
silver_Milk_Sum_gpt-oss-120b-low_3.cpp,WRONG_ANSWER,0,0.00%,0.150,10.578125,0,0,0,0,0,0,0,0,0,0,0
silver_Milk_Sum_gpt-oss-120b-low_4.cpp,WRONG_ANSWER,0,0.00%,0.120,7.7421875,0,0,0,0,0,0,0,0,0,0,0
silver_Milk_Sum_gpt-oss-120b-low_5.cpp,ACCEPTED,333,100.00%,0.170,12.8984375,0,33.33333333333333,33.33333333333333,33.33333333333333,33.33333333333333,33.33333333333333,33.33333333333333,33.33333333333333,33.33333333333333,33.33333333333333,33.33333333333333
silver_Milk_Sum_gpt-oss-120b-low_6.cpp,WRONG_ANSWER,67,18.18%,0.190,8.7734375,0,0,0,33.33333333333333,33.33333333333333,0,0,0,0,0,0
silver_Milk_Sum_gpt-oss-120b-low_7.cpp,WRONG_ANSWER,0,0.00%,0.170,8.2578125,0,0,0,0,0,0,0,0,0,0,0
