solution,status,score,%test passed,time,memory,subtask_0,subtask_1,subtask_10,subtask_11,subtask_12,subtask_13,subtask_14,subtask_2,subtask_3,subtask_4,subtask_5,subtask_6,subtask_7,subtask_8,subtask_9
bronze_Majority_Opinion_Qwen3-14B_0.cpp,WRONG_ANSWER,0,0.00%,0.160,2.921875,0,0,0,0,0,0,0,0,0,0,0,0,0,0,0
bronze_Majority_Opinion_Qwen3-14B_1.cpp,TIME_LIMIT_EXCEEDED,48,13.33%,2.250,5.19140625,0,23.809523809523807,0,0,0,0,0,0,0,23.809523809523807,0,0,0,0,0
bronze_Majority_Opinion_Qwen3-14B_2.cpp,WRONG_ANSWER,0,0.00%,0.170,8.45703125,0,0,0,0,0,0,0,0,0,0,0,0,0,0,0
bronze_Majority_Opinion_Qwen3-14B_3.cpp,TIME_LIMIT_EXCEEDED,0,0.00%,2.270,3.875,0,0,0,0,0,0,0,0,0,0,0,0,0,0,0
bronze_Majority_Opinion_Qwen3-14B_4.cpp,ACCEPTED,333,100.00%,0.180,8.44140625,0,23.809523809523807,23.809523809523807,23.809523809523807,23.809523809523807,23.809523809523807,23.809523809523807,23.809523809523807,23.809523809523807,23.809523809523807,23.809523809523807,23.809523809523807,23.809523809523807,23.809523809523807,23.809523809523807
bronze_Majority_Opinion_Qwen3-14B_5.cpp,WRONG_ANSWER,0,0.00%,0.190,5.578125,0,0,0,0,0,0,0,0,0,0,0,0,0,0,0
bronze_Majority_Opinion_Qwen3-14B_6.cpp,ACCEPTED,333,100.00%,0.140,6.93359375,0,23.809523809523807,23.809523809523807,23.809523809523807,23.809523809523807,23.809523809523807,23.809523809523807,23.809523809523807,23.809523809523807,23.809523809523807,23.809523809523807,23.809523809523807,23.809523809523807,23.809523809523807,23.809523809523807
bronze_Majority_Opinion_Qwen3-14B_7.cpp,TIME_LIMIT_EXCEEDED,0,0.00%,2.270,3.61328125,0,0,0,0,0,0,0,0,0,0,0,0,0,0,0
