solution,status,score,%test passed,time,memory,subtask_0,subtask_1,subtask_10,subtask_11,subtask_12,subtask_2,subtask_3,subtask_4,subtask_5,subtask_6,subtask_7,subtask_8,subtask_9
silver_Cowlendar_Qwen3-14B_0.cpp,WRONG_ANSWER,194,64.29%,0.260,1.5546875,0,0,0,27.777777777777775,27.777777777777775,27.777777777777775,0,27.777777777777775,27.777777777777775,0,27.777777777777775,0,27.777777777777775
silver_Cowlendar_Qwen3-14B_1.cpp,TIME_LIMIT_EXCEEDED,0,14.29%,2.320,3.875,0,0,0,0,0,0,0,0,0,0,0,0,0
silver_Cowlendar_Qwen3-14B_2.cpp,TIME_LIMIT_EXCEEDED,28,21.43%,2.210,280.765625,0,0,0,0,0,27.777777777777775,0,0,0,0,0,0,0
silver_Cowlendar_Qwen3-14B_3.cpp,TIME_LIMIT_EXCEEDED,139,50.00%,2.240,280.765625,0,0,0,27.777777777777775,0,27.777777777777775,0,27.777777777777775,27.777777777777775,0,0,0,27.777777777777775
silver_Cowlendar_Qwen3-14B_4.cpp,WRONG_ANSWER,194,64.29%,0.250,1.5546875,0,0,0,27.777777777777775,27.777777777777775,27.777777777777775,0,27.777777777777775,27.777777777777775,0,27.777777777777775,0,27.777777777777775
silver_Cowlendar_Qwen3-14B_5.cpp,TIME_LIMIT_EXCEEDED,0,14.29%,2.260,3.875,0,0,0,0,0,0,0,0,0,0,0,0,0
silver_Cowlendar_Qwen3-14B_6.cpp,TIME_LIMIT_EXCEEDED,28,21.43%,2.210,280.765625,0,0,0,0,0,27.777777777777775,0,0,0,0,0,0,0
silver_Cowlendar_Qwen3-14B_7.cpp,TIME_LIMIT_EXCEEDED,28,21.43%,2.280,2.0703125,0,0,0,0,0,27.777777777777775,0,0,0,0,0,0,0
