solution,status,score,%test passed,time,memory,subtask_0,subtask_1,subtask_10,subtask_11,subtask_12,subtask_13,subtask_14,subtask_15,subtask_2,subtask_3,subtask_4,subtask_5,subtask_6,subtask_7,subtask_8,subtask_9
silver_Farmer_Johns_Favorite_Operation_seed-oss_0.cpp,ACCEPTED,333,100.00%,0.080,5.68359375,0,22.22222222222222,22.22222222222222,22.22222222222222,22.22222222222222,22.22222222222222,22.22222222222222,22.22222222222222,22.22222222222222,22.22222222222222,22.22222222222222,22.22222222222222,22.22222222222222,22.22222222222222,22.22222222222222,22.22222222222222
silver_Farmer_Johns_Favorite_Operation_seed-oss_1.cpp,ACCEPTED,333,100.00%,0.130,5.9375,0,22.22222222222222,22.22222222222222,22.22222222222222,22.22222222222222,22.22222222222222,22.22222222222222,22.22222222222222,22.22222222222222,22.22222222222222,22.22222222222222,22.22222222222222,22.22222222222222,22.22222222222222,22.22222222222222,22.22222222222222
silver_Farmer_Johns_Favorite_Operation_seed-oss_2.cpp,WRONG_ANSWER,0,0.00%,0.090,5.94140625,0,0,0,0,0,0,0,0,0,0,0,0,0,0,0,0
silver_Farmer_Johns_Favorite_Operation_seed-oss_3.cpp,ACCEPTED,333,100.00%,0.080,10.5,0,22.22222222222222,22.22222222222222,22.22222222222222,22.22222222222222,22.22222222222222,22.22222222222222,22.22222222222222,22.22222222222222,22.22222222222222,22.22222222222222,22.22222222222222,22.22222222222222,22.22222222222222,22.22222222222222,22.22222222222222
silver_Farmer_Johns_Favorite_Operation_seed-oss_4.cpp,ACCEPTED,333,100.00%,0.090,10.2421875,0,22.22222222222222,22.22222222222222,22.22222222222222,22.22222222222222,22.22222222222222,22.22222222222222,22.22222222222222,22.22222222222222,22.22222222222222,22.22222222222222,22.22222222222222,22.22222222222222,22.22222222222222,22.22222222222222,22.22222222222222
silver_Farmer_Johns_Favorite_Operation_seed-oss_5.cpp,WRONG_ANSWER,0,0.00%,0.110,5.47265625,0,0,0,0,0,0,0,0,0,0,0,0,0,0,0,0
silver_Farmer_Johns_Favorite_Operation_seed-oss_6.cpp,ACCEPTED,333,100.00%,0.100,10.578125,0,22.22222222222222,22.22222222222222,22.22222222222222,22.22222222222222,22.22222222222222,22.22222222222222,22.22222222222222,22.22222222222222,22.22222222222222,22.22222222222222,22.22222222222222,22.22222222222222,22.22222222222222,22.22222222222222,22.22222222222222
silver_Farmer_Johns_Favorite_Operation_seed-oss_7.cpp,WRONG_ANSWER,0,0.00%,0.090,7.41015625,0,0,0,0,0,0,0,0,0,0,0,0,0,0,0,0
