solution,status,score,%test passed,time,memory,subtask_0,subtask_1,subtask_10,subtask_11,subtask_12,subtask_2,subtask_3,subtask_4,subtask_5,subtask_6,subtask_7,subtask_8,subtask_9
bronze_Rotate_and_Shift_seed-oss_0.cpp,ACCEPTED,333,100.00%,0.030,8.44921875,0,27.777777777777775,27.777777777777775,27.777777777777775,27.777777777777775,27.777777777777775,27.777777777777775,27.777777777777775,27.777777777777775,27.777777777777775,27.777777777777775,27.777777777777775,27.777777777777775
bronze_Rotate_and_Shift_seed-oss_1.cpp,ACCEPTED,333,100.00%,0.040,14.40234375,0,27.777777777777775,27.777777777777775,27.777777777777775,27.777777777777775,27.777777777777775,27.777777777777775,27.777777777777775,27.777777777777775,27.777777777777775,27.777777777777775,27.777777777777775,27.777777777777775
bronze_Rotate_and_Shift_seed-oss_2.cpp,WRONG_ANSWER,0,7.69%,0.040,14.48046875,0,0,0,0,0,0,0,0,0,0,0,0,0
bronze_Rotate_and_Shift_seed-oss_3.cpp,TIME_LIMIT_EXCEEDED,28,15.38%,4.820,2.5859375,0,0,0,0,0,0,0,0,27.777777777777775,0,0,0,0
bronze_Rotate_and_Shift_seed-oss_4.cpp,ACCEPTED,333,100.00%,0.040,15.0078125,0,27.777777777777775,27.777777777777775,27.777777777777775,27.777777777777775,27.777777777777775,27.777777777777775,27.777777777777775,27.777777777777775,27.777777777777775,27.777777777777775,27.777777777777775,27.777777777777775
bronze_Rotate_and_Shift_seed-oss_5.cpp,ACCEPTED,333,100.00%,0.050,13.85546875,0,27.777777777777775,27.777777777777775,27.777777777777775,27.777777777777775,27.777777777777775,27.777777777777775,27.777777777777775,27.777777777777775,27.777777777777775,27.777777777777775,27.777777777777775,27.777777777777775
bronze_Rotate_and_Shift_seed-oss_6.cpp,TIME_LIMIT_EXCEEDED,0,0.00%,4.820,3.62109375,0,0,0,0,0,0,0,0,0,0,0,0,0
bronze_Rotate_and_Shift_seed-oss_7.cpp,RUNTIME_ERROR,0,7.69%,0.040,14.76171875,0,0,0,0,0,0,0,0,0,0,0,0,0
