solution,status,score,%test passed,time,memory,subtask_0,subtask_1,subtask_2,subtask_3,subtask_4,subtask_5,subtask_6
More_Gifts_gpt-5_0.cpp,ACCEPTED,100,100.00%,0.190,185.6328125,0.0,14.0,12.0,16.0,21.0,18.0,19.0
More_Gifts_gpt-5_1.cpp,ACCEPTED,100,100.00%,0.150,13.15625,0.0,14.0,12.0,16.0,21.0,18.0,19.0
More_Gifts_gpt-5_2.cpp,ACCEPTED,100,100.00%,0.210,150.0546875,0.0,14.0,12.0,16.0,21.0,18.0,19.0
More_Gifts_gpt-5_3.cpp,RUNTIME_ERROR,26,59.77%,0.140,11.609375,0.0,14.0,12.0,0,0,0,0
More_Gifts_gpt-5_4.cpp,ACCEPTED,100,100.00%,0.220,180.1640625,0.0,14.0,12.0,16.0,21.0,18.0,19.0
More_Gifts_gpt-5_5.cpp,ACCEPTED,100,100.00%,0.230,222.37890625,0.0,14.0,12.0,16.0,21.0,18.0,19.0
More_Gifts_gpt-5_6.cpp,ACCEPTED,100,100.00%,0.240,210.51953125,0.0,14.0,12.0,16.0,21.0,18.0,19.0
More_Gifts_gpt-5_7.cpp,ACCEPTED,100,100.00%,0.240,217.6015625,0.0,14.0,12.0,16.0,21.0,18.0,19.0
