solution,status,score,%test passed,time,memory,subtask_0,subtask_1,subtask_10,subtask_11,subtask_12,subtask_13,subtask_2,subtask_3,subtask_4,subtask_5,subtask_6,subtask_7,subtask_8,subtask_9
bronze_Stamp_Grid_gpt-4.1_0.cpp,COMPILATION_ERROR,0,0.00%,0.000,0,0,0,0,0,0,0,0,0,0,0,0,0,0,0
bronze_Stamp_Grid_gpt-4.1_1.cpp,WRONG_ANSWER,0,0.00%,0.110,0.00390625,0,0,0,0,0,0,0,0,0,0,0,0,0,0
bronze_Stamp_Grid_gpt-4.1_2.cpp,TIME_LIMIT_EXCEEDED,0,0.00%,2.430,0.00390625,0,0,0,0,0,0,0,0,0,0,0,0,0,0
bronze_Stamp_Grid_gpt-4.1_3.cpp,TIME_LIMIT_EXCEEDED,0,0.00%,2.490,0.00390625,0,0,0,0,0,0,0,0,0,0,0,0,0,0
bronze_Stamp_Grid_gpt-4.1_4.cpp,ACCEPTED,333,100.00%,0.150,0.00390625,0,25.64102564102564,25.64102564102564,25.64102564102564,25.64102564102564,25.64102564102564,25.64102564102564,25.64102564102564,25.64102564102564,25.64102564102564,25.64102564102564,25.64102564102564,25.64102564102564,25.64102564102564
bronze_Stamp_Grid_gpt-4.1_5.cpp,COMPILATION_ERROR,0,0.00%,0.000,0,0,0,0,0,0,0,0,0,0,0,0,0,0,0
bronze_Stamp_Grid_gpt-4.1_6.cpp,ACCEPTED,333,100.00%,0.110,0.00390625,0,25.64102564102564,25.64102564102564,25.64102564102564,25.64102564102564,25.64102564102564,25.64102564102564,25.64102564102564,25.64102564102564,25.64102564102564,25.64102564102564,25.64102564102564,25.64102564102564,25.64102564102564
bronze_Stamp_Grid_gpt-4.1_7.cpp,WRONG_ANSWER,0,7.14%,0.110,0.00390625,0,0,0,0,0,0,0,0,0,0,0,0,0,0
