solution,status,score,%test passed,time,memory,subtask_0,subtask_1,subtask_10,subtask_2,subtask_3,subtask_4,subtask_5,subtask_6,subtask_7,subtask_8,subtask_9
bronze_Watching_Mooloo_gpt-4.1_0.cpp,WRONG_ANSWER,0,8.33%,0.120,2.015625,0,0,0,0,0,0,0,0,0,0,0
bronze_Watching_Mooloo_gpt-4.1_1.cpp,WRONG_ANSWER,67,33.33%,0.120,2.015625,0,0,0,33.33333333333333,33.33333333333333,0,0,0,0,0,0
bronze_Watching_Mooloo_gpt-4.1_2.cpp,TIME_LIMIT_EXCEEDED,0,0.00%,2.340,2.015625,0,0,0,0,0,0,0,0,0,0,0
bronze_Watching_Mooloo_gpt-4.1_3.cpp,RUNTIME_ERROR,33,8.33%,0.120,2.015625,0,0,0,0,33.33333333333333,0,0,0,0,0,0
bronze_Watching_Mooloo_gpt-4.1_4.cpp,ACCEPTED,333,100.00%,0.140,2.07421875,0,33.33333333333333,33.33333333333333,33.33333333333333,33.33333333333333,33.33333333333333,33.33333333333333,33.33333333333333,33.33333333333333,33.33333333333333,33.33333333333333
bronze_Watching_Mooloo_gpt-4.1_5.cpp,ACCEPTED,333,100.00%,0.120,2.015625,0,33.33333333333333,33.33333333333333,33.33333333333333,33.33333333333333,33.33333333333333,33.33333333333333,33.33333333333333,33.33333333333333,33.33333333333333,33.33333333333333
bronze_Watching_Mooloo_gpt-4.1_6.cpp,RUNTIME_ERROR,33,8.33%,0.120,2.015625,0,0,0,0,33.33333333333333,0,0,0,0,0,0
bronze_Watching_Mooloo_gpt-4.1_7.cpp,ACCEPTED,333,100.00%,0.120,2.015625,0,33.33333333333333,33.33333333333333,33.33333333333333,33.33333333333333,33.33333333333333,33.33333333333333,33.33333333333333,33.33333333333333,33.33333333333333,33.33333333333333
