solution,status,score,%test passed,time,memory,subtask_0,subtask_1,subtask_2,subtask_3,subtask_4,subtask_5,subtask_6,subtask_7,subtask_8,subtask_9
ones_Qwen3-4B-Non-Thinking_0.cpp,WRONG_ANSWER,9,0.00%,0.260,1.953125,1.43305,1.3439200000000002,1.20951,1.10054,0.99241,0.84996,0.74475,0.6429799999999999,0.51074,0.41271
ones_Qwen3-4B-Non-Thinking_1.cpp,WRONG_ANSWER,3,0.00%,0.170,1.95703125,0.00403,0.00719,0.015809999999999998,0.02895,0.052890000000000006,0.11624000000000001,0.20967,0.37653,0.81424,1.4774
ones_Qwen3-4B-Non-Thinking_2.cpp,WRONG_ANSWER,22,0.00%,0.140,1.953125,3.9665,3.5210799999999995,2.9766,2.59769,2.2617000000000003,1.86315,1.5926,1.34479,1.04265,0.83012
ones_Qwen3-4B-Non-Thinking_3.cpp,WRONG_ANSWER,0,0.00%,0.120,1.80859375,0.0,0.0,0.0,0.0,0.0,0.0,0.0,0.0,0.0,0.0
ones_Qwen3-4B-Non-Thinking_4.cpp,WRONG_ANSWER,0,0.00%,0.120,1.80859375,0.0,0.0,0.0,0.0,0.0,0.0,0.0,0.0,0.0,0.0
ones_Qwen3-4B-Non-Thinking_5.cpp,WRONG_ANSWER,0,0.00%,0.120,1.80859375,0.0,0.0,0.0,0.0,0.0,0.0,0.0,0.0,0.0,0.0
ones_Qwen3-4B-Non-Thinking_6.cpp,WRONG_ANSWER,22,0.00%,0.200,1.953125,3.1232300000000004,3.33746,3.1394,2.8104299999999998,2.46574,2.0305999999999997,1.73087,1.45689,1.12512,0.8934300000000001
ones_Qwen3-4B-Non-Thinking_7.cpp,WRONG_ANSWER,0,0.00%,0.120,1.80859375,0.0,0.0,0.0,0.0,0.0,0.0,0.0,0.0,0.0,0.0
