solution,status,score,%test passed,time,memory,subtask_0,subtask_1,subtask_10,subtask_2,subtask_3,subtask_4,subtask_5,subtask_6,subtask_7,subtask_8,subtask_9
bronze_Cowntact_Tracing_2_gpt-oss-20b-high_0.cpp,COMPILATION_ERROR,0,0.00%,0.000,0,0,0,0,0,0,0,0,0,0,0,0
bronze_Cowntact_Tracing_2_gpt-oss-20b-high_1.cpp,ACCEPTED,333,100.00%,0.040,1.5546875,0,33.33333333333333,33.33333333333333,33.33333333333333,33.33333333333333,33.33333333333333,33.33333333333333,33.33333333333333,33.33333333333333,33.33333333333333,33.33333333333333
bronze_Cowntact_Tracing_2_gpt-oss-20b-high_2.cpp,ACCEPTED,333,100.00%,0.050,1.5546875,0,33.33333333333333,33.33333333333333,33.33333333333333,33.33333333333333,33.33333333333333,33.33333333333333,33.33333333333333,33.33333333333333,33.33333333333333,33.33333333333333
bronze_Cowntact_Tracing_2_gpt-oss-20b-high_3.cpp,ACCEPTED,333,100.00%,0.050,1.5546875,0,33.33333333333333,33.33333333333333,33.33333333333333,33.33333333333333,33.33333333333333,33.33333333333333,33.33333333333333,33.33333333333333,33.33333333333333,33.33333333333333
bronze_Cowntact_Tracing_2_gpt-oss-20b-high_4.cpp,ACCEPTED,333,100.00%,0.050,1.5546875,0,33.33333333333333,33.33333333333333,33.33333333333333,33.33333333333333,33.33333333333333,33.33333333333333,33.33333333333333,33.33333333333333,33.33333333333333,33.33333333333333
bronze_Cowntact_Tracing_2_gpt-oss-20b-high_5.cpp,ACCEPTED,333,100.00%,0.050,1.703125,0,33.33333333333333,33.33333333333333,33.33333333333333,33.33333333333333,33.33333333333333,33.33333333333333,33.33333333333333,33.33333333333333,33.33333333333333,33.33333333333333
bronze_Cowntact_Tracing_2_gpt-oss-20b-high_6.cpp,ACCEPTED,333,100.00%,0.050,1.5546875,0,33.33333333333333,33.33333333333333,33.33333333333333,33.33333333333333,33.33333333333333,33.33333333333333,33.33333333333333,33.33333333333333,33.33333333333333,33.33333333333333
bronze_Cowntact_Tracing_2_gpt-oss-20b-high_7.cpp,WRONG_ANSWER,167,58.33%,0.050,1.86328125,0,33.33333333333333,33.33333333333333,0,33.33333333333333,0,0,0,0,33.33333333333333,33.33333333333333
