solution,status,score,%test passed,time,memory,subtask_0,subtask_1,subtask_10,subtask_11,subtask_2,subtask_3,subtask_4,subtask_5,subtask_6,subtask_7,subtask_8,subtask_9
bronze_Farmer_John_Actually_Farms_gpt-oss-20b-high_0.cpp,ACCEPTED,333,100.00%,0.040,4.4453125,0,30.3030303030303,30.3030303030303,30.3030303030303,30.3030303030303,30.3030303030303,30.3030303030303,30.3030303030303,30.3030303030303,30.3030303030303,30.3030303030303,30.3030303030303
bronze_Farmer_John_Actually_Farms_gpt-oss-20b-high_2.cpp,ACCEPTED,333,100.00%,0.080,4.9609375,0,30.3030303030303,30.3030303030303,30.3030303030303,30.3030303030303,30.3030303030303,30.3030303030303,30.3030303030303,30.3030303030303,30.3030303030303,30.3030303030303,30.3030303030303
bronze_Farmer_John_Actually_Farms_gpt-oss-20b-high_3.cpp,ACCEPTED,333,100.00%,0.090,4.9609375,0,30.3030303030303,30.3030303030303,30.3030303030303,30.3030303030303,30.3030303030303,30.3030303030303,30.3030303030303,30.3030303030303,30.3030303030303,30.3030303030303,30.3030303030303
bronze_Farmer_John_Actually_Farms_gpt-oss-20b-high_4.cpp,ACCEPTED,333,100.00%,0.090,4.953125,0,30.3030303030303,30.3030303030303,30.3030303030303,30.3030303030303,30.3030303030303,30.3030303030303,30.3030303030303,30.3030303030303,30.3030303030303,30.3030303030303,30.3030303030303
bronze_Farmer_John_Actually_Farms_gpt-oss-20b-high_5.cpp,ACCEPTED,333,100.00%,0.080,4.4453125,0,30.3030303030303,30.3030303030303,30.3030303030303,30.3030303030303,30.3030303030303,30.3030303030303,30.3030303030303,30.3030303030303,30.3030303030303,30.3030303030303,30.3030303030303
bronze_Farmer_John_Actually_Farms_gpt-oss-20b-high_6.cpp,ACCEPTED,333,100.00%,0.090,4.44140625,0,30.3030303030303,30.3030303030303,30.3030303030303,30.3030303030303,30.3030303030303,30.3030303030303,30.3030303030303,30.3030303030303,30.3030303030303,30.3030303030303,30.3030303030303
bronze_Farmer_John_Actually_Farms_gpt-oss-20b-high_7.cpp,ACCEPTED,333,100.00%,0.080,4.44140625,0,30.3030303030303,30.3030303030303,30.3030303030303,30.3030303030303,30.3030303030303,30.3030303030303,30.3030303030303,30.3030303030303,30.3030303030303,30.3030303030303,30.3030303030303
