solution,status,score,%test passed,time,memory,subtask_0,subtask_1,subtask_10,subtask_2,subtask_3,subtask_4,subtask_5,subtask_6,subtask_7,subtask_8,subtask_9
bronze_Hungry_Cow_DeepSeek-R1-Distill-Qwen-32B_0.cpp,ACCEPTED,333,100.00%,0.170,0.00390625,0,33.33333333333333,33.33333333333333,33.33333333333333,33.33333333333333,33.33333333333333,33.33333333333333,33.33333333333333,33.33333333333333,33.33333333333333,33.33333333333333
bronze_Hungry_Cow_DeepSeek-R1-Distill-Qwen-32B_1.cpp,ACCEPTED,333,100.00%,0.150,2.84765625,0,33.33333333333333,33.33333333333333,33.33333333333333,33.33333333333333,33.33333333333333,33.33333333333333,33.33333333333333,33.33333333333333,33.33333333333333,33.33333333333333
bronze_Hungry_Cow_DeepSeek-R1-Distill-Qwen-32B_2.cpp,RUNTIME_ERROR,133,38.46%,0.170,3.1015625,0,0,33.33333333333333,0,0,0,0,33.33333333333333,0,33.33333333333333,33.33333333333333
bronze_Hungry_Cow_DeepSeek-R1-Distill-Qwen-32B_3.cpp,ACCEPTED,333,100.00%,0.150,0.00390625,0,33.33333333333333,33.33333333333333,33.33333333333333,33.33333333333333,33.33333333333333,33.33333333333333,33.33333333333333,33.33333333333333,33.33333333333333,33.33333333333333
bronze_Hungry_Cow_DeepSeek-R1-Distill-Qwen-32B_4.cpp,ACCEPTED,333,100.00%,0.150,0.00390625,0,33.33333333333333,33.33333333333333,33.33333333333333,33.33333333333333,33.33333333333333,33.33333333333333,33.33333333333333,33.33333333333333,33.33333333333333,33.33333333333333
bronze_Hungry_Cow_DeepSeek-R1-Distill-Qwen-32B_5.cpp,ACCEPTED,333,100.00%,0.160,3.1171875,0,33.33333333333333,33.33333333333333,33.33333333333333,33.33333333333333,33.33333333333333,33.33333333333333,33.33333333333333,33.33333333333333,33.33333333333333,33.33333333333333
bronze_Hungry_Cow_DeepSeek-R1-Distill-Qwen-32B_6.cpp,ACCEPTED,333,100.00%,0.170,2.84375,0,33.33333333333333,33.33333333333333,33.33333333333333,33.33333333333333,33.33333333333333,33.33333333333333,33.33333333333333,33.33333333333333,33.33333333333333,33.33333333333333
bronze_Hungry_Cow_DeepSeek-R1-Distill-Qwen-32B_7.cpp,ACCEPTED,333,100.00%,0.160,3.1015625,0,33.33333333333333,33.33333333333333,33.33333333333333,33.33333333333333,33.33333333333333,33.33333333333333,33.33333333333333,33.33333333333333,33.33333333333333,33.33333333333333
