solution,status,score,%test passed,time,memory,subtask_0,subtask_1,subtask_10,subtask_11,subtask_12,subtask_13,subtask_14,subtask_2,subtask_3,subtask_4,subtask_5,subtask_6,subtask_7,subtask_8,subtask_9
gold_Equal_Sum_Subarrays_DeepSeek-R1-Distill-Qwen-32B_0.cpp,COMPILATION_ERROR,0,0.00%,0.000,0,0,0,0,0,0,0,0,0,0,0,0,0,0,0,0
gold_Equal_Sum_Subarrays_DeepSeek-R1-Distill-Qwen-32B_1.cpp,COMPILATION_ERROR,0,0.00%,0.000,0,0,0,0,0,0,0,0,0,0,0,0,0,0,0,0
gold_Equal_Sum_Subarrays_DeepSeek-R1-Distill-Qwen-32B_2.cpp,ACCEPTED,333,100.00%,3.030,3.4296875,0,23.809523809523807,23.809523809523807,23.809523809523807,23.809523809523807,23.809523809523807,23.809523809523807,23.809523809523807,23.809523809523807,23.809523809523807,23.809523809523807,23.809523809523807,23.809523809523807,23.809523809523807,23.809523809523807
gold_Equal_Sum_Subarrays_DeepSeek-R1-Distill-Qwen-32B_3.cpp,TIME_LIMIT_EXCEEDED,238,75.00%,3.380,3.40234375,0,23.809523809523807,23.809523809523807,23.809523809523807,0,0,23.809523809523807,23.809523809523807,23.809523809523807,23.809523809523807,23.809523809523807,0,0,23.809523809523807,23.809523809523807
gold_Equal_Sum_Subarrays_DeepSeek-R1-Distill-Qwen-32B_4.cpp,TIME_LIMIT_EXCEEDED,262,81.25%,3.310,3.40625,0,23.809523809523807,23.809523809523807,23.809523809523807,23.809523809523807,0,23.809523809523807,23.809523809523807,23.809523809523807,23.809523809523807,23.809523809523807,0,0,23.809523809523807,23.809523809523807
gold_Equal_Sum_Subarrays_DeepSeek-R1-Distill-Qwen-32B_5.cpp,TIME_LIMIT_EXCEEDED,214,68.75%,3.330,3.42578125,0,23.809523809523807,23.809523809523807,0,0,0,23.809523809523807,23.809523809523807,23.809523809523807,23.809523809523807,23.809523809523807,0,0,23.809523809523807,23.809523809523807
gold_Equal_Sum_Subarrays_DeepSeek-R1-Distill-Qwen-32B_6.cpp,MEMORY_LIMIT_EXCEEDED,119,43.75%,1.770,280.0859375,0,23.809523809523807,0,0,0,0,0,23.809523809523807,23.809523809523807,23.809523809523807,23.809523809523807,0,0,0,0
gold_Equal_Sum_Subarrays_DeepSeek-R1-Distill-Qwen-32B_7.cpp,COMPILATION_ERROR,0,0.00%,0.000,0,0,0,0,0,0,0,0,0,0,0,0,0,0,0,0
