solution,status,score,%test passed,time,memory,subtask_0,subtask_1,subtask_10,subtask_11,subtask_12,subtask_13,subtask_14,subtask_15,subtask_16,subtask_17,subtask_18,subtask_2,subtask_3,subtask_4,subtask_5,subtask_6,subtask_7,subtask_8,subtask_9
silver_Moo_Route_II_DeepSeek-R1-Distill-Qwen-32B_0.cpp,TIME_LIMIT_EXCEEDED,204,65.00%,4.470,12.640625,0,18.51851851851852,18.51851851851852,18.51851851851852,0,0,0,0,0,0,0,18.51851851851852,18.51851851851852,18.51851851851852,18.51851851851852,18.51851851851852,18.51851851851852,18.51851851851852,18.51851851851852
silver_Moo_Route_II_DeepSeek-R1-Distill-Qwen-32B_1.cpp,TIME_LIMIT_EXCEEDED,204,65.00%,4.500,12.640625,0,18.51851851851852,18.51851851851852,18.51851851851852,0,0,0,0,0,0,0,18.51851851851852,18.51851851851852,18.51851851851852,18.51851851851852,18.51851851851852,18.51851851851852,18.51851851851852,18.51851851851852
silver_Moo_Route_II_DeepSeek-R1-Distill-Qwen-32B_2.cpp,TIME_LIMIT_EXCEEDED,204,65.00%,4.460,12.640625,0,18.51851851851852,18.51851851851852,18.51851851851852,0,0,0,0,0,0,0,18.51851851851852,18.51851851851852,18.51851851851852,18.51851851851852,18.51851851851852,18.51851851851852,18.51851851851852,18.51851851851852
silver_Moo_Route_II_DeepSeek-R1-Distill-Qwen-32B_3.cpp,COMPILATION_ERROR,0,0.00%,0.000,0,0,0,0,0,0,0,0,0,0,0,0,0,0,0,0,0,0,0,0
silver_Moo_Route_II_DeepSeek-R1-Distill-Qwen-32B_4.cpp,COMPILATION_ERROR,0,0.00%,0.000,0,0,0,0,0,0,0,0,0,0,0,0,0,0,0,0,0,0,0,0
silver_Moo_Route_II_DeepSeek-R1-Distill-Qwen-32B_5.cpp,TIME_LIMIT_EXCEEDED,204,65.00%,4.470,14.4453125,0,18.51851851851852,18.51851851851852,18.51851851851852,0,0,0,0,0,0,0,18.51851851851852,18.51851851851852,18.51851851851852,18.51851851851852,18.51851851851852,18.51851851851852,18.51851851851852,18.51851851851852
silver_Moo_Route_II_DeepSeek-R1-Distill-Qwen-32B_6.cpp,TIME_LIMIT_EXCEEDED,204,65.00%,4.500,11.8671875,0,18.51851851851852,18.51851851851852,18.51851851851852,0,0,0,0,0,0,0,18.51851851851852,18.51851851851852,18.51851851851852,18.51851851851852,18.51851851851852,18.51851851851852,18.51851851851852,18.51851851851852
silver_Moo_Route_II_DeepSeek-R1-Distill-Qwen-32B_7.cpp,TIME_LIMIT_EXCEEDED,204,65.00%,4.420,11.8671875,0,18.51851851851852,18.51851851851852,18.51851851851852,0,0,0,0,0,0,0,18.51851851851852,18.51851851851852,18.51851851851852,18.51851851851852,18.51851851851852,18.51851851851852,18.51851851851852,18.51851851851852
