solution,status,score,%test passed,time,memory,subtask_0,subtask_1,subtask_2,subtask_3
s2_Qwen3-14B_0.cpp,ACCEPTED,15,100.00%,0.060,0.00390625,5,5,2,3
s2_Qwen3-14B_1.cpp,ACCEPTED,15,100.00%,0.060,0.00390625,5,5,2,3
s2_Qwen3-14B_2.cpp,ACCEPTED,15,100.00%,0.070,0.00390625,5,5,2,3
s2_Qwen3-14B_3.cpp,ACCEPTED,15,100.00%,0.070,0.00390625,5,5,2,3
s2_Qwen3-14B_4.cpp,ACCEPTED,15,100.00%,0.070,0.00390625,5,5,2,3
s2_Qwen3-14B_5.cpp,ACCEPTED,15,100.00%,0.070,0.00390625,5,5,2,3
s2_Qwen3-14B_6.cpp,ACCEPTED,15,100.00%,0.060,0.00390625,5,5,2,3
s2_Qwen3-14B_7.cpp,ACCEPTED,15,100.00%,0.060,0.00390625,5,5,2,3
