solution,status,score,%test passed,time,memory,subtask_0,subtask_1,subtask_10,subtask_11,subtask_12,subtask_13,subtask_2,subtask_3,subtask_4,subtask_5,subtask_6,subtask_7,subtask_8,subtask_9
bronze_Balancing_Bacteria_gpt-oss-20b-low_1.cpp,RUNTIME_ERROR,0,0.00%,0.030,2.7890625,0,0,0,0,0,0,0,0,0,0,0,0,0,0
bronze_Balancing_Bacteria_gpt-oss-20b-low_2.cpp,RUNTIME_ERROR,0,0.00%,0.030,2.7890625,0,0,0,0,0,0,0,0,0,0,0,0,0,0
bronze_Balancing_Bacteria_gpt-oss-20b-low_3.cpp,RUNTIME_ERROR,0,0.00%,0.030,2.7890625,0,0,0,0,0,0,0,0,0,0,0,0,0,0
bronze_Balancing_Bacteria_gpt-oss-20b-low_4.cpp,ACCEPTED,333,100.00%,0.040,2.7890625,0,25.64102564102564,25.64102564102564,25.64102564102564,25.64102564102564,25.64102564102564,25.64102564102564,25.64102564102564,25.64102564102564,25.64102564102564,25.64102564102564,25.64102564102564,25.64102564102564,25.64102564102564
