solution,status,score,%test passed,time,memory,subtask_0,subtask_1,subtask_10,subtask_11,subtask_12,subtask_13,subtask_14,subtask_15,subtask_16,subtask_17,subtask_18,subtask_19,subtask_2,subtask_3,subtask_4,subtask_5,subtask_6,subtask_7,subtask_8,subtask_9
gold_Walking_in_Manhattan_gpt-oss-20b-low_0.cpp,MEMORY_LIMIT_EXCEEDED,0,0.00%,0.400,305.51953125,0,0,0,0,0,0,0,0,0,0,0,0,0,0,0,0,0,0,0,0
gold_Walking_in_Manhattan_gpt-oss-20b-low_1.cpp,TIME_LIMIT_EXCEEDED,0,5.00%,2.420,3.12890625,0,0,0,0,0,0,0,0,0,0,0,0,0,0,0,0,0,0,0,0
gold_Walking_in_Manhattan_gpt-oss-20b-low_2.cpp,MEMORY_LIMIT_EXCEEDED,0,0.00%,0.250,304.98828125,0,0,0,0,0,0,0,0,0,0,0,0,0,0,0,0,0,0,0,0
gold_Walking_in_Manhattan_gpt-oss-20b-low_4.cpp,TIME_LIMIT_EXCEEDED,140,45.00%,2.420,3.1328125,0,17.543859649122805,0,0,0,0,0,0,0,0,0,0,17.543859649122805,17.543859649122805,17.543859649122805,17.543859649122805,17.543859649122805,17.543859649122805,17.543859649122805,0
gold_Walking_in_Manhattan_gpt-oss-20b-low_6.cpp,TIME_LIMIT_EXCEEDED,140,45.00%,2.430,3.12890625,0,17.543859649122805,0,0,0,0,0,0,0,0,0,0,17.543859649122805,17.543859649122805,17.543859649122805,17.543859649122805,17.543859649122805,17.543859649122805,17.543859649122805,0
gold_Walking_in_Manhattan_gpt-oss-20b-low_7.cpp,TIME_LIMIT_EXCEEDED,140,45.00%,2.420,10.0078125,0,17.543859649122805,0,0,0,0,0,0,0,0,0,0,17.543859649122805,17.543859649122805,17.543859649122805,17.543859649122805,17.543859649122805,17.543859649122805,17.543859649122805,0
