solution,status,score,%test passed,time,memory,subtask_0,subtask_1,subtask_10,subtask_11,subtask_12,subtask_13,subtask_14,subtask_2,subtask_3,subtask_4,subtask_5,subtask_6,subtask_7,subtask_8,subtask_9
silver_Potion_Farming_gpt-oss-20b-low_0.cpp,WRONG_ANSWER,167,53.33%,0.040,15.15234375,0,0,23.809523809523807,0,0,0,23.809523809523807,0,23.809523809523807,23.809523809523807,23.809523809523807,23.809523809523807,0,0,23.809523809523807
silver_Potion_Farming_gpt-oss-20b-low_1.cpp,WRONG_ANSWER,24,13.33%,0.050,8.0,0,0,23.809523809523807,0,0,0,0,0,0,0,0,0,0,0,0
silver_Potion_Farming_gpt-oss-20b-low_2.cpp,WRONG_ANSWER,48,20.00%,0.050,13.21875,0,0,0,0,0,0,0,23.809523809523807,0,0,0,0,23.809523809523807,0,0
silver_Potion_Farming_gpt-oss-20b-low_3.cpp,WRONG_ANSWER,48,13.33%,0.040,8.76953125,0,23.809523809523807,0,0,0,0,0,0,0,0,0,0,0,23.809523809523807,0
silver_Potion_Farming_gpt-oss-20b-low_4.cpp,WRONG_ANSWER,48,13.33%,0.040,8.515625,0,0,0,0,0,0,0,23.809523809523807,0,0,0,0,23.809523809523807,0,0
silver_Potion_Farming_gpt-oss-20b-low_5.cpp,WRONG_ANSWER,71,20.00%,0.060,15.94140625,0,0,23.809523809523807,0,0,0,0,23.809523809523807,0,0,0,0,23.809523809523807,0,0
silver_Potion_Farming_gpt-oss-20b-low_6.cpp,WRONG_ANSWER,24,13.33%,0.040,8.71484375,0,0,23.809523809523807,0,0,0,0,0,0,0,0,0,0,0,0
silver_Potion_Farming_gpt-oss-20b-low_7.cpp,WRONG_ANSWER,48,13.33%,0.060,19.75,0,0,0,0,0,0,0,23.809523809523807,0,0,0,0,23.809523809523807,0,0
