solution,status,score,%test passed,time,memory,subtask_0,subtask_1,subtask_10,subtask_11,subtask_12,subtask_2,subtask_3,subtask_4,subtask_5,subtask_6,subtask_7,subtask_8,subtask_9
silver_Cowlendar_gpt-oss-20b-low_1.cpp,RUNTIME_ERROR,194,50.00%,2.360,5.73046875,0,0,0,27.777777777777775,27.777777777777775,27.777777777777775,0,27.777777777777775,27.777777777777775,0,27.777777777777775,0,27.777777777777775
silver_Cowlendar_gpt-oss-20b-low_2.cpp,TIME_LIMIT_EXCEEDED,56,28.57%,2.430,1.5546875,0,0,0,0,0,27.777777777777775,0,0,0,0,0,0,27.777777777777775
silver_Cowlendar_gpt-oss-20b-low_3.cpp,TIME_LIMIT_EXCEEDED,0,0.00%,2.430,5.44921875,0,0,0,0,0,0,0,0,0,0,0,0,0
silver_Cowlendar_gpt-oss-20b-low_5.cpp,TIME_LIMIT_EXCEEDED,194,64.29%,2.410,3.0625,0,0,0,27.777777777777775,27.777777777777775,27.777777777777775,0,27.777777777777775,27.777777777777775,0,27.777777777777775,0,27.777777777777775
silver_Cowlendar_gpt-oss-20b-low_7.cpp,RUNTIME_ERROR,0,0.00%,0.100,2.328125,0,0,0,0,0,0,0,0,0,0,0,0,0
