solution,status,score,%test passed,time,memory,subtask_0,subtask_1,subtask_10,subtask_11,subtask_12,subtask_13,subtask_14,subtask_15,subtask_2,subtask_3,subtask_4,subtask_5,subtask_6,subtask_7,subtask_8,subtask_9
bronze_Leaders_deepseek-chat_0.cpp,RUNTIME_ERROR,0,0.00%,0.060,2.5859375,0,0,0,0,0,0,0,0,0,0,0,0,0,0,0,0
bronze_Leaders_deepseek-chat_1.cpp,ACCEPTED,333,100.00%,2.080,2.56640625,0,22.22222222222222,22.22222222222222,22.22222222222222,22.22222222222222,22.22222222222222,22.22222222222222,22.22222222222222,22.22222222222222,22.22222222222222,22.22222222222222,22.22222222222222,22.22222222222222,22.22222222222222,22.22222222222222,22.22222222222222
bronze_Leaders_deepseek-chat_2.cpp,WRONG_ANSWER,0,5.88%,0.380,2.40625,0,0,0,0,0,0,0,0,0,0,0,0,0,0,0,0
bronze_Leaders_deepseek-chat_3.cpp,RUNTIME_ERROR,0,0.00%,0.710,2.41015625,0,0,0,0,0,0,0,0,0,0,0,0,0,0,0,0
bronze_Leaders_deepseek-chat_4.cpp,TIME_LIMIT_EXCEEDED,0,0.00%,2.260,2.40625,0,0,0,0,0,0,0,0,0,0,0,0,0,0,0,0
bronze_Leaders_deepseek-chat_5.cpp,TIME_LIMIT_EXCEEDED,0,0.00%,2.270,3.16796875,0,0,0,0,0,0,0,0,0,0,0,0,0,0,0,0
bronze_Leaders_deepseek-chat_6.cpp,ACCEPTED,333,100.00%,0.060,2.0703125,0,22.22222222222222,22.22222222222222,22.22222222222222,22.22222222222222,22.22222222222222,22.22222222222222,22.22222222222222,22.22222222222222,22.22222222222222,22.22222222222222,22.22222222222222,22.22222222222222,22.22222222222222,22.22222222222222,22.22222222222222
bronze_Leaders_deepseek-chat_7.cpp,RUNTIME_ERROR,0,0.00%,0.060,1.8125,0,0,0,0,0,0,0,0,0,0,0,0,0,0,0,0
