solution,status,score,%test passed,time,memory,subtask_0,subtask_1,subtask_10,subtask_2,subtask_3,subtask_4,subtask_5,subtask_6,subtask_7,subtask_8,subtask_9
bronze_Watching_Mooloo_Qwen3-30B-Non-Thinking_2.cpp,ACCEPTED,333,100.00%,0.120,2.015625,0,33.33333333333333,33.33333333333333,33.33333333333333,33.33333333333333,33.33333333333333,33.33333333333333,33.33333333333333,33.33333333333333,33.33333333333333,33.33333333333333
bronze_Watching_Mooloo_Qwen3-30B-Non-Thinking_4.cpp,RUNTIME_ERROR,33,8.33%,0.120,2.015625,0,0,0,0,33.33333333333333,0,0,0,0,0,0
bronze_Watching_Mooloo_Qwen3-30B-Non-Thinking_5.cpp,ACCEPTED,333,100.00%,0.150,2.07421875,0,33.33333333333333,33.33333333333333,33.33333333333333,33.33333333333333,33.33333333333333,33.33333333333333,33.33333333333333,33.33333333333333,33.33333333333333,33.33333333333333
bronze_Watching_Mooloo_Qwen3-30B-Non-Thinking_5.cpp,ACCEPTED,333,100.00%,0.150,2.07421875,0,33.33333333333333,33.33333333333333,33.33333333333333,33.33333333333333,33.33333333333333,33.33333333333333,33.33333333333333,33.33333333333333,33.33333333333333,33.33333333333333
bronze_Watching_Mooloo_Qwen3-30B-Non-Thinking_5.cpp,ACCEPTED,333,100.00%,0.150,2.07421875,0,33.33333333333333,33.33333333333333,33.33333333333333,33.33333333333333,33.33333333333333,33.33333333333333,33.33333333333333,33.33333333333333,33.33333333333333,33.33333333333333
bronze_Watching_Mooloo_Qwen3-30B-Non-Thinking_5.cpp,ACCEPTED,333,100.00%,0.150,2.07421875,0,33.33333333333333,33.33333333333333,33.33333333333333,33.33333333333333,33.33333333333333,33.33333333333333,33.33333333333333,33.33333333333333,33.33333333333333,33.33333333333333
bronze_Watching_Mooloo_Qwen3-30B-Non-Thinking_5.cpp,ACCEPTED,333,100.00%,0.150,2.07421875,0,33.33333333333333,33.33333333333333,33.33333333333333,33.33333333333333,33.33333333333333,33.33333333333333,33.33333333333333,33.33333333333333,33.33333333333333,33.33333333333333
bronze_Watching_Mooloo_Qwen3-30B-Non-Thinking_7.cpp,ACCEPTED,333,100.00%,0.120,2.015625,0,33.33333333333333,33.33333333333333,33.33333333333333,33.33333333333333,33.33333333333333,33.33333333333333,33.33333333333333,33.33333333333333,33.33333333333333,33.33333333333333
