solution,status,score,%test passed,time,memory,subtask_0,subtask_1,subtask_10,subtask_11,subtask_12,subtask_13,subtask_14,subtask_15,subtask_16,subtask_17,subtask_18,subtask_2,subtask_3,subtask_4,subtask_5,subtask_6,subtask_7,subtask_8,subtask_9
silver_Moo_Route_II_Qwen3-30B-Non-Thinking_0.cpp,RUNTIME_ERROR,130,35.00%,0.360,17.5390625,0,0,18.51851851851852,0,0,0,0,0,0,0,0,0,0,18.51851851851852,18.51851851851852,18.51851851851852,18.51851851851852,18.51851851851852,18.51851851851852
silver_Moo_Route_II_Qwen3-30B-Non-Thinking_1.cpp,RUNTIME_ERROR,0,0.00%,0.180,14.4453125,0,0,0,0,0,0,0,0,0,0,0,0,0,0,0,0,0,0,0
silver_Moo_Route_II_Qwen3-30B-Non-Thinking_2.cpp,RUNTIME_ERROR,130,35.00%,0.210,17.54296875,0,0,18.51851851851852,0,0,0,0,0,0,0,0,0,0,18.51851851851852,18.51851851851852,18.51851851851852,18.51851851851852,18.51851851851852,18.51851851851852
silver_Moo_Route_II_Qwen3-30B-Non-Thinking_3.cpp,RUNTIME_ERROR,130,35.00%,0.360,17.59765625,0,0,18.51851851851852,0,0,0,0,0,0,0,0,0,0,18.51851851851852,18.51851851851852,18.51851851851852,18.51851851851852,18.51851851851852,18.51851851851852
silver_Moo_Route_II_Qwen3-30B-Non-Thinking_4.cpp,RUNTIME_ERROR,0,0.00%,0.340,16.05859375,0,0,0,0,0,0,0,0,0,0,0,0,0,0,0,0,0,0,0
silver_Moo_Route_II_Qwen3-30B-Non-Thinking_5.cpp,RUNTIME_ERROR,130,35.00%,0.360,17.5390625,0,0,18.51851851851852,0,0,0,0,0,0,0,0,0,0,18.51851851851852,18.51851851851852,18.51851851851852,18.51851851851852,18.51851851851852,18.51851851851852
silver_Moo_Route_II_Qwen3-30B-Non-Thinking_6.cpp,COMPILATION_ERROR,0,0.00%,0.000,0,0,0,0,0,0,0,0,0,0,0,0,0,0,0,0,0,0,0,0
silver_Moo_Route_II_Qwen3-30B-Non-Thinking_7.cpp,RUNTIME_ERROR,0,0.00%,0.190,14.4453125,0,0,0,0,0,0,0,0,0,0,0,0,0,0,0,0,0,0,0
