solution,status,score,%test passed,time,memory,subtask_0,subtask_1,subtask_10,subtask_2,subtask_3,subtask_4,subtask_5,subtask_6,subtask_7,subtask_8,subtask_9
silver_Bakery_Qwen3-30B-Non-Thinking_0.cpp,WRONG_ANSWER,0,0.00%,0.100,0.00390625,0,0,0,0,0,0,0,0,0,0,0
silver_Bakery_Qwen3-30B-Non-Thinking_1.cpp,WRONG_ANSWER,0,0.00%,0.110,0.00390625,0,0,0,0,0,0,0,0,0,0,0
silver_Bakery_Qwen3-30B-Non-Thinking_2.cpp,WRONG_ANSWER,0,0.00%,0.110,0.00390625,0,0,0,0,0,0,0,0,0,0,0
silver_Bakery_Qwen3-30B-Non-Thinking_3.cpp,TIME_LIMIT_EXCEEDED,100,36.36%,2.390,0.00390625,0,33.33333333333333,0,33.33333333333333,33.33333333333333,0,0,0,0,0,0
silver_Bakery_Qwen3-30B-Non-Thinking_4.cpp,TIME_LIMIT_EXCEEDED,100,36.36%,2.260,0.00390625,0,33.33333333333333,0,33.33333333333333,33.33333333333333,0,0,0,0,0,0
silver_Bakery_Qwen3-30B-Non-Thinking_5.cpp,TIME_LIMIT_EXCEEDED,100,36.36%,2.260,0.00390625,0,33.33333333333333,0,33.33333333333333,33.33333333333333,0,0,0,0,0,0
silver_Bakery_Qwen3-30B-Non-Thinking_6.cpp,TIME_LIMIT_EXCEEDED,100,36.36%,2.270,0.00390625,0,33.33333333333333,0,33.33333333333333,33.33333333333333,0,0,0,0,0,0
silver_Bakery_Qwen3-30B-Non-Thinking_7.cpp,TIME_LIMIT_EXCEEDED,100,36.36%,2.380,0.00390625,0,33.33333333333333,0,33.33333333333333,33.33333333333333,0,0,0,0,0,0
