solution,status,score,%test passed,time,memory,subtask_0,subtask_1,subtask_10,subtask_11,subtask_12,subtask_13,subtask_2,subtask_3,subtask_4,subtask_5,subtask_6,subtask_7,subtask_8,subtask_9
bronze_Milk_Exchange_gemini-2.5-pro_0.cpp,TIME_LIMIT_EXCEEDED,103,37.50%,2.230,16.671875,0,0,25.64102564102564,0,0,25.64102564102564,0,0,25.64102564102564,25.64102564102564,0,0,0,0
bronze_Milk_Exchange_gemini-2.5-pro_1.cpp,ACCEPTED,333,100.00%,0.130,8.1953125,0,25.64102564102564,25.64102564102564,25.64102564102564,25.64102564102564,25.64102564102564,25.64102564102564,25.64102564102564,25.64102564102564,25.64102564102564,25.64102564102564,25.64102564102564,25.64102564102564,25.64102564102564
bronze_Milk_Exchange_gemini-2.5-pro_2.cpp,TIME_LIMIT_EXCEEDED,231,75.00%,2.280,10.75,0,25.64102564102564,25.64102564102564,25.64102564102564,0,25.64102564102564,25.64102564102564,25.64102564102564,25.64102564102564,25.64102564102564,0,0,25.64102564102564,0
bronze_Milk_Exchange_gemini-2.5-pro_3.cpp,ACCEPTED,333,100.00%,0.120,5.109375,0,25.64102564102564,25.64102564102564,25.64102564102564,25.64102564102564,25.64102564102564,25.64102564102564,25.64102564102564,25.64102564102564,25.64102564102564,25.64102564102564,25.64102564102564,25.64102564102564,25.64102564102564
bronze_Milk_Exchange_gemini-2.5-pro_4.cpp,ACCEPTED,333,100.00%,0.140,5.90234375,0,25.64102564102564,25.64102564102564,25.64102564102564,25.64102564102564,25.64102564102564,25.64102564102564,25.64102564102564,25.64102564102564,25.64102564102564,25.64102564102564,25.64102564102564,25.64102564102564,25.64102564102564
bronze_Milk_Exchange_gemini-2.5-pro_5.cpp,WRONG_ANSWER,103,37.50%,0.130,7.78125,0,0,25.64102564102564,0,0,25.64102564102564,0,0,25.64102564102564,25.64102564102564,0,0,0,0
bronze_Milk_Exchange_gemini-2.5-pro_6.cpp,ACCEPTED,333,100.00%,0.150,5.50390625,0,25.64102564102564,25.64102564102564,25.64102564102564,25.64102564102564,25.64102564102564,25.64102564102564,25.64102564102564,25.64102564102564,25.64102564102564,25.64102564102564,25.64102564102564,25.64102564102564,25.64102564102564
bronze_Milk_Exchange_gemini-2.5-pro_7.cpp,TIME_LIMIT_EXCEEDED,205,68.75%,2.270,20.80078125,0,25.64102564102564,25.64102564102564,25.64102564102564,0,25.64102564102564,25.64102564102564,25.64102564102564,25.64102564102564,25.64102564102564,0,0,0,0
