solution,status,score,%test passed,time,memory,subtask_0,subtask_1,subtask_10,subtask_2,subtask_3,subtask_4,subtask_5,subtask_6,subtask_7,subtask_8,subtask_9
gold_Quantum_Moochanics_gemini-2.5-pro_0.cpp,ACCEPTED,333,100.00%,0.200,8.90234375,0,33.33333333333333,33.33333333333333,33.33333333333333,33.33333333333333,33.33333333333333,33.33333333333333,33.33333333333333,33.33333333333333,33.33333333333333,33.33333333333333
gold_Quantum_Moochanics_gemini-2.5-pro_1.cpp,ACCEPTED,333,100.00%,0.290,15.21875,0,33.33333333333333,33.33333333333333,33.33333333333333,33.33333333333333,33.33333333333333,33.33333333333333,33.33333333333333,33.33333333333333,33.33333333333333,33.33333333333333
gold_Quantum_Moochanics_gemini-2.5-pro_2.cpp,ACCEPTED,333,100.00%,0.310,21.921875,0,33.33333333333333,33.33333333333333,33.33333333333333,33.33333333333333,33.33333333333333,33.33333333333333,33.33333333333333,33.33333333333333,33.33333333333333,33.33333333333333
gold_Quantum_Moochanics_gemini-2.5-pro_3.cpp,WRONG_ANSWER,33,16.67%,0.440,21.9609375,0,33.33333333333333,0,0,0,0,0,0,0,0,0
gold_Quantum_Moochanics_gemini-2.5-pro_4.cpp,ACCEPTED,333,100.00%,0.260,18.4140625,0,33.33333333333333,33.33333333333333,33.33333333333333,33.33333333333333,33.33333333333333,33.33333333333333,33.33333333333333,33.33333333333333,33.33333333333333,33.33333333333333
gold_Quantum_Moochanics_gemini-2.5-pro_5.cpp,ACCEPTED,333,100.00%,0.240,15.9921875,0,33.33333333333333,33.33333333333333,33.33333333333333,33.33333333333333,33.33333333333333,33.33333333333333,33.33333333333333,33.33333333333333,33.33333333333333,33.33333333333333
gold_Quantum_Moochanics_gemini-2.5-pro_6.cpp,ACCEPTED,333,100.00%,0.280,14.1875,0,33.33333333333333,33.33333333333333,33.33333333333333,33.33333333333333,33.33333333333333,33.33333333333333,33.33333333333333,33.33333333333333,33.33333333333333,33.33333333333333
gold_Quantum_Moochanics_gemini-2.5-pro_7.cpp,ACCEPTED,333,100.00%,0.320,21.98046875,0,33.33333333333333,33.33333333333333,33.33333333333333,33.33333333333333,33.33333333333333,33.33333333333333,33.33333333333333,33.33333333333333,33.33333333333333,33.33333333333333
