solution,status,score,%test passed,time,memory,subtask_0,subtask_1,subtask_10,subtask_2,subtask_3,subtask_4,subtask_5,subtask_6,subtask_7,subtask_8,subtask_9
bronze_Astral_Superposition_gpt-oss-20b-high_0.cpp,ACCEPTED,333,100.00%,0.650,79.7890625,0,33.33333333333333,33.33333333333333,33.33333333333333,33.33333333333333,33.33333333333333,33.33333333333333,33.33333333333333,33.33333333333333,33.33333333333333,33.33333333333333
bronze_Astral_Superposition_gpt-oss-20b-high_1.cpp,WRONG_ANSWER,33,16.67%,0.150,11.15234375,0,33.33333333333333,0,0,0,0,0,0,0,0,0
bronze_Astral_Superposition_gpt-oss-20b-high_2.cpp,ACCEPTED,333,100.00%,0.070,3.49609375,0,33.33333333333333,33.33333333333333,33.33333333333333,33.33333333333333,33.33333333333333,33.33333333333333,33.33333333333333,33.33333333333333,33.33333333333333,33.33333333333333
bronze_Astral_Superposition_gpt-oss-20b-high_4.cpp,ACCEPTED,333,100.00%,0.130,3.359375,0,33.33333333333333,33.33333333333333,33.33333333333333,33.33333333333333,33.33333333333333,33.33333333333333,33.33333333333333,33.33333333333333,33.33333333333333,33.33333333333333
bronze_Astral_Superposition_gpt-oss-20b-high_5.cpp,ACCEPTED,333,100.00%,0.110,3.5,0,33.33333333333333,33.33333333333333,33.33333333333333,33.33333333333333,33.33333333333333,33.33333333333333,33.33333333333333,33.33333333333333,33.33333333333333,33.33333333333333
bronze_Astral_Superposition_gpt-oss-20b-high_6.cpp,ACCEPTED,333,100.00%,0.100,3.34375,0,33.33333333333333,33.33333333333333,33.33333333333333,33.33333333333333,33.33333333333333,33.33333333333333,33.33333333333333,33.33333333333333,33.33333333333333,33.33333333333333
bronze_Astral_Superposition_gpt-oss-20b-high_7.cpp,ACCEPTED,333,100.00%,0.150,17.796875,0,33.33333333333333,33.33333333333333,33.33333333333333,33.33333333333333,33.33333333333333,33.33333333333333,33.33333333333333,33.33333333333333,33.33333333333333,33.33333333333333
