solution,status,score,%test passed,time,memory,subtask_0,subtask_1,subtask_10,subtask_2,subtask_3,subtask_4,subtask_5,subtask_6,subtask_7,subtask_8,subtask_9
bronze_Cowntact_Tracing_2_gpt-5_0.cpp,ACCEPTED,333,100.00%,0.010,1.859375,0,33.33333333333333,33.33333333333333,33.33333333333333,33.33333333333333,33.33333333333333,33.33333333333333,33.33333333333333,33.33333333333333,33.33333333333333,33.33333333333333
bronze_Cowntact_Tracing_2_gpt-5_1.cpp,ACCEPTED,333,100.00%,0.110,1.5546875,0,33.33333333333333,33.33333333333333,33.33333333333333,33.33333333333333,33.33333333333333,33.33333333333333,33.33333333333333,33.33333333333333,33.33333333333333,33.33333333333333
bronze_Cowntact_Tracing_2_gpt-5_2.cpp,ACCEPTED,333,100.00%,0.110,1.703125,0,33.33333333333333,33.33333333333333,33.33333333333333,33.33333333333333,33.33333333333333,33.33333333333333,33.33333333333333,33.33333333333333,33.33333333333333,33.33333333333333
bronze_Cowntact_Tracing_2_gpt-5_3.cpp,WRONG_ANSWER,100,41.67%,0.100,1.5546875,0,33.33333333333333,0,33.33333333333333,0,33.33333333333333,0,0,0,0,0
bronze_Cowntact_Tracing_2_gpt-5_4.cpp,ACCEPTED,333,100.00%,0.100,1.73828125,0,33.33333333333333,33.33333333333333,33.33333333333333,33.33333333333333,33.33333333333333,33.33333333333333,33.33333333333333,33.33333333333333,33.33333333333333,33.33333333333333
bronze_Cowntact_Tracing_2_gpt-5_5.cpp,WRONG_ANSWER,100,41.67%,0.110,1.734375,0,33.33333333333333,0,33.33333333333333,0,33.33333333333333,0,0,0,0,0
bronze_Cowntact_Tracing_2_gpt-5_6.cpp,ACCEPTED,333,100.00%,0.100,1.5546875,0,33.33333333333333,33.33333333333333,33.33333333333333,33.33333333333333,33.33333333333333,33.33333333333333,33.33333333333333,33.33333333333333,33.33333333333333,33.33333333333333
bronze_Cowntact_Tracing_2_gpt-5_7.cpp,ACCEPTED,333,100.00%,0.100,1.73828125,0,33.33333333333333,33.33333333333333,33.33333333333333,33.33333333333333,33.33333333333333,33.33333333333333,33.33333333333333,33.33333333333333,33.33333333333333,33.33333333333333
