solution,status,score,%test passed,time,memory,subtask_0,subtask_1,subtask_10,subtask_11,subtask_12,subtask_13,subtask_14,subtask_15,subtask_16,subtask_17,subtask_18,subtask_19,subtask_2,subtask_20,subtask_3,subtask_4,subtask_5,subtask_6,subtask_7,subtask_8,subtask_9
platinum_Train_Scheduling_gpt-5_0.cpp,RUNTIME_ERROR,0,4.17%,0.020,0.00390625,0,0,0,0,0,0,0,0,0,0,0,0,0,0,0,0,0,0,0,0,0
platinum_Train_Scheduling_gpt-5_1.cpp,RUNTIME_ERROR,0,4.17%,0.100,0.00390625,0,0,0,0,0,0,0,0,0,0,0,0,0,0,0,0,0,0,0,0,0
platinum_Train_Scheduling_gpt-5_2.cpp,WRONG_ANSWER,300,91.67%,0.100,1.5546875,0,16.666666666666664,16.666666666666664,16.666666666666664,16.666666666666664,16.666666666666664,16.666666666666664,16.666666666666664,16.666666666666664,16.666666666666664,16.666666666666664,0,16.666666666666664,16.666666666666664,16.666666666666664,16.666666666666664,16.666666666666664,0,16.666666666666664,16.666666666666664,16.666666666666664
platinum_Train_Scheduling_gpt-5_3.cpp,WRONG_ANSWER,300,91.67%,0.110,1.5546875,0,16.666666666666664,16.666666666666664,16.666666666666664,16.666666666666664,16.666666666666664,16.666666666666664,16.666666666666664,0,16.666666666666664,16.666666666666664,0,16.666666666666664,16.666666666666664,16.666666666666664,16.666666666666664,16.666666666666664,16.666666666666664,16.666666666666664,16.666666666666664,16.666666666666664
platinum_Train_Scheduling_gpt-5_4.cpp,WRONG_ANSWER,300,91.67%,0.130,1.55078125,0,16.666666666666664,16.666666666666664,16.666666666666664,16.666666666666664,16.666666666666664,16.666666666666664,16.666666666666664,0,16.666666666666664,16.666666666666664,0,16.666666666666664,16.666666666666664,16.666666666666664,16.666666666666664,16.666666666666664,16.666666666666664,16.666666666666664,16.666666666666664,16.666666666666664
platinum_Train_Scheduling_gpt-5_5.cpp,WRONG_ANSWER,33,25.00%,0.100,1.546875,0,16.666666666666664,0,0,0,0,0,0,0,0,0,0,16.666666666666664,0,0,0,0,0,0,0,0
platinum_Train_Scheduling_gpt-5_6.cpp,RUNTIME_ERROR,33,16.67%,0.200,2.06640625,0,16.666666666666664,0,0,0,0,0,0,0,0,0,0,16.666666666666664,0,0,0,0,0,0,0,0
platinum_Train_Scheduling_gpt-5_7.cpp,RUNTIME_ERROR,0,4.17%,0.100,0.00390625,0,0,0,0,0,0,0,0,0,0,0,0,0,0,0,0,0,0,0,0,0
