solution,status,score,%test passed,time,memory,subtask_0,subtask_1,subtask_10,subtask_11,subtask_2,subtask_3,subtask_4,subtask_5,subtask_6,subtask_7,subtask_8,subtask_9
bronze_Hoof_Paper_Scissors_Minus_One_seed-oss_0.cpp,TIME_LIMIT_EXCEEDED,152,50.00%,3.620,44.86328125,0,30.3030303030303,0,0,30.3030303030303,30.3030303030303,30.3030303030303,30.3030303030303,0,0,0,0
bronze_Hoof_Paper_Scissors_Minus_One_seed-oss_1.cpp,WRONG_ANSWER,0,0.00%,1.920,42.28515625,0,0,0,0,0,0,0,0,0,0,0,0
bronze_Hoof_Paper_Scissors_Minus_One_seed-oss_2.cpp,TIME_LIMIT_EXCEEDED,0,8.33%,3.620,43.8359375,0,0,0,0,0,0,0,0,0,0,0,0
bronze_Hoof_Paper_Scissors_Minus_One_seed-oss_3.cpp,ACCEPTED,333,100.00%,0.060,11.09375,0,30.3030303030303,30.3030303030303,30.3030303030303,30.3030303030303,30.3030303030303,30.3030303030303,30.3030303030303,30.3030303030303,30.3030303030303,30.3030303030303,30.3030303030303
bronze_Hoof_Paper_Scissors_Minus_One_seed-oss_4.cpp,WRONG_ANSWER,0,0.00%,0.080,77.609375,0,0,0,0,0,0,0,0,0,0,0,0
bronze_Hoof_Paper_Scissors_Minus_One_seed-oss_5.cpp,ACCEPTED,333,100.00%,0.050,2.5859375,0,30.3030303030303,30.3030303030303,30.3030303030303,30.3030303030303,30.3030303030303,30.3030303030303,30.3030303030303,30.3030303030303,30.3030303030303,30.3030303030303,30.3030303030303
bronze_Hoof_Paper_Scissors_Minus_One_seed-oss_6.cpp,WRONG_ANSWER,0,8.33%,0.060,2.5859375,0,0,0,0,0,0,0,0,0,0,0,0
bronze_Hoof_Paper_Scissors_Minus_One_seed-oss_7.cpp,TIME_LIMIT_EXCEEDED,152,50.00%,3.620,36.359375,0,30.3030303030303,0,0,30.3030303030303,30.3030303030303,30.3030303030303,30.3030303030303,0,0,0,0
