solution,status,score,%test passed,time,memory,subtask_0,subtask_1,subtask_10,subtask_11,subtask_12,subtask_2,subtask_3,subtask_4,subtask_5,subtask_6,subtask_7,subtask_8,subtask_9
silver_Cowlendar_deepseek-chat_0.cpp,TIME_LIMIT_EXCEEDED,0,14.29%,2.240,5.484375,0,0,0,0,0,0,0,0,0,0,0,0,0
silver_Cowlendar_deepseek-chat_1.cpp,TIME_LIMIT_EXCEEDED,56,28.57%,2.230,0.00390625,0,0,0,0,0,27.777777777777775,0,0,0,0,0,0,27.777777777777775
silver_Cowlendar_deepseek-chat_2.cpp,RUNTIME_ERROR,194,50.00%,2.190,6.19140625,0,0,0,27.777777777777775,27.777777777777775,27.777777777777775,0,27.777777777777775,27.777777777777775,0,27.777777777777775,0,27.777777777777775
silver_Cowlendar_deepseek-chat_3.cpp,TIME_LIMIT_EXCEEDED,139,50.00%,2.230,6.44921875,0,27.777777777777775,0,27.777777777777775,27.777777777777775,0,0,27.777777777777775,0,0,27.777777777777775,0,0
silver_Cowlendar_deepseek-chat_4.cpp,TIME_LIMIT_EXCEEDED,56,28.57%,2.210,2.328125,0,0,0,0,0,27.777777777777775,0,0,0,0,0,0,27.777777777777775
silver_Cowlendar_deepseek-chat_5.cpp,TIME_LIMIT_EXCEEDED,0,0.00%,2.230,5.484375,0,0,0,0,0,0,0,0,0,0,0,0,0
silver_Cowlendar_deepseek-chat_6.cpp,TIME_LIMIT_EXCEEDED,56,28.57%,2.220,4.40625,0,0,0,0,0,27.777777777777775,0,0,0,0,0,0,27.777777777777775
silver_Cowlendar_deepseek-chat_7.cpp,TIME_LIMIT_EXCEEDED,56,28.57%,2.240,0.00390625,0,0,0,0,0,27.777777777777775,0,0,0,0,0,0,27.777777777777775
