solution,status,score,%test passed,time,memory,subtask_0,subtask_1,subtask_10,subtask_11,subtask_2,subtask_3,subtask_4,subtask_5,subtask_6,subtask_7,subtask_8,subtask_9
bronze_Farmer_John_Actually_Farms_gpt-oss-120b-low_0.cpp,ACCEPTED,333,100.00%,0.090,4.95703125,0,30.3030303030303,30.3030303030303,30.3030303030303,30.3030303030303,30.3030303030303,30.3030303030303,30.3030303030303,30.3030303030303,30.3030303030303,30.3030303030303,30.3030303030303
bronze_Farmer_John_Actually_Farms_gpt-oss-120b-low_1.cpp,ACCEPTED,333,100.00%,0.090,4.953125,0,30.3030303030303,30.3030303030303,30.3030303030303,30.3030303030303,30.3030303030303,30.3030303030303,30.3030303030303,30.3030303030303,30.3030303030303,30.3030303030303,30.3030303030303
bronze_Farmer_John_Actually_Farms_gpt-oss-120b-low_2.cpp,RUNTIME_ERROR,0,0.00%,0.110,10.8203125,0,0,0,0,0,0,0,0,0,0,0,0
bronze_Farmer_John_Actually_Farms_gpt-oss-120b-low_3.cpp,ACCEPTED,333,100.00%,0.080,4.4453125,0,30.3030303030303,30.3030303030303,30.3030303030303,30.3030303030303,30.3030303030303,30.3030303030303,30.3030303030303,30.3030303030303,30.3030303030303,30.3030303030303,30.3030303030303
bronze_Farmer_John_Actually_Farms_gpt-oss-120b-low_4.cpp,WRONG_ANSWER,303,92.31%,0.100,4.953125,0,30.3030303030303,30.3030303030303,30.3030303030303,30.3030303030303,0,30.3030303030303,30.3030303030303,30.3030303030303,30.3030303030303,30.3030303030303,30.3030303030303
bronze_Farmer_John_Actually_Farms_gpt-oss-120b-low_5.cpp,ACCEPTED,333,100.00%,0.090,4.953125,0,30.3030303030303,30.3030303030303,30.3030303030303,30.3030303030303,30.3030303030303,30.3030303030303,30.3030303030303,30.3030303030303,30.3030303030303,30.3030303030303,30.3030303030303
bronze_Farmer_John_Actually_Farms_gpt-oss-120b-low_6.cpp,WRONG_ANSWER,303,92.31%,0.090,4.95703125,0,30.3030303030303,30.3030303030303,30.3030303030303,30.3030303030303,0,30.3030303030303,30.3030303030303,30.3030303030303,30.3030303030303,30.3030303030303,30.3030303030303
bronze_Farmer_John_Actually_Farms_gpt-oss-120b-low_7.cpp,ACCEPTED,333,100.00%,0.080,4.9609375,0,30.3030303030303,30.3030303030303,30.3030303030303,30.3030303030303,30.3030303030303,30.3030303030303,30.3030303030303,30.3030303030303,30.3030303030303,30.3030303030303,30.3030303030303
