solution,status,score,%test passed,time,memory,subtask_0,subtask_1,subtask_10,subtask_11,subtask_12,subtask_2,subtask_3,subtask_4,subtask_5,subtask_6,subtask_7,subtask_8,subtask_9
silver_Target_Practice_gpt-oss-120b-low_0.cpp,RUNTIME_ERROR,28,13.33%,0.080,7.30078125,0,0,0,0,0,0,27.777777777777775,0,0,0,0,0,0
silver_Target_Practice_gpt-oss-120b-low_1.cpp,TIME_LIMIT_EXCEEDED,222,66.67%,2.430,2.65234375,0,27.777777777777775,27.777777777777775,27.777777777777775,27.777777777777775,27.777777777777775,27.777777777777775,0,0,0,27.777777777777775,27.777777777777775,0
silver_Target_Practice_gpt-oss-120b-low_2.cpp,RUNTIME_ERROR,56,13.33%,0.060,8.0625,0,27.777777777777775,0,0,0,0,0,0,0,0,0,0,27.777777777777775
silver_Target_Practice_gpt-oss-120b-low_3.cpp,WRONG_ANSWER,28,26.67%,0.070,11.26171875,0,27.777777777777775,0,0,0,0,0,0,0,0,0,0,0
silver_Target_Practice_gpt-oss-120b-low_4.cpp,COMPILATION_ERROR,0,0.00%,0.000,0,0,0,0,0,0,0,0,0,0,0,0,0,0
silver_Target_Practice_gpt-oss-120b-low_5.cpp,WRONG_ANSWER,278,86.67%,0.070,11.68359375,0,27.777777777777775,27.777777777777775,0,27.777777777777775,27.777777777777775,27.777777777777775,27.777777777777775,0,27.777777777777775,27.777777777777775,27.777777777777775,27.777777777777775
silver_Target_Practice_gpt-oss-120b-low_6.cpp,MEMORY_LIMIT_EXCEEDED,28,20.00%,0.160,306.24609375,0,27.777777777777775,0,0,0,0,0,0,0,0,0,0,0
silver_Target_Practice_gpt-oss-120b-low_7.cpp,RUNTIME_ERROR,28,6.67%,0.060,8.90625,0,27.777777777777775,0,0,0,0,0,0,0,0,0,0,0
