solution,status,score,%test passed,time,memory,subtask_0,subtask_1,subtask_10,subtask_11,subtask_12,subtask_2,subtask_3,subtask_4,subtask_5,subtask_6,subtask_7,subtask_8,subtask_9
silver_Cycle_Correspondence_gpt-oss-120b-low_0.cpp,ACCEPTED,333,100.00%,0.090,15.9921875,0,27.777777777777775,27.777777777777775,27.777777777777775,27.777777777777775,27.777777777777775,27.777777777777775,27.777777777777775,27.777777777777775,27.777777777777775,27.777777777777775,27.777777777777775,27.777777777777775
silver_Cycle_Correspondence_gpt-oss-120b-low_1.cpp,RUNTIME_ERROR,28,13.33%,0.080,10.06640625,0,0,0,0,0,27.777777777777775,0,0,0,0,0,0,0
silver_Cycle_Correspondence_gpt-oss-120b-low_2.cpp,WRONG_ANSWER,56,33.33%,0.080,3.87890625,0,27.777777777777775,0,0,0,27.777777777777775,0,0,0,0,0,0,0
silver_Cycle_Correspondence_gpt-oss-120b-low_3.cpp,WRONG_ANSWER,56,33.33%,0.100,23.2109375,0,27.777777777777775,0,0,0,27.777777777777775,0,0,0,0,0,0,0
silver_Cycle_Correspondence_gpt-oss-120b-low_4.cpp,ACCEPTED,333,100.00%,0.100,8.4765625,0,27.777777777777775,27.777777777777775,27.777777777777775,27.777777777777775,27.777777777777775,27.777777777777775,27.777777777777775,27.777777777777775,27.777777777777775,27.777777777777775,27.777777777777775,27.777777777777775
silver_Cycle_Correspondence_gpt-oss-120b-low_5.cpp,MEMORY_LIMIT_EXCEEDED,28,13.33%,0.080,8.00390625,0,0,0,0,0,27.777777777777775,0,0,0,0,0,0,0
silver_Cycle_Correspondence_gpt-oss-120b-low_6.cpp,RUNTIME_ERROR,28,13.33%,0.090,7.48828125,0,0,0,0,0,27.777777777777775,0,0,0,0,0,0,0
silver_Cycle_Correspondence_gpt-oss-120b-low_7.cpp,RUNTIME_ERROR,28,13.33%,0.080,10.06640625,0,0,0,0,0,27.777777777777775,0,0,0,0,0,0,0
