solution,status,score,%test passed,time,memory,subtask_0,subtask_1,subtask_10,subtask_11,subtask_12,subtask_13,subtask_14,subtask_15,subtask_2,subtask_3,subtask_4,subtask_5,subtask_6,subtask_7,subtask_8,subtask_9
gold_Friendship_Editing_gpt-oss-120b-low_0.cpp,WRONG_ANSWER,22,22.22%,0.050,0.00390625,0,0,0,0,0,0,0,0,0,0,22.22222222222222,0,0,0,0,0
gold_Friendship_Editing_gpt-oss-120b-low_1.cpp,ACCEPTED,333,100.00%,0.100,2.33203125,0,22.22222222222222,22.22222222222222,22.22222222222222,22.22222222222222,22.22222222222222,22.22222222222222,22.22222222222222,22.22222222222222,22.22222222222222,22.22222222222222,22.22222222222222,22.22222222222222,22.22222222222222,22.22222222222222,22.22222222222222
gold_Friendship_Editing_gpt-oss-120b-low_2.cpp,ACCEPTED,333,100.00%,0.170,1.81640625,0,22.22222222222222,22.22222222222222,22.22222222222222,22.22222222222222,22.22222222222222,22.22222222222222,22.22222222222222,22.22222222222222,22.22222222222222,22.22222222222222,22.22222222222222,22.22222222222222,22.22222222222222,22.22222222222222,22.22222222222222
gold_Friendship_Editing_gpt-oss-120b-low_3.cpp,TIME_LIMIT_EXCEEDED,222,72.22%,2.430,1.81640625,0,22.22222222222222,22.22222222222222,0,0,0,0,0,22.22222222222222,22.22222222222222,22.22222222222222,22.22222222222222,22.22222222222222,22.22222222222222,22.22222222222222,22.22222222222222
gold_Friendship_Editing_gpt-oss-120b-low_4.cpp,RUNTIME_ERROR,0,5.56%,0.070,0.00390625,0,0,0,0,0,0,0,0,0,0,0,0,0,0,0,0
gold_Friendship_Editing_gpt-oss-120b-low_5.cpp,WRONG_ANSWER,0,16.67%,0.050,1.55859375,0,0,0,0,0,0,0,0,0,0,0,0,0,0,0,0
gold_Friendship_Editing_gpt-oss-120b-low_6.cpp,WRONG_ANSWER,22,22.22%,0.070,0.00390625,0,0,0,0,0,0,0,0,0,0,22.22222222222222,0,0,0,0,0
gold_Friendship_Editing_gpt-oss-120b-low_7.cpp,RUNTIME_ERROR,0,5.56%,0.090,1.81640625,0,0,0,0,0,0,0,0,0,0,0,0,0,0,0,0
