solution,status,score,%test passed,time,memory,subtask_0,subtask_1,subtask_10,subtask_11,subtask_12,subtask_13,subtask_2,subtask_3,subtask_4,subtask_5,subtask_6,subtask_7,subtask_8,subtask_9
bronze_Candy_Cane_Feast_Llama-3.3-70B-Instruct_0.cpp,ACCEPTED,333,100.00%,0.320,4.39453125,0,25.64102564102564,25.64102564102564,25.64102564102564,25.64102564102564,25.64102564102564,25.64102564102564,25.64102564102564,25.64102564102564,25.64102564102564,25.64102564102564,25.64102564102564,25.64102564102564,25.64102564102564
bronze_Candy_Cane_Feast_Llama-3.3-70B-Instruct_1.cpp,TIME_LIMIT_EXCEEDED,231,71.43%,2.290,4.39453125,0,25.64102564102564,0,0,0,0,25.64102564102564,25.64102564102564,25.64102564102564,25.64102564102564,25.64102564102564,25.64102564102564,25.64102564102564,25.64102564102564
bronze_Candy_Cane_Feast_Llama-3.3-70B-Instruct_2.cpp,TIME_LIMIT_EXCEEDED,231,71.43%,2.380,2.84765625,0,25.64102564102564,0,0,0,0,25.64102564102564,25.64102564102564,25.64102564102564,25.64102564102564,25.64102564102564,25.64102564102564,25.64102564102564,25.64102564102564
bronze_Candy_Cane_Feast_Llama-3.3-70B-Instruct_3.cpp,TIME_LIMIT_EXCEEDED,231,71.43%,2.320,4.39453125,0,25.64102564102564,0,0,0,0,25.64102564102564,25.64102564102564,25.64102564102564,25.64102564102564,25.64102564102564,25.64102564102564,25.64102564102564,25.64102564102564
bronze_Candy_Cane_Feast_Llama-3.3-70B-Instruct_4.cpp,TIME_LIMIT_EXCEEDED,231,71.43%,2.270,4.39453125,0,25.64102564102564,0,0,0,0,25.64102564102564,25.64102564102564,25.64102564102564,25.64102564102564,25.64102564102564,25.64102564102564,25.64102564102564,25.64102564102564
bronze_Candy_Cane_Feast_Llama-3.3-70B-Instruct_5.cpp,ACCEPTED,333,100.00%,0.350,4.39453125,0,25.64102564102564,25.64102564102564,25.64102564102564,25.64102564102564,25.64102564102564,25.64102564102564,25.64102564102564,25.64102564102564,25.64102564102564,25.64102564102564,25.64102564102564,25.64102564102564,25.64102564102564
bronze_Candy_Cane_Feast_Llama-3.3-70B-Instruct_6.cpp,TIME_LIMIT_EXCEEDED,231,71.43%,2.420,4.39453125,0,25.64102564102564,0,0,0,0,25.64102564102564,25.64102564102564,25.64102564102564,25.64102564102564,25.64102564102564,25.64102564102564,25.64102564102564,25.64102564102564
bronze_Candy_Cane_Feast_Llama-3.3-70B-Instruct_7.cpp,TIME_LIMIT_EXCEEDED,26,7.14%,2.250,4.39453125,0,25.64102564102564,0,0,0,0,0,0,0,0,0,0,0,0
