solution,status,score,%test passed,time,memory,subtask_0,subtask_1,subtask_10,subtask_11,subtask_12,subtask_13,subtask_14,subtask_15,subtask_16,subtask_17,subtask_18,subtask_2,subtask_3,subtask_4,subtask_5,subtask_6,subtask_7,subtask_8,subtask_9
gold_Lights_Off_seed-oss_0.cpp,ACCEPTED,333,100.00%,0.250,4.05859375,0,18.51851851851852,18.51851851851852,18.51851851851852,18.51851851851852,18.51851851851852,18.51851851851852,18.51851851851852,18.51851851851852,18.51851851851852,18.51851851851852,18.51851851851852,18.51851851851852,18.51851851851852,18.51851851851852,18.51851851851852,18.51851851851852,18.51851851851852,18.51851851851852
gold_Lights_Off_seed-oss_1.cpp,TIME_LIMIT_EXCEEDED,204,65.00%,4.830,6.7109375,0,18.51851851851852,18.51851851851852,18.51851851851852,0,0,0,0,0,0,0,18.51851851851852,18.51851851851852,18.51851851851852,18.51851851851852,18.51851851851852,18.51851851851852,18.51851851851852,18.51851851851852
gold_Lights_Off_seed-oss_2.cpp,ACCEPTED,333,100.00%,0.470,157.05078125,0,18.51851851851852,18.51851851851852,18.51851851851852,18.51851851851852,18.51851851851852,18.51851851851852,18.51851851851852,18.51851851851852,18.51851851851852,18.51851851851852,18.51851851851852,18.51851851851852,18.51851851851852,18.51851851851852,18.51851851851852,18.51851851851852,18.51851851851852,18.51851851851852
gold_Lights_Off_seed-oss_3.cpp,RUNTIME_ERROR,0,0.00%,0.550,11.3984375,0,0,0,0,0,0,0,0,0,0,0,0,0,0,0,0,0,0,0
gold_Lights_Off_seed-oss_4.cpp,TIME_LIMIT_EXCEEDED,37,20.00%,4.810,304.91015625,0,18.51851851851852,0,0,0,0,0,0,0,0,0,18.51851851851852,0,0,0,0,0,0,0
gold_Lights_Off_seed-oss_5.cpp,COMPILATION_ERROR,0,0.00%,0.000,0,0,0,0,0,0,0,0,0,0,0,0,0,0,0,0,0,0,0,0
gold_Lights_Off_seed-oss_6.cpp,TIME_LIMIT_EXCEEDED,37,20.00%,4.810,306.359375,0,18.51851851851852,0,0,0,0,0,0,0,0,0,18.51851851851852,0,0,0,0,0,0,0
gold_Lights_Off_seed-oss_7.cpp,ACCEPTED,333,100.00%,0.230,3.7578125,0,18.51851851851852,18.51851851851852,18.51851851851852,18.51851851851852,18.51851851851852,18.51851851851852,18.51851851851852,18.51851851851852,18.51851851851852,18.51851851851852,18.51851851851852,18.51851851851852,18.51851851851852,18.51851851851852,18.51851851851852,18.51851851851852,18.51851851851852,18.51851851851852
