solution,status,score,%test passed,time,memory,subtask_0,subtask_1,subtask_10,subtask_11,subtask_12,subtask_2,subtask_3,subtask_4,subtask_5,subtask_6,subtask_7,subtask_8,subtask_9
silver_Cowlendar_seed-oss_0.cpp,TIME_LIMIT_EXCEEDED,139,50.00%,2.430,1.55078125,0,0,0,27.777777777777775,0,27.777777777777775,0,27.777777777777775,27.777777777777775,0,0,0,27.777777777777775
silver_Cowlendar_seed-oss_1.cpp,ACCEPTED,333,100.00%,0.280,1.80859375,0,27.777777777777775,27.777777777777775,27.777777777777775,27.777777777777775,27.777777777777775,27.777777777777775,27.777777777777775,27.777777777777775,27.777777777777775,27.777777777777775,27.777777777777775,27.777777777777775
silver_Cowlendar_seed-oss_2.cpp,TIME_LIMIT_EXCEEDED,139,50.00%,2.430,1.80859375,0,27.777777777777775,27.777777777777775,0,0,0,27.777777777777775,0,0,27.777777777777775,0,27.777777777777775,0
silver_Cowlendar_seed-oss_3.cpp,ACCEPTED,333,100.00%,0.250,1.8125,0,27.777777777777775,27.777777777777775,27.777777777777775,27.777777777777775,27.777777777777775,27.777777777777775,27.777777777777775,27.777777777777775,27.777777777777775,27.777777777777775,27.777777777777775,27.777777777777775
silver_Cowlendar_seed-oss_4.cpp,WRONG_ANSWER,278,85.71%,0.250,58.640625,0,27.777777777777775,27.777777777777775,27.777777777777775,0,27.777777777777775,27.777777777777775,27.777777777777775,27.777777777777775,27.777777777777775,0,27.777777777777775,27.777777777777775
silver_Cowlendar_seed-oss_5.cpp,TIME_LIMIT_EXCEEDED,56,28.57%,2.420,1.80859375,0,0,0,0,0,0,0,0,0,27.777777777777775,0,27.777777777777775,0
silver_Cowlendar_seed-oss_6.cpp,ACCEPTED,333,100.00%,0.030,1.5546875,0,27.777777777777775,27.777777777777775,27.777777777777775,27.777777777777775,27.777777777777775,27.777777777777775,27.777777777777775,27.777777777777775,27.777777777777775,27.777777777777775,27.777777777777775,27.777777777777775
silver_Cowlendar_seed-oss_7.cpp,ACCEPTED,333,100.00%,0.270,1.8125,0,27.777777777777775,27.777777777777775,27.777777777777775,27.777777777777775,27.777777777777775,27.777777777777775,27.777777777777775,27.777777777777775,27.777777777777775,27.777777777777775,27.777777777777775,27.777777777777775
