solution,status,score,%test passed,time,memory,subtask_0,subtask_1,subtask_10,subtask_11,subtask_12,subtask_13,subtask_14,subtask_15,subtask_16,subtask_17,subtask_18,subtask_2,subtask_3,subtask_4,subtask_5,subtask_6,subtask_7,subtask_8,subtask_9
bronze_Cannonball_Mistral-Small-3.1-24B-2503_0.cpp,TIME_LIMIT_EXCEEDED,185,60.00%,2.270,6.8359375,0,0,18.51851851851852,18.51851851851852,0,18.51851851851852,18.51851851851852,0,0,0,0,0,18.51851851851852,18.51851851851852,18.51851851851852,18.51851851851852,0,18.51851851851852,18.51851851851852
bronze_Cannonball_Mistral-Small-3.1-24B-2503_1.cpp,TIME_LIMIT_EXCEEDED,241,75.00%,2.380,2.07421875,0,0,18.51851851851852,18.51851851851852,0,18.51851851851852,18.51851851851852,18.51851851851852,0,0,0,18.51851851851852,18.51851851851852,18.51851851851852,18.51851851851852,18.51851851851852,18.51851851851852,18.51851851851852,18.51851851851852
bronze_Cannonball_Mistral-Small-3.1-24B-2503_2.cpp,TIME_LIMIT_EXCEEDED,185,60.00%,2.450,2.07421875,0,0,18.51851851851852,18.51851851851852,0,18.51851851851852,18.51851851851852,0,0,0,0,0,18.51851851851852,18.51851851851852,18.51851851851852,18.51851851851852,0,18.51851851851852,18.51851851851852
bronze_Cannonball_Mistral-Small-3.1-24B-2503_3.cpp,TIME_LIMIT_EXCEEDED,241,75.00%,2.270,6.71484375,0,0,18.51851851851852,18.51851851851852,0,18.51851851851852,18.51851851851852,18.51851851851852,0,0,0,18.51851851851852,18.51851851851852,18.51851851851852,18.51851851851852,18.51851851851852,18.51851851851852,18.51851851851852,18.51851851851852
bronze_Cannonball_Mistral-Small-3.1-24B-2503_4.cpp,TIME_LIMIT_EXCEEDED,167,55.00%,2.530,2.0703125,0,0,18.51851851851852,18.51851851851852,0,18.51851851851852,0,0,0,0,0,0,18.51851851851852,18.51851851851852,18.51851851851852,18.51851851851852,0,18.51851851851852,18.51851851851852
bronze_Cannonball_Mistral-Small-3.1-24B-2503_5.cpp,WRONG_ANSWER,19,10.00%,0.140,2.2734375,0,18.51851851851852,0,0,0,0,0,0,0,0,0,0,0,0,0,0,0,0,0
bronze_Cannonball_Mistral-Small-3.1-24B-2503_6.cpp,TIME_LIMIT_EXCEEDED,259,75.00%,2.340,2.07421875,0,18.51851851851852,18.51851851851852,18.51851851851852,0,18.51851851851852,18.51851851851852,18.51851851851852,0,0,0,18.51851851851852,18.51851851851852,18.51851851851852,18.51851851851852,18.51851851851852,18.51851851851852,18.51851851851852,18.51851851851852
bronze_Cannonball_Mistral-Small-3.1-24B-2503_7.cpp,WRONG_ANSWER,37,20.00%,0.140,2.07421875,0,18.51851851851852,0,0,0,0,0,0,0,0,0,0,0,0,18.51851851851852,0,0,0,0
