solution,status,score,%test passed,time,memory,subtask_0,subtask_1,subtask_10,subtask_2,subtask_3,subtask_4,subtask_5,subtask_6,subtask_7,subtask_8,subtask_9
bronze_Its_Mooin_Time_gpt-oss-20b-low_0.cpp,RUNTIME_ERROR,200,46.15%,0.040,1.55078125,0,0,33.33333333333333,0,0,33.33333333333333,0,33.33333333333333,33.33333333333333,33.33333333333333,33.33333333333333
bronze_Its_Mooin_Time_gpt-oss-20b-low_1.cpp,RUNTIME_ERROR,33,7.69%,0.020,0.00390625,0,0,0,0,0,33.33333333333333,0,0,0,0,0
bronze_Its_Mooin_Time_gpt-oss-20b-low_2.cpp,ACCEPTED,333,100.00%,0.050,0.00390625,0,33.33333333333333,33.33333333333333,33.33333333333333,33.33333333333333,33.33333333333333,33.33333333333333,33.33333333333333,33.33333333333333,33.33333333333333,33.33333333333333
bronze_Its_Mooin_Time_gpt-oss-20b-low_3.cpp,RUNTIME_ERROR,33,7.69%,0.040,1.60546875,0,0,0,0,0,33.33333333333333,0,0,0,0,0
bronze_Its_Mooin_Time_gpt-oss-20b-low_4.cpp,TIME_LIMIT_EXCEEDED,0,0.00%,2.420,1.86328125,0,0,0,0,0,0,0,0,0,0,0
bronze_Its_Mooin_Time_gpt-oss-20b-low_6.cpp,RUNTIME_ERROR,33,7.69%,0.150,3.3515625,0,0,0,0,0,33.33333333333333,0,0,0,0,0
bronze_Its_Mooin_Time_gpt-oss-20b-low_7.cpp,RUNTIME_ERROR,33,7.69%,0.090,51.0546875,0,0,0,0,0,33.33333333333333,0,0,0,0,0
