solution,status,score,%test passed,time,memory,subtask_0,subtask_1,subtask_10,subtask_2,subtask_3,subtask_4,subtask_5,subtask_6,subtask_7,subtask_8,subtask_9
silver_Deforestation_gpt-oss-20b-low_0.cpp,ACCEPTED,333,100.00%,0.220,10.328125,0,33.33333333333333,33.33333333333333,33.33333333333333,33.33333333333333,33.33333333333333,33.33333333333333,33.33333333333333,33.33333333333333,33.33333333333333,33.33333333333333
silver_Deforestation_gpt-oss-20b-low_1.cpp,ACCEPTED,333,100.00%,0.170,9.359375,0,33.33333333333333,33.33333333333333,33.33333333333333,33.33333333333333,33.33333333333333,33.33333333333333,33.33333333333333,33.33333333333333,33.33333333333333,33.33333333333333
silver_Deforestation_gpt-oss-20b-low_2.cpp,ACCEPTED,333,100.00%,0.190,8.25,0,33.33333333333333,33.33333333333333,33.33333333333333,33.33333333333333,33.33333333333333,33.33333333333333,33.33333333333333,33.33333333333333,33.33333333333333,33.33333333333333
silver_Deforestation_gpt-oss-20b-low_3.cpp,ACCEPTED,333,100.00%,0.180,4.0625,0,33.33333333333333,33.33333333333333,33.33333333333333,33.33333333333333,33.33333333333333,33.33333333333333,33.33333333333333,33.33333333333333,33.33333333333333,33.33333333333333
silver_Deforestation_gpt-oss-20b-low_4.cpp,ACCEPTED,333,100.00%,0.200,9.359375,0,33.33333333333333,33.33333333333333,33.33333333333333,33.33333333333333,33.33333333333333,33.33333333333333,33.33333333333333,33.33333333333333,33.33333333333333,33.33333333333333
silver_Deforestation_gpt-oss-20b-low_5.cpp,ACCEPTED,333,100.00%,0.210,4.6953125,0,33.33333333333333,33.33333333333333,33.33333333333333,33.33333333333333,33.33333333333333,33.33333333333333,33.33333333333333,33.33333333333333,33.33333333333333,33.33333333333333
silver_Deforestation_gpt-oss-20b-low_6.cpp,WRONG_ANSWER,67,18.18%,0.160,8.43359375,0,0,0,0,0,0,33.33333333333333,33.33333333333333,0,0,0
silver_Deforestation_gpt-oss-20b-low_7.cpp,ACCEPTED,333,100.00%,0.180,3.6875,0,33.33333333333333,33.33333333333333,33.33333333333333,33.33333333333333,33.33333333333333,33.33333333333333,33.33333333333333,33.33333333333333,33.33333333333333,33.33333333333333
