solution,status,score,%test passed,time,memory,subtask_0,subtask_1,subtask_10,subtask_2,subtask_3,subtask_4,subtask_5,subtask_6,subtask_7,subtask_8,subtask_9
bronze_Its_Mooin_Time_gpt-4.1_0.cpp,ACCEPTED,333,100.00%,0.410,2.9453125,0,33.33333333333333,33.33333333333333,33.33333333333333,33.33333333333333,33.33333333333333,33.33333333333333,33.33333333333333,33.33333333333333,33.33333333333333,33.33333333333333
bronze_Its_Mooin_Time_gpt-4.1_1.cpp,TIME_LIMIT_EXCEEDED,167,61.54%,2.360,0.00390625,0,33.33333333333333,0,33.33333333333333,33.33333333333333,33.33333333333333,33.33333333333333,0,0,0,0
bronze_Its_Mooin_Time_gpt-4.1_2.cpp,RUNTIME_ERROR,33,7.69%,0.340,1.66015625,0,0,0,0,0,33.33333333333333,0,0,0,0,0
bronze_Its_Mooin_Time_gpt-4.1_3.cpp,RUNTIME_ERROR,33,7.69%,0.160,1.66015625,0,0,0,0,0,33.33333333333333,0,0,0,0,0
bronze_Its_Mooin_Time_gpt-4.1_4.cpp,ACCEPTED,333,100.00%,0.470,0.00390625,0,33.33333333333333,33.33333333333333,33.33333333333333,33.33333333333333,33.33333333333333,33.33333333333333,33.33333333333333,33.33333333333333,33.33333333333333,33.33333333333333
bronze_Its_Mooin_Time_gpt-4.1_5.cpp,RUNTIME_ERROR,0,0.00%,0.230,1.546875,0,0,0,0,0,0,0,0,0,0,0
bronze_Its_Mooin_Time_gpt-4.1_6.cpp,ACCEPTED,333,100.00%,0.220,0.00390625,0,33.33333333333333,33.33333333333333,33.33333333333333,33.33333333333333,33.33333333333333,33.33333333333333,33.33333333333333,33.33333333333333,33.33333333333333,33.33333333333333
bronze_Its_Mooin_Time_gpt-4.1_7.cpp,RUNTIME_ERROR,33,7.69%,0.150,0.00390625,0,0,0,0,0,33.33333333333333,0,0,0,0,0
