solution,status,score,%test passed,time,memory,subtask_0,subtask_1,subtask_10,subtask_11,subtask_12,subtask_13,subtask_14,subtask_15,subtask_16,subtask_17,subtask_18,subtask_19,subtask_2,subtask_20,subtask_3,subtask_4,subtask_5,subtask_6,subtask_7,subtask_8,subtask_9
silver_Cow_Checkups_gpt-oss-120b-low_0.cpp,RUNTIME_ERROR,0,0.00%,0.290,89.7265625,0,0,0,0,0,0,0,0,0,0,0,0,0,0,0,0,0,0,0,0,0
silver_Cow_Checkups_gpt-oss-120b-low_1.cpp,ACCEPTED,333,100.00%,0.230,47.4453125,0,16.666666666666664,16.666666666666664,16.666666666666664,16.666666666666664,16.666666666666664,16.666666666666664,16.666666666666664,16.666666666666664,16.666666666666664,16.666666666666664,16.666666666666664,16.666666666666664,16.666666666666664,16.666666666666664,16.666666666666664,16.666666666666664,16.666666666666664,16.666666666666664,16.666666666666664,16.666666666666664
silver_Cow_Checkups_gpt-oss-120b-low_2.cpp,ACCEPTED,333,100.00%,0.230,80.9609375,0,16.666666666666664,16.666666666666664,16.666666666666664,16.666666666666664,16.666666666666664,16.666666666666664,16.666666666666664,16.666666666666664,16.666666666666664,16.666666666666664,16.666666666666664,16.666666666666664,16.666666666666664,16.666666666666664,16.666666666666664,16.666666666666664,16.666666666666664,16.666666666666664,16.666666666666664,16.666666666666664
silver_Cow_Checkups_gpt-oss-120b-low_3.cpp,RUNTIME_ERROR,0,0.00%,0.260,47.4453125,0,0,0,0,0,0,0,0,0,0,0,0,0,0,0,0,0,0,0,0,0
silver_Cow_Checkups_gpt-oss-120b-low_4.cpp,RUNTIME_ERROR,0,0.00%,0.290,68.5859375,0,0,0,0,0,0,0,0,0,0,0,0,0,0,0,0,0,0,0,0,0
silver_Cow_Checkups_gpt-oss-120b-low_5.cpp,RUNTIME_ERROR,33,13.04%,0.240,47.4453125,0,0,0,0,0,0,0,0,0,0,0,0,0,0,0,0,16.666666666666664,16.666666666666664,0,0,0
silver_Cow_Checkups_gpt-oss-120b-low_6.cpp,TIME_LIMIT_EXCEEDED,0,0.00%,2.440,60.875,0,0,0,0,0,0,0,0,0,0,0,0,0,0,0,0,0,0,0,0,0
silver_Cow_Checkups_gpt-oss-120b-low_7.cpp,ACCEPTED,333,100.00%,0.240,47.4453125,0,16.666666666666664,16.666666666666664,16.666666666666664,16.666666666666664,16.666666666666664,16.666666666666664,16.666666666666664,16.666666666666664,16.666666666666664,16.666666666666664,16.666666666666664,16.666666666666664,16.666666666666664,16.666666666666664,16.666666666666664,16.666666666666664,16.666666666666664,16.666666666666664,16.666666666666664,16.666666666666664
