solution,status,score,%test passed,time,memory,subtask_0,subtask_1,subtask_10,subtask_2,subtask_3,subtask_4,subtask_5,subtask_6,subtask_7,subtask_8,subtask_9
bronze_Hungry_Cow_Qwen2.5-72B_0.cpp,TIME_LIMIT_EXCEEDED,133,53.85%,2.260,2.84765625,0,33.33333333333333,0,33.33333333333333,33.33333333333333,33.33333333333333,0,0,0,0,0
bronze_Hungry_Cow_Qwen2.5-72B_1.cpp,TIME_LIMIT_EXCEEDED,133,53.85%,2.260,2.84765625,0,33.33333333333333,0,33.33333333333333,33.33333333333333,33.33333333333333,0,0,0,0,0
bronze_Hungry_Cow_Qwen2.5-72B_2.cpp,TIME_LIMIT_EXCEEDED,133,53.85%,2.310,2.84765625,0,33.33333333333333,0,33.33333333333333,33.33333333333333,33.33333333333333,0,0,0,0,0
bronze_Hungry_Cow_Qwen2.5-72B_3.cpp,TIME_LIMIT_EXCEEDED,133,53.85%,2.270,2.84765625,0,33.33333333333333,0,33.33333333333333,33.33333333333333,33.33333333333333,0,0,0,0,0
bronze_Hungry_Cow_Qwen2.5-72B_4.cpp,TIME_LIMIT_EXCEEDED,133,53.85%,2.260,2.84765625,0,33.33333333333333,0,33.33333333333333,33.33333333333333,33.33333333333333,0,0,0,0,0
bronze_Hungry_Cow_Qwen2.5-72B_5.cpp,TIME_LIMIT_EXCEEDED,133,53.85%,2.270,2.84765625,0,33.33333333333333,0,33.33333333333333,33.33333333333333,33.33333333333333,0,0,0,0,0
bronze_Hungry_Cow_Qwen2.5-72B_6.cpp,TIME_LIMIT_EXCEEDED,133,53.85%,2.330,2.84765625,0,33.33333333333333,0,33.33333333333333,33.33333333333333,33.33333333333333,0,0,0,0,0
bronze_Hungry_Cow_Qwen2.5-72B_7.cpp,TIME_LIMIT_EXCEEDED,133,53.85%,2.440,2.84765625,0,33.33333333333333,0,33.33333333333333,33.33333333333333,33.33333333333333,0,0,0,0,0
