solution,status,score,%test passed,time,memory,subtask_0,subtask_1,subtask_10,subtask_2,subtask_3,subtask_4,subtask_5,subtask_6,subtask_7,subtask_8,subtask_9
silver_Moorbles_gpt-oss-20b-medium_0.cpp,RUNTIME_ERROR,0,0.00%,0.090,33.53125,0,0,0,0,0,0,0,0,0,0,0
silver_Moorbles_gpt-oss-20b-medium_1.cpp,ACCEPTED,333,100.00%,0.080,19.796875,0,33.33333333333333,33.33333333333333,33.33333333333333,33.33333333333333,33.33333333333333,33.33333333333333,33.33333333333333,33.33333333333333,33.33333333333333,33.33333333333333
silver_Moorbles_gpt-oss-20b-medium_2.cpp,WRONG_ANSWER,0,8.33%,0.070,13.26171875,0,0,0,0,0,0,0,0,0,0,0
silver_Moorbles_gpt-oss-20b-medium_3.cpp,WRONG_ANSWER,33,25.00%,0.400,58.70703125,0,0,0,0,0,0,0,0,33.33333333333333,0,0
silver_Moorbles_gpt-oss-20b-medium_4.cpp,ACCEPTED,333,100.00%,0.080,21.921875,0,33.33333333333333,33.33333333333333,33.33333333333333,33.33333333333333,33.33333333333333,33.33333333333333,33.33333333333333,33.33333333333333,33.33333333333333,33.33333333333333
silver_Moorbles_gpt-oss-20b-medium_5.cpp,ACCEPTED,333,100.00%,0.090,41.91015625,0,33.33333333333333,33.33333333333333,33.33333333333333,33.33333333333333,33.33333333333333,33.33333333333333,33.33333333333333,33.33333333333333,33.33333333333333,33.33333333333333
silver_Moorbles_gpt-oss-20b-medium_6.cpp,ACCEPTED,333,100.00%,0.090,26.73046875,0,33.33333333333333,33.33333333333333,33.33333333333333,33.33333333333333,33.33333333333333,33.33333333333333,33.33333333333333,33.33333333333333,33.33333333333333,33.33333333333333
silver_Moorbles_gpt-oss-20b-medium_7.cpp,ACCEPTED,333,100.00%,0.080,18.5703125,0,33.33333333333333,33.33333333333333,33.33333333333333,33.33333333333333,33.33333333333333,33.33333333333333,33.33333333333333,33.33333333333333,33.33333333333333,33.33333333333333
