solution,status,score,%test passed,time,memory,subtask_0,subtask_1,subtask_10,subtask_11,subtask_12,subtask_13,subtask_14,subtask_2,subtask_3,subtask_4,subtask_5,subtask_6,subtask_7,subtask_8,subtask_9
silver_Following_Directions_DeepSeek-R1-Distill-Llama-70B_0.cpp,ACCEPTED,333,100.00%,7.100,37.90234375,0,23.809523809523807,23.809523809523807,23.809523809523807,23.809523809523807,23.809523809523807,23.809523809523807,23.809523809523807,23.809523809523807,23.809523809523807,23.809523809523807,23.809523809523807,23.809523809523807,23.809523809523807,23.809523809523807
silver_Following_Directions_DeepSeek-R1-Distill-Llama-70B_1.cpp,RUNTIME_ERROR,0,0.00%,0.140,20.89453125,0,0,0,0,0,0,0,0,0,0,0,0,0,0,0
silver_Following_Directions_DeepSeek-R1-Distill-Llama-70B_2.cpp,COMPILATION_ERROR,0,0.00%,0.000,0,0,0,0,0,0,0,0,0,0,0,0,0,0,0,0
silver_Following_Directions_DeepSeek-R1-Distill-Llama-70B_3.cpp,COMPILATION_ERROR,0,0.00%,0.000,0,0,0,0,0,0,0,0,0,0,0,0,0,0,0,0
silver_Following_Directions_DeepSeek-R1-Distill-Llama-70B_4.cpp,TIME_LIMIT_EXCEEDED,0,0.00%,8.880,35.84375,0,0,0,0,0,0,0,0,0,0,0,0,0,0,0
silver_Following_Directions_DeepSeek-R1-Distill-Llama-70B_5.cpp,COMPILATION_ERROR,0,0.00%,0.000,0,0,0,0,0,0,0,0,0,0,0,0,0,0,0,0
silver_Following_Directions_DeepSeek-R1-Distill-Llama-70B_6.cpp,ACCEPTED,333,100.00%,6.060,26.56640625,0,23.809523809523807,23.809523809523807,23.809523809523807,23.809523809523807,23.809523809523807,23.809523809523807,23.809523809523807,23.809523809523807,23.809523809523807,23.809523809523807,23.809523809523807,23.809523809523807,23.809523809523807,23.809523809523807
silver_Following_Directions_DeepSeek-R1-Distill-Llama-70B_7.cpp,TIME_LIMIT_EXCEEDED,0,0.00%,8.830,29.65234375,0,0,0,0,0,0,0,0,0,0,0,0,0,0,0
