solution,status,score,%test passed,time,memory,subtask_0,subtask_1,subtask_10,subtask_11,subtask_12,subtask_2,subtask_3,subtask_4,subtask_5,subtask_6,subtask_7,subtask_8,subtask_9
bronze_Palindrome_Game_Qwen3-30B-Non-Thinking_0.cpp,TIME_LIMIT_EXCEEDED,83,30.77%,2.290,1.6953125,0,27.777777777777775,0,0,0,27.777777777777775,27.777777777777775,0,0,0,0,0,0
bronze_Palindrome_Game_Qwen3-30B-Non-Thinking_1.cpp,MEMORY_LIMIT_EXCEEDED,0,0.00%,0.600,1.7109375,0,0,0,0,0,0,0,0,0,0,0,0,0
bronze_Palindrome_Game_Qwen3-30B-Non-Thinking_2.cpp,MEMORY_LIMIT_EXCEEDED,0,0.00%,0.580,279.75390625,0,0,0,0,0,0,0,0,0,0,0,0,0
bronze_Palindrome_Game_Qwen3-30B-Non-Thinking_3.cpp,TIME_LIMIT_EXCEEDED,0,0.00%,2.350,115.765625,0,0,0,0,0,0,0,0,0,0,0,0,0
bronze_Palindrome_Game_Qwen3-30B-Non-Thinking_4.cpp,COMPILATION_ERROR,0,0.00%,0.000,0,0,0,0,0,0,0,0,0,0,0,0,0,0
bronze_Palindrome_Game_Qwen3-30B-Non-Thinking_5.cpp,TIME_LIMIT_EXCEEDED,167,53.85%,2.250,115.76171875,0,27.777777777777775,0,0,0,27.777777777777775,27.777777777777775,27.777777777777775,27.777777777777775,27.777777777777775,0,0,0
bronze_Palindrome_Game_Qwen3-30B-Non-Thinking_6.cpp,TIME_LIMIT_EXCEEDED,167,53.85%,2.360,1.8125,0,27.777777777777775,0,0,0,27.777777777777775,27.777777777777775,27.777777777777775,27.777777777777775,27.777777777777775,0,0,0
bronze_Palindrome_Game_Qwen3-30B-Non-Thinking_7.cpp,TIME_LIMIT_EXCEEDED,167,53.85%,2.290,1.60546875,0,27.777777777777775,0,0,0,27.777777777777775,27.777777777777775,27.777777777777775,27.777777777777775,27.777777777777775,0,0,0
