solution,status,score,%test passed,time,memory,subtask_0,subtask_1,subtask_10,subtask_11,subtask_12,subtask_13,subtask_14,subtask_2,subtask_3,subtask_4,subtask_5,subtask_6,subtask_7,subtask_8,subtask_9
gold_Equal_Sum_Subarrays_gemini-2.5-flash_0.cpp,ACCEPTED,333,100.00%,0.240,3.359375,0,23.809523809523807,23.809523809523807,23.809523809523807,23.809523809523807,23.809523809523807,23.809523809523807,23.809523809523807,23.809523809523807,23.809523809523807,23.809523809523807,23.809523809523807,23.809523809523807,23.809523809523807,23.809523809523807
gold_Equal_Sum_Subarrays_gemini-2.5-flash_1.cpp,TIME_LIMIT_EXCEEDED,238,75.00%,3.310,3.453125,0,23.809523809523807,23.809523809523807,23.809523809523807,0,0,23.809523809523807,23.809523809523807,23.809523809523807,23.809523809523807,23.809523809523807,0,0,23.809523809523807,23.809523809523807
gold_Equal_Sum_Subarrays_gemini-2.5-flash_2.cpp,COMPILATION_ERROR,0,0.00%,0.000,0,0,0,0,0,0,0,0,0,0,0,0,0,0,0,0
gold_Equal_Sum_Subarrays_gemini-2.5-flash_3.cpp,ACCEPTED,333,100.00%,0.090,3.390625,0,23.809523809523807,23.809523809523807,23.809523809523807,23.809523809523807,23.809523809523807,23.809523809523807,23.809523809523807,23.809523809523807,23.809523809523807,23.809523809523807,23.809523809523807,23.809523809523807,23.809523809523807,23.809523809523807
gold_Equal_Sum_Subarrays_gemini-2.5-flash_4.cpp,ACCEPTED,333,100.00%,0.230,3.39453125,0,23.809523809523807,23.809523809523807,23.809523809523807,23.809523809523807,23.809523809523807,23.809523809523807,23.809523809523807,23.809523809523807,23.809523809523807,23.809523809523807,23.809523809523807,23.809523809523807,23.809523809523807,23.809523809523807
gold_Equal_Sum_Subarrays_gemini-2.5-flash_5.cpp,TIME_LIMIT_EXCEEDED,190,62.50%,3.340,3.6796875,0,23.809523809523807,0,0,0,0,23.809523809523807,23.809523809523807,23.809523809523807,23.809523809523807,23.809523809523807,0,0,23.809523809523807,23.809523809523807
gold_Equal_Sum_Subarrays_gemini-2.5-flash_6.cpp,WRONG_ANSWER,24,12.50%,0.070,3.39453125,0,23.809523809523807,0,0,0,0,0,0,0,0,0,0,0,0,0
gold_Equal_Sum_Subarrays_gemini-2.5-flash_7.cpp,ACCEPTED,333,100.00%,0.090,3.390625,0,23.809523809523807,23.809523809523807,23.809523809523807,23.809523809523807,23.809523809523807,23.809523809523807,23.809523809523807,23.809523809523807,23.809523809523807,23.809523809523807,23.809523809523807,23.809523809523807,23.809523809523807,23.809523809523807
