solution,status,score,%test passed,time,memory,subtask_0,subtask_1,subtask_10,subtask_2,subtask_3,subtask_4,subtask_5,subtask_6,subtask_7,subtask_8,subtask_9
silver_Bakery_gemini-2.5-flash_0.cpp,TIME_LIMIT_EXCEEDED,0,0.00%,2.250,2.32421875,0,0,0,0,0,0,0,0,0,0,0
silver_Bakery_gemini-2.5-flash_1.cpp,ACCEPTED,333,100.00%,0.040,0.00390625,0,33.33333333333333,33.33333333333333,33.33333333333333,33.33333333333333,33.33333333333333,33.33333333333333,33.33333333333333,33.33333333333333,33.33333333333333,33.33333333333333
silver_Bakery_gemini-2.5-flash_2.cpp,WRONG_ANSWER,0,0.00%,0.040,0.00390625,0,0,0,0,0,0,0,0,0,0,0
silver_Bakery_gemini-2.5-flash_3.cpp,ACCEPTED,333,100.00%,0.040,0.00390625,0,33.33333333333333,33.33333333333333,33.33333333333333,33.33333333333333,33.33333333333333,33.33333333333333,33.33333333333333,33.33333333333333,33.33333333333333,33.33333333333333
silver_Bakery_gemini-2.5-flash_4.cpp,WRONG_ANSWER,0,0.00%,0.040,0.00390625,0,0,0,0,0,0,0,0,0,0,0
silver_Bakery_gemini-2.5-flash_5.cpp,WRONG_ANSWER,0,0.00%,0.040,0.00390625,0,0,0,0,0,0,0,0,0,0,0
silver_Bakery_gemini-2.5-flash_6.cpp,ACCEPTED,333,100.00%,0.040,0.00390625,0,33.33333333333333,33.33333333333333,33.33333333333333,33.33333333333333,33.33333333333333,33.33333333333333,33.33333333333333,33.33333333333333,33.33333333333333,33.33333333333333
silver_Bakery_gemini-2.5-flash_7.cpp,COMPILATION_ERROR,0,0.00%,0.000,0,0,0,0,0,0,0,0,0,0,0,0
