solution,status,score,%test passed,time,memory,subtask_0,subtask_1,subtask_10,subtask_2,subtask_3,subtask_4,subtask_5,subtask_6,subtask_7,subtask_8,subtask_9
silver_Cow-libi_gemini-2.5-flash_0.cpp,TIME_LIMIT_EXCEEDED,100,36.36%,4.460,3.62109375,0,33.33333333333333,0,33.33333333333333,33.33333333333333,0,0,0,0,0,0
silver_Cow-libi_gemini-2.5-flash_1.cpp,TIME_LIMIT_EXCEEDED,100,36.36%,4.480,5.94140625,0,33.33333333333333,0,33.33333333333333,33.33333333333333,0,0,0,0,0,0
silver_Cow-libi_gemini-2.5-flash_2.cpp,TIME_LIMIT_EXCEEDED,100,36.36%,4.430,3.62109375,0,33.33333333333333,0,33.33333333333333,33.33333333333333,0,0,0,0,0,0
silver_Cow-libi_gemini-2.5-flash_3.cpp,TIME_LIMIT_EXCEEDED,100,36.36%,4.480,5.94140625,0,33.33333333333333,0,33.33333333333333,33.33333333333333,0,0,0,0,0,0
silver_Cow-libi_gemini-2.5-flash_4.cpp,TIME_LIMIT_EXCEEDED,100,36.36%,4.410,34.8125,0,33.33333333333333,0,33.33333333333333,33.33333333333333,0,0,0,0,0,0
silver_Cow-libi_gemini-2.5-flash_5.cpp,TIME_LIMIT_EXCEEDED,100,36.36%,4.410,5.94140625,0,33.33333333333333,0,33.33333333333333,33.33333333333333,0,0,0,0,0,0
silver_Cow-libi_gemini-2.5-flash_6.cpp,WRONG_ANSWER,0,9.09%,0.120,12.8984375,0,0,0,0,0,0,0,0,0,0,0
silver_Cow-libi_gemini-2.5-flash_7.cpp,TIME_LIMIT_EXCEEDED,100,36.36%,4.430,5.94140625,0,33.33333333333333,0,33.33333333333333,33.33333333333333,0,0,0,0,0,0
