solution,status,score,%test passed,time,memory,subtask_0,subtask_1,subtask_10,subtask_11,subtask_12,subtask_13,subtask_2,subtask_3,subtask_4,subtask_5,subtask_6,subtask_7,subtask_8,subtask_9
bronze_Balancing_Bacteria_DeepSeek-R1-Distill-Qwen-32B_0.cpp,ACCEPTED,333,100.00%,0.190,2.84765625,0,25.64102564102564,25.64102564102564,25.64102564102564,25.64102564102564,25.64102564102564,25.64102564102564,25.64102564102564,25.64102564102564,25.64102564102564,25.64102564102564,25.64102564102564,25.64102564102564,25.64102564102564
bronze_Balancing_Bacteria_DeepSeek-R1-Distill-Qwen-32B_1.cpp,ACCEPTED,333,100.00%,0.180,2.84765625,0,25.64102564102564,25.64102564102564,25.64102564102564,25.64102564102564,25.64102564102564,25.64102564102564,25.64102564102564,25.64102564102564,25.64102564102564,25.64102564102564,25.64102564102564,25.64102564102564,25.64102564102564
bronze_Balancing_Bacteria_DeepSeek-R1-Distill-Qwen-32B_2.cpp,ACCEPTED,333,100.00%,0.180,4.13671875,0,25.64102564102564,25.64102564102564,25.64102564102564,25.64102564102564,25.64102564102564,25.64102564102564,25.64102564102564,25.64102564102564,25.64102564102564,25.64102564102564,25.64102564102564,25.64102564102564,25.64102564102564
bronze_Balancing_Bacteria_DeepSeek-R1-Distill-Qwen-32B_3.cpp,RUNTIME_ERROR,0,0.00%,0.180,2.84765625,0,0,0,0,0,0,0,0,0,0,0,0,0,0
bronze_Balancing_Bacteria_DeepSeek-R1-Distill-Qwen-32B_4.cpp,ACCEPTED,333,100.00%,0.190,4.39453125,0,25.64102564102564,25.64102564102564,25.64102564102564,25.64102564102564,25.64102564102564,25.64102564102564,25.64102564102564,25.64102564102564,25.64102564102564,25.64102564102564,25.64102564102564,25.64102564102564,25.64102564102564
bronze_Balancing_Bacteria_DeepSeek-R1-Distill-Qwen-32B_5.cpp,RUNTIME_ERROR,0,0.00%,0.200,2.84765625,0,0,0,0,0,0,0,0,0,0,0,0,0,0
bronze_Balancing_Bacteria_DeepSeek-R1-Distill-Qwen-32B_6.cpp,RUNTIME_ERROR,0,0.00%,0.180,5.42578125,0,0,0,0,0,0,0,0,0,0,0,0,0,0
