solution,status,score,%test passed,time,memory,subtask_0,subtask_1,subtask_10,subtask_11,subtask_12,subtask_13,subtask_14,subtask_15,subtask_16,subtask_17,subtask_18,subtask_2,subtask_3,subtask_4,subtask_5,subtask_6,subtask_7,subtask_8,subtask_9
bronze_Cannonball_DeepSeek-R1-Distill-Qwen-32B_0.cpp,COMPILATION_ERROR,0,0.00%,0.000,0,0,0,0,0,0,0,0,0,0,0,0,0,0,0,0,0,0,0,0
bronze_Cannonball_DeepSeek-R1-Distill-Qwen-32B_1.cpp,TIME_LIMIT_EXCEEDED,241,75.00%,2.500,2.07421875,0,0,18.51851851851852,18.51851851851852,0,18.51851851851852,18.51851851851852,18.51851851851852,0,0,0,18.51851851851852,18.51851851851852,18.51851851851852,18.51851851851852,18.51851851851852,18.51851851851852,18.51851851851852,18.51851851851852
bronze_Cannonball_DeepSeek-R1-Distill-Qwen-32B_2.cpp,RUNTIME_ERROR,37,10.00%,0.140,12.01953125,0,0,0,0,0,0,0,0,0,0,0,0,0,0,18.51851851851852,0,18.51851851851852,0,0
bronze_Cannonball_DeepSeek-R1-Distill-Qwen-32B_3.cpp,WRONG_ANSWER,259,80.00%,0.160,11.09375,0,18.51851851851852,18.51851851851852,18.51851851851852,18.51851851851852,18.51851851851852,0,0,18.51851851851852,18.51851851851852,18.51851851851852,0,18.51851851851852,18.51851851851852,18.51851851851852,18.51851851851852,0,18.51851851851852,18.51851851851852
bronze_Cannonball_DeepSeek-R1-Distill-Qwen-32B_4.cpp,COMPILATION_ERROR,0,0.00%,0.000,0,0,0,0,0,0,0,0,0,0,0,0,0,0,0,0,0,0,0,0
bronze_Cannonball_DeepSeek-R1-Distill-Qwen-32B_5.cpp,COMPILATION_ERROR,0,0.00%,0.000,0,0,0,0,0,0,0,0,0,0,0,0,0,0,0,0,0,0,0,0
bronze_Cannonball_DeepSeek-R1-Distill-Qwen-32B_6.cpp,WRONG_ANSWER,315,95.00%,0.130,2.07421875,0,18.51851851851852,18.51851851851852,18.51851851851852,18.51851851851852,0,18.51851851851852,18.51851851851852,18.51851851851852,18.51851851851852,18.51851851851852,18.51851851851852,18.51851851851852,18.51851851851852,18.51851851851852,18.51851851851852,18.51851851851852,18.51851851851852,18.51851851851852
bronze_Cannonball_DeepSeek-R1-Distill-Qwen-32B_7.cpp,WRONG_ANSWER,259,80.00%,0.150,12.0234375,0,18.51851851851852,18.51851851851852,18.51851851851852,18.51851851851852,18.51851851851852,0,0,18.51851851851852,18.51851851851852,18.51851851851852,0,18.51851851851852,18.51851851851852,18.51851851851852,18.51851851851852,0,18.51851851851852,18.51851851851852
