solution,status,score,%test passed,time,memory,subtask_0,subtask_1,subtask_10,subtask_11,subtask_12,subtask_13,subtask_14,subtask_15,subtask_16,subtask_17,subtask_18,subtask_19,subtask_2,subtask_3,subtask_4,subtask_5,subtask_6,subtask_7,subtask_8,subtask_9
gold_Walking_in_Manhattan_DeepSeek-R1-Distill-Qwen-32B_0.cpp,COMPILATION_ERROR,0,0.00%,0.000,0,0,0,0,0,0,0,0,0,0,0,0,0,0,0,0,0,0,0,0,0
gold_Walking_in_Manhattan_DeepSeek-R1-Distill-Qwen-32B_1.cpp,TIME_LIMIT_EXCEEDED,140,45.00%,2.360,2.1796875,0,17.543859649122805,0,0,0,0,0,0,0,0,0,0,17.543859649122805,17.543859649122805,17.543859649122805,17.543859649122805,17.543859649122805,17.543859649122805,17.543859649122805,0
gold_Walking_in_Manhattan_DeepSeek-R1-Distill-Qwen-32B_2.cpp,TIME_LIMIT_EXCEEDED,140,45.00%,2.400,2.1796875,0,17.543859649122805,0,0,0,0,0,0,0,0,0,0,17.543859649122805,17.543859649122805,17.543859649122805,17.543859649122805,17.543859649122805,17.543859649122805,17.543859649122805,0
gold_Walking_in_Manhattan_DeepSeek-R1-Distill-Qwen-32B_3.cpp,TIME_LIMIT_EXCEEDED,140,45.00%,2.370,11.09375,0,17.543859649122805,0,0,0,0,0,0,0,0,0,0,17.543859649122805,17.543859649122805,17.543859649122805,17.543859649122805,17.543859649122805,17.543859649122805,17.543859649122805,0
gold_Walking_in_Manhattan_DeepSeek-R1-Distill-Qwen-32B_4.cpp,TIME_LIMIT_EXCEEDED,140,45.00%,2.270,2.1796875,0,17.543859649122805,0,0,0,0,0,0,0,0,0,0,17.543859649122805,17.543859649122805,17.543859649122805,17.543859649122805,17.543859649122805,17.543859649122805,17.543859649122805,0
gold_Walking_in_Manhattan_DeepSeek-R1-Distill-Qwen-32B_6.cpp,COMPILATION_ERROR,0,0.00%,0.000,0,0,0,0,0,0,0,0,0,0,0,0,0,0,0,0,0,0,0,0,0
gold_Walking_in_Manhattan_DeepSeek-R1-Distill-Qwen-32B_7.cpp,TIME_LIMIT_EXCEEDED,140,45.00%,2.340,2.17578125,0,17.543859649122805,0,0,0,0,0,0,0,0,0,0,17.543859649122805,17.543859649122805,17.543859649122805,17.543859649122805,17.543859649122805,17.543859649122805,17.543859649122805,0
