solution,status,score,%test passed,time,memory,subtask_0,subtask_1,subtask_10,subtask_11,subtask_12,subtask_13,subtask_14,subtask_15,subtask_16,subtask_2,subtask_3,subtask_4,subtask_5,subtask_6,subtask_7,subtask_8,subtask_9
gold_Smaller_Averages_seed-oss_0.cpp,COMPILATION_ERROR,0,0.00%,0.000,0,0,0,0,0,0,0,0,0,0,0,0,0,0,0,0,0,0
gold_Smaller_Averages_seed-oss_1.cpp,TIME_LIMIT_EXCEEDED,271,85.00%,2.420,3.359375,0,20.833333333333332,20.833333333333332,20.833333333333332,20.833333333333332,20.833333333333332,0,0,0,20.833333333333332,20.833333333333332,20.833333333333332,20.833333333333332,20.833333333333332,20.833333333333332,20.833333333333332,20.833333333333332
gold_Smaller_Averages_seed-oss_2.cpp,TIME_LIMIT_EXCEEDED,104,45.00%,2.440,2.33203125,0,20.833333333333332,0,0,0,0,0,0,0,20.833333333333332,20.833333333333332,20.833333333333332,20.833333333333332,0,0,0,0
gold_Smaller_Averages_seed-oss_3.cpp,TIME_LIMIT_EXCEEDED,271,85.00%,2.420,3.359375,0,20.833333333333332,20.833333333333332,20.833333333333332,20.833333333333332,20.833333333333332,0,0,0,20.833333333333332,20.833333333333332,20.833333333333332,20.833333333333332,20.833333333333332,20.833333333333332,20.833333333333332,20.833333333333332
gold_Smaller_Averages_seed-oss_4.cpp,TIME_LIMIT_EXCEEDED,104,45.00%,2.430,9.03125,0,20.833333333333332,0,0,0,0,0,0,0,20.833333333333332,20.833333333333332,20.833333333333332,20.833333333333332,0,0,0,0
gold_Smaller_Averages_seed-oss_5.cpp,ACCEPTED,333,100.00%,1.960,4.63671875,0,20.833333333333332,20.833333333333332,20.833333333333332,20.833333333333332,20.833333333333332,20.833333333333332,20.833333333333332,20.833333333333332,20.833333333333332,20.833333333333332,20.833333333333332,20.833333333333332,20.833333333333332,20.833333333333332,20.833333333333332,20.833333333333332
gold_Smaller_Averages_seed-oss_6.cpp,TIME_LIMIT_EXCEEDED,104,45.00%,2.420,3.36328125,0,20.833333333333332,0,0,0,0,0,0,0,20.833333333333332,20.833333333333332,20.833333333333332,20.833333333333332,0,0,0,0
gold_Smaller_Averages_seed-oss_7.cpp,COMPILATION_ERROR,0,0.00%,0.000,0,0,0,0,0,0,0,0,0,0,0,0,0,0,0,0,0,0
