solution,status,score,%test passed,time,memory,subtask_0,subtask_1,subtask_10,subtask_11,subtask_12,subtask_13,subtask_14,subtask_15,subtask_16,subtask_17,subtask_18,subtask_19,subtask_2,subtask_20,subtask_3,subtask_4,subtask_5,subtask_6,subtask_7,subtask_8,subtask_9
gold_Cowreography_seed-oss_0.cpp,WRONG_ANSWER,67,30.43%,0.020,1.5546875,0,16.666666666666664,0,0,0,0,0,0,16.666666666666664,0,0,0,16.666666666666664,0,16.666666666666664,0,0,0,0,0,0
gold_Cowreography_seed-oss_1.cpp,WRONG_ANSWER,100,39.13%,0.030,9.8515625,0,16.666666666666664,0,0,0,16.666666666666664,0,0,16.666666666666664,0,16.666666666666664,16.666666666666664,16.666666666666664,0,0,0,0,0,0,0,0
gold_Cowreography_seed-oss_2.cpp,WRONG_ANSWER,100,39.13%,0.030,3.28125,0,16.666666666666664,0,0,0,16.666666666666664,0,0,16.666666666666664,0,16.666666666666664,16.666666666666664,16.666666666666664,0,0,0,0,0,0,0,0
gold_Cowreography_seed-oss_3.cpp,WRONG_ANSWER,67,30.43%,0.540,12.12109375,0,16.666666666666664,0,0,0,0,0,0,0,0,0,0,16.666666666666664,0,16.666666666666664,16.666666666666664,0,0,0,0,0
gold_Cowreography_seed-oss_4.cpp,COMPILATION_ERROR,0,0.00%,0.000,0,0,0,0,0,0,0,0,0,0,0,0,0,0,0,0,0,0,0,0,0,0
gold_Cowreography_seed-oss_5.cpp,WRONG_ANSWER,100,39.13%,0.030,12.09375,0,16.666666666666664,0,0,0,16.666666666666664,0,0,16.666666666666664,0,16.666666666666664,16.666666666666664,16.666666666666664,0,0,0,0,0,0,0,0
gold_Cowreography_seed-oss_6.cpp,WRONG_ANSWER,100,39.13%,0.030,11.1484375,0,16.666666666666664,0,0,0,16.666666666666664,0,0,16.666666666666664,0,16.666666666666664,16.666666666666664,16.666666666666664,0,0,0,0,0,0,0,0
gold_Cowreography_seed-oss_7.cpp,WRONG_ANSWER,100,39.13%,0.030,10.4453125,0,16.666666666666664,0,0,0,16.666666666666664,0,0,16.666666666666664,0,16.666666666666664,16.666666666666664,16.666666666666664,0,0,0,0,0,0,0,0
