solution,status,score,%test passed,time,memory,subtask_0,subtask_1,subtask_10,subtask_11,subtask_12,subtask_13,subtask_14,subtask_15,subtask_2,subtask_3,subtask_4,subtask_5,subtask_6,subtask_7,subtask_8,subtask_9
silver_The_Winning_Gene_seed-oss_0.cpp,TIME_LIMIT_EXCEEDED,22,6.25%,2.410,197.74609375,0,22.22222222222222,0,0,0,0,0,0,0,0,0,0,0,0,0,0
silver_The_Winning_Gene_seed-oss_1.cpp,WRONG_ANSWER,44,12.50%,0.080,35.83984375,0,22.22222222222222,0,0,0,0,0,0,0,0,0,0,0,22.22222222222222,0,0
silver_The_Winning_Gene_seed-oss_2.cpp,ACCEPTED,333,100.00%,0.570,70.38671875,0,22.22222222222222,22.22222222222222,22.22222222222222,22.22222222222222,22.22222222222222,22.22222222222222,22.22222222222222,22.22222222222222,22.22222222222222,22.22222222222222,22.22222222222222,22.22222222222222,22.22222222222222,22.22222222222222,22.22222222222222
silver_The_Winning_Gene_seed-oss_3.cpp,ACCEPTED,333,100.00%,0.650,1.62890625,0,22.22222222222222,22.22222222222222,22.22222222222222,22.22222222222222,22.22222222222222,22.22222222222222,22.22222222222222,22.22222222222222,22.22222222222222,22.22222222222222,22.22222222222222,22.22222222222222,22.22222222222222,22.22222222222222,22.22222222222222
silver_The_Winning_Gene_seed-oss_4.cpp,ACCEPTED,333,100.00%,0.530,1.625,0,22.22222222222222,22.22222222222222,22.22222222222222,22.22222222222222,22.22222222222222,22.22222222222222,22.22222222222222,22.22222222222222,22.22222222222222,22.22222222222222,22.22222222222222,22.22222222222222,22.22222222222222,22.22222222222222,22.22222222222222
silver_The_Winning_Gene_seed-oss_5.cpp,WRONG_ANSWER,44,12.50%,0.810,1.8046875,0,22.22222222222222,0,0,0,0,0,0,0,0,0,0,0,22.22222222222222,0,0
silver_The_Winning_Gene_seed-oss_6.cpp,WRONG_ANSWER,44,12.50%,0.190,1.5546875,0,22.22222222222222,0,0,0,0,0,0,0,0,0,0,0,22.22222222222222,0,0
silver_The_Winning_Gene_seed-oss_7.cpp,ACCEPTED,333,100.00%,0.140,1.875,0,22.22222222222222,22.22222222222222,22.22222222222222,22.22222222222222,22.22222222222222,22.22222222222222,22.22222222222222,22.22222222222222,22.22222222222222,22.22222222222222,22.22222222222222,22.22222222222222,22.22222222222222,22.22222222222222,22.22222222222222
