solution,status,score,%test passed,time,memory,subtask_0,subtask_1,subtask_10,subtask_11,subtask_12,subtask_13,subtask_14,subtask_2,subtask_3,subtask_4,subtask_5,subtask_6,subtask_7,subtask_8,subtask_9
silver_Potion_Farming_Qwen3-30B_0.cpp,MEMORY_LIMIT_EXCEEDED,71,26.67%,0.750,280.6015625,0,23.809523809523807,0,0,0,0,0,23.809523809523807,0,0,0,0,0,23.809523809523807,0
silver_Potion_Farming_Qwen3-30B_1.cpp,COMPILATION_ERROR,0,0.00%,0.000,0,0,0,0,0,0,0,0,0,0,0,0,0,0,0,0
silver_Potion_Farming_Qwen3-30B_2.cpp,WRONG_ANSWER,0,0.00%,0.180,10.3125,0,0,0,0,0,0,0,0,0,0,0,0,0,0,0
silver_Potion_Farming_Qwen3-30B_3.cpp,TIME_LIMIT_EXCEEDED,0,0.00%,2.330,15.015625,0,0,0,0,0,0,0,0,0,0,0,0,0,0,0
silver_Potion_Farming_Qwen3-30B_4.cpp,ACCEPTED,333,100.00%,1.160,13.546875,0,23.809523809523807,23.809523809523807,23.809523809523807,23.809523809523807,23.809523809523807,23.809523809523807,23.809523809523807,23.809523809523807,23.809523809523807,23.809523809523807,23.809523809523807,23.809523809523807,23.809523809523807,23.809523809523807
silver_Potion_Farming_Qwen3-30B_5.cpp,COMPILATION_ERROR,0,0.00%,0.000,0,0,0,0,0,0,0,0,0,0,0,0,0,0,0,0
silver_Potion_Farming_Qwen3-30B_6.cpp,WRONG_ANSWER,214,66.67%,0.180,13.41015625,0,23.809523809523807,23.809523809523807,23.809523809523807,23.809523809523807,23.809523809523807,23.809523809523807,23.809523809523807,0,0,0,0,23.809523809523807,23.809523809523807,0
silver_Potion_Farming_Qwen3-30B_7.cpp,COMPILATION_ERROR,0,0.00%,0.000,0,0,0,0,0,0,0,0,0,0,0,0,0,0,0,0
