solution,status,score,%test passed,time,memory,subtask_0,subtask_1,subtask_10,subtask_11,subtask_12,subtask_13,subtask_2,subtask_3,subtask_4,subtask_5,subtask_6,subtask_7,subtask_8,subtask_9
bronze_Milk_Exchange_gemini-2.5-flash_0.cpp,RUNTIME_ERROR,26,6.25%,0.050,5.59375,0,0,0,0,0,25.64102564102564,0,0,0,0,0,0,0,0
bronze_Milk_Exchange_gemini-2.5-flash_1.cpp,TIME_LIMIT_EXCEEDED,205,68.75%,2.240,7.68359375,0,25.64102564102564,25.64102564102564,25.64102564102564,0,25.64102564102564,25.64102564102564,25.64102564102564,25.64102564102564,25.64102564102564,0,0,0,0
bronze_Milk_Exchange_gemini-2.5-flash_2.cpp,WRONG_ANSWER,77,37.50%,0.050,3.28125,0,0,25.64102564102564,0,0,0,0,0,25.64102564102564,25.64102564102564,0,0,0,0
bronze_Milk_Exchange_gemini-2.5-flash_3.cpp,WRONG_ANSWER,103,37.50%,0.170,9.296875,0,0,25.64102564102564,0,0,25.64102564102564,0,0,25.64102564102564,25.64102564102564,0,0,0,0
bronze_Milk_Exchange_gemini-2.5-flash_4.cpp,WRONG_ANSWER,128,50.00%,0.050,3.28125,0,0,25.64102564102564,0,25.64102564102564,25.64102564102564,0,0,25.64102564102564,25.64102564102564,0,0,0,0
bronze_Milk_Exchange_gemini-2.5-flash_5.cpp,COMPILATION_ERROR,0,0.00%,0.000,0,0,0,0,0,0,0,0,0,0,0,0,0,0,0
bronze_Milk_Exchange_gemini-2.5-flash_6.cpp,TIME_LIMIT_EXCEEDED,154,56.25%,2.240,21.5,0,25.64102564102564,0,0,0,25.64102564102564,25.64102564102564,25.64102564102564,25.64102564102564,25.64102564102564,0,0,0,0
bronze_Milk_Exchange_gemini-2.5-flash_7.cpp,COMPILATION_ERROR,0,0.00%,0.000,0,0,0,0,0,0,0,0,0,0,0,0,0,0,0
