solution,status,score,%test passed,time,memory,subtask_0,subtask_1,subtask_10,subtask_11,subtask_12,subtask_13,subtask_14,subtask_15,subtask_16,subtask_17,subtask_18,subtask_19,subtask_2,subtask_20,subtask_3,subtask_4,subtask_5,subtask_6,subtask_7,subtask_8,subtask_9
gold_Fertilizing_Pastures_seed-oss_0.cpp,RUNTIME_ERROR,0,0.00%,0.110,61.36328125,0,0,0,0,0,0,0,0,0,0,0,0,0,0,0,0,0,0,0,0,0
gold_Fertilizing_Pastures_seed-oss_1.cpp,ACCEPTED,333,100.00%,0.120,24.74609375,0,16.666666666666664,16.666666666666664,16.666666666666664,16.666666666666664,16.666666666666664,16.666666666666664,16.666666666666664,16.666666666666664,16.666666666666664,16.666666666666664,16.666666666666664,16.666666666666664,16.666666666666664,16.666666666666664,16.666666666666664,16.666666666666664,16.666666666666664,16.666666666666664,16.666666666666664,16.666666666666664
gold_Fertilizing_Pastures_seed-oss_2.cpp,TIME_LIMIT_EXCEEDED,200,63.64%,2.420,26.04296875,0,16.666666666666664,16.666666666666664,16.666666666666664,16.666666666666664,0,0,0,0,0,0,0,16.666666666666664,0,16.666666666666664,16.666666666666664,16.666666666666664,16.666666666666664,16.666666666666664,16.666666666666664,16.666666666666664
gold_Fertilizing_Pastures_seed-oss_3.cpp,TIME_LIMIT_EXCEEDED,133,45.45%,2.420,18.0546875,0,16.666666666666664,0,0,0,0,0,0,0,0,0,0,16.666666666666664,0,16.666666666666664,16.666666666666664,16.666666666666664,16.666666666666664,16.666666666666664,16.666666666666664,0
gold_Fertilizing_Pastures_seed-oss_4.cpp,WRONG_ANSWER,0,4.55%,0.130,24.67578125,0,0,0,0,0,0,0,0,0,0,0,0,0,0,0,0,0,0,0,0,0
gold_Fertilizing_Pastures_seed-oss_5.cpp,RUNTIME_ERROR,0,0.00%,0.090,18.0546875,0,0,0,0,0,0,0,0,0,0,0,0,0,0,0,0,0,0,0,0,0
gold_Fertilizing_Pastures_seed-oss_6.cpp,TIME_LIMIT_EXCEEDED,133,45.45%,2.420,18.875,0,16.666666666666664,0,0,0,0,0,0,0,0,0,0,16.666666666666664,0,16.666666666666664,16.666666666666664,16.666666666666664,16.666666666666664,16.666666666666664,16.666666666666664,0
gold_Fertilizing_Pastures_seed-oss_7.cpp,ACCEPTED,333,100.00%,0.070,19.859375,0,16.666666666666664,16.666666666666664,16.666666666666664,16.666666666666664,16.666666666666664,16.666666666666664,16.666666666666664,16.666666666666664,16.666666666666664,16.666666666666664,16.666666666666664,16.666666666666664,16.666666666666664,16.666666666666664,16.666666666666664,16.666666666666664,16.666666666666664,16.666666666666664,16.666666666666664,16.666666666666664
