solution,status,score,%test passed,time,memory,subtask_0,subtask_1,subtask_10,subtask_11,subtask_12,subtask_13,subtask_14,subtask_15,subtask_16,subtask_17,subtask_18,subtask_19,subtask_2,subtask_20,subtask_3,subtask_4,subtask_5,subtask_6,subtask_7,subtask_8,subtask_9
platinum_Problem_Setting_seed-oss_0.cpp,WRONG_ANSWER,33,13.64%,0.040,9.82421875,0,16.666666666666664,0,0,0,0,0,0,0,0,0,0,16.666666666666664,0,0,0,0,0,0,0,0
platinum_Problem_Setting_seed-oss_1.cpp,ACCEPTED,333,100.00%,1.010,46.515625,0,16.666666666666664,16.666666666666664,16.666666666666664,16.666666666666664,16.666666666666664,16.666666666666664,16.666666666666664,16.666666666666664,16.666666666666664,16.666666666666664,16.666666666666664,16.666666666666664,16.666666666666664,16.666666666666664,16.666666666666664,16.666666666666664,16.666666666666664,16.666666666666664,16.666666666666664,16.666666666666664
platinum_Problem_Setting_seed-oss_2.cpp,TIME_LIMIT_EXCEEDED,0,0.00%,2.420,33.0078125,0,0,0,0,0,0,0,0,0,0,0,0,0,0,0,0,0,0,0,0,0
platinum_Problem_Setting_seed-oss_3.cpp,WRONG_ANSWER,33,13.64%,0.040,12.38671875,0,16.666666666666664,0,0,0,0,0,0,0,0,0,0,16.666666666666664,0,0,0,0,0,0,0,0
platinum_Problem_Setting_seed-oss_4.cpp,ACCEPTED,333,100.00%,0.950,27.328125,0,16.666666666666664,16.666666666666664,16.666666666666664,16.666666666666664,16.666666666666664,16.666666666666664,16.666666666666664,16.666666666666664,16.666666666666664,16.666666666666664,16.666666666666664,16.666666666666664,16.666666666666664,16.666666666666664,16.666666666666664,16.666666666666664,16.666666666666664,16.666666666666664,16.666666666666664,16.666666666666664
platinum_Problem_Setting_seed-oss_5.cpp,RUNTIME_ERROR,0,0.00%,0.050,32.92578125,0,0,0,0,0,0,0,0,0,0,0,0,0,0,0,0,0,0,0,0,0
platinum_Problem_Setting_seed-oss_6.cpp,WRONG_ANSWER,33,13.64%,0.040,9.8515625,0,16.666666666666664,0,0,0,0,0,0,0,0,0,0,16.666666666666664,0,0,0,0,0,0,0,0
platinum_Problem_Setting_seed-oss_7.cpp,COMPILATION_ERROR,0,0.00%,0.000,0,0,0,0,0,0,0,0,0,0,0,0,0,0,0,0,0,0,0,0,0,0
