solution,status,score,%test passed,time,memory,subtask_0,subtask_1,subtask_10,subtask_2,subtask_3,subtask_4,subtask_5,subtask_6,subtask_7,subtask_8,subtask_9
bronze_More_Cow_Photos_DeepSeek-R1-Distill-Llama-70B_0.cpp,ACCEPTED,333,100.00%,0.500,6.1640625,0,33.33333333333333,33.33333333333333,33.33333333333333,33.33333333333333,33.33333333333333,33.33333333333333,33.33333333333333,33.33333333333333,33.33333333333333,33.33333333333333
bronze_More_Cow_Photos_DeepSeek-R1-Distill-Llama-70B_1.cpp,ACCEPTED,333,100.00%,0.240,5.6328125,0,33.33333333333333,33.33333333333333,33.33333333333333,33.33333333333333,33.33333333333333,33.33333333333333,33.33333333333333,33.33333333333333,33.33333333333333,33.33333333333333
bronze_More_Cow_Photos_DeepSeek-R1-Distill-Llama-70B_2.cpp,ACCEPTED,333,100.00%,0.390,5.80078125,0,33.33333333333333,33.33333333333333,33.33333333333333,33.33333333333333,33.33333333333333,33.33333333333333,33.33333333333333,33.33333333333333,33.33333333333333,33.33333333333333
bronze_More_Cow_Photos_DeepSeek-R1-Distill-Llama-70B_3.cpp,ACCEPTED,333,100.00%,0.200,2.5078125,0,33.33333333333333,33.33333333333333,33.33333333333333,33.33333333333333,33.33333333333333,33.33333333333333,33.33333333333333,33.33333333333333,33.33333333333333,33.33333333333333
bronze_More_Cow_Photos_DeepSeek-R1-Distill-Llama-70B_4.cpp,ACCEPTED,333,100.00%,0.540,9.46875,0,33.33333333333333,33.33333333333333,33.33333333333333,33.33333333333333,33.33333333333333,33.33333333333333,33.33333333333333,33.33333333333333,33.33333333333333,33.33333333333333
bronze_More_Cow_Photos_DeepSeek-R1-Distill-Llama-70B_5.cpp,ACCEPTED,333,100.00%,0.250,1.84375,0,33.33333333333333,33.33333333333333,33.33333333333333,33.33333333333333,33.33333333333333,33.33333333333333,33.33333333333333,33.33333333333333,33.33333333333333,33.33333333333333
bronze_More_Cow_Photos_DeepSeek-R1-Distill-Llama-70B_6.cpp,ACCEPTED,333,100.00%,0.300,1.97265625,0,33.33333333333333,33.33333333333333,33.33333333333333,33.33333333333333,33.33333333333333,33.33333333333333,33.33333333333333,33.33333333333333,33.33333333333333,33.33333333333333
bronze_More_Cow_Photos_DeepSeek-R1-Distill-Llama-70B_7.cpp,ACCEPTED,333,100.00%,0.170,2.640625,0,33.33333333333333,33.33333333333333,33.33333333333333,33.33333333333333,33.33333333333333,33.33333333333333,33.33333333333333,33.33333333333333,33.33333333333333,33.33333333333333
