solution,status,score,%test passed,time,memory,subtask_0,subtask_1,subtask_10,subtask_2,subtask_3,subtask_4,subtask_5,subtask_6,subtask_7,subtask_8,subtask_9
silver_Compatible_Pairs_DeepSeek-R1-Distill-Llama-70B_0.cpp,WRONG_ANSWER,67,33.33%,0.250,10.2421875,0,33.33333333333333,0,33.33333333333333,0,0,0,0,0,0,0
silver_Compatible_Pairs_DeepSeek-R1-Distill-Llama-70B_1.cpp,WRONG_ANSWER,0,16.67%,0.380,50.28125,0,0,0,0,0,0,0,0,0,0,0
silver_Compatible_Pairs_DeepSeek-R1-Distill-Llama-70B_2.cpp,ACCEPTED,333,100.00%,0.290,18.9921875,0,33.33333333333333,33.33333333333333,33.33333333333333,33.33333333333333,33.33333333333333,33.33333333333333,33.33333333333333,33.33333333333333,33.33333333333333,33.33333333333333
silver_Compatible_Pairs_DeepSeek-R1-Distill-Llama-70B_3.cpp,WRONG_ANSWER,67,33.33%,0.260,11.0,0,33.33333333333333,0,33.33333333333333,0,0,0,0,0,0,0
silver_Compatible_Pairs_DeepSeek-R1-Distill-Llama-70B_4.cpp,WRONG_ANSWER,67,33.33%,0.350,14.34375,0,33.33333333333333,0,33.33333333333333,0,0,0,0,0,0,0
silver_Compatible_Pairs_DeepSeek-R1-Distill-Llama-70B_5.cpp,WRONG_ANSWER,67,33.33%,0.250,11.0,0,33.33333333333333,0,33.33333333333333,0,0,0,0,0,0,0
silver_Compatible_Pairs_DeepSeek-R1-Distill-Llama-70B_6.cpp,WRONG_ANSWER,33,25.00%,0.260,15.0,0,33.33333333333333,0,0,0,0,0,0,0,0,0
silver_Compatible_Pairs_DeepSeek-R1-Distill-Llama-70B_7.cpp,WRONG_ANSWER,67,33.33%,0.260,10.99609375,0,33.33333333333333,0,33.33333333333333,0,0,0,0,0,0,0
