solution,status,score,%test passed,time,memory,subtask_0,subtask_1,subtask_10,subtask_2,subtask_3,subtask_4,subtask_5,subtask_6,subtask_7,subtask_8,subtask_9
bronze_Cowntact_Tracing_2_gemini-2.5-pro_0.cpp,WRONG_ANSWER,167,58.33%,0.040,5.20703125,0,33.33333333333333,33.33333333333333,0,33.33333333333333,0,0,0,0,33.33333333333333,33.33333333333333
bronze_Cowntact_Tracing_2_gemini-2.5-pro_1.cpp,WRONG_ANSWER,33,25.00%,0.110,1.73828125,0,33.33333333333333,0,0,0,0,0,0,0,0,0
bronze_Cowntact_Tracing_2_gemini-2.5-pro_2.cpp,WRONG_ANSWER,167,58.33%,0.110,1.5546875,0,33.33333333333333,33.33333333333333,0,33.33333333333333,0,0,0,0,33.33333333333333,33.33333333333333
bronze_Cowntact_Tracing_2_gemini-2.5-pro_3.cpp,WRONG_ANSWER,167,58.33%,0.110,1.859375,0,33.33333333333333,33.33333333333333,0,33.33333333333333,0,0,0,0,33.33333333333333,33.33333333333333
bronze_Cowntact_Tracing_2_gemini-2.5-pro_4.cpp,WRONG_ANSWER,167,58.33%,0.110,1.73828125,0,33.33333333333333,33.33333333333333,0,33.33333333333333,0,0,0,0,33.33333333333333,33.33333333333333
bronze_Cowntact_Tracing_2_gemini-2.5-pro_5.cpp,WRONG_ANSWER,33,25.00%,0.110,1.734375,0,33.33333333333333,0,0,0,0,0,0,0,0,0
bronze_Cowntact_Tracing_2_gemini-2.5-pro_6.cpp,WRONG_ANSWER,167,58.33%,0.110,1.80859375,0,33.33333333333333,33.33333333333333,0,33.33333333333333,0,0,0,0,33.33333333333333,33.33333333333333
bronze_Cowntact_Tracing_2_gemini-2.5-pro_7.cpp,WRONG_ANSWER,167,58.33%,0.110,1.73828125,0,33.33333333333333,0,33.33333333333333,0,33.33333333333333,0,33.33333333333333,33.33333333333333,0,0
