solution,status,score,%test passed,time,memory,subtask_0,subtask_1,subtask_10,subtask_11,subtask_12,subtask_13,subtask_14,subtask_15,subtask_16,subtask_17,subtask_18,subtask_19,subtask_2,subtask_20,subtask_3,subtask_4,subtask_5,subtask_6,subtask_7,subtask_8,subtask_9
platinum_Train_Scheduling_gemini-2.5-pro_0.cpp,COMPILATION_ERROR,0,0.00%,0.000,0,0,0,0,0,0,0,0,0,0,0,0,0,0,0,0,0,0,0,0,0,0
platinum_Train_Scheduling_gemini-2.5-pro_1.cpp,TIME_LIMIT_EXCEEDED,33,25.00%,2.580,265.2890625,0,16.666666666666664,0,0,0,0,0,0,0,0,0,0,16.666666666666664,0,0,0,0,0,0,0,0
platinum_Train_Scheduling_gemini-2.5-pro_2.cpp,WRONG_ANSWER,300,91.67%,0.160,192.59375,0,16.666666666666664,16.666666666666664,16.666666666666664,16.666666666666664,16.666666666666664,16.666666666666664,16.666666666666664,0,16.666666666666664,16.666666666666664,0,16.666666666666664,16.666666666666664,16.666666666666664,16.666666666666664,16.666666666666664,16.666666666666664,16.666666666666664,16.666666666666664,16.666666666666664
platinum_Train_Scheduling_gemini-2.5-pro_3.cpp,TIME_LIMIT_EXCEEDED,167,58.33%,2.370,192.59375,0,16.666666666666664,16.666666666666664,0,0,0,0,0,0,0,0,0,16.666666666666664,0,16.666666666666664,16.666666666666664,16.666666666666664,16.666666666666664,16.666666666666664,16.666666666666664,16.666666666666664
platinum_Train_Scheduling_gemini-2.5-pro_4.cpp,WRONG_ANSWER,300,91.67%,0.170,1.5546875,0,16.666666666666664,16.666666666666664,16.666666666666664,16.666666666666664,16.666666666666664,16.666666666666664,16.666666666666664,0,16.666666666666664,16.666666666666664,0,16.666666666666664,16.666666666666664,16.666666666666664,16.666666666666664,16.666666666666664,16.666666666666664,16.666666666666664,16.666666666666664,16.666666666666664
platinum_Train_Scheduling_gemini-2.5-pro_5.cpp,TIME_LIMIT_EXCEEDED,167,58.33%,2.440,192.59375,0,16.666666666666664,16.666666666666664,0,0,0,0,0,0,0,0,0,16.666666666666664,0,16.666666666666664,16.666666666666664,16.666666666666664,16.666666666666664,16.666666666666664,16.666666666666664,16.666666666666664
platinum_Train_Scheduling_gemini-2.5-pro_6.cpp,RUNTIME_ERROR,0,0.00%,0.000,0,0,0,0,0,0,0,0,0,0,0,0,0,0,0,0,0,0,0,0,0,0
platinum_Train_Scheduling_gemini-2.5-pro_7.cpp,COMPILATION_ERROR,0,0.00%,0.000,0,0,0,0,0,0,0,0,0,0,0,0,0,0,0,0,0,0,0,0,0,0
