solution,status,score,%test passed,time,memory,subtask_0,subtask_1,subtask_10,subtask_11,subtask_12,subtask_2,subtask_3,subtask_4,subtask_5,subtask_6,subtask_7,subtask_8,subtask_9
silver_Target_Practice_gemini-2.5-pro_0.cpp,TIME_LIMIT_EXCEEDED,83,40.00%,2.230,37.5546875,0,27.777777777777775,0,0,0,27.777777777777775,27.777777777777775,0,0,0,0,0,0
silver_Target_Practice_gemini-2.5-pro_1.cpp,ACCEPTED,333,100.00%,0.120,8.20703125,0,27.777777777777775,27.777777777777775,27.777777777777775,27.777777777777775,27.777777777777775,27.777777777777775,27.777777777777775,27.777777777777775,27.777777777777775,27.777777777777775,27.777777777777775,27.777777777777775
silver_Target_Practice_gemini-2.5-pro_2.cpp,RUNTIME_ERROR,56,13.33%,0.120,9.05078125,0,27.777777777777775,0,0,0,0,27.777777777777775,0,0,0,0,0,0
silver_Target_Practice_gemini-2.5-pro_3.cpp,ACCEPTED,333,100.00%,0.160,18.3984375,0,27.777777777777775,27.777777777777775,27.777777777777775,27.777777777777775,27.777777777777775,27.777777777777775,27.777777777777775,27.777777777777775,27.777777777777775,27.777777777777775,27.777777777777775,27.777777777777775
silver_Target_Practice_gemini-2.5-pro_4.cpp,RUNTIME_ERROR,222,53.33%,0.200,22.3359375,0,27.777777777777775,0,27.777777777777775,27.777777777777775,27.777777777777775,27.777777777777775,0,0,27.777777777777775,27.777777777777775,27.777777777777775,0
silver_Target_Practice_gemini-2.5-pro_5.cpp,COMPILATION_ERROR,0,0.00%,0.000,0,0,0,0,0,0,0,0,0,0,0,0,0,0
silver_Target_Practice_gemini-2.5-pro_6.cpp,MEMORY_LIMIT_EXCEEDED,83,40.00%,0.310,280.875,0,27.777777777777775,0,0,0,27.777777777777775,27.777777777777775,0,0,0,0,0,0
silver_Target_Practice_gemini-2.5-pro_7.cpp,WRONG_ANSWER,28,20.00%,0.170,18.28515625,0,27.777777777777775,0,0,0,0,0,0,0,0,0,0,0
