solution,status,score,%test passed,time,memory,subtask_0,subtask_1,subtask_10,subtask_11,subtask_2,subtask_3,subtask_4,subtask_5,subtask_6,subtask_7,subtask_8,subtask_9
bronze_Hoof_Paper_Scissors_Minus_One_gpt-oss-120b-high_0.cpp,ACCEPTED,333,100.00%,0.080,10.0625,0,30.3030303030303,30.3030303030303,30.3030303030303,30.3030303030303,30.3030303030303,30.3030303030303,30.3030303030303,30.3030303030303,30.3030303030303,30.3030303030303,30.3030303030303
bronze_Hoof_Paper_Scissors_Minus_One_gpt-oss-120b-high_1.cpp,ACCEPTED,333,100.00%,0.060,2.328125,0,30.3030303030303,30.3030303030303,30.3030303030303,30.3030303030303,30.3030303030303,30.3030303030303,30.3030303030303,30.3030303030303,30.3030303030303,30.3030303030303,30.3030303030303
bronze_Hoof_Paper_Scissors_Minus_One_gpt-oss-120b-high_2.cpp,ACCEPTED,333,100.00%,0.080,10.0625,0,30.3030303030303,30.3030303030303,30.3030303030303,30.3030303030303,30.3030303030303,30.3030303030303,30.3030303030303,30.3030303030303,30.3030303030303,30.3030303030303,30.3030303030303
bronze_Hoof_Paper_Scissors_Minus_One_gpt-oss-120b-high_3.cpp,ACCEPTED,333,100.00%,0.090,9.8046875,0,30.3030303030303,30.3030303030303,30.3030303030303,30.3030303030303,30.3030303030303,30.3030303030303,30.3030303030303,30.3030303030303,30.3030303030303,30.3030303030303,30.3030303030303
bronze_Hoof_Paper_Scissors_Minus_One_gpt-oss-120b-high_4.cpp,ACCEPTED,333,100.00%,0.070,2.58203125,0,30.3030303030303,30.3030303030303,30.3030303030303,30.3030303030303,30.3030303030303,30.3030303030303,30.3030303030303,30.3030303030303,30.3030303030303,30.3030303030303,30.3030303030303
bronze_Hoof_Paper_Scissors_Minus_One_gpt-oss-120b-high_5.cpp,ACCEPTED,333,100.00%,0.090,10.0625,0,30.3030303030303,30.3030303030303,30.3030303030303,30.3030303030303,30.3030303030303,30.3030303030303,30.3030303030303,30.3030303030303,30.3030303030303,30.3030303030303,30.3030303030303
bronze_Hoof_Paper_Scissors_Minus_One_gpt-oss-120b-high_6.cpp,ACCEPTED,333,100.00%,0.080,10.0625,0,30.3030303030303,30.3030303030303,30.3030303030303,30.3030303030303,30.3030303030303,30.3030303030303,30.3030303030303,30.3030303030303,30.3030303030303,30.3030303030303,30.3030303030303
bronze_Hoof_Paper_Scissors_Minus_One_gpt-oss-120b-high_7.cpp,ACCEPTED,333,100.00%,0.090,18.57421875,0,30.3030303030303,30.3030303030303,30.3030303030303,30.3030303030303,30.3030303030303,30.3030303030303,30.3030303030303,30.3030303030303,30.3030303030303,30.3030303030303,30.3030303030303
