solution,status,score,%test passed,time,memory,subtask_0,subtask_1,subtask_10,subtask_11,subtask_12,subtask_13,subtask_14,subtask_15,subtask_16,subtask_17,subtask_2,subtask_3,subtask_4,subtask_5,subtask_6,subtask_7,subtask_8,subtask_9
gold_OohMoo_Milk_gpt-oss-120b-high_1.cpp,RUNTIME_ERROR,39,10.00%,0.070,3.1328125,0,0,0,0,0,0,0,0,0,0,19.6078431372549,19.6078431372549,0,0,0,0,0,0
gold_OohMoo_Milk_gpt-oss-120b-high_2.cpp,ACCEPTED,333,100.00%,0.070,2.84375,0,19.6078431372549,19.6078431372549,19.6078431372549,19.6078431372549,19.6078431372549,19.6078431372549,19.6078431372549,19.6078431372549,19.6078431372549,19.6078431372549,19.6078431372549,19.6078431372549,19.6078431372549,19.6078431372549,19.6078431372549,19.6078431372549,19.6078431372549
gold_OohMoo_Milk_gpt-oss-120b-high_3.cpp,TIME_LIMIT_EXCEEDED,39,10.00%,2.420,6.44921875,0,0,0,0,0,0,0,0,0,0,19.6078431372549,19.6078431372549,0,0,0,0,0,0
gold_OohMoo_Milk_gpt-oss-120b-high_4.cpp,RUNTIME_ERROR,0,0.00%,0.070,5.05078125,0,0,0,0,0,0,0,0,0,0,0,0,0,0,0,0,0,0
gold_OohMoo_Milk_gpt-oss-120b-high_5.cpp,TIME_LIMIT_EXCEEDED,39,10.00%,2.430,7.84765625,0,0,0,0,0,0,0,0,0,0,19.6078431372549,19.6078431372549,0,0,0,0,0,0
gold_OohMoo_Milk_gpt-oss-120b-high_6.cpp,RUNTIME_ERROR,39,10.00%,0.060,2.07421875,0,0,0,0,0,0,0,0,0,0,19.6078431372549,19.6078431372549,0,0,0,0,0,0
gold_OohMoo_Milk_gpt-oss-120b-high_7.cpp,RUNTIME_ERROR,0,0.00%,0.060,2.0703125,0,0,0,0,0,0,0,0,0,0,0,0,0,0,0,0,0,0
