solution,status,score,%test passed,time,memory,subtask_0,subtask_1,subtask_10,subtask_11,subtask_12,subtask_13,subtask_14,subtask_2,subtask_3,subtask_4,subtask_5,subtask_6,subtask_7,subtask_8,subtask_9
platinum_Forklift_Certified_gpt-oss-120b-high_0.cpp,RUNTIME_ERROR,95,25.00%,0.670,22.734375,0,0,0,0,23.809523809523807,23.809523809523807,23.809523809523807,0,0,23.809523809523807,0,0,0,0,0
platinum_Forklift_Certified_gpt-oss-120b-high_1.cpp,TIME_LIMIT_EXCEEDED,95,37.50%,2.430,28.6328125,0,0,0,0,23.809523809523807,23.809523809523807,23.809523809523807,0,0,23.809523809523807,0,0,0,0,0
platinum_Forklift_Certified_gpt-oss-120b-high_2.cpp,COMPILATION_ERROR,0,0.00%,0.000,0,0,0,0,0,0,0,0,0,0,0,0,0,0,0,0
platinum_Forklift_Certified_gpt-oss-120b-high_3.cpp,WRONG_ANSWER,95,37.50%,0.370,9.56640625,0,0,0,0,23.809523809523807,23.809523809523807,23.809523809523807,0,0,23.809523809523807,0,0,0,0,0
platinum_Forklift_Certified_gpt-oss-120b-high_4.cpp,ACCEPTED,333,100.00%,1.450,11.17578125,0,23.809523809523807,23.809523809523807,23.809523809523807,23.809523809523807,23.809523809523807,23.809523809523807,23.809523809523807,23.809523809523807,23.809523809523807,23.809523809523807,23.809523809523807,23.809523809523807,23.809523809523807,23.809523809523807
platinum_Forklift_Certified_gpt-oss-120b-high_5.cpp,COMPILATION_ERROR,0,0.00%,0.000,0,0,0,0,0,0,0,0,0,0,0,0,0,0,0,0
platinum_Forklift_Certified_gpt-oss-120b-high_6.cpp,TIME_LIMIT_EXCEEDED,95,37.50%,2.440,40.8671875,0,0,0,0,23.809523809523807,23.809523809523807,23.809523809523807,0,0,23.809523809523807,0,0,0,0,0
platinum_Forklift_Certified_gpt-oss-120b-high_7.cpp,RUNTIME_ERROR,0,0.00%,1.470,115.91015625,0,0,0,0,0,0,0,0,0,0,0,0,0,0,0
