solution,status,score,%test passed,time,memory,subtask_0,subtask_1,subtask_10,subtask_2,subtask_3,subtask_4,subtask_5,subtask_6,subtask_7,subtask_8,subtask_9
silver_Compatible_Pairs_gpt-oss-120b-high_1.cpp,ACCEPTED,333,100.00%,0.730,80.06640625,0,33.33333333333333,33.33333333333333,33.33333333333333,33.33333333333333,33.33333333333333,33.33333333333333,33.33333333333333,33.33333333333333,33.33333333333333,33.33333333333333
silver_Compatible_Pairs_gpt-oss-120b-high_2.cpp,COMPILATION_ERROR,0,0.00%,0.000,0,0,0,0,0,0,0,0,0,0,0,0
silver_Compatible_Pairs_gpt-oss-120b-high_3.cpp,ACCEPTED,333,100.00%,0.570,62.53515625,0,33.33333333333333,33.33333333333333,33.33333333333333,33.33333333333333,33.33333333333333,33.33333333333333,33.33333333333333,33.33333333333333,33.33333333333333,33.33333333333333
silver_Compatible_Pairs_gpt-oss-120b-high_4.cpp,TIME_LIMIT_EXCEEDED,167,58.33%,2.450,47.18359375,0,33.33333333333333,0,33.33333333333333,33.33333333333333,33.33333333333333,33.33333333333333,0,0,0,0
silver_Compatible_Pairs_gpt-oss-120b-high_5.cpp,ACCEPTED,333,100.00%,0.200,28.89453125,0,33.33333333333333,33.33333333333333,33.33333333333333,33.33333333333333,33.33333333333333,33.33333333333333,33.33333333333333,33.33333333333333,33.33333333333333,33.33333333333333
silver_Compatible_Pairs_gpt-oss-120b-high_6.cpp,WRONG_ANSWER,67,33.33%,0.100,22.6875,0,33.33333333333333,0,33.33333333333333,0,0,0,0,0,0,0
