solution,status,score,%test passed,time,memory,subtask_0,subtask_1,subtask_10,subtask_11,subtask_12,subtask_2,subtask_3,subtask_4,subtask_5,subtask_6,subtask_7,subtask_8,subtask_9
gold_Bessla_Motors_Qwen3-14B_0.cpp,TIME_LIMIT_EXCEEDED,111,46.67%,3.370,9.09375,0,27.777777777777775,0,0,0,27.777777777777775,27.777777777777775,0,27.777777777777775,0,0,0,0
gold_Bessla_Motors_Qwen3-14B_1.cpp,TIME_LIMIT_EXCEEDED,111,46.67%,3.510,9.27734375,0,27.777777777777775,0,0,0,27.777777777777775,27.777777777777775,0,27.777777777777775,0,0,0,0
gold_Bessla_Motors_Qwen3-14B_2.cpp,TIME_LIMIT_EXCEEDED,306,93.33%,3.310,8.8984375,0,27.777777777777775,27.777777777777775,27.777777777777775,27.777777777777775,27.777777777777775,27.777777777777775,27.777777777777775,0,27.777777777777775,27.777777777777775,27.777777777777775,27.777777777777775
gold_Bessla_Motors_Qwen3-14B_3.cpp,TIME_LIMIT_EXCEEDED,139,53.33%,3.390,9.4140625,0,27.777777777777775,0,0,0,27.777777777777775,27.777777777777775,27.777777777777775,27.777777777777775,0,0,0,0
gold_Bessla_Motors_Qwen3-14B_4.cpp,RUNTIME_ERROR,0,6.67%,0.160,8.96484375,0,0,0,0,0,0,0,0,0,0,0,0,0
gold_Bessla_Motors_Qwen3-14B_5.cpp,TIME_LIMIT_EXCEEDED,111,46.67%,3.440,9.22265625,0,27.777777777777775,0,0,0,27.777777777777775,27.777777777777775,0,27.777777777777775,0,0,0,0
gold_Bessla_Motors_Qwen3-14B_6.cpp,TIME_LIMIT_EXCEEDED,139,53.33%,3.350,9.28515625,0,27.777777777777775,0,0,0,27.777777777777775,27.777777777777775,27.777777777777775,27.777777777777775,0,0,0,0
gold_Bessla_Motors_Qwen3-14B_7.cpp,RUNTIME_ERROR,83,26.67%,0.780,8.5546875,0,27.777777777777775,0,0,0,27.777777777777775,27.777777777777775,0,0,0,0,0,0
