solution,status,score,%test passed,time,memory,subtask_0,subtask_1,subtask_10,subtask_11,subtask_12,subtask_2,subtask_3,subtask_4,subtask_5,subtask_6,subtask_7,subtask_8,subtask_9
gold_Bessla_Motors_QwQ-32B_0.cpp,RUNTIME_ERROR,0,6.67%,0.140,8.8359375,0,0,0,0,0,0,0,0,0,0,0,0,0
gold_Bessla_Motors_QwQ-32B_1.cpp,TIME_LIMIT_EXCEEDED,139,53.33%,3.370,8.66015625,0,27.777777777777775,0,0,0,27.777777777777775,27.777777777777775,27.777777777777775,27.777777777777775,0,0,0,0
gold_Bessla_Motors_QwQ-32B_2.cpp,TIME_LIMIT_EXCEEDED,83,40.00%,3.350,8.98046875,0,27.777777777777775,0,0,0,27.777777777777775,27.777777777777775,0,0,0,0,0,0
gold_Bessla_Motors_QwQ-32B_3.cpp,RUNTIME_ERROR,0,6.67%,0.130,8.8359375,0,0,0,0,0,0,0,0,0,0,0,0,0
gold_Bessla_Motors_QwQ-32B_4.cpp,TIME_LIMIT_EXCEEDED,83,40.00%,3.370,7.29296875,0,27.777777777777775,0,0,0,27.777777777777775,0,0,27.777777777777775,0,0,0,0
gold_Bessla_Motors_QwQ-32B_5.cpp,RUNTIME_ERROR,0,0.00%,0.130,8.83203125,0,0,0,0,0,0,0,0,0,0,0,0,0
gold_Bessla_Motors_QwQ-32B_6.cpp,RUNTIME_ERROR,0,6.67%,0.140,8.8359375,0,0,0,0,0,0,0,0,0,0,0,0,0
gold_Bessla_Motors_QwQ-32B_7.cpp,TIME_LIMIT_EXCEEDED,83,40.00%,3.370,7.06640625,0,27.777777777777775,0,0,0,0,27.777777777777775,27.777777777777775,0,0,0,0,0
