solution,status,score,%test passed,time,memory,subtask_0,subtask_1,subtask_10,subtask_11,subtask_12,subtask_13,subtask_2,subtask_3,subtask_4,subtask_5,subtask_6,subtask_7,subtask_8,subtask_9
bronze_Milk_Exchange_Qwen3-4B_0.cpp,TIME_LIMIT_EXCEEDED,154,56.25%,2.420,5.39453125,0,25.64102564102564,0,0,0,25.64102564102564,25.64102564102564,25.64102564102564,25.64102564102564,25.64102564102564,0,0,0,0
bronze_Milk_Exchange_Qwen3-4B_1.cpp,COMPILATION_ERROR,0,0.00%,0.000,0,0,0,0,0,0,0,0,0,0,0,0,0,0,0
bronze_Milk_Exchange_Qwen3-4B_2.cpp,TIME_LIMIT_EXCEEDED,0,12.50%,2.420,4.046875,0,0,0,0,0,0,0,0,0,0,0,0,0,0
bronze_Milk_Exchange_Qwen3-4B_3.cpp,TIME_LIMIT_EXCEEDED,154,56.25%,2.410,5.37890625,0,25.64102564102564,0,0,0,25.64102564102564,25.64102564102564,25.64102564102564,25.64102564102564,25.64102564102564,0,0,0,0
bronze_Milk_Exchange_Qwen3-4B_4.cpp,TIME_LIMIT_EXCEEDED,0,12.50%,2.420,5.37890625,0,0,0,0,0,0,0,0,0,0,0,0,0,0
bronze_Milk_Exchange_Qwen3-4B_5.cpp,TIME_LIMIT_EXCEEDED,0,0.00%,2.460,4.609375,0,0,0,0,0,0,0,0,0,0,0,0,0,0
bronze_Milk_Exchange_Qwen3-4B_6.cpp,TIME_LIMIT_EXCEEDED,77,31.25%,2.410,4.609375,0,0,0,0,0,25.64102564102564,0,0,25.64102564102564,25.64102564102564,0,0,0,0
bronze_Milk_Exchange_Qwen3-4B_7.cpp,TIME_LIMIT_EXCEEDED,154,56.25%,2.410,4.65234375,0,25.64102564102564,0,0,0,25.64102564102564,25.64102564102564,25.64102564102564,25.64102564102564,25.64102564102564,0,0,0,0
