solution,status,score,%test passed,time,memory,subtask_0,subtask_1,subtask_10,subtask_11,subtask_12,subtask_2,subtask_3,subtask_4,subtask_5,subtask_6,subtask_7,subtask_8,subtask_9
gold_Bessla_Motors_Qwen3-4B_0.cpp,TIME_LIMIT_EXCEEDED,111,46.67%,3.610,6.58203125,0,27.777777777777775,0,0,0,27.777777777777775,27.777777777777775,0,27.777777777777775,0,0,0,0
gold_Bessla_Motors_Qwen3-4B_1.cpp,TIME_LIMIT_EXCEEDED,111,46.67%,3.620,6.58203125,0,27.777777777777775,0,0,0,27.777777777777775,27.777777777777775,0,27.777777777777775,0,0,0,0
gold_Bessla_Motors_Qwen3-4B_2.cpp,TIME_LIMIT_EXCEEDED,56,33.33%,3.620,6.58203125,0,27.777777777777775,0,0,0,0,27.777777777777775,0,0,0,0,0,0
gold_Bessla_Motors_Qwen3-4B_3.cpp,TIME_LIMIT_EXCEEDED,111,46.67%,3.620,6.578125,0,27.777777777777775,0,0,0,27.777777777777775,27.777777777777775,0,27.777777777777775,0,0,0,0
gold_Bessla_Motors_Qwen3-4B_4.cpp,TIME_LIMIT_EXCEEDED,111,46.67%,3.610,6.578125,0,27.777777777777775,0,0,0,27.777777777777775,27.777777777777775,0,27.777777777777775,0,0,0,0
gold_Bessla_Motors_Qwen3-4B_5.cpp,COMPILATION_ERROR,0,0.00%,0.000,0,0,0,0,0,0,0,0,0,0,0,0,0,0
gold_Bessla_Motors_Qwen3-4B_6.cpp,TIME_LIMIT_EXCEEDED,111,46.67%,3.620,7.16015625,0,27.777777777777775,0,0,0,27.777777777777775,27.777777777777775,0,27.777777777777775,0,0,0,0
gold_Bessla_Motors_Qwen3-4B_7.cpp,COMPILATION_ERROR,0,0.00%,0.000,0,0,0,0,0,0,0,0,0,0,0,0,0,0
