solution,status,score,%test passed,time,memory,subtask_0,subtask_1,subtask_2,subtask_3
an2dl_gpt-5_0.cpp,ACCEPTED,110,100.00%,0.670,100.49609375,12,17,25,56
an2dl_gpt-5_1.cpp,MEMORY_LIMIT_EXCEEDED,0,0.00%,0.050,23.58984375,0,0,0,0
an2dl_gpt-5_2.cpp,ACCEPTED,110,100.00%,0.650,96.11328125,12,17,25,56
an2dl_gpt-5_3.cpp,ACCEPTED,110,100.00%,0.650,95.08203125,12,17,25,56
an2dl_gpt-5_4.cpp,ACCEPTED,110,100.00%,0.680,100.49609375,12,17,25,56
an2dl_gpt-5_5.cpp,RUNTIME_ERROR,12,29.17%,0.260,33.46484375,12,0,0,0
an2dl_gpt-5_6.cpp,ACCEPTED,110,100.00%,0.660,95.08203125,12,17,25,56
an2dl_gpt-5_7.cpp,ACCEPTED,110,100.00%,0.620,96.11328125,12,17,25,56
