solution,status,score,%test passed,time,memory,subtask_0,subtask_1,subtask_10,subtask_2,subtask_3,subtask_4,subtask_5,subtask_6,subtask_7,subtask_8,subtask_9
bronze_Making_Mexes_gemini-2.5-flash_0.cpp,ACCEPTED,333,100.00%,0.060,2.015625,0,33.33333333333333,33.33333333333333,33.33333333333333,33.33333333333333,33.33333333333333,33.33333333333333,33.33333333333333,33.33333333333333,33.33333333333333,33.33333333333333
bronze_Making_Mexes_gemini-2.5-flash_1.cpp,ACCEPTED,333,100.00%,0.060,4.39453125,0,33.33333333333333,33.33333333333333,33.33333333333333,33.33333333333333,33.33333333333333,33.33333333333333,33.33333333333333,33.33333333333333,33.33333333333333,33.33333333333333
bronze_Making_Mexes_gemini-2.5-flash_2.cpp,WRONG_ANSWER,0,0.00%,0.080,7.2265625,0,0,0,0,0,0,0,0,0,0,0
bronze_Making_Mexes_gemini-2.5-flash_3.cpp,ACCEPTED,333,100.00%,0.060,2.015625,0,33.33333333333333,33.33333333333333,33.33333333333333,33.33333333333333,33.33333333333333,33.33333333333333,33.33333333333333,33.33333333333333,33.33333333333333,33.33333333333333
bronze_Making_Mexes_gemini-2.5-flash_4.cpp,ACCEPTED,333,100.00%,0.060,2.015625,0,33.33333333333333,33.33333333333333,33.33333333333333,33.33333333333333,33.33333333333333,33.33333333333333,33.33333333333333,33.33333333333333,33.33333333333333,33.33333333333333
bronze_Making_Mexes_gemini-2.5-flash_5.cpp,WRONG_ANSWER,0,0.00%,0.060,3.5625,0,0,0,0,0,0,0,0,0,0,0
bronze_Making_Mexes_gemini-2.5-flash_6.cpp,ACCEPTED,333,100.00%,0.220,2.84765625,0,33.33333333333333,33.33333333333333,33.33333333333333,33.33333333333333,33.33333333333333,33.33333333333333,33.33333333333333,33.33333333333333,33.33333333333333,33.33333333333333
bronze_Making_Mexes_gemini-2.5-flash_7.cpp,WRONG_ANSWER,0,0.00%,0.120,12.125,0,0,0,0,0,0,0,0,0,0,0
