solution,status,score,%test passed,time,memory,subtask_0,subtask_1,subtask_10,subtask_11,subtask_12,subtask_13,subtask_14,subtask_2,subtask_3,subtask_4,subtask_5,subtask_6,subtask_7,subtask_8,subtask_9
silver_Potion_Farming_DeepSeek-R1-Distill-Llama-70B_0.cpp,MEMORY_LIMIT_EXCEEDED,71,20.00%,0.360,232.8125,0,23.809523809523807,0,0,0,0,0,23.809523809523807,0,0,0,0,0,23.809523809523807,0
silver_Potion_Farming_DeepSeek-R1-Distill-Llama-70B_1.cpp,COMPILATION_ERROR,0,0.00%,0.000,0,0,0,0,0,0,0,0,0,0,0,0,0,0,0,0
silver_Potion_Farming_DeepSeek-R1-Distill-Llama-70B_2.cpp,WRONG_ANSWER,48,20.00%,0.180,8.515625,0,0,23.809523809523807,0,0,0,0,23.809523809523807,0,0,0,0,0,0,0
silver_Potion_Farming_DeepSeek-R1-Distill-Llama-70B_3.cpp,WRONG_ANSWER,24,6.67%,0.130,10.57421875,0,0,0,0,0,0,0,0,0,0,0,0,23.809523809523807,0,0
silver_Potion_Farming_DeepSeek-R1-Distill-Llama-70B_4.cpp,MEMORY_LIMIT_EXCEEDED,310,86.67%,0.180,9.95703125,0,23.809523809523807,23.809523809523807,23.809523809523807,23.809523809523807,23.809523809523807,23.809523809523807,23.809523809523807,23.809523809523807,0,23.809523809523807,23.809523809523807,23.809523809523807,23.809523809523807,23.809523809523807
silver_Potion_Farming_DeepSeek-R1-Distill-Llama-70B_5.cpp,TIME_LIMIT_EXCEEDED,48,20.00%,2.220,280.7109375,0,23.809523809523807,0,0,0,0,0,23.809523809523807,0,0,0,0,0,0,0
silver_Potion_Farming_DeepSeek-R1-Distill-Llama-70B_6.cpp,WRONG_ANSWER,48,13.33%,0.170,7.80078125,0,0,23.809523809523807,0,0,0,0,23.809523809523807,0,0,0,0,0,0,0
silver_Potion_Farming_DeepSeek-R1-Distill-Llama-70B_7.cpp,TIME_LIMIT_EXCEEDED,24,13.33%,2.280,13.09765625,0,0,0,0,0,0,0,23.809523809523807,0,0,0,0,0,0,0
