solution,status,score,%test passed,time,memory,subtask_0,subtask_1,subtask_10,subtask_11,subtask_12,subtask_13,subtask_14,subtask_15,subtask_16,subtask_17,subtask_18,subtask_19,subtask_2,subtask_3,subtask_4,subtask_5,subtask_6,subtask_7,subtask_8,subtask_9
silver_Field_Day_Qwen3-4B_0.cpp,COMPILATION_ERROR,0,0.00%,0.000,0,0,0,0,0,0,0,0,0,0,0,0,0,0,0,0,0,0,0,0,0
silver_Field_Day_Qwen3-4B_1.cpp,TIME_LIMIT_EXCEEDED,193,60.00%,2.420,16.54296875,0,17.543859649122805,17.543859649122805,17.543859649122805,17.543859649122805,17.543859649122805,17.543859649122805,17.543859649122805,0,0,0,0,17.543859649122805,17.543859649122805,17.543859649122805,0,0,0,0,17.543859649122805
silver_Field_Day_Qwen3-4B_2.cpp,WRONG_ANSWER,246,75.00%,0.120,11.65625,0,17.543859649122805,17.543859649122805,17.543859649122805,17.543859649122805,17.543859649122805,17.543859649122805,17.543859649122805,0,17.543859649122805,17.543859649122805,17.543859649122805,17.543859649122805,17.543859649122805,17.543859649122805,0,0,0,0,17.543859649122805
silver_Field_Day_Qwen3-4B_3.cpp,WRONG_ANSWER,246,75.00%,0.140,25.84765625,0,17.543859649122805,17.543859649122805,17.543859649122805,17.543859649122805,17.543859649122805,17.543859649122805,17.543859649122805,0,17.543859649122805,17.543859649122805,17.543859649122805,17.543859649122805,17.543859649122805,17.543859649122805,0,0,0,0,17.543859649122805
silver_Field_Day_Qwen3-4B_4.cpp,TIME_LIMIT_EXCEEDED,193,60.00%,2.420,16.23046875,0,17.543859649122805,17.543859649122805,17.543859649122805,17.543859649122805,17.543859649122805,17.543859649122805,17.543859649122805,0,0,0,0,17.543859649122805,17.543859649122805,17.543859649122805,0,0,0,0,17.543859649122805
silver_Field_Day_Qwen3-4B_6.cpp,COMPILATION_ERROR,0,0.00%,0.000,0,0,0,0,0,0,0,0,0,0,0,0,0,0,0,0,0,0,0,0,0
silver_Field_Day_Qwen3-4B_7.cpp,TIME_LIMIT_EXCEEDED,140,45.00%,2.430,6.25390625,0,17.543859649122805,0,0,0,0,0,0,0,0,0,0,17.543859649122805,17.543859649122805,17.543859649122805,17.543859649122805,17.543859649122805,17.543859649122805,17.543859649122805,0
