solution,status,score,%test passed,time,memory,subtask_0,subtask_1,subtask_10,subtask_11,subtask_12,subtask_13,subtask_14,subtask_2,subtask_3,subtask_4,subtask_5,subtask_6,subtask_7,subtask_8,subtask_9
platinum_All_Pairs_Similarity_gpt-oss-20b-high_5.cpp,ACCEPTED,333,100.00%,1.670,113.0859375,0,23.809523809523807,23.809523809523807,23.809523809523807,23.809523809523807,23.809523809523807,23.809523809523807,23.809523809523807,23.809523809523807,23.809523809523807,23.809523809523807,23.809523809523807,23.809523809523807,23.809523809523807,23.809523809523807
platinum_All_Pairs_Similarity_gpt-oss-20b-high_7.cpp,TIME_LIMIT_EXCEEDED,0,0.00%,2.470,23.2109375,0,0,0,0,0,0,0,0,0,0,0,0,0,0,0
