solution,status,score,%test passed,time,memory,subtask_0,subtask_1,subtask_10,subtask_2,subtask_3,subtask_4,subtask_5,subtask_6,subtask_7,subtask_8,subtask_9
silver_2D_Conveyor_Belt_gpt-oss-20b-high_1.cpp,ACCEPTED,333,100.00%,0.110,12.8984375,0,33.33333333333333,33.33333333333333,33.33333333333333,33.33333333333333,33.33333333333333,33.33333333333333,33.33333333333333,33.33333333333333,33.33333333333333,33.33333333333333
silver_2D_Conveyor_Belt_gpt-oss-20b-high_2.cpp,WRONG_ANSWER,0,15.38%,0.150,25.7890625,0,0,0,0,0,0,0,0,0,0,0
silver_2D_Conveyor_Belt_gpt-oss-20b-high_3.cpp,ACCEPTED,333,100.00%,0.130,8.2578125,0,33.33333333333333,33.33333333333333,33.33333333333333,33.33333333333333,33.33333333333333,33.33333333333333,33.33333333333333,33.33333333333333,33.33333333333333,33.33333333333333
silver_2D_Conveyor_Belt_gpt-oss-20b-high_4.cpp,ACCEPTED,333,100.00%,0.300,79.15625,0,33.33333333333333,33.33333333333333,33.33333333333333,33.33333333333333,33.33333333333333,33.33333333333333,33.33333333333333,33.33333333333333,33.33333333333333,33.33333333333333
silver_2D_Conveyor_Belt_gpt-oss-20b-high_5.cpp,WRONG_ANSWER,0,15.38%,0.160,47.69921875,0,0,0,0,0,0,0,0,0,0,0
silver_2D_Conveyor_Belt_gpt-oss-20b-high_7.cpp,WRONG_ANSWER,0,15.38%,0.140,42.546875,0,0,0,0,0,0,0,0,0,0,0
