solution,status,score,%test passed,time,memory,subtask_0,subtask_1,subtask_10,subtask_2,subtask_3,subtask_4,subtask_5,subtask_6,subtask_7,subtask_8,subtask_9
silver_Cake_Game_gpt-oss-20b-high_1.cpp,WRONG_ANSWER,33,18.18%,0.140,6.12109375,0,33.33333333333333,0,0,0,0,0,0,0,0,0
silver_Cake_Game_gpt-oss-20b-high_6.cpp,ACCEPTED,333,100.00%,0.140,6.12109375,0,33.33333333333333,33.33333333333333,33.33333333333333,33.33333333333333,33.33333333333333,33.33333333333333,33.33333333333333,33.33333333333333,33.33333333333333,33.33333333333333
silver_Cake_Game_gpt-oss-20b-high_7.cpp,ACCEPTED,333,100.00%,0.130,6.125,0,33.33333333333333,33.33333333333333,33.33333333333333,33.33333333333333,33.33333333333333,33.33333333333333,33.33333333333333,33.33333333333333,33.33333333333333,33.33333333333333
