solution,status,score,%test passed,time,memory,subtask_0,subtask_1,subtask_10,subtask_2,subtask_3,subtask_4,subtask_5,subtask_6,subtask_7,subtask_8,subtask_9
bronze_Watching_Mooloo_seed-oss_0.cpp,ACCEPTED,333,100.00%,0.030,2.015625,0,33.33333333333333,33.33333333333333,33.33333333333333,33.33333333333333,33.33333333333333,33.33333333333333,33.33333333333333,33.33333333333333,33.33333333333333,33.33333333333333
bronze_Watching_Mooloo_seed-oss_1.cpp,ACCEPTED,333,100.00%,0.020,2.015625,0,33.33333333333333,33.33333333333333,33.33333333333333,33.33333333333333,33.33333333333333,33.33333333333333,33.33333333333333,33.33333333333333,33.33333333333333,33.33333333333333
bronze_Watching_Mooloo_seed-oss_2.cpp,ACCEPTED,333,100.00%,0.030,2.2734375,0,33.33333333333333,33.33333333333333,33.33333333333333,33.33333333333333,33.33333333333333,33.33333333333333,33.33333333333333,33.33333333333333,33.33333333333333,33.33333333333333
bronze_Watching_Mooloo_seed-oss_3.cpp,WRONG_ANSWER,0,16.67%,0.030,2.015625,0,0,0,0,0,0,0,0,0,0,0
bronze_Watching_Mooloo_seed-oss_4.cpp,WRONG_ANSWER,200,58.33%,0.030,2.015625,0,33.33333333333333,33.33333333333333,33.33333333333333,33.33333333333333,0,33.33333333333333,0,0,33.33333333333333,0
bronze_Watching_Mooloo_seed-oss_5.cpp,ACCEPTED,333,100.00%,0.020,2.015625,0,33.33333333333333,33.33333333333333,33.33333333333333,33.33333333333333,33.33333333333333,33.33333333333333,33.33333333333333,33.33333333333333,33.33333333333333,33.33333333333333
bronze_Watching_Mooloo_seed-oss_6.cpp,WRONG_ANSWER,67,33.33%,0.030,3.62109375,0,0,0,33.33333333333333,33.33333333333333,0,0,0,0,0,0
bronze_Watching_Mooloo_seed-oss_7.cpp,ACCEPTED,333,100.00%,0.030,2.07421875,0,33.33333333333333,33.33333333333333,33.33333333333333,33.33333333333333,33.33333333333333,33.33333333333333,33.33333333333333,33.33333333333333,33.33333333333333,33.33333333333333
