solution,status,score,%test passed,time,memory,subtask_0,subtask_1,subtask_10,subtask_11,subtask_12,subtask_13,subtask_14,subtask_2,subtask_3,subtask_4,subtask_5,subtask_6,subtask_7,subtask_8,subtask_9
gold_Equal_Sum_Subarrays_seed-oss_0.cpp,ACCEPTED,333,100.00%,3.320,9.11328125,0,23.809523809523807,23.809523809523807,23.809523809523807,23.809523809523807,23.809523809523807,23.809523809523807,23.809523809523807,23.809523809523807,23.809523809523807,23.809523809523807,23.809523809523807,23.809523809523807,23.809523809523807,23.809523809523807
gold_Equal_Sum_Subarrays_seed-oss_1.cpp,ACCEPTED,333,100.00%,2.880,3.42578125,0,23.809523809523807,23.809523809523807,23.809523809523807,23.809523809523807,23.809523809523807,23.809523809523807,23.809523809523807,23.809523809523807,23.809523809523807,23.809523809523807,23.809523809523807,23.809523809523807,23.809523809523807,23.809523809523807
gold_Equal_Sum_Subarrays_seed-oss_2.cpp,TIME_LIMIT_EXCEEDED,71,25.00%,3.620,7.3828125,0,23.809523809523807,0,0,0,0,23.809523809523807,23.809523809523807,0,0,0,0,0,0,0
gold_Equal_Sum_Subarrays_seed-oss_3.cpp,TIME_LIMIT_EXCEEDED,24,6.25%,3.610,5.59765625,0,0,0,0,0,0,23.809523809523807,0,0,0,0,0,0,0,0
gold_Equal_Sum_Subarrays_seed-oss_4.cpp,MEMORY_LIMIT_EXCEEDED,0,0.00%,0.840,156.671875,0,0,0,0,0,0,0,0,0,0,0,0,0,0,0
gold_Equal_Sum_Subarrays_seed-oss_5.cpp,MEMORY_LIMIT_EXCEEDED,0,0.00%,0.170,156.6796875,0,0,0,0,0,0,0,0,0,0,0,0,0,0,0
gold_Equal_Sum_Subarrays_seed-oss_6.cpp,ACCEPTED,333,100.00%,3.540,3.453125,0,23.809523809523807,23.809523809523807,23.809523809523807,23.809523809523807,23.809523809523807,23.809523809523807,23.809523809523807,23.809523809523807,23.809523809523807,23.809523809523807,23.809523809523807,23.809523809523807,23.809523809523807,23.809523809523807
gold_Equal_Sum_Subarrays_seed-oss_7.cpp,COMPILATION_ERROR,0,0.00%,0.000,0,0,0,0,0,0,0,0,0,0,0,0,0,0,0,0
