solution,status,score,%test passed,time,memory,subtask_0,subtask_1,subtask_10,subtask_11,subtask_12,subtask_13,subtask_14,subtask_15,subtask_2,subtask_3,subtask_4,subtask_5,subtask_6,subtask_7,subtask_8,subtask_9
bronze_Leaders_Qwen3-4B_0.cpp,WRONG_ANSWER,133,47.06%,0.030,2.55859375,0,22.22222222222222,0,22.22222222222222,0,22.22222222222222,22.22222222222222,0,22.22222222222222,22.22222222222222,0,0,0,0,0,0
bronze_Leaders_Qwen3-4B_1.cpp,ACCEPTED,333,100.00%,0.040,1.8125,0,22.22222222222222,22.22222222222222,22.22222222222222,22.22222222222222,22.22222222222222,22.22222222222222,22.22222222222222,22.22222222222222,22.22222222222222,22.22222222222222,22.22222222222222,22.22222222222222,22.22222222222222,22.22222222222222,22.22222222222222
bronze_Leaders_Qwen3-4B_2.cpp,MEMORY_LIMIT_EXCEEDED,22,17.65%,2.390,306.06640625,0,22.22222222222222,0,0,0,0,0,0,0,0,0,0,0,0,0,0
bronze_Leaders_Qwen3-4B_3.cpp,ACCEPTED,333,100.00%,0.040,3.35546875,0,22.22222222222222,22.22222222222222,22.22222222222222,22.22222222222222,22.22222222222222,22.22222222222222,22.22222222222222,22.22222222222222,22.22222222222222,22.22222222222222,22.22222222222222,22.22222222222222,22.22222222222222,22.22222222222222,22.22222222222222
bronze_Leaders_Qwen3-4B_4.cpp,WRONG_ANSWER,22,11.76%,0.040,1.8125,0,22.22222222222222,0,0,0,0,0,0,0,0,0,0,0,0,0,0
bronze_Leaders_Qwen3-4B_5.cpp,ACCEPTED,333,100.00%,0.030,2.63671875,0,22.22222222222222,22.22222222222222,22.22222222222222,22.22222222222222,22.22222222222222,22.22222222222222,22.22222222222222,22.22222222222222,22.22222222222222,22.22222222222222,22.22222222222222,22.22222222222222,22.22222222222222,22.22222222222222,22.22222222222222
bronze_Leaders_Qwen3-4B_6.cpp,WRONG_ANSWER,133,47.06%,0.040,1.8125,0,22.22222222222222,0,22.22222222222222,0,22.22222222222222,22.22222222222222,0,22.22222222222222,22.22222222222222,0,0,0,0,0,0
bronze_Leaders_Qwen3-4B_7.cpp,ACCEPTED,333,100.00%,0.040,2.68359375,0,22.22222222222222,22.22222222222222,22.22222222222222,22.22222222222222,22.22222222222222,22.22222222222222,22.22222222222222,22.22222222222222,22.22222222222222,22.22222222222222,22.22222222222222,22.22222222222222,22.22222222222222,22.22222222222222,22.22222222222222
