solution,status,score,%test passed,time,memory,subtask_0,subtask_1,subtask_10,subtask_2,subtask_3,subtask_4,subtask_5,subtask_6,subtask_7,subtask_8,subtask_9
bronze_Its_Mooin_Time_III_gemini-2.5-flash_0.cpp,ACCEPTED,333,100.00%,0.180,22.1171875,0,33.33333333333333,33.33333333333333,33.33333333333333,33.33333333333333,33.33333333333333,33.33333333333333,33.33333333333333,33.33333333333333,33.33333333333333,33.33333333333333
bronze_Its_Mooin_Time_III_gemini-2.5-flash_1.cpp,TIME_LIMIT_EXCEEDED,167,54.55%,2.230,27.484375,0,33.33333333333333,0,33.33333333333333,33.33333333333333,33.33333333333333,33.33333333333333,0,0,0,0
bronze_Its_Mooin_Time_III_gemini-2.5-flash_2.cpp,ACCEPTED,333,100.00%,0.350,14.953125,0,33.33333333333333,33.33333333333333,33.33333333333333,33.33333333333333,33.33333333333333,33.33333333333333,33.33333333333333,33.33333333333333,33.33333333333333,33.33333333333333
bronze_Its_Mooin_Time_III_gemini-2.5-flash_3.cpp,TIME_LIMIT_EXCEEDED,167,54.55%,2.210,21.41015625,0,33.33333333333333,0,33.33333333333333,33.33333333333333,33.33333333333333,33.33333333333333,0,0,0,0
bronze_Its_Mooin_Time_III_gemini-2.5-flash_4.cpp,ACCEPTED,333,100.00%,1.580,12.05859375,0,33.33333333333333,33.33333333333333,33.33333333333333,33.33333333333333,33.33333333333333,33.33333333333333,33.33333333333333,33.33333333333333,33.33333333333333,33.33333333333333
bronze_Its_Mooin_Time_III_gemini-2.5-flash_5.cpp,TIME_LIMIT_EXCEEDED,167,54.55%,2.260,27.3359375,0,33.33333333333333,0,33.33333333333333,33.33333333333333,33.33333333333333,33.33333333333333,0,0,0,0
bronze_Its_Mooin_Time_III_gemini-2.5-flash_6.cpp,ACCEPTED,333,100.00%,0.160,27.8515625,0,33.33333333333333,33.33333333333333,33.33333333333333,33.33333333333333,33.33333333333333,33.33333333333333,33.33333333333333,33.33333333333333,33.33333333333333,33.33333333333333
bronze_Its_Mooin_Time_III_gemini-2.5-flash_7.cpp,ACCEPTED,333,100.00%,0.650,27.84765625,0,33.33333333333333,33.33333333333333,33.33333333333333,33.33333333333333,33.33333333333333,33.33333333333333,33.33333333333333,33.33333333333333,33.33333333333333,33.33333333333333
