solution,status,score,relative_score,%test passed,time,memory,subtask_0,subtask_1,subtask_10,subtask_11,subtask_12,subtask_13,subtask_14,subtask_15,subtask_16,subtask_17,subtask_18,subtask_19,subtask_2,subtask_20,subtask_3,subtask_4,subtask_5,subtask_6,subtask_7,subtask_8,subtask_9
gold_Moo_Route_gpt-oss-120b-medium_1.cpp,WRONG_ANSWER,0,0.00%,0.00%,0.050,3.62109375,0,0,0,0,0,0,0,0,0,0,0,0,0,0,0,0,0,0,0,0,0
gold_Moo_Route_gpt-oss-120b-medium_2.cpp,RUNTIME_ERROR,0,0.00%,4.76%,0.060,10.06640625,0,0,0,0,0,0,0,0,0,0,0,0,0,0,0,0,0,0,0,0,0
gold_Moo_Route_gpt-oss-120b-medium_4.cpp,RUNTIME_ERROR,0,0.00%,0.00%,0.060,10.58203125,0,0,0,0,0,0,0,0,0,0,0,0,0,0,0,0,0,0,0,0,0
gold_Moo_Route_gpt-oss-120b-medium_6.cpp,MEMORY_LIMIT_EXCEEDED,0,0.00%,0.00%,0.250,270.65234375,0,0,0,0,0,0,0,0,0,0,0,0,0,0,0,0,0,0,0,0,0
gold_Moo_Route_gpt-oss-120b-medium_7.cpp,ACCEPTED,333,104.06%,100.00%,0.050,10.58203125,0,16.666666666666664,16.666666666666664,16.666666666666664,16.666666666666664,16.666666666666664,16.666666666666664,16.666666666666664,16.666666666666664,16.666666666666664,16.666666666666664,16.666666666666664,16.666666666666664,16.666666666666664,16.666666666666664,16.666666666666664,16.666666666666664,16.666666666666664,16.666666666666664,16.666666666666664,16.666666666666664
