solution,status,score,relative_score,%test passed,time,memory,subtask_0,subtask_1,subtask_10,subtask_11,subtask_12,subtask_13,subtask_14,subtask_15,subtask_16,subtask_17,subtask_18,subtask_2,subtask_3,subtask_4,subtask_5,subtask_6,subtask_7,subtask_8,subtask_9
gold_Lights_Off_gpt-oss-120b-medium_0.cpp,RUNTIME_ERROR,0,0.00%,0.00%,0.100,5.421875,0,0,0,0,0,0,0,0,0,0,0,0,0,0,0,0,0,0,0
gold_Lights_Off_gpt-oss-120b-medium_1.cpp,ACCEPTED,333,102.78%,100.00%,0.470,23.33984375,0,18.51851851851852,18.51851851851852,18.51851851851852,18.51851851851852,18.51851851851852,18.51851851851852,18.51851851851852,18.51851851851852,18.51851851851852,18.51851851851852,18.51851851851852,18.51851851851852,18.51851851851852,18.51851851851852,18.51851851851852,18.51851851851852,18.51851851851852,18.51851851851852
gold_Lights_Off_gpt-oss-120b-medium_2.cpp,TIME_LIMIT_EXCEEDED,0,0.00%,0.00%,4.820,306.03515625,0,0,0,0,0,0,0,0,0,0,0,0,0,0,0,0,0,0,0
gold_Lights_Off_gpt-oss-120b-medium_3.cpp,WRONG_ANSWER,0,0.00%,10.00%,1.320,42.6640625,0,0,0,0,0,0,0,0,0,0,0,0,0,0,0,0,0,0,0
gold_Lights_Off_gpt-oss-120b-medium_4.cpp,ACCEPTED,333,102.78%,100.00%,0.450,44.44921875,0,18.51851851851852,18.51851851851852,18.51851851851852,18.51851851851852,18.51851851851852,18.51851851851852,18.51851851851852,18.51851851851852,18.51851851851852,18.51851851851852,18.51851851851852,18.51851851851852,18.51851851851852,18.51851851851852,18.51851851851852,18.51851851851852,18.51851851851852,18.51851851851852
gold_Lights_Off_gpt-oss-120b-medium_5.cpp,TIME_LIMIT_EXCEEDED,0,0.00%,0.00%,4.810,129.5625,0,0,0,0,0,0,0,0,0,0,0,0,0,0,0,0,0,0,0
gold_Lights_Off_gpt-oss-120b-medium_6.cpp,MEMORY_LIMIT_EXCEEDED,0,0.00%,0.00%,1.060,305.8984375,0,0,0,0,0,0,0,0,0,0,0,0,0,0,0,0,0,0,0
gold_Lights_Off_gpt-oss-120b-medium_7.cpp,TIME_LIMIT_EXCEEDED,0,0.00%,0.00%,4.830,88.30859375,0,0,0,0,0,0,0,0,0,0,0,0,0,0,0,0,0,0,0
