solution,status,score,relative_score,%test passed,time,memory,subtask_0,subtask_1,subtask_10,subtask_11,subtask_12,subtask_13,subtask_14,subtask_2,subtask_3,subtask_4,subtask_5,subtask_6,subtask_7,subtask_8,subtask_9
silver_Following_Directions_gpt-oss-120b-medium_0.cpp,ACCEPTED,333,103.42%,100.00%,0.140,29.65625,0,23.809523809523807,23.809523809523807,23.809523809523807,23.809523809523807,23.809523809523807,23.809523809523807,23.809523809523807,23.809523809523807,23.809523809523807,23.809523809523807,23.809523809523807,23.809523809523807,23.809523809523807,23.809523809523807
silver_Following_Directions_gpt-oss-120b-medium_1.cpp,ACCEPTED,333,103.42%,100.00%,0.100,12.125,0,23.809523809523807,23.809523809523807,23.809523809523807,23.809523809523807,23.809523809523807,23.809523809523807,23.809523809523807,23.809523809523807,23.809523809523807,23.809523809523807,23.809523809523807,23.809523809523807,23.809523809523807,23.809523809523807
silver_Following_Directions_gpt-oss-120b-medium_2.cpp,WRONG_ANSWER,0,0.00%,0.00%,0.090,26.8203125,0,0,0,0,0,0,0,0,0,0,0,0,0,0,0
silver_Following_Directions_gpt-oss-120b-medium_3.cpp,WRONG_ANSWER,0,0.00%,0.00%,0.270,141.02734375,0,0,0,0,0,0,0,0,0,0,0,0,0,0,0
silver_Following_Directions_gpt-oss-120b-medium_4.cpp,WRONG_ANSWER,0,0.00%,0.00%,0.090,20.88671875,0,0,0,0,0,0,0,0,0,0,0,0,0,0,0
silver_Following_Directions_gpt-oss-120b-medium_5.cpp,ACCEPTED,333,103.42%,100.00%,0.090,20.88671875,0,23.809523809523807,23.809523809523807,23.809523809523807,23.809523809523807,23.809523809523807,23.809523809523807,23.809523809523807,23.809523809523807,23.809523809523807,23.809523809523807,23.809523809523807,23.809523809523807,23.809523809523807,23.809523809523807
silver_Following_Directions_gpt-oss-120b-medium_6.cpp,WRONG_ANSWER,0,0.00%,0.00%,0.110,46.671875,0,0,0,0,0,0,0,0,0,0,0,0,0,0,0
silver_Following_Directions_gpt-oss-120b-medium_7.cpp,RUNTIME_ERROR,0,0.00%,0.00%,0.080,29.59765625,0,0,0,0,0,0,0,0,0,0,0,0,0,0,0
