solution,status,score,%test passed,time,memory,subtask_0,subtask_1,subtask_10,subtask_11,subtask_12,subtask_13,subtask_2,subtask_3,subtask_4,subtask_5,subtask_6,subtask_7,subtask_8,subtask_9
bronze_Milk_Exchange_DeepSeek-R1-Distill-Qwen-32B_0.cpp,WRONG_ANSWER,128,43.75%,0.160,2.48046875,0,0,25.64102564102564,0,25.64102564102564,25.64102564102564,0,0,25.64102564102564,25.64102564102564,0,0,0,0
bronze_Milk_Exchange_DeepSeek-R1-Distill-Qwen-32B_1.cpp,TIME_LIMIT_EXCEEDED,154,56.25%,2.280,7.66796875,0,25.64102564102564,0,0,0,25.64102564102564,25.64102564102564,25.64102564102564,25.64102564102564,25.64102564102564,0,0,0,0
bronze_Milk_Exchange_DeepSeek-R1-Distill-Qwen-32B_2.cpp,WRONG_ANSWER,77,31.25%,0.160,4.796875,0,0,25.64102564102564,0,0,0,0,0,25.64102564102564,25.64102564102564,0,0,0,0
bronze_Milk_Exchange_DeepSeek-R1-Distill-Qwen-32B_3.cpp,TIME_LIMIT_EXCEEDED,51,12.50%,2.390,5.40234375,0,0,0,0,0,0,0,0,25.64102564102564,25.64102564102564,0,0,0,0
bronze_Milk_Exchange_DeepSeek-R1-Distill-Qwen-32B_4.cpp,WRONG_ANSWER,103,37.50%,0.160,2.48046875,0,0,0,0,25.64102564102564,25.64102564102564,0,0,0,0,25.64102564102564,0,0,25.64102564102564
bronze_Milk_Exchange_DeepSeek-R1-Distill-Qwen-32B_5.cpp,WRONG_ANSWER,103,37.50%,0.160,4.02734375,0,0,25.64102564102564,0,0,25.64102564102564,0,0,25.64102564102564,25.64102564102564,0,0,0,0
bronze_Milk_Exchange_DeepSeek-R1-Distill-Qwen-32B_7.cpp,WRONG_ANSWER,103,37.50%,0.670,9.19140625,0,0,25.64102564102564,0,0,25.64102564102564,0,0,25.64102564102564,25.64102564102564,0,0,0,0
