solution,status,score,%test passed,time,memory,subtask_0,subtask_1,subtask_10,subtask_2,subtask_3,subtask_4,subtask_5,subtask_6,subtask_7,subtask_8,subtask_9
silver_Cow-libi_gpt-o3-mini-high_0.cpp,WRONG_ANSWER,0,9.09%,0.100,3.6171875,0,0,0,0,0,0,0,0,0,0,0
silver_Cow-libi_gpt-o3-mini-high_1.cpp,ACCEPTED,333,100.00%,0.100,3.6171875,0,33.33333333333333,33.33333333333333,33.33333333333333,33.33333333333333,33.33333333333333,33.33333333333333,33.33333333333333,33.33333333333333,33.33333333333333,33.33333333333333
silver_Cow-libi_gpt-o3-mini-high_2.cpp,ACCEPTED,333,100.00%,0.080,4.390625,0,33.33333333333333,33.33333333333333,33.33333333333333,33.33333333333333,33.33333333333333,33.33333333333333,33.33333333333333,33.33333333333333,33.33333333333333,33.33333333333333
silver_Cow-libi_gpt-o3-mini-high_3.cpp,ACCEPTED,333,100.00%,0.090,3.6171875,0,33.33333333333333,33.33333333333333,33.33333333333333,33.33333333333333,33.33333333333333,33.33333333333333,33.33333333333333,33.33333333333333,33.33333333333333,33.33333333333333
silver_Cow-libi_gpt-o3-mini-high_4.cpp,ACCEPTED,333,100.00%,0.100,4.390625,0,33.33333333333333,33.33333333333333,33.33333333333333,33.33333333333333,33.33333333333333,33.33333333333333,33.33333333333333,33.33333333333333,33.33333333333333,33.33333333333333
silver_Cow-libi_gpt-o3-mini-high_5.cpp,WRONG_ANSWER,0,9.09%,0.100,4.390625,0,0,0,0,0,0,0,0,0,0,0
silver_Cow-libi_gpt-o3-mini-high_6.cpp,ACCEPTED,333,100.00%,0.090,4.390625,0,33.33333333333333,33.33333333333333,33.33333333333333,33.33333333333333,33.33333333333333,33.33333333333333,33.33333333333333,33.33333333333333,33.33333333333333,33.33333333333333
silver_Cow-libi_gpt-o3-mini-high_7.cpp,WRONG_ANSWER,0,0.00%,0.090,3.6171875,0,0,0,0,0,0,0,0,0,0,0
