solution,status,score,%test passed,time,memory,subtask_0,subtask_1,subtask_10,subtask_2,subtask_3,subtask_4,subtask_5,subtask_6,subtask_7,subtask_8,subtask_9
bronze_Its_Mooin_Time_II_QwQ-32B_0.cpp,WRONG_ANSWER,0,9.09%,0.200,17.63671875,0,0,0,0,0,0,0,0,0,0,0
bronze_Its_Mooin_Time_II_QwQ-32B_1.cpp,WRONG_ANSWER,0,9.09%,0.210,33.78515625,0,0,0,0,0,0,0,0,0,0,0
bronze_Its_Mooin_Time_II_QwQ-32B_2.cpp,ACCEPTED,333,100.00%,0.430,36.75,0,33.33333333333333,33.33333333333333,33.33333333333333,33.33333333333333,33.33333333333333,33.33333333333333,33.33333333333333,33.33333333333333,33.33333333333333,33.33333333333333
bronze_Its_Mooin_Time_II_QwQ-32B_3.cpp,ACCEPTED,333,100.00%,0.280,43.44140625,0,33.33333333333333,33.33333333333333,33.33333333333333,33.33333333333333,33.33333333333333,33.33333333333333,33.33333333333333,33.33333333333333,33.33333333333333,33.33333333333333
bronze_Its_Mooin_Time_II_QwQ-32B_4.cpp,WRONG_ANSWER,0,9.09%,0.350,48.59765625,0,0,0,0,0,0,0,0,0,0,0
bronze_Its_Mooin_Time_II_QwQ-32B_5.cpp,ACCEPTED,333,100.00%,0.270,41.78125,0,33.33333333333333,33.33333333333333,33.33333333333333,33.33333333333333,33.33333333333333,33.33333333333333,33.33333333333333,33.33333333333333,33.33333333333333,33.33333333333333
bronze_Its_Mooin_Time_II_QwQ-32B_6.cpp,ACCEPTED,333,100.00%,0.430,36.75390625,0,33.33333333333333,33.33333333333333,33.33333333333333,33.33333333333333,33.33333333333333,33.33333333333333,33.33333333333333,33.33333333333333,33.33333333333333,33.33333333333333
bronze_Its_Mooin_Time_II_QwQ-32B_7.cpp,ACCEPTED,333,100.00%,0.310,47.26171875,0,33.33333333333333,33.33333333333333,33.33333333333333,33.33333333333333,33.33333333333333,33.33333333333333,33.33333333333333,33.33333333333333,33.33333333333333,33.33333333333333
