solution,status,score,%test passed,time,memory,subtask_0,subtask_1,subtask_10,subtask_2,subtask_3,subtask_4,subtask_5,subtask_6,subtask_7,subtask_8,subtask_9
silver_Pareidolia_gpt-oss-20b-medium_0.cpp,ACCEPTED,333,100.00%,0.150,124.00390625,0,33.33333333333333,33.33333333333333,33.33333333333333,33.33333333333333,33.33333333333333,33.33333333333333,33.33333333333333,33.33333333333333,33.33333333333333,33.33333333333333
silver_Pareidolia_gpt-oss-20b-medium_1.cpp,RUNTIME_ERROR,0,0.00%,0.040,33.50390625,0,0,0,0,0,0,0,0,0,0,0
silver_Pareidolia_gpt-oss-20b-medium_2.cpp,RUNTIME_ERROR,267,66.67%,0.130,100.21484375,0,0,33.33333333333333,33.33333333333333,0,33.33333333333333,33.33333333333333,33.33333333333333,33.33333333333333,33.33333333333333,33.33333333333333
silver_Pareidolia_gpt-oss-20b-medium_3.cpp,ACCEPTED,333,100.00%,0.040,32.9921875,0,33.33333333333333,33.33333333333333,33.33333333333333,33.33333333333333,33.33333333333333,33.33333333333333,33.33333333333333,33.33333333333333,33.33333333333333,33.33333333333333
silver_Pareidolia_gpt-oss-20b-medium_4.cpp,ACCEPTED,333,100.00%,0.020,1.49609375,0,33.33333333333333,33.33333333333333,33.33333333333333,33.33333333333333,33.33333333333333,33.33333333333333,33.33333333333333,33.33333333333333,33.33333333333333,33.33333333333333
silver_Pareidolia_gpt-oss-20b-medium_5.cpp,WRONG_ANSWER,33,25.00%,0.030,34.5390625,0,33.33333333333333,0,0,0,0,0,0,0,0,0
silver_Pareidolia_gpt-oss-20b-medium_6.cpp,ACCEPTED,333,100.00%,0.020,1.49609375,0,33.33333333333333,33.33333333333333,33.33333333333333,33.33333333333333,33.33333333333333,33.33333333333333,33.33333333333333,33.33333333333333,33.33333333333333,33.33333333333333
silver_Pareidolia_gpt-oss-20b-medium_7.cpp,ACCEPTED,333,100.00%,0.030,32.5078125,0,33.33333333333333,33.33333333333333,33.33333333333333,33.33333333333333,33.33333333333333,33.33333333333333,33.33333333333333,33.33333333333333,33.33333333333333,33.33333333333333
