solution,status,score,%test passed,time,memory,subtask_0,subtask_1,subtask_10,subtask_2,subtask_3,subtask_4,subtask_5,subtask_6,subtask_7,subtask_8,subtask_9
silver_Milk_Sum_gpt-oss-20b-medium_0.cpp,ACCEPTED,333,100.00%,0.140,15.109375,0,33.33333333333333,33.33333333333333,33.33333333333333,33.33333333333333,33.33333333333333,33.33333333333333,33.33333333333333,33.33333333333333,33.33333333333333,33.33333333333333
silver_Milk_Sum_gpt-oss-20b-medium_2.cpp,ACCEPTED,333,100.00%,0.080,7.7421875,0,33.33333333333333,33.33333333333333,33.33333333333333,33.33333333333333,33.33333333333333,33.33333333333333,33.33333333333333,33.33333333333333,33.33333333333333,33.33333333333333
silver_Milk_Sum_gpt-oss-20b-medium_3.cpp,ACCEPTED,333,100.00%,0.100,4.90625,0,33.33333333333333,33.33333333333333,33.33333333333333,33.33333333333333,33.33333333333333,33.33333333333333,33.33333333333333,33.33333333333333,33.33333333333333,33.33333333333333
silver_Milk_Sum_gpt-oss-20b-medium_4.cpp,ACCEPTED,333,100.00%,0.080,7.7421875,0,33.33333333333333,33.33333333333333,33.33333333333333,33.33333333333333,33.33333333333333,33.33333333333333,33.33333333333333,33.33333333333333,33.33333333333333,33.33333333333333
silver_Milk_Sum_gpt-oss-20b-medium_5.cpp,ACCEPTED,333,100.00%,0.100,4.91015625,0,33.33333333333333,33.33333333333333,33.33333333333333,33.33333333333333,33.33333333333333,33.33333333333333,33.33333333333333,33.33333333333333,33.33333333333333,33.33333333333333
silver_Milk_Sum_gpt-oss-20b-medium_6.cpp,WRONG_ANSWER,0,0.00%,0.210,17.28125,0,0,0,0,0,0,0,0,0,0,0
silver_Milk_Sum_gpt-oss-20b-medium_7.cpp,ACCEPTED,333,100.00%,0.150,18.5390625,0,33.33333333333333,33.33333333333333,33.33333333333333,33.33333333333333,33.33333333333333,33.33333333333333,33.33333333333333,33.33333333333333,33.33333333333333,33.33333333333333
