solution,status,score,%test passed,time,memory,subtask_0,subtask_1,subtask_10,subtask_2,subtask_3,subtask_4,subtask_5,subtask_6,subtask_7,subtask_8,subtask_9
bronze_Cowntact_Tracing_2_gpt-o3-mini-high_0.cpp,WRONG_ANSWER,167,58.33%,0.040,1.73828125,0,33.33333333333333,33.33333333333333,0,33.33333333333333,0,0,0,0,33.33333333333333,33.33333333333333
bronze_Cowntact_Tracing_2_gpt-o3-mini-high_1.cpp,WRONG_ANSWER,167,58.33%,0.040,1.5546875,0,33.33333333333333,33.33333333333333,0,33.33333333333333,0,0,0,0,33.33333333333333,33.33333333333333
bronze_Cowntact_Tracing_2_gpt-o3-mini-high_2.cpp,WRONG_ANSWER,167,58.33%,0.040,1.8125,0,33.33333333333333,33.33333333333333,0,33.33333333333333,0,0,0,0,33.33333333333333,33.33333333333333
bronze_Cowntact_Tracing_2_gpt-o3-mini-high_3.cpp,WRONG_ANSWER,167,58.33%,0.040,1.5546875,0,33.33333333333333,33.33333333333333,0,33.33333333333333,0,0,0,0,33.33333333333333,33.33333333333333
bronze_Cowntact_Tracing_2_gpt-o3-mini-high_4.cpp,WRONG_ANSWER,167,58.33%,0.040,1.5546875,0,33.33333333333333,33.33333333333333,0,33.33333333333333,0,0,0,0,33.33333333333333,33.33333333333333
bronze_Cowntact_Tracing_2_gpt-o3-mini-high_5.cpp,TIME_LIMIT_EXCEEDED,33,25.00%,2.240,2.2734375,0,33.33333333333333,0,0,0,0,0,0,0,0,0
bronze_Cowntact_Tracing_2_gpt-o3-mini-high_6.cpp,WRONG_ANSWER,167,58.33%,0.040,1.734375,0,33.33333333333333,33.33333333333333,0,33.33333333333333,0,0,0,0,33.33333333333333,33.33333333333333
bronze_Cowntact_Tracing_2_gpt-o3-mini-high_7.cpp,WRONG_ANSWER,167,58.33%,0.040,2.11328125,0,33.33333333333333,33.33333333333333,0,33.33333333333333,0,0,0,0,33.33333333333333,33.33333333333333
