solution,status,score,%test passed,time,memory,subtask_0,subtask_1,subtask_10,subtask_11,subtask_2,subtask_3,subtask_4,subtask_5,subtask_6,subtask_7,subtask_8,subtask_9
bronze_Farmer_John_Actually_Farms_gpt-o3-mini-high_0.cpp,ACCEPTED,333,100.00%,0.080,8.82421875,0,30.3030303030303,30.3030303030303,30.3030303030303,30.3030303030303,30.3030303030303,30.3030303030303,30.3030303030303,30.3030303030303,30.3030303030303,30.3030303030303,30.3030303030303
bronze_Farmer_John_Actually_Farms_gpt-o3-mini-high_1.cpp,ACCEPTED,333,100.00%,0.090,4.95703125,0,30.3030303030303,30.3030303030303,30.3030303030303,30.3030303030303,30.3030303030303,30.3030303030303,30.3030303030303,30.3030303030303,30.3030303030303,30.3030303030303,30.3030303030303
bronze_Farmer_John_Actually_Farms_gpt-o3-mini-high_2.cpp,ACCEPTED,333,100.00%,0.080,8.82421875,0,30.3030303030303,30.3030303030303,30.3030303030303,30.3030303030303,30.3030303030303,30.3030303030303,30.3030303030303,30.3030303030303,30.3030303030303,30.3030303030303,30.3030303030303
bronze_Farmer_John_Actually_Farms_gpt-o3-mini-high_3.cpp,ACCEPTED,333,100.00%,0.070,7.87109375,0,30.3030303030303,30.3030303030303,30.3030303030303,30.3030303030303,30.3030303030303,30.3030303030303,30.3030303030303,30.3030303030303,30.3030303030303,30.3030303030303,30.3030303030303
bronze_Farmer_John_Actually_Farms_gpt-o3-mini-high_4.cpp,ACCEPTED,333,100.00%,0.090,6.12109375,0,30.3030303030303,30.3030303030303,30.3030303030303,30.3030303030303,30.3030303030303,30.3030303030303,30.3030303030303,30.3030303030303,30.3030303030303,30.3030303030303,30.3030303030303
bronze_Farmer_John_Actually_Farms_gpt-o3-mini-high_5.cpp,ACCEPTED,333,100.00%,0.070,4.4453125,0,30.3030303030303,30.3030303030303,30.3030303030303,30.3030303030303,30.3030303030303,30.3030303030303,30.3030303030303,30.3030303030303,30.3030303030303,30.3030303030303,30.3030303030303
bronze_Farmer_John_Actually_Farms_gpt-o3-mini-high_6.cpp,ACCEPTED,333,100.00%,0.080,4.44140625,0,30.3030303030303,30.3030303030303,30.3030303030303,30.3030303030303,30.3030303030303,30.3030303030303,30.3030303030303,30.3030303030303,30.3030303030303,30.3030303030303,30.3030303030303
bronze_Farmer_John_Actually_Farms_gpt-o3-mini-high_7.cpp,WRONG_ANSWER,212,69.23%,0.080,5.09375,0,30.3030303030303,30.3030303030303,30.3030303030303,30.3030303030303,0,0,0,0,30.3030303030303,30.3030303030303,30.3030303030303
