solution,status,score,%test passed,time,memory,subtask_0,subtask_1,subtask_10,subtask_11,subtask_12,subtask_13,subtask_14,subtask_15,subtask_16,subtask_2,subtask_3,subtask_4,subtask_5,subtask_6,subtask_7,subtask_8,subtask_9
gold_Minimum_Longest_Trip_gpt-o3-mini-high_0.cpp,TIME_LIMIT_EXCEEDED,83,40.00%,2.270,62.703125,0,0,0,0,0,0,0,0,0,0,20.833333333333332,20.833333333333332,20.833333333333332,20.833333333333332,0,0,0
gold_Minimum_Longest_Trip_gpt-o3-mini-high_1.cpp,TIME_LIMIT_EXCEEDED,83,40.00%,2.270,85.03125,0,0,0,0,0,0,0,0,0,0,20.833333333333332,20.833333333333332,20.833333333333332,20.833333333333332,0,0,0
gold_Minimum_Longest_Trip_gpt-o3-mini-high_2.cpp,TIME_LIMIT_EXCEEDED,83,40.00%,2.280,19.671875,0,0,0,0,0,0,0,0,0,0,20.833333333333332,20.833333333333332,20.833333333333332,20.833333333333332,0,0,0
gold_Minimum_Longest_Trip_gpt-o3-mini-high_3.cpp,ACCEPTED,333,100.00%,0.520,154.1796875,0,20.833333333333332,20.833333333333332,20.833333333333332,20.833333333333332,20.833333333333332,20.833333333333332,20.833333333333332,20.833333333333332,20.833333333333332,20.833333333333332,20.833333333333332,20.833333333333332,20.833333333333332,20.833333333333332,20.833333333333332,20.833333333333332
gold_Minimum_Longest_Trip_gpt-o3-mini-high_4.cpp,TIME_LIMIT_EXCEEDED,83,40.00%,2.220,28.8828125,0,0,0,0,0,0,0,0,0,0,20.833333333333332,20.833333333333332,20.833333333333332,20.833333333333332,0,0,0
gold_Minimum_Longest_Trip_gpt-o3-mini-high_5.cpp,TIME_LIMIT_EXCEEDED,83,40.00%,2.240,18.828125,0,0,0,0,0,0,0,0,0,0,20.833333333333332,20.833333333333332,20.833333333333332,20.833333333333332,0,0,0
gold_Minimum_Longest_Trip_gpt-o3-mini-high_6.cpp,TIME_LIMIT_EXCEEDED,83,40.00%,2.230,39.65625,0,0,0,0,0,0,0,0,0,0,20.833333333333332,20.833333333333332,20.833333333333332,20.833333333333332,0,0,0
gold_Minimum_Longest_Trip_gpt-o3-mini-high_7.cpp,TIME_LIMIT_EXCEEDED,83,40.00%,2.260,84.76953125,0,0,0,0,0,0,0,0,0,0,20.833333333333332,20.833333333333332,20.833333333333332,20.833333333333332,0,0,0
