solution,status,score,%test passed,time,memory,subtask_0,subtask_1,subtask_10,subtask_11,subtask_12,subtask_13,subtask_14,subtask_15,subtask_2,subtask_3,subtask_4,subtask_5,subtask_6,subtask_7,subtask_8,subtask_9
platinum_Tractor_Paths_gpt-5_0.cpp,TIME_LIMIT_EXCEEDED,44,18.75%,4.830,34.91015625,0,22.22222222222222,0,0,0,0,0,0,22.22222222222222,0,0,0,0,0,0,0
platinum_Tractor_Paths_gpt-5_1.cpp,TIME_LIMIT_EXCEEDED,89,25.00%,4.860,278.84765625,0,0,0,0,0,0,0,0,0,22.22222222222222,22.22222222222222,22.22222222222222,22.22222222222222,0,0,0
platinum_Tractor_Paths_gpt-5_2.cpp,WRONG_ANSWER,0,6.25%,0.540,51.0625,0,0,0,0,0,0,0,0,0,0,0,0,0,0,0,0
platinum_Tractor_Paths_gpt-5_3.cpp,TIME_LIMIT_EXCEEDED,89,31.25%,4.860,19.4453125,0,0,0,0,0,0,0,0,0,22.22222222222222,22.22222222222222,22.22222222222222,22.22222222222222,0,0,0
platinum_Tractor_Paths_gpt-5_4.cpp,WRONG_ANSWER,0,0.00%,0.460,35.1875,0,0,0,0,0,0,0,0,0,0,0,0,0,0,0,0
platinum_Tractor_Paths_gpt-5_5.cpp,TIME_LIMIT_EXCEEDED,133,43.75%,4.880,32.09375,0,22.22222222222222,0,0,0,0,0,0,22.22222222222222,22.22222222222222,22.22222222222222,22.22222222222222,22.22222222222222,0,0,0
platinum_Tractor_Paths_gpt-5_6.cpp,ACCEPTED,333,100.00%,0.390,89.8984375,0,22.22222222222222,22.22222222222222,22.22222222222222,22.22222222222222,22.22222222222222,22.22222222222222,22.22222222222222,22.22222222222222,22.22222222222222,22.22222222222222,22.22222222222222,22.22222222222222,22.22222222222222,22.22222222222222,22.22222222222222
platinum_Tractor_Paths_gpt-5_7.cpp,WRONG_ANSWER,89,31.25%,1.780,34.2734375,0,0,0,0,0,0,0,0,0,22.22222222222222,22.22222222222222,22.22222222222222,22.22222222222222,0,0,0
