solution,status,score,%test passed,time,memory,subtask_0,subtask_1,subtask_10,subtask_11,subtask_12,subtask_13,subtask_14,subtask_15,subtask_16,subtask_17,subtask_18,subtask_19,subtask_2,subtask_20,subtask_21,subtask_22,subtask_3,subtask_4,subtask_5,subtask_6,subtask_7,subtask_8,subtask_9
platinum_Mana_Collection_gpt-5_0.cpp,WRONG_ANSWER,0,8.33%,0.650,127.02734375,0,0,0,0,0,0,0,0,0,0,0,0,0,0,0,0,0,0,0,0,0,0,0
platinum_Mana_Collection_gpt-5_1.cpp,WRONG_ANSWER,0,8.33%,1.470,87.0,0,0,0,0,0,0,0,0,0,0,0,0,0,0,0,0,0,0,0,0,0,0,0
platinum_Mana_Collection_gpt-5_2.cpp,ACCEPTED,333,100.00%,0.500,91.3203125,0,15.15151515151515,15.15151515151515,15.15151515151515,15.15151515151515,15.15151515151515,15.15151515151515,15.15151515151515,15.15151515151515,15.15151515151515,15.15151515151515,15.15151515151515,15.15151515151515,15.15151515151515,15.15151515151515,15.15151515151515,15.15151515151515,15.15151515151515,15.15151515151515,15.15151515151515,15.15151515151515,15.15151515151515,15.15151515151515
platinum_Mana_Collection_gpt-5_3.cpp,WRONG_ANSWER,0,8.33%,1.160,83.90625,0,0,0,0,0,0,0,0,0,0,0,0,0,0,0,0,0,0,0,0,0,0,0
platinum_Mana_Collection_gpt-5_4.cpp,WRONG_ANSWER,0,8.33%,0.600,124.359375,0,0,0,0,0,0,0,0,0,0,0,0,0,0,0,0,0,0,0,0,0,0,0
platinum_Mana_Collection_gpt-5_5.cpp,WRONG_ANSWER,0,8.33%,0.460,153.796875,0,0,0,0,0,0,0,0,0,0,0,0,0,0,0,0,0,0,0,0,0,0,0
platinum_Mana_Collection_gpt-5_6.cpp,RUNTIME_ERROR,0,0.00%,0.430,82.2578125,0,0,0,0,0,0,0,0,0,0,0,0,0,0,0,0,0,0,0,0,0,0,0
platinum_Mana_Collection_gpt-5_7.cpp,ACCEPTED,333,100.00%,0.790,232.48828125,0,15.15151515151515,15.15151515151515,15.15151515151515,15.15151515151515,15.15151515151515,15.15151515151515,15.15151515151515,15.15151515151515,15.15151515151515,15.15151515151515,15.15151515151515,15.15151515151515,15.15151515151515,15.15151515151515,15.15151515151515,15.15151515151515,15.15151515151515,15.15151515151515,15.15151515151515,15.15151515151515,15.15151515151515,15.15151515151515
