solution,status,score,%test passed,time,memory,subtask_0,subtask_1,subtask_10,subtask_2,subtask_3,subtask_4,subtask_5,subtask_6,subtask_7,subtask_8,subtask_9
bronze_More_Cow_Photos_Qwen3-8B_0.cpp,ACCEPTED,333,100.00%,0.100,2.12890625,0,33.33333333333333,33.33333333333333,33.33333333333333,33.33333333333333,33.33333333333333,33.33333333333333,33.33333333333333,33.33333333333333,33.33333333333333,33.33333333333333
bronze_More_Cow_Photos_Qwen3-8B_1.cpp,WRONG_ANSWER,0,9.09%,0.110,2.63671875,0,0,0,0,0,0,0,0,0,0,0
bronze_More_Cow_Photos_Qwen3-8B_2.cpp,ACCEPTED,333,100.00%,0.230,6.05859375,0,33.33333333333333,33.33333333333333,33.33333333333333,33.33333333333333,33.33333333333333,33.33333333333333,33.33333333333333,33.33333333333333,33.33333333333333,33.33333333333333
bronze_More_Cow_Photos_Qwen3-8B_3.cpp,ACCEPTED,333,100.00%,0.270,6.18359375,0,33.33333333333333,33.33333333333333,33.33333333333333,33.33333333333333,33.33333333333333,33.33333333333333,33.33333333333333,33.33333333333333,33.33333333333333,33.33333333333333
bronze_More_Cow_Photos_Qwen3-8B_4.cpp,WRONG_ANSWER,0,9.09%,0.100,2.5,0,0,0,0,0,0,0,0,0,0,0
bronze_More_Cow_Photos_Qwen3-8B_5.cpp,WRONG_ANSWER,0,9.09%,0.100,2.62890625,0,0,0,0,0,0,0,0,0,0,0
bronze_More_Cow_Photos_Qwen3-8B_6.cpp,ACCEPTED,333,100.00%,0.290,10.13671875,0,33.33333333333333,33.33333333333333,33.33333333333333,33.33333333333333,33.33333333333333,33.33333333333333,33.33333333333333,33.33333333333333,33.33333333333333,33.33333333333333
bronze_More_Cow_Photos_Qwen3-8B_7.cpp,ACCEPTED,333,100.00%,0.130,2.37890625,0,33.33333333333333,33.33333333333333,33.33333333333333,33.33333333333333,33.33333333333333,33.33333333333333,33.33333333333333,33.33333333333333,33.33333333333333,33.33333333333333
