solution,status,score,%test passed,time,memory,subtask_0,subtask_1,subtask_10,subtask_11,subtask_12,subtask_13,subtask_14,subtask_15,subtask_16,subtask_2,subtask_3,subtask_4,subtask_5,subtask_6,subtask_7,subtask_8,subtask_9
silver_Ski_Slope_Qwen3-8B_0.cpp,MEMORY_LIMIT_EXCEEDED,104,35.29%,0.220,208.05859375,0,20.833333333333332,0,0,0,0,0,0,0,20.833333333333332,20.833333333333332,20.833333333333332,0,0,20.833333333333332,0,0
silver_Ski_Slope_Qwen3-8B_1.cpp,WRONG_ANSWER,62,23.53%,0.240,38.28515625,0,0,0,0,0,0,0,0,0,0,0,20.833333333333332,20.833333333333332,20.833333333333332,0,0,0
silver_Ski_Slope_Qwen3-8B_2.cpp,TIME_LIMIT_EXCEEDED,62,23.53%,2.420,16.05078125,0,20.833333333333332,0,0,0,0,0,0,0,20.833333333333332,20.833333333333332,0,0,0,0,0,0
silver_Ski_Slope_Qwen3-8B_3.cpp,COMPILATION_ERROR,0,0.00%,0.000,0,0,0,0,0,0,0,0,0,0,0,0,0,0,0,0,0,0
silver_Ski_Slope_Qwen3-8B_4.cpp,TIME_LIMIT_EXCEEDED,62,17.65%,2.410,208.0625,0,20.833333333333332,0,0,0,0,0,0,0,20.833333333333332,20.833333333333332,0,0,0,0,0,0
silver_Ski_Slope_Qwen3-8B_5.cpp,TIME_LIMIT_EXCEEDED,62,23.53%,2.410,216.3125,0,20.833333333333332,0,0,0,0,0,0,0,20.833333333333332,20.833333333333332,0,0,0,0,0,0
silver_Ski_Slope_Qwen3-8B_6.cpp,TIME_LIMIT_EXCEEDED,62,23.53%,2.430,4.13671875,0,20.833333333333332,0,0,0,0,0,0,0,20.833333333333332,20.833333333333332,0,0,0,0,0,0
silver_Ski_Slope_Qwen3-8B_7.cpp,TIME_LIMIT_EXCEEDED,62,23.53%,2.420,216.3125,0,20.833333333333332,0,0,0,0,0,0,0,20.833333333333332,20.833333333333332,0,0,0,0,0,0
