solution,status,score,%test passed,time,memory,subtask_0,subtask_1,subtask_10,subtask_2,subtask_3,subtask_4,subtask_5,subtask_6,subtask_7,subtask_8,subtask_9
silver_Compatible_Pairs_Qwen3-8B_0.cpp,WRONG_ANSWER,67,33.33%,0.140,9.33203125,0,33.33333333333333,0,33.33333333333333,0,0,0,0,0,0,0
silver_Compatible_Pairs_Qwen3-8B_1.cpp,WRONG_ANSWER,67,33.33%,0.250,15.1015625,0,33.33333333333333,0,33.33333333333333,0,0,0,0,0,0,0
silver_Compatible_Pairs_Qwen3-8B_2.cpp,WRONG_ANSWER,67,33.33%,0.160,10.99609375,0,33.33333333333333,0,33.33333333333333,0,0,0,0,0,0,0
silver_Compatible_Pairs_Qwen3-8B_3.cpp,WRONG_ANSWER,67,33.33%,0.230,15.3125,0,33.33333333333333,0,33.33333333333333,0,0,0,0,0,0,0
silver_Compatible_Pairs_Qwen3-8B_4.cpp,WRONG_ANSWER,67,33.33%,0.140,24.53515625,0,33.33333333333333,0,33.33333333333333,0,0,0,0,0,0,0
silver_Compatible_Pairs_Qwen3-8B_5.cpp,WRONG_ANSWER,67,33.33%,0.100,11.0234375,0,33.33333333333333,0,33.33333333333333,0,0,0,0,0,0,0
silver_Compatible_Pairs_Qwen3-8B_6.cpp,WRONG_ANSWER,67,33.33%,0.190,11.0,0,33.33333333333333,0,33.33333333333333,0,0,0,0,0,0,0
silver_Compatible_Pairs_Qwen3-8B_7.cpp,WRONG_ANSWER,0,16.67%,0.210,13.4140625,0,0,0,0,0,0,0,0,0,0,0
