solution,status,score,%test passed,time,memory,subtask_0,subtask_1,subtask_10,subtask_2,subtask_3,subtask_4,subtask_5,subtask_6,subtask_7,subtask_8,subtask_9
bronze_Cow_Checkups_Llama-3.3-70B-Instruct_0.cpp,TIME_LIMIT_EXCEEDED,100,46.15%,2.220,1.55859375,0,33.33333333333333,0,33.33333333333333,33.33333333333333,0,0,0,0,0,0
bronze_Cow_Checkups_Llama-3.3-70B-Instruct_1.cpp,TIME_LIMIT_EXCEEDED,100,46.15%,2.230,1.6015625,0,33.33333333333333,0,33.33333333333333,33.33333333333333,0,0,0,0,0,0
bronze_Cow_Checkups_Llama-3.3-70B-Instruct_2.cpp,COMPILATION_ERROR,0,0.00%,0.000,0,0,0,0,0,0,0,0,0,0,0,0
bronze_Cow_Checkups_Llama-3.3-70B-Instruct_3.cpp,TIME_LIMIT_EXCEEDED,100,46.15%,2.250,1.6015625,0,33.33333333333333,0,33.33333333333333,33.33333333333333,0,0,0,0,0,0
bronze_Cow_Checkups_Llama-3.3-70B-Instruct_4.cpp,TIME_LIMIT_EXCEEDED,100,46.15%,2.240,1.55859375,0,33.33333333333333,0,33.33333333333333,33.33333333333333,0,0,0,0,0,0
bronze_Cow_Checkups_Llama-3.3-70B-Instruct_5.cpp,TIME_LIMIT_EXCEEDED,100,46.15%,2.270,1.55859375,0,33.33333333333333,0,33.33333333333333,33.33333333333333,0,0,0,0,0,0
bronze_Cow_Checkups_Llama-3.3-70B-Instruct_6.cpp,TIME_LIMIT_EXCEEDED,33,15.38%,2.230,1.55859375,0,0,0,0,33.33333333333333,0,0,0,0,0,0
bronze_Cow_Checkups_Llama-3.3-70B-Instruct_7.cpp,TIME_LIMIT_EXCEEDED,100,46.15%,2.260,1.55859375,0,33.33333333333333,0,33.33333333333333,33.33333333333333,0,0,0,0,0,0
