solution,status,score,%test passed,time,memory,subtask_0,subtask_1,subtask_10,subtask_2,subtask_3,subtask_4,subtask_5,subtask_6,subtask_7,subtask_8,subtask_9
silver_Deforestation_QwQ-32B_0.cpp,ACCEPTED,333,100.00%,0.290,5.8671875,0,33.33333333333333,33.33333333333333,33.33333333333333,33.33333333333333,33.33333333333333,33.33333333333333,33.33333333333333,33.33333333333333,33.33333333333333,33.33333333333333
silver_Deforestation_QwQ-32B_1.cpp,WRONG_ANSWER,0,0.00%,0.250,3.80078125,0,0,0,0,0,0,0,0,0,0,0
silver_Deforestation_QwQ-32B_2.cpp,WRONG_ANSWER,67,27.27%,0.280,8.69140625,0,0,0,0,0,0,33.33333333333333,33.33333333333333,0,0,0
silver_Deforestation_QwQ-32B_3.cpp,TIME_LIMIT_EXCEEDED,133,45.45%,2.270,7.375,0,33.33333333333333,0,33.33333333333333,33.33333333333333,33.33333333333333,0,0,0,0,0
silver_Deforestation_QwQ-32B_4.cpp,WRONG_ANSWER,0,0.00%,0.280,5.34765625,0,0,0,0,0,0,0,0,0,0,0
silver_Deforestation_QwQ-32B_5.cpp,MEMORY_LIMIT_EXCEEDED,0,0.00%,0.210,10.1640625,0,0,0,0,0,0,0,0,0,0,0
silver_Deforestation_QwQ-32B_6.cpp,WRONG_ANSWER,67,27.27%,0.270,8.01171875,0,0,0,0,0,0,33.33333333333333,33.33333333333333,0,0,0
silver_Deforestation_QwQ-32B_7.cpp,WRONG_ANSWER,0,0.00%,0.280,6.46875,0,0,0,0,0,0,0,0,0,0,0
