solution,status,score,%test passed,time,memory,subtask_0,subtask_1,subtask_10,subtask_2,subtask_3,subtask_4,subtask_5,subtask_6,subtask_7,subtask_8,subtask_9
bronze_Cow_Checkups_Qwen3-30B-Non-Thinking_0.cpp,TIME_LIMIT_EXCEEDED,100,46.15%,2.240,1.55859375,0,33.33333333333333,0,33.33333333333333,33.33333333333333,0,0,0,0,0,0
bronze_Cow_Checkups_Qwen3-30B-Non-Thinking_1.cpp,TIME_LIMIT_EXCEEDED,100,46.15%,2.360,1.55859375,0,33.33333333333333,0,33.33333333333333,33.33333333333333,0,0,0,0,0,0
bronze_Cow_Checkups_Qwen3-30B-Non-Thinking_2.cpp,TIME_LIMIT_EXCEEDED,100,46.15%,2.270,1.55859375,0,33.33333333333333,0,33.33333333333333,33.33333333333333,0,0,0,0,0,0
bronze_Cow_Checkups_Qwen3-30B-Non-Thinking_3.cpp,TIME_LIMIT_EXCEEDED,100,46.15%,2.220,1.55859375,0,33.33333333333333,0,33.33333333333333,33.33333333333333,0,0,0,0,0,0
bronze_Cow_Checkups_Qwen3-30B-Non-Thinking_4.cpp,TIME_LIMIT_EXCEEDED,100,46.15%,2.620,1.55859375,0,33.33333333333333,0,33.33333333333333,33.33333333333333,0,0,0,0,0,0
bronze_Cow_Checkups_Qwen3-30B-Non-Thinking_5.cpp,TIME_LIMIT_EXCEEDED,100,46.15%,2.300,1.55859375,0,33.33333333333333,0,33.33333333333333,33.33333333333333,0,0,0,0,0,0
bronze_Cow_Checkups_Qwen3-30B-Non-Thinking_6.cpp,TIME_LIMIT_EXCEEDED,100,46.15%,2.220,1.55859375,0,33.33333333333333,0,33.33333333333333,33.33333333333333,0,0,0,0,0,0
bronze_Cow_Checkups_Qwen3-30B-Non-Thinking_7.cpp,TIME_LIMIT_EXCEEDED,100,46.15%,2.260,1.55859375,0,33.33333333333333,0,33.33333333333333,33.33333333333333,0,0,0,0,0,0
