solution,status,score,%test passed,time,memory,subtask_0,subtask_1,subtask_10,subtask_11,subtask_2,subtask_3,subtask_4,subtask_5,subtask_6,subtask_7,subtask_8,subtask_9
bronze_Hoof_Paper_Scissors_Minus_One_gpt-oss-20b-high_0.cpp,ACCEPTED,333,100.00%,0.030,7.09765625,0,30.3030303030303,30.3030303030303,30.3030303030303,30.3030303030303,30.3030303030303,30.3030303030303,30.3030303030303,30.3030303030303,30.3030303030303,30.3030303030303,30.3030303030303
bronze_Hoof_Paper_Scissors_Minus_One_gpt-oss-20b-high_1.cpp,ACCEPTED,333,100.00%,0.080,10.83984375,0,30.3030303030303,30.3030303030303,30.3030303030303,30.3030303030303,30.3030303030303,30.3030303030303,30.3030303030303,30.3030303030303,30.3030303030303,30.3030303030303,30.3030303030303
bronze_Hoof_Paper_Scissors_Minus_One_gpt-oss-20b-high_2.cpp,ACCEPTED,333,100.00%,0.060,2.5859375,0,30.3030303030303,30.3030303030303,30.3030303030303,30.3030303030303,30.3030303030303,30.3030303030303,30.3030303030303,30.3030303030303,30.3030303030303,30.3030303030303,30.3030303030303
bronze_Hoof_Paper_Scissors_Minus_One_gpt-oss-20b-high_3.cpp,ACCEPTED,333,100.00%,0.060,2.5859375,0,30.3030303030303,30.3030303030303,30.3030303030303,30.3030303030303,30.3030303030303,30.3030303030303,30.3030303030303,30.3030303030303,30.3030303030303,30.3030303030303,30.3030303030303
bronze_Hoof_Paper_Scissors_Minus_One_gpt-oss-20b-high_5.cpp,ACCEPTED,333,100.00%,0.080,11.09375,0,30.3030303030303,30.3030303030303,30.3030303030303,30.3030303030303,30.3030303030303,30.3030303030303,30.3030303030303,30.3030303030303,30.3030303030303,30.3030303030303,30.3030303030303
bronze_Hoof_Paper_Scissors_Minus_One_gpt-oss-20b-high_6.cpp,ACCEPTED,333,100.00%,0.110,10.0625,0,30.3030303030303,30.3030303030303,30.3030303030303,30.3030303030303,30.3030303030303,30.3030303030303,30.3030303030303,30.3030303030303,30.3030303030303,30.3030303030303,30.3030303030303
bronze_Hoof_Paper_Scissors_Minus_One_gpt-oss-20b-high_7.cpp,ACCEPTED,333,100.00%,0.100,9.8046875,0,30.3030303030303,30.3030303030303,30.3030303030303,30.3030303030303,30.3030303030303,30.3030303030303,30.3030303030303,30.3030303030303,30.3030303030303,30.3030303030303,30.3030303030303
