solution,status,score,%test passed,time,memory,subtask_0,subtask_1,subtask_10,subtask_11,subtask_12,subtask_13,subtask_14,subtask_15,subtask_16,subtask_17,subtask_18,subtask_19,subtask_2,subtask_20,subtask_3,subtask_4,subtask_5,subtask_6,subtask_7,subtask_8,subtask_9
platinum_Problem_Setting_gpt-oss-20b-medium_0.cpp,WRONG_ANSWER,33,13.64%,0.040,24.19921875,0,16.666666666666664,0,0,0,0,0,0,0,0,0,0,16.666666666666664,0,0,0,0,0,0,0,0
platinum_Problem_Setting_gpt-oss-20b-medium_1.cpp,ACCEPTED,333,100.00%,0.380,26.2578125,0,16.666666666666664,16.666666666666664,16.666666666666664,16.666666666666664,16.666666666666664,16.666666666666664,16.666666666666664,16.666666666666664,16.666666666666664,16.666666666666664,16.666666666666664,16.666666666666664,16.666666666666664,16.666666666666664,16.666666666666664,16.666666666666664,16.666666666666664,16.666666666666664,16.666666666666664,16.666666666666664
platinum_Problem_Setting_gpt-oss-20b-medium_2.cpp,RUNTIME_ERROR,0,0.00%,0.370,16.37890625,0,0,0,0,0,0,0,0,0,0,0,0,0,0,0,0,0,0,0,0,0
platinum_Problem_Setting_gpt-oss-20b-medium_3.cpp,RUNTIME_ERROR,150,40.91%,0.380,26.30078125,0,0,0,0,0,16.666666666666664,16.666666666666664,16.666666666666664,16.666666666666664,16.666666666666664,16.666666666666664,0,0,16.666666666666664,0,0,16.666666666666664,0,0,0,16.666666666666664
platinum_Problem_Setting_gpt-oss-20b-medium_5.cpp,WRONG_ANSWER,33,13.64%,0.030,9.8046875,0,16.666666666666664,0,0,0,0,0,0,0,0,0,0,16.666666666666664,0,0,0,0,0,0,0,0
platinum_Problem_Setting_gpt-oss-20b-medium_6.cpp,RUNTIME_ERROR,0,0.00%,0.020,10.85546875,0,0,0,0,0,0,0,0,0,0,0,0,0,0,0,0,0,0,0,0,0
platinum_Problem_Setting_gpt-oss-20b-medium_7.cpp,RUNTIME_ERROR,0,0.00%,0.370,19.62890625,0,0,0,0,0,0,0,0,0,0,0,0,0,0,0,0,0,0,0,0,0
