solution,status,score,%test passed,time,memory,subtask_0,subtask_1,subtask_10,subtask_2,subtask_3,subtask_4,subtask_5,subtask_6,subtask_7,subtask_8,subtask_9
silver_Bakery_gpt-oss-20b-medium_0.cpp,WRONG_ANSWER,0,0.00%,0.280,1.65234375,0,0,0,0,0,0,0,0,0,0,0
silver_Bakery_gpt-oss-20b-medium_1.cpp,WRONG_ANSWER,300,90.91%,0.230,2.890625,0,0,33.33333333333333,33.33333333333333,33.33333333333333,33.33333333333333,33.33333333333333,33.33333333333333,33.33333333333333,33.33333333333333,33.33333333333333
silver_Bakery_gpt-oss-20b-medium_2.cpp,WRONG_ANSWER,0,9.09%,0.020,0.00390625,0,0,0,0,0,0,0,0,0,0,0
silver_Bakery_gpt-oss-20b-medium_3.cpp,ACCEPTED,333,100.00%,0.690,2.85546875,0,33.33333333333333,33.33333333333333,33.33333333333333,33.33333333333333,33.33333333333333,33.33333333333333,33.33333333333333,33.33333333333333,33.33333333333333,33.33333333333333
silver_Bakery_gpt-oss-20b-medium_4.cpp,ACCEPTED,333,100.00%,0.020,0.00390625,0,33.33333333333333,33.33333333333333,33.33333333333333,33.33333333333333,33.33333333333333,33.33333333333333,33.33333333333333,33.33333333333333,33.33333333333333,33.33333333333333
silver_Bakery_gpt-oss-20b-medium_5.cpp,ACCEPTED,333,100.00%,0.280,1.86328125,0,33.33333333333333,33.33333333333333,33.33333333333333,33.33333333333333,33.33333333333333,33.33333333333333,33.33333333333333,33.33333333333333,33.33333333333333,33.33333333333333
silver_Bakery_gpt-oss-20b-medium_6.cpp,COMPILATION_ERROR,0,0.00%,0.000,0,0,0,0,0,0,0,0,0,0,0,0
silver_Bakery_gpt-oss-20b-medium_7.cpp,WRONG_ANSWER,0,9.09%,0.040,0.00390625,0,0,0,0,0,0,0,0,0,0,0
