solution,status,score,%test passed,time,memory,subtask_0,subtask_1,subtask_10,subtask_11,subtask_12,subtask_2,subtask_3,subtask_4,subtask_5,subtask_6,subtask_7,subtask_8,subtask_9
gold_Bessla_Motors_Qwen3-32B_0.cpp,WRONG_ANSWER,0,20.00%,0.460,23.03125,0,0,0,0,0,0,0,0,0,0,0,0,0
gold_Bessla_Motors_Qwen3-32B_1.cpp,WRONG_ANSWER,0,20.00%,0.740,8.7734375,0,0,0,0,0,0,0,0,0,0,0,0,0
gold_Bessla_Motors_Qwen3-32B_2.cpp,TIME_LIMIT_EXCEEDED,111,46.67%,3.340,9.15234375,0,27.777777777777775,0,0,0,27.777777777777775,27.777777777777775,0,27.777777777777775,0,0,0,0
gold_Bessla_Motors_Qwen3-32B_3.cpp,TIME_LIMIT_EXCEEDED,111,46.67%,3.330,9.09375,0,27.777777777777775,0,0,0,27.777777777777775,27.777777777777775,0,27.777777777777775,0,0,0,0
gold_Bessla_Motors_Qwen3-32B_4.cpp,WRONG_ANSWER,0,20.00%,0.470,30.92578125,0,0,0,0,0,0,0,0,0,0,0,0,0
gold_Bessla_Motors_Qwen3-32B_5.cpp,WRONG_ANSWER,0,20.00%,0.460,28.33984375,0,0,0,0,0,0,0,0,0,0,0,0,0
gold_Bessla_Motors_Qwen3-32B_6.cpp,RUNTIME_ERROR,0,0.00%,0.210,20.37890625,0,0,0,0,0,0,0,0,0,0,0,0,0
gold_Bessla_Motors_Qwen3-32B_7.cpp,TIME_LIMIT_EXCEEDED,139,53.33%,3.340,8.6484375,0,27.777777777777775,0,0,0,27.777777777777775,27.777777777777775,27.777777777777775,27.777777777777775,0,0,0,0
