solution,status,score,%test passed,time,memory,subtask_0,subtask_1,subtask_10,subtask_11,subtask_12,subtask_13,subtask_14,subtask_2,subtask_3,subtask_4,subtask_5,subtask_6,subtask_7,subtask_8,subtask_9
silver_Target_Practice_II_Qwen3-32B_0.cpp,WRONG_ANSWER,167,46.67%,0.080,13.30078125,0,23.809523809523807,23.809523809523807,23.809523809523807,23.809523809523807,23.809523809523807,23.809523809523807,0,0,0,0,0,0,0,23.809523809523807
silver_Target_Practice_II_Qwen3-32B_1.cpp,WRONG_ANSWER,167,46.67%,0.430,10.71484375,0,23.809523809523807,23.809523809523807,23.809523809523807,23.809523809523807,23.809523809523807,23.809523809523807,0,0,0,0,0,0,0,23.809523809523807
silver_Target_Practice_II_Qwen3-32B_2.cpp,MEMORY_LIMIT_EXCEEDED,0,0.00%,0.470,202.33984375,0,0,0,0,0,0,0,0,0,0,0,0,0,0,0
silver_Target_Practice_II_Qwen3-32B_3.cpp,WRONG_ANSWER,24,6.67%,0.070,11.2421875,0,23.809523809523807,0,0,0,0,0,0,0,0,0,0,0,0,0
silver_Target_Practice_II_Qwen3-32B_4.cpp,WRONG_ANSWER,167,46.67%,0.070,5.83203125,0,23.809523809523807,23.809523809523807,23.809523809523807,23.809523809523807,23.809523809523807,23.809523809523807,0,0,0,0,0,0,0,23.809523809523807
silver_Target_Practice_II_Qwen3-32B_5.cpp,MEMORY_LIMIT_EXCEEDED,0,0.00%,0.320,174.27734375,0,0,0,0,0,0,0,0,0,0,0,0,0,0,0
silver_Target_Practice_II_Qwen3-32B_6.cpp,WRONG_ANSWER,24,6.67%,0.120,9.93359375,0,23.809523809523807,0,0,0,0,0,0,0,0,0,0,0,0,0
silver_Target_Practice_II_Qwen3-32B_7.cpp,MEMORY_LIMIT_EXCEEDED,0,0.00%,0.780,189.55078125,0,0,0,0,0,0,0,0,0,0,0,0,0,0,0
