solution,status,score,%test passed,time,memory,subtask_0,subtask_1,subtask_10,subtask_11,subtask_12,subtask_13,subtask_2,subtask_3,subtask_4,subtask_5,subtask_6,subtask_7,subtask_8,subtask_9
bronze_Stamp_Grid_Qwen3-14B_0.cpp,ACCEPTED,333,100.00%,0.110,0.00390625,0,25.64102564102564,25.64102564102564,25.64102564102564,25.64102564102564,25.64102564102564,25.64102564102564,25.64102564102564,25.64102564102564,25.64102564102564,25.64102564102564,25.64102564102564,25.64102564102564,25.64102564102564
bronze_Stamp_Grid_Qwen3-14B_1.cpp,WRONG_ANSWER,0,0.00%,0.110,0.00390625,0,0,0,0,0,0,0,0,0,0,0,0,0,0
bronze_Stamp_Grid_Qwen3-14B_2.cpp,ACCEPTED,333,100.00%,0.110,1.64453125,0,25.64102564102564,25.64102564102564,25.64102564102564,25.64102564102564,25.64102564102564,25.64102564102564,25.64102564102564,25.64102564102564,25.64102564102564,25.64102564102564,25.64102564102564,25.64102564102564,25.64102564102564
bronze_Stamp_Grid_Qwen3-14B_3.cpp,ACCEPTED,333,100.00%,0.110,0.00390625,0,25.64102564102564,25.64102564102564,25.64102564102564,25.64102564102564,25.64102564102564,25.64102564102564,25.64102564102564,25.64102564102564,25.64102564102564,25.64102564102564,25.64102564102564,25.64102564102564,25.64102564102564
bronze_Stamp_Grid_Qwen3-14B_4.cpp,ACCEPTED,333,100.00%,0.110,0.00390625,0,25.64102564102564,25.64102564102564,25.64102564102564,25.64102564102564,25.64102564102564,25.64102564102564,25.64102564102564,25.64102564102564,25.64102564102564,25.64102564102564,25.64102564102564,25.64102564102564,25.64102564102564
bronze_Stamp_Grid_Qwen3-14B_5.cpp,ACCEPTED,333,100.00%,0.110,0.00390625,0,25.64102564102564,25.64102564102564,25.64102564102564,25.64102564102564,25.64102564102564,25.64102564102564,25.64102564102564,25.64102564102564,25.64102564102564,25.64102564102564,25.64102564102564,25.64102564102564,25.64102564102564
bronze_Stamp_Grid_Qwen3-14B_6.cpp,ACCEPTED,333,100.00%,0.110,0.00390625,0,25.64102564102564,25.64102564102564,25.64102564102564,25.64102564102564,25.64102564102564,25.64102564102564,25.64102564102564,25.64102564102564,25.64102564102564,25.64102564102564,25.64102564102564,25.64102564102564,25.64102564102564
bronze_Stamp_Grid_Qwen3-14B_7.cpp,ACCEPTED,333,100.00%,0.110,0.00390625,0,25.64102564102564,25.64102564102564,25.64102564102564,25.64102564102564,25.64102564102564,25.64102564102564,25.64102564102564,25.64102564102564,25.64102564102564,25.64102564102564,25.64102564102564,25.64102564102564,25.64102564102564
