solution,status,score,%test passed,time,memory,subtask_0,subtask_1,subtask_10,subtask_2,subtask_3,subtask_4,subtask_5,subtask_6,subtask_7,subtask_8,subtask_9
bronze_Hungry_Cow_deepseek-chat_0.cpp,ACCEPTED,333,100.00%,0.060,2.875,0,33.33333333333333,33.33333333333333,33.33333333333333,33.33333333333333,33.33333333333333,33.33333333333333,33.33333333333333,33.33333333333333,33.33333333333333,33.33333333333333
bronze_Hungry_Cow_deepseek-chat_1.cpp,ACCEPTED,333,100.00%,0.060,2.875,0,33.33333333333333,33.33333333333333,33.33333333333333,33.33333333333333,33.33333333333333,33.33333333333333,33.33333333333333,33.33333333333333,33.33333333333333,33.33333333333333
bronze_Hungry_Cow_deepseek-chat_2.cpp,RUNTIME_ERROR,200,53.85%,0.040,2.62109375,0,0,33.33333333333333,0,0,0,33.33333333333333,33.33333333333333,33.33333333333333,33.33333333333333,33.33333333333333
bronze_Hungry_Cow_deepseek-chat_3.cpp,ACCEPTED,333,100.00%,0.060,2.890625,0,33.33333333333333,33.33333333333333,33.33333333333333,33.33333333333333,33.33333333333333,33.33333333333333,33.33333333333333,33.33333333333333,33.33333333333333,33.33333333333333
bronze_Hungry_Cow_deepseek-chat_4.cpp,RUNTIME_ERROR,133,38.46%,0.060,2.875,0,0,33.33333333333333,0,0,0,0,33.33333333333333,0,33.33333333333333,33.33333333333333
bronze_Hungry_Cow_deepseek-chat_5.cpp,ACCEPTED,333,100.00%,0.060,3.40234375,0,33.33333333333333,33.33333333333333,33.33333333333333,33.33333333333333,33.33333333333333,33.33333333333333,33.33333333333333,33.33333333333333,33.33333333333333,33.33333333333333
bronze_Hungry_Cow_deepseek-chat_6.cpp,RUNTIME_ERROR,133,38.46%,0.060,3.12890625,0,0,33.33333333333333,0,0,0,0,33.33333333333333,0,33.33333333333333,33.33333333333333
bronze_Hungry_Cow_deepseek-chat_7.cpp,RUNTIME_ERROR,200,53.85%,0.050,3.12890625,0,0,33.33333333333333,0,0,0,33.33333333333333,33.33333333333333,33.33333333333333,33.33333333333333,33.33333333333333
