solution,status,score,%test passed,time,memory,subtask_0,subtask_1,subtask_10,subtask_2,subtask_3,subtask_4,subtask_5,subtask_6,subtask_7,subtask_8,subtask_9
bronze_Watching_Mooloo_deepseek-chat_0.cpp,ACCEPTED,333,100.00%,0.050,2.015625,0,33.33333333333333,33.33333333333333,33.33333333333333,33.33333333333333,33.33333333333333,33.33333333333333,33.33333333333333,33.33333333333333,33.33333333333333,33.33333333333333
bronze_Watching_Mooloo_deepseek-chat_1.cpp,ACCEPTED,333,100.00%,0.080,2.07421875,0,33.33333333333333,33.33333333333333,33.33333333333333,33.33333333333333,33.33333333333333,33.33333333333333,33.33333333333333,33.33333333333333,33.33333333333333,33.33333333333333
bronze_Watching_Mooloo_deepseek-chat_2.cpp,ACCEPTED,333,100.00%,0.090,2.07421875,0,33.33333333333333,33.33333333333333,33.33333333333333,33.33333333333333,33.33333333333333,33.33333333333333,33.33333333333333,33.33333333333333,33.33333333333333,33.33333333333333
bronze_Watching_Mooloo_deepseek-chat_3.cpp,ACCEPTED,333,100.00%,0.050,2.015625,0,33.33333333333333,33.33333333333333,33.33333333333333,33.33333333333333,33.33333333333333,33.33333333333333,33.33333333333333,33.33333333333333,33.33333333333333,33.33333333333333
bronze_Watching_Mooloo_deepseek-chat_4.cpp,ACCEPTED,333,100.00%,0.080,2.07421875,0,33.33333333333333,33.33333333333333,33.33333333333333,33.33333333333333,33.33333333333333,33.33333333333333,33.33333333333333,33.33333333333333,33.33333333333333,33.33333333333333
bronze_Watching_Mooloo_deepseek-chat_5.cpp,ACCEPTED,333,100.00%,0.050,2.015625,0,33.33333333333333,33.33333333333333,33.33333333333333,33.33333333333333,33.33333333333333,33.33333333333333,33.33333333333333,33.33333333333333,33.33333333333333,33.33333333333333
bronze_Watching_Mooloo_deepseek-chat_6.cpp,WRONG_ANSWER,67,33.33%,0.080,2.07421875,0,0,0,33.33333333333333,33.33333333333333,0,0,0,0,0,0
bronze_Watching_Mooloo_deepseek-chat_7.cpp,ACCEPTED,333,100.00%,0.050,2.015625,0,33.33333333333333,33.33333333333333,33.33333333333333,33.33333333333333,33.33333333333333,33.33333333333333,33.33333333333333,33.33333333333333,33.33333333333333,33.33333333333333
