solution,status,score,%test passed,time,memory,subtask_0,subtask_1,subtask_10,subtask_11,subtask_12,subtask_13,subtask_14,subtask_2,subtask_3,subtask_4,subtask_5,subtask_6,subtask_7,subtask_8,subtask_9
gold_Equal_Sum_Subarrays_deepseek-chat_0.cpp,TIME_LIMIT_EXCEEDED,48,25.00%,3.310,11.375,0,23.809523809523807,0,0,0,0,0,23.809523809523807,0,0,0,0,0,0,0
gold_Equal_Sum_Subarrays_deepseek-chat_1.cpp,TIME_LIMIT_EXCEEDED,119,43.75%,3.320,7.2265625,0,23.809523809523807,0,0,0,0,0,23.809523809523807,23.809523809523807,23.809523809523807,23.809523809523807,0,0,0,0
gold_Equal_Sum_Subarrays_deepseek-chat_2.cpp,TIME_LIMIT_EXCEEDED,48,25.00%,3.320,8.0859375,0,23.809523809523807,0,0,0,0,0,23.809523809523807,0,0,0,0,0,0,0
gold_Equal_Sum_Subarrays_deepseek-chat_3.cpp,TIME_LIMIT_EXCEEDED,48,25.00%,3.330,7.13671875,0,23.809523809523807,0,0,0,0,0,23.809523809523807,0,0,0,0,0,0,0
gold_Equal_Sum_Subarrays_deepseek-chat_4.cpp,TIME_LIMIT_EXCEEDED,119,43.75%,3.330,3.68359375,0,23.809523809523807,0,0,0,0,0,23.809523809523807,23.809523809523807,23.809523809523807,23.809523809523807,0,0,0,0
gold_Equal_Sum_Subarrays_deepseek-chat_5.cpp,TIME_LIMIT_EXCEEDED,48,25.00%,3.330,10.20703125,0,23.809523809523807,0,0,0,0,0,23.809523809523807,0,0,0,0,0,0,0
gold_Equal_Sum_Subarrays_deepseek-chat_6.cpp,TIME_LIMIT_EXCEEDED,48,25.00%,3.320,14.2890625,0,23.809523809523807,0,0,0,0,0,23.809523809523807,0,0,0,0,0,0,0
gold_Equal_Sum_Subarrays_deepseek-chat_7.cpp,TIME_LIMIT_EXCEEDED,48,25.00%,3.340,6.1640625,0,23.809523809523807,0,0,0,0,0,23.809523809523807,0,0,0,0,0,0,0
