solution,status,score,%test passed,time,memory,subtask_0,subtask_1,subtask_10,subtask_11,subtask_12,subtask_13,subtask_14,subtask_2,subtask_3,subtask_4,subtask_5,subtask_6,subtask_7,subtask_8,subtask_9
bronze_Majority_Opinion_QwQ-32B_0.cpp,WRONG_ANSWER,71,20.00%,0.140,7.953125,0,23.809523809523807,0,0,0,0,0,0,0,23.809523809523807,23.809523809523807,0,0,0,0
bronze_Majority_Opinion_QwQ-32B_1.cpp,TIME_LIMIT_EXCEEDED,0,0.00%,2.410,1.8125,0,0,0,0,0,0,0,0,0,0,0,0,0,0,0
bronze_Majority_Opinion_QwQ-32B_2.cpp,TIME_LIMIT_EXCEEDED,0,0.00%,2.300,2.5859375,0,0,0,0,0,0,0,0,0,0,0,0,0,0,0
bronze_Majority_Opinion_QwQ-32B_3.cpp,TIME_LIMIT_EXCEEDED,143,40.00%,2.260,4.1328125,0,0,0,0,0,0,0,23.809523809523807,23.809523809523807,0,0,23.809523809523807,23.809523809523807,23.809523809523807,23.809523809523807
bronze_Majority_Opinion_QwQ-32B_4.cpp,ACCEPTED,333,100.00%,0.140,8.03125,0,23.809523809523807,23.809523809523807,23.809523809523807,23.809523809523807,23.809523809523807,23.809523809523807,23.809523809523807,23.809523809523807,23.809523809523807,23.809523809523807,23.809523809523807,23.809523809523807,23.809523809523807,23.809523809523807
bronze_Majority_Opinion_QwQ-32B_5.cpp,ACCEPTED,333,100.00%,0.120,2.5859375,0,23.809523809523807,23.809523809523807,23.809523809523807,23.809523809523807,23.809523809523807,23.809523809523807,23.809523809523807,23.809523809523807,23.809523809523807,23.809523809523807,23.809523809523807,23.809523809523807,23.809523809523807,23.809523809523807
bronze_Majority_Opinion_QwQ-32B_6.cpp,TIME_LIMIT_EXCEEDED,0,0.00%,2.210,5.16015625,0,0,0,0,0,0,0,0,0,0,0,0,0,0,0
bronze_Majority_Opinion_QwQ-32B_7.cpp,WRONG_ANSWER,24,6.67%,0.130,5.15234375,0,23.809523809523807,0,0,0,0,0,0,0,0,0,0,0,0,0
